{
 "type": "FeatureCollection",
 "name": "MoonTrack land use: OSM existing conditions + unmapped residual",
 "features": [
  {
   "type": "Feature",
   "id": "lu-osm-19178894",
   "properties": {
    "id": "lu-osm-19178894",
    "layer": "LAND_USE",
    "source_type": "osm",
    "confidence": "low",
    "geometry_role": "existing_condition",
    "land_use_code": "1401",
    "name_zh": "公园绿地",
    "area_sqm_declared": 56.2,
    "source_id": "osm-landuse-polygons",
    "mapping_note": "OSM landuse=grass 映射到项目代码表"
   },
   "geometry": {
    "type": "MultiPolygon",
    "coordinates": [
     [
      [
       [
        116.34008368,
        39.980860772
       ],
       [
        116.340077848,
        39.980858487
       ],
       [
        116.340080407,
        39.980896778
       ],
       [
        116.340086195,
        39.980903565
       ],
       [
        116.340091875,
        39.98092161
       ],
       [
        116.340097533,
        39.980941906
       ],
       [
        116.340138527,
        39.980939888
       ],
       [
        116.34013289,
        39.980917341
       ],
       [
        116.340115634,
        39.980885721
       ],
       [
        116.34008368,
        39.980860772
       ]
      ]
     ],
     [
      [
       [
        116.340132197,
        39.980989386
       ],
       [
        116.34013844,
        39.980948894
       ],
       [
        116.340100395,
        39.980948677
       ],
       [
        116.340094173,
        39.980986918
       ],
       [
        116.340085307,
        39.980995873
       ],
       [
        116.340090662,
        39.981047689
       ],
       [
        116.34009361,
        39.981045454
       ],
       [
        116.340117261,
        39.981020822
       ],
       [
        116.340132197,
        39.980989386
       ]
      ]
     ]
    ]
   }
  },
  {
   "type": "Feature",
   "id": "lu-osm-1376682993",
   "properties": {
    "id": "lu-osm-1376682993",
    "layer": "LAND_USE",
    "source_type": "osm",
    "confidence": "low",
    "geometry_role": "existing_condition",
    "land_use_code": "1401",
    "name_zh": "公园绿地",
    "area_sqm_declared": 58.1,
    "source_id": "osm-landuse-polygons",
    "mapping_note": "OSM landuse=grass 映射到项目代码表"
   },
   "geometry": {
    "type": "Polygon",
    "coordinates": [
     [
      [
       116.352012951,
       39.961049268
      ],
      [
       116.352270354,
       39.961057462
      ],
      [
       116.352273535,
       39.961030461
      ],
      [
       116.352013142,
       39.961029006
      ],
      [
       116.352012951,
       39.961049268
      ]
     ]
    ]
   }
  },
  {
   "type": "Feature",
   "id": "lu-osm-1466365647",
   "properties": {
    "id": "lu-osm-1466365647",
    "layer": "LAND_USE",
    "source_type": "osm",
    "confidence": "low",
    "geometry_role": "existing_condition",
    "land_use_code": "0701",
    "name_zh": "熙府桃园",
    "area_sqm_declared": 70.7,
    "source_id": "osm-landuse-polygons",
    "mapping_note": "OSM landuse=residential 映射到项目代码表"
   },
   "geometry": {
    "type": "Polygon",
    "coordinates": [
     [
      [
       116.355222978,
       39.943570427
      ],
      [
       116.355298817,
       39.943593364
      ],
      [
       116.355300655,
       39.94339749
      ],
      [
       116.355222978,
       39.943570427
      ]
     ]
    ]
   }
  },
  {
   "type": "Feature",
   "id": "lu-osm-1375837503",
   "properties": {
    "id": "lu-osm-1375837503",
    "layer": "LAND_USE",
    "source_type": "osm",
    "confidence": "low",
    "geometry_role": "existing_condition",
    "land_use_code": "1401",
    "name_zh": "公园绿地",
    "area_sqm_declared": 94.1,
    "source_id": "osm-landuse-polygons",
    "mapping_note": "OSM landuse=flowerbed 映射到项目代码表"
   },
   "geometry": {
    "type": "Polygon",
    "coordinates": [
     [
      [
       116.350586967,
       39.959924525
      ],
      [
       116.350689345,
       39.95992735
      ],
      [
       116.350693187,
       39.959830556
      ],
      [
       116.350590808,
       39.95982773
      ],
      [
       116.350586967,
       39.959924525
      ]
     ]
    ]
   }
  },
  {
   "type": "Feature",
   "id": "lu-osm-1377974406",
   "properties": {
    "id": "lu-osm-1377974406",
    "layer": "LAND_USE",
    "source_type": "osm",
    "confidence": "low",
    "geometry_role": "existing_condition",
    "land_use_code": "1401",
    "name_zh": "公园绿地",
    "area_sqm_declared": 102.0,
    "source_id": "osm-landuse-polygons",
    "mapping_note": "OSM landuse=flowerbed 映射到项目代码表"
   },
   "geometry": {
    "type": "Polygon",
    "coordinates": [
     [
      [
       116.349393319,
       39.959913329
      ],
      [
       116.34948109,
       39.959913822
      ],
      [
       116.349485146,
       39.959794513
      ],
      [
       116.349394471,
       39.959791752
      ],
      [
       116.349393319,
       39.959913329
      ]
     ]
    ]
   }
  },
  {
   "type": "Feature",
   "id": "lu-osm-1375860720",
   "properties": {
    "id": "lu-osm-1375860720",
    "layer": "LAND_USE",
    "source_type": "osm",
    "confidence": "low",
    "geometry_role": "existing_condition",
    "land_use_code": "1401",
    "name_zh": "公园绿地",
    "area_sqm_declared": 110.5,
    "source_id": "osm-landuse-polygons",
    "mapping_note": "OSM landuse=grass 映射到项目代码表"
   },
   "geometry": {
    "type": "Polygon",
    "coordinates": [
     [
      [
       116.35173838,
       39.961619624
      ],
      [
       116.351905129,
       39.961622808
      ],
      [
       116.351908713,
       39.961553031
      ],
      [
       116.351741965,
       39.961549847
      ],
      [
       116.35173838,
       39.961619624
      ]
     ]
    ]
   }
  },
  {
   "type": "Feature",
   "id": "lu-osm-1375860719",
   "properties": {
    "id": "lu-osm-1375860719",
    "layer": "LAND_USE",
    "source_type": "osm",
    "confidence": "low",
    "geometry_role": "existing_condition",
    "land_use_code": "1401",
    "name_zh": "公园绿地",
    "area_sqm_declared": 130.4,
    "source_id": "osm-landuse-polygons",
    "mapping_note": "OSM landuse=grass 映射到项目代码表"
   },
   "geometry": {
    "type": "Polygon",
    "coordinates": [
     [
      [
       116.351793766,
       39.961331737
      ],
      [
       116.351919553,
       39.961334692
      ],
      [
       116.351923499,
       39.96122664
      ],
      [
       116.351797733,
       39.961221434
      ],
      [
       116.351793766,
       39.961331737
      ]
     ]
    ]
   }
  },
  {
   "type": "Feature",
   "id": "lu-osm-1378572147",
   "properties": {
    "id": "lu-osm-1378572147",
    "layer": "LAND_USE",
    "source_type": "osm",
    "confidence": "low",
    "geometry_role": "existing_condition",
    "land_use_code": "0805",
    "name_zh": "体育用地",
    "area_sqm_declared": 130.6,
    "source_id": "osm-landuse-polygons",
    "mapping_note": "OSM leisure:pitch 多边形映射到项目代码表"
   },
   "geometry": {
    "type": "Polygon",
    "coordinates": [
     [
      [
       116.354057617,
       39.95862001
      ],
      [
       116.354054416,
       39.958649263
      ],
      [
       116.354282533,
       39.95865954
      ],
      [
       116.354119777,
       39.958543804
      ],
      [
       116.354093255,
       39.95856392
      ],
      [
       116.354069617,
       39.958588556
      ],
      [
       116.354057617,
       39.95862001
      ]
     ]
    ]
   }
  },
  {
   "type": "Feature",
   "id": "lu-osm-1378572146",
   "properties": {
    "id": "lu-osm-1378572146",
    "layer": "LAND_USE",
    "source_type": "osm",
    "confidence": "low",
    "geometry_role": "existing_condition",
    "land_use_code": "0805",
    "name_zh": "体育用地",
    "area_sqm_declared": 131.7,
    "source_id": "osm-landuse-polygons",
    "mapping_note": "OSM leisure:pitch 多边形映射到项目代码表"
   },
   "geometry": {
    "type": "Polygon",
    "coordinates": [
     [
      [
       116.353981868,
       39.958585815
      ],
      [
       116.353961622,
       39.958560935
      ],
      [
       116.353938428,
       39.958538291
      ],
      [
       116.353761914,
       39.958640878
      ],
      [
       116.353992978,
       39.95864892
      ],
      [
       116.353993253,
       39.958619652
      ],
      [
       116.353984688,
       39.958597089
      ],
      [
       116.353981868,
       39.958585815
      ]
     ]
    ]
   }
  },
  {
   "type": "Feature",
   "id": "lu-osm-1390423794",
   "properties": {
    "id": "lu-osm-1390423794",
    "layer": "LAND_USE",
    "source_type": "osm",
    "confidence": "low",
    "geometry_role": "existing_condition",
    "land_use_code": "1401",
    "name_zh": "公园绿地",
    "area_sqm_declared": 135.4,
    "source_id": "osm-landuse-polygons",
    "mapping_note": "OSM landuse=grass 映射到项目代码表"
   },
   "geometry": {
    "type": "Polygon",
    "coordinates": [
     [
      [
       116.340690389,
       39.980465704
      ],
      [
       116.340857183,
       39.980468904
      ],
      [
       116.340860932,
       39.980383367
      ],
      [
       116.340694138,
       39.980380167
      ],
      [
       116.340690389,
       39.980465704
      ]
     ]
    ]
   }
  },
  {
   "type": "Feature",
   "id": "lu-osm-1387672335",
   "properties": {
    "id": "lu-osm-1387672335",
    "layer": "LAND_USE",
    "source_type": "osm",
    "confidence": "low",
    "geometry_role": "existing_condition",
    "land_use_code": "1401",
    "name_zh": "公园绿地",
    "area_sqm_declared": 150.4,
    "source_id": "osm-landuse-polygons",
    "mapping_note": "OSM landuse=grass 映射到项目代码表"
   },
   "geometry": {
    "type": "Polygon",
    "coordinates": [
     [
      [
       116.349137988,
       39.95906982
      ],
      [
       116.349313464,
       39.95907756
      ],
      [
       116.349320169,
       39.958987536
      ],
      [
       116.349144693,
       39.958979796
      ],
      [
       116.349137988,
       39.95906982
      ]
     ]
    ]
   }
  },
  {
   "type": "Feature",
   "id": "lu-osm-594912248",
   "properties": {
    "id": "lu-osm-594912248",
    "layer": "LAND_USE",
    "source_type": "osm",
    "confidence": "low",
    "geometry_role": "existing_condition",
    "land_use_code": "0901",
    "name_zh": "垃圾站",
    "area_sqm_declared": 154.1,
    "source_id": "osm-landuse-polygons",
    "mapping_note": "OSM landuse=retail 映射到项目代码表"
   },
   "geometry": {
    "type": "Polygon",
    "coordinates": [
     [
      [
       116.34986913,
       39.997397259
      ],
      [
       116.350097396,
       39.997405294
      ],
      [
       116.350103955,
       39.997331031
      ],
      [
       116.349866822,
       39.997331952
      ],
      [
       116.34986913,
       39.997397259
      ]
     ]
    ]
   }
  },
  {
   "type": "Feature",
   "id": "lu-osm-1384248797",
   "properties": {
    "id": "lu-osm-1384248797",
    "layer": "LAND_USE",
    "source_type": "osm",
    "confidence": "low",
    "geometry_role": "existing_condition",
    "land_use_code": "0805",
    "name_zh": "体育用地",
    "area_sqm_declared": 154.4,
    "source_id": "osm-landuse-polygons",
    "mapping_note": "OSM leisure:pitch 多边形映射到项目代码表"
   },
   "geometry": {
    "type": "Polygon",
    "coordinates": [
     [
      [
       116.349081106,
       39.974323664
      ],
      [
       116.349192306,
       39.974324288
      ],
      [
       116.349196621,
       39.974177963
      ],
      [
       116.349085421,
       39.974177338
      ],
      [
       116.349081106,
       39.974323664
      ]
     ]
    ]
   }
  },
  {
   "type": "Feature",
   "id": "lu-osm-1384248796",
   "properties": {
    "id": "lu-osm-1384248796",
    "layer": "LAND_USE",
    "source_type": "osm",
    "confidence": "low",
    "geometry_role": "existing_condition",
    "land_use_code": "0805",
    "name_zh": "体育用地",
    "area_sqm_declared": 158.4,
    "source_id": "osm-landuse-polygons",
    "mapping_note": "OSM leisure:pitch 多边形映射到项目代码表"
   },
   "geometry": {
    "type": "Polygon",
    "coordinates": [
     [
      [
       116.348964053,
       39.974323006
      ],
      [
       116.34907818,
       39.974323647
      ],
      [
       116.349082494,
       39.974177322
      ],
      [
       116.348968368,
       39.974176681
      ],
      [
       116.348964053,
       39.974323006
      ]
     ]
    ]
   }
  },
  {
   "type": "Feature",
   "id": "lu-osm-399054823",
   "properties": {
    "id": "lu-osm-399054823",
    "layer": "LAND_USE",
    "source_type": "osm",
    "confidence": "low",
    "geometry_role": "existing_condition",
    "land_use_code": "1401",
    "name_zh": "公园绿地",
    "area_sqm_declared": 168.0,
    "source_id": "osm-landuse-polygons",
    "mapping_note": "OSM landuse=grass 映射到项目代码表"
   },
   "geometry": {
    "type": "Polygon",
    "coordinates": [
     [
      [
       116.351121997,
       39.961514857
      ],
      [
       116.351247806,
       39.961515561
      ],
      [
       116.351252051,
       39.961375989
      ],
      [
       116.351126264,
       39.961373033
      ],
      [
       116.351121997,
       39.961514857
      ]
     ]
    ]
   }
  },
  {
   "type": "Feature",
   "id": "lu-osm-543837609",
   "properties": {
    "id": "lu-osm-543837609",
    "layer": "LAND_USE",
    "source_type": "osm",
    "confidence": "low",
    "geometry_role": "existing_condition",
    "land_use_code": "1401",
    "name_zh": "公园绿地",
    "area_sqm_declared": 177.5,
    "source_id": "osm-landuse-polygons",
    "mapping_note": "OSM landuse=grass 映射到项目代码表"
   },
   "geometry": {
    "type": "Polygon",
    "coordinates": [
     [
      [
       116.347598438,
       39.988675594
      ],
      [
       116.347602564,
       39.988549532
      ],
      [
       116.347501128,
       39.988443139
      ],
      [
       116.34749309,
       39.98867275
      ],
      [
       116.347598438,
       39.988675594
      ]
     ]
    ]
   }
  },
  {
   "type": "Feature",
   "id": "lu-osm-1376682984",
   "properties": {
    "id": "lu-osm-1376682984",
    "layer": "LAND_USE",
    "source_type": "osm",
    "confidence": "low",
    "geometry_role": "existing_condition",
    "land_use_code": "1401",
    "name_zh": "公园绿地",
    "area_sqm_declared": 182.4,
    "source_id": "osm-landuse-polygons",
    "mapping_note": "OSM landuse=grass 映射到项目代码表"
   },
   "geometry": {
    "type": "Polygon",
    "coordinates": [
     [
      [
       116.351847285,
       39.961861148
      ],
      [
       116.351847796,
       39.961807114
      ],
      [
       116.35156111,
       39.961801008
      ],
      [
       116.351560472,
       39.96186855
      ],
      [
       116.351814974,
       39.961874477
      ],
      [
       116.351847285,
       39.961861148
      ]
     ]
    ]
   }
  },
  {
   "type": "Feature",
   "id": "lu-osm-1390040870",
   "properties": {
    "id": "lu-osm-1390040870",
    "layer": "LAND_USE",
    "source_type": "osm",
    "confidence": "low",
    "geometry_role": "existing_condition",
    "land_use_code": "1401",
    "name_zh": "公园绿地",
    "area_sqm_declared": 182.9,
    "source_id": "osm-landuse-polygons",
    "mapping_note": "OSM landuse=grass 映射到项目代码表"
   },
   "geometry": {
    "type": "Polygon",
    "coordinates": [
     [
      [
       116.340960868,
       39.980338905
      ],
      [
       116.341154,
       39.980342254
      ],
      [
       116.341157878,
       39.980243209
      ],
      [
       116.34096182,
       39.980239843
      ],
      [
       116.340960868,
       39.980338905
      ]
     ]
    ]
   }
  },
  {
   "type": "Feature",
   "id": "lu-osm-595098621",
   "properties": {
    "id": "lu-osm-595098621",
    "layer": "LAND_USE",
    "source_type": "osm",
    "confidence": "low",
    "geometry_role": "existing_condition",
    "land_use_code": "16",
    "name_zh": "留白用地",
    "area_sqm_declared": 186.7,
    "source_id": "osm-landuse-polygons",
    "mapping_note": "OSM landuse=greenfield；项目代码表子集内无对应类目，按现状未定型计入留白用地，待现场调查与官方控规确认"
   },
   "geometry": {
    "type": "Polygon",
    "coordinates": [
     [
      [
       116.350799403,
       39.997776227
      ],
      [
       116.351528138,
       39.997798319
      ],
      [
       116.351528351,
       39.997775805
      ],
      [
       116.350802629,
       39.997744724
      ],
      [
       116.350799403,
       39.997776227
      ]
     ]
    ]
   }
  },
  {
   "type": "Feature",
   "id": "lu-osm-1384248798",
   "properties": {
    "id": "lu-osm-1384248798",
    "layer": "LAND_USE",
    "source_type": "osm",
    "confidence": "low",
    "geometry_role": "existing_condition",
    "land_use_code": "0805",
    "name_zh": "体育用地",
    "area_sqm_declared": 191.8,
    "source_id": "osm-landuse-polygons",
    "mapping_note": "OSM leisure:pitch 多边形映射到项目代码表"
   },
   "geometry": {
    "type": "Polygon",
    "coordinates": [
     [
      [
       116.348907001,
       39.97416733
      ],
      [
       116.349196706,
       39.974168957
      ],
      [
       116.349197368,
       39.974099163
      ],
      [
       116.348907663,
       39.974097536
      ],
      [
       116.348907001,
       39.97416733
      ]
     ]
    ]
   }
  },
  {
   "type": "Feature",
   "id": "lu-osm-365805612",
   "properties": {
    "id": "lu-osm-365805612",
    "layer": "LAND_USE",
    "source_type": "osm",
    "confidence": "low",
    "geometry_role": "existing_condition",
    "land_use_code": "1401",
    "name_zh": "青年园",
    "area_sqm_declared": 193.0,
    "source_id": "osm-landuse-polygons",
    "mapping_note": "OSM leisure:park 多边形映射到项目代码表"
   },
   "geometry": {
    "type": "Polygon",
    "coordinates": [
     [
      [
       116.353508668,
       39.995150332
      ],
      [
       116.353581806,
       39.995155243
      ],
      [
       116.353551944,
       39.994596698
      ],
      [
       116.353508668,
       39.995150332
      ]
     ]
    ]
   }
  },
  {
   "type": "Feature",
   "id": "lu-osm-1376682983",
   "properties": {
    "id": "lu-osm-1376682983",
    "layer": "LAND_USE",
    "source_type": "osm",
    "confidence": "low",
    "geometry_role": "existing_condition",
    "land_use_code": "1401",
    "name_zh": "公园绿地",
    "area_sqm_declared": 193.4,
    "source_id": "osm-landuse-polygons",
    "mapping_note": "OSM landuse=grass 映射到项目代码表"
   },
   "geometry": {
    "type": "Polygon",
    "coordinates": [
     [
      [
       116.352227469,
       39.961881285
      ],
      [
       116.352242225,
       39.961867859
      ],
      [
       116.352242735,
       39.961813825
      ],
      [
       116.351938495,
       39.961807621
      ],
      [
       116.351937943,
       39.961866158
      ],
      [
       116.351952487,
       39.961875245
      ],
      [
       116.352227469,
       39.961881285
      ]
     ]
    ]
   }
  },
  {
   "type": "Feature",
   "id": "lu-osm-1378572137",
   "properties": {
    "id": "lu-osm-1378572137",
    "layer": "LAND_USE",
    "source_type": "osm",
    "confidence": "low",
    "geometry_role": "existing_condition",
    "land_use_code": "1401",
    "name_zh": "公园绿地",
    "area_sqm_declared": 196.8,
    "source_id": "osm-landuse-polygons",
    "mapping_note": "OSM landuse=grass 映射到项目代码表"
   },
   "geometry": {
    "type": "Polygon",
    "coordinates": [
     [
      [
       116.352844826,
       39.960641884
      ],
      [
       116.352915044,
       39.960642276
      ],
      [
       116.352920813,
       39.960340602
      ],
      [
       116.352853521,
       39.960340226
      ],
      [
       116.352844826,
       39.960641884
      ]
     ]
    ]
   }
  },
  {
   "type": "Feature",
   "id": "lu-osm-1390040874",
   "properties": {
    "id": "lu-osm-1390040874",
    "layer": "LAND_USE",
    "source_type": "osm",
    "confidence": "low",
    "geometry_role": "existing_condition",
    "land_use_code": "1401",
    "name_zh": "公园绿地",
    "area_sqm_declared": 196.8,
    "source_id": "osm-landuse-polygons",
    "mapping_note": "OSM landuse=grass 映射到项目代码表"
   },
   "geometry": {
    "type": "Polygon",
    "coordinates": [
     [
      [
       116.340802876,
       39.980333503
      ],
      [
       116.340864312,
       39.980336104
      ],
      [
       116.340870549,
       39.979991655
      ],
      [
       116.340812061,
       39.97998682
      ],
      [
       116.340802876,
       39.980333503
      ]
     ]
    ]
   }
  },
  {
   "type": "Feature",
   "id": "lu-osm-1452799621",
   "properties": {
    "id": "lu-osm-1452799621",
    "layer": "LAND_USE",
    "source_type": "osm",
    "confidence": "low",
    "geometry_role": "existing_condition",
    "land_use_code": "0805",
    "name_zh": "体育用地",
    "area_sqm_declared": 197.7,
    "source_id": "osm-landuse-polygons",
    "mapping_note": "OSM leisure:pitch 多边形映射到项目代码表"
   },
   "geometry": {
    "type": "Polygon",
    "coordinates": [
     [
      [
       116.347017341,
       40.00205314
      ],
      [
       116.347134377,
       40.002060554
      ],
      [
       116.347153636,
       40.001882792
      ],
      [
       116.347039549,
       40.001873143
      ],
      [
       116.347017341,
       40.00205314
      ]
     ]
    ]
   }
  },
  {
   "type": "Feature",
   "id": "lu-osm-543837608",
   "properties": {
    "id": "lu-osm-543837608",
    "layer": "LAND_USE",
    "source_type": "osm",
    "confidence": "low",
    "geometry_role": "existing_condition",
    "land_use_code": "1401",
    "name_zh": "公园绿地",
    "area_sqm_declared": 201.1,
    "source_id": "osm-landuse-polygons",
    "mapping_note": "OSM landuse=grass 映射到项目代码表"
   },
   "geometry": {
    "type": "Polygon",
    "coordinates": [
     [
      [
       116.347459557,
       39.989120615
      ],
      [
       116.347598195,
       39.989008819
      ],
      [
       116.347602086,
       39.988907522
      ],
      [
       116.347470416,
       39.988902278
      ],
      [
       116.347459557,
       39.989120615
      ]
     ]
    ]
   }
  },
  {
   "type": "Feature",
   "id": "lu-osm-543827763",
   "properties": {
    "id": "lu-osm-543827763",
    "layer": "LAND_USE",
    "source_type": "osm",
    "confidence": "low",
    "geometry_role": "existing_condition",
    "land_use_code": "1401",
    "name_zh": "公园绿地",
    "area_sqm_declared": 217.8,
    "source_id": "osm-landuse-polygons",
    "mapping_note": "OSM landuse=grass 映射到项目代码表"
   },
   "geometry": {
    "type": "Polygon",
    "coordinates": [
     [
      [
       116.348515272,
       39.98891491
      ],
      [
       116.348667452,
       39.988918017
      ],
      [
       116.348671812,
       39.988767189
      ],
      [
       116.348519632,
       39.988764082
      ],
      [
       116.348515272,
       39.98891491
      ]
     ]
    ]
   }
  },
  {
   "type": "Feature",
   "id": "lu-osm-1390296102",
   "properties": {
    "id": "lu-osm-1390296102",
    "layer": "LAND_USE",
    "source_type": "osm",
    "confidence": "low",
    "geometry_role": "existing_condition",
    "land_use_code": "1401",
    "name_zh": "公园绿地",
    "area_sqm_declared": 218.8,
    "source_id": "osm-landuse-polygons",
    "mapping_note": "OSM landuse=grass 映射到项目代码表"
   },
   "geometry": {
    "type": "Polygon",
    "coordinates": [
     [
      [
       116.340165278,
       39.980897261
      ],
      [
       116.34098464,
       39.980910929
      ],
      [
       116.340984921,
       39.98088166
      ],
      [
       116.340165538,
       39.980870244
      ],
      [
       116.340165278,
       39.980897261
      ]
     ]
    ]
   }
  },
  {
   "type": "Feature",
   "id": "lu-osm-595098624",
   "properties": {
    "id": "lu-osm-595098624",
    "layer": "LAND_USE",
    "source_type": "osm",
    "confidence": "low",
    "geometry_role": "existing_condition",
    "land_use_code": "16",
    "name_zh": "留白用地",
    "area_sqm_declared": 240.6,
    "source_id": "osm-landuse-polygons",
    "mapping_note": "OSM landuse=greenfield；项目代码表子集内无对应类目，按现状未定型计入留白用地，待现场调查与官方控规确认"
   },
   "geometry": {
    "type": "Polygon",
    "coordinates": [
     [
      [
       116.350779025,
       39.998073314
      ],
      [
       116.351487292,
       39.99809304
      ],
      [
       116.351481779,
       39.998056985
      ],
      [
       116.350779366,
       39.998037292
      ],
      [
       116.350779025,
       39.998073314
      ]
     ]
    ]
   }
  },
  {
   "type": "Feature",
   "id": "lu-osm-1486701150",
   "properties": {
    "id": "lu-osm-1486701150",
    "layer": "LAND_USE",
    "source_type": "osm",
    "confidence": "low",
    "geometry_role": "existing_condition",
    "land_use_code": "1402",
    "name_zh": "防护绿地",
    "area_sqm_declared": 245.1,
    "source_id": "osm-landuse-polygons",
    "mapping_note": "OSM landuse=forest 映射到项目代码表"
   },
   "geometry": {
    "type": "Polygon",
    "coordinates": [
     [
      [
       116.351559395,
       40.025435901
      ],
      [
       116.351586348,
       40.02537301
      ],
      [
       116.351516128,
       40.025365862
      ],
      [
       116.351395953,
       40.025376447
      ],
      [
       116.351310557,
       40.025425502
      ],
      [
       116.351269046,
       40.025479306
      ],
      [
       116.351336295,
       40.02549094
      ],
      [
       116.351415343,
       40.025493634
      ],
      [
       116.351482955,
       40.025466995
      ],
      [
       116.351559395,
       40.025435901
      ]
     ]
    ]
   }
  },
  {
   "type": "Feature",
   "id": "lu-osm-399046297",
   "properties": {
    "id": "lu-osm-399046297",
    "layer": "LAND_USE",
    "source_type": "osm",
    "confidence": "low",
    "geometry_role": "existing_condition",
    "land_use_code": "0805",
    "name_zh": "体育用地",
    "area_sqm_declared": 250.3,
    "source_id": "osm-landuse-polygons",
    "mapping_note": "OSM leisure:pitch 多边形映射到项目代码表"
   },
   "geometry": {
    "type": "Polygon",
    "coordinates": [
     [
      [
       116.354237044,
       39.957274589
      ],
      [
       116.354494519,
       39.957273771
      ],
      [
       116.35449545,
       39.957174708
      ],
      [
       116.35423804,
       39.957168772
      ],
      [
       116.354237044,
       39.957274589
      ]
     ]
    ]
   }
  },
  {
   "type": "Feature",
   "id": "lu-osm-636570410",
   "properties": {
    "id": "lu-osm-636570410",
    "layer": "LAND_USE",
    "source_type": "osm",
    "confidence": "low",
    "geometry_role": "existing_condition",
    "land_use_code": "0701",
    "name_zh": "文慧园小区（西区）",
    "area_sqm_declared": 253.1,
    "source_id": "osm-landuse-polygons",
    "mapping_note": "OSM landuse=residential 映射到项目代码表"
   },
   "geometry": {
    "type": "Polygon",
    "coordinates": [
     [
      [
       116.355123807,
       39.947901849
      ],
      [
       116.3552986,
       39.947979373
      ],
      [
       116.355301453,
       39.947675431
      ],
      [
       116.355123807,
       39.947901849
      ]
     ]
    ]
   }
  },
  {
   "type": "Feature",
   "id": "lu-osm-1390040882",
   "properties": {
    "id": "lu-osm-1390040882",
    "layer": "LAND_USE",
    "source_type": "osm",
    "confidence": "low",
    "geometry_role": "existing_condition",
    "land_use_code": "1401",
    "name_zh": "公园绿地",
    "area_sqm_declared": 262.5,
    "source_id": "osm-landuse-polygons",
    "mapping_note": "OSM landuse=grass 映射到项目代码表"
   },
   "geometry": {
    "type": "Polygon",
    "coordinates": [
     [
      [
       116.340265367,
       39.98083704
      ],
      [
       116.340704335,
       39.980841789
      ],
      [
       116.340704941,
       39.980778749
      ],
      [
       116.340265973,
       39.980774
      ],
      [
       116.340265367,
       39.98083704
      ]
     ]
    ]
   }
  },
  {
   "type": "Feature",
   "id": "lu-osm-543828494",
   "properties": {
    "id": "lu-osm-543828494",
    "layer": "LAND_USE",
    "source_type": "osm",
    "confidence": "low",
    "geometry_role": "existing_condition",
    "land_use_code": "1401",
    "name_zh": "公园绿地",
    "area_sqm_declared": 271.4,
    "source_id": "osm-landuse-polygons",
    "mapping_note": "OSM landuse=recreation_ground 映射到项目代码表"
   },
   "geometry": {
    "type": "Polygon",
    "coordinates": [
     [
      [
       116.353724175,
       39.984708945
      ],
      [
       116.35374409,
       39.984459136
      ],
      [
       116.353627062,
       39.98445398
      ],
      [
       116.353626744,
       39.984487751
      ],
      [
       116.353612957,
       39.984708325
      ],
      [
       116.353724175,
       39.984708945
      ]
     ]
    ]
   }
  },
  {
   "type": "Feature",
   "id": "lu-osm-399046295",
   "properties": {
    "id": "lu-osm-399046295",
    "layer": "LAND_USE",
    "source_type": "osm",
    "confidence": "low",
    "geometry_role": "existing_condition",
    "land_use_code": "0805",
    "name_zh": "体育用地",
    "area_sqm_declared": 275.0,
    "source_id": "osm-landuse-polygons",
    "mapping_note": "OSM leisure:pitch 多边形映射到项目代码表"
   },
   "geometry": {
    "type": "Polygon",
    "coordinates": [
     [
      [
       116.354231768,
       39.95752448
      ],
      [
       116.354489222,
       39.957525914
      ],
      [
       116.35449028,
       39.957413343
      ],
      [
       116.354232827,
       39.957411909
      ],
      [
       116.354231768,
       39.95752448
      ]
     ]
    ]
   }
  },
  {
   "type": "Feature",
   "id": "lu-osm-399024330",
   "properties": {
    "id": "lu-osm-399024330",
    "layer": "LAND_USE",
    "source_type": "osm",
    "confidence": "low",
    "geometry_role": "existing_condition",
    "land_use_code": "0805",
    "name_zh": "体育用地",
    "area_sqm_declared": 277.3,
    "source_id": "osm-landuse-polygons",
    "mapping_note": "OSM leisure:pitch 多边形映射到项目代码表"
   },
   "geometry": {
    "type": "Polygon",
    "coordinates": [
     [
      [
       116.353752698,
       39.961173809
      ],
      [
       116.35403936,
       39.961182161
      ],
      [
       116.354046165,
       39.96108088
      ],
      [
       116.353756578,
       39.961072511
      ],
      [
       116.353752698,
       39.961173809
      ]
     ]
    ]
   }
  },
  {
   "type": "Feature",
   "id": "lu-osm-399046294",
   "properties": {
    "id": "lu-osm-399046294",
    "layer": "LAND_USE",
    "source_type": "osm",
    "confidence": "low",
    "geometry_role": "existing_condition",
    "land_use_code": "0805",
    "name_zh": "体育用地",
    "area_sqm_declared": 277.4,
    "source_id": "osm-landuse-polygons",
    "mapping_note": "OSM leisure:pitch 多边形映射到项目代码表"
   },
   "geometry": {
    "type": "Polygon",
    "coordinates": [
     [
      [
       116.354230561,
       39.957652811
      ],
      [
       116.354482122,
       39.957658715
      ],
      [
       116.354489053,
       39.957543925
      ],
      [
       116.354231641,
       39.957537989
      ],
      [
       116.354230561,
       39.957652811
      ]
     ]
    ]
   }
  },
  {
   "type": "Feature",
   "id": "lu-osm-399046296",
   "properties": {
    "id": "lu-osm-399046296",
    "layer": "LAND_USE",
    "source_type": "osm",
    "confidence": "low",
    "geometry_role": "existing_condition",
    "land_use_code": "0805",
    "name_zh": "体育用地",
    "area_sqm_declared": 278.1,
    "source_id": "osm-landuse-polygons",
    "mapping_note": "OSM leisure:pitch 多边形映射到项目代码表"
   },
   "geometry": {
    "type": "Polygon",
    "coordinates": [
     [
      [
       116.354230028,
       39.957398384
      ],
      [
       116.354493333,
       39.957399851
      ],
      [
       116.354491466,
       39.957287263
      ],
      [
       116.354234013,
       39.957285829
      ],
      [
       116.354230028,
       39.957398384
      ]
     ]
    ]
   }
  },
  {
   "type": "Feature",
   "id": "lu-osm-399024328",
   "properties": {
    "id": "lu-osm-399024328",
    "layer": "LAND_USE",
    "source_type": "osm",
    "confidence": "low",
    "geometry_role": "existing_condition",
    "land_use_code": "0805",
    "name_zh": "体育用地",
    "area_sqm_declared": 280.8,
    "source_id": "osm-landuse-polygons",
    "mapping_note": "OSM leisure:pitch 多边形映射到项目代码表"
   },
   "geometry": {
    "type": "Polygon",
    "coordinates": [
     [
      [
       116.353741441,
       39.961437176
      ],
      [
       116.354016422,
       39.961443212
      ],
      [
       116.354023269,
       39.961337428
      ],
      [
       116.353745384,
       39.961329124
      ],
      [
       116.353741441,
       39.961437176
      ]
     ]
    ]
   }
  },
  {
   "type": "Feature",
   "id": "lu-osm-1044622909",
   "properties": {
    "id": "lu-osm-1044622909",
    "layer": "LAND_USE",
    "source_type": "osm",
    "confidence": "low",
    "geometry_role": "existing_condition",
    "land_use_code": "0805",
    "name_zh": "体育用地",
    "area_sqm_declared": 282.3,
    "source_id": "osm-landuse-polygons",
    "mapping_note": "OSM leisure:pitch 多边形映射到项目代码表"
   },
   "geometry": {
    "type": "Polygon",
    "coordinates": [
     [
      [
       116.344465157,
       39.940711426
      ],
      [
       116.344564539,
       39.940718743
      ],
      [
       116.344599505,
       39.940426239
      ],
      [
       116.344497199,
       39.940418906
      ],
      [
       116.344465157,
       39.940711426
      ]
     ]
    ]
   }
  },
  {
   "type": "Feature",
   "id": "lu-osm-399046298",
   "properties": {
    "id": "lu-osm-399046298",
    "layer": "LAND_USE",
    "source_type": "osm",
    "confidence": "low",
    "geometry_role": "existing_condition",
    "land_use_code": "0805",
    "name_zh": "体育用地",
    "area_sqm_declared": 289.2,
    "source_id": "osm-landuse-polygons",
    "mapping_note": "OSM leisure:pitch 多边形映射到项目代码表"
   },
   "geometry": {
    "type": "Polygon",
    "coordinates": [
     [
      [
       116.354238209,
       39.95715076
      ],
      [
       116.354495662,
       39.957152194
      ],
      [
       116.354505539,
       39.957035169
      ],
      [
       116.354242236,
       39.957033703
      ],
      [
       116.354238209,
       39.95715076
      ]
     ]
    ]
   }
  },
  {
   "type": "Feature",
   "id": "lu-osm-543828357",
   "properties": {
    "id": "lu-osm-543828357",
    "layer": "LAND_USE",
    "source_type": "osm",
    "confidence": "low",
    "geometry_role": "existing_condition",
    "land_use_code": "1401",
    "name_zh": "公园绿地",
    "area_sqm_declared": 293.1,
    "source_id": "osm-landuse-polygons",
    "mapping_note": "OSM landuse=grass 映射到项目代码表"
   },
   "geometry": {
    "type": "Polygon",
    "coordinates": [
     [
      [
       116.349866908,
       39.987134786
      ],
      [
       116.349963473,
       39.987137579
      ],
      [
       116.349975284,
       39.986817928
      ],
      [
       116.349878719,
       39.986815135
      ],
      [
       116.349866908,
       39.987134786
      ]
     ]
    ]
   }
  },
  {
   "type": "Feature",
   "id": "lu-osm-399024329",
   "properties": {
    "id": "lu-osm-399024329",
    "layer": "LAND_USE",
    "source_type": "osm",
    "confidence": "low",
    "geometry_role": "existing_condition",
    "land_use_code": "0805",
    "name_zh": "体育用地",
    "area_sqm_declared": 297.2,
    "source_id": "osm-landuse-polygons",
    "mapping_note": "OSM leisure:pitch 多边形映射到项目代码表"
   },
   "geometry": {
    "type": "Polygon",
    "coordinates": [
     [
      [
       116.353751469,
       39.961304391
      ],
      [
       116.354032301,
       39.96131046
      ],
      [
       116.354036265,
       39.961200156
      ],
      [
       116.353755455,
       39.961191836
      ],
      [
       116.353751469,
       39.961304391
      ]
     ]
    ]
   }
  },
  {
   "type": "Feature",
   "id": "lu-osm-399024327",
   "properties": {
    "id": "lu-osm-399024327",
    "layer": "LAND_USE",
    "source_type": "osm",
    "confidence": "low",
    "geometry_role": "existing_condition",
    "land_use_code": "0805",
    "name_zh": "体育用地",
    "area_sqm_declared": 297.3,
    "source_id": "osm-landuse-polygons",
    "mapping_note": "OSM leisure:pitch 多边形映射到项目代码表"
   },
   "geometry": {
    "type": "Polygon",
    "coordinates": [
     [
      [
       116.353731456,
       39.961565458
      ],
      [
       116.354012289,
       39.961571527
      ],
      [
       116.354019178,
       39.96146124
      ],
      [
       116.353738367,
       39.96145292
      ],
      [
       116.353731456,
       39.961565458
      ]
     ]
    ]
   }
  },
  {
   "type": "Feature",
   "id": "lu-osm-594912250",
   "properties": {
    "id": "lu-osm-594912250",
    "layer": "LAND_USE",
    "source_type": "osm",
    "confidence": "low",
    "geometry_role": "existing_condition",
    "land_use_code": "0902",
    "name_zh": "社区配送",
    "area_sqm_declared": 310.3,
    "source_id": "osm-landuse-polygons",
    "mapping_note": "OSM landuse=commercial 映射到项目代码表"
   },
   "geometry": {
    "type": "Polygon",
    "coordinates": [
     [
      [
       116.350138422,
       39.997401021
      ],
      [
       116.350644612,
       39.997428625
      ],
      [
       116.350656982,
       39.997358897
      ],
      [
       116.350150686,
       39.99734255
      ],
      [
       116.350138422,
       39.997401021
      ]
     ]
    ]
   }
  },
  {
   "type": "Feature",
   "id": "lu-osm-1452799620",
   "properties": {
    "id": "lu-osm-1452799620",
    "layer": "LAND_USE",
    "source_type": "osm",
    "confidence": "low",
    "geometry_role": "existing_condition",
    "land_use_code": "0805",
    "name_zh": "体育用地",
    "area_sqm_declared": 314.1,
    "source_id": "osm-landuse-polygons",
    "mapping_note": "OSM leisure:pitch 多边形映射到项目代码表"
   },
   "geometry": {
    "type": "Polygon",
    "coordinates": [
     [
      [
       116.347192863,
       40.002067638
      ],
      [
       116.347371355,
       40.002077649
      ],
      [
       116.347390678,
       40.001893133
      ],
      [
       116.347212186,
       40.001883122
      ],
      [
       116.347192863,
       40.002067638
      ]
     ]
    ]
   }
  },
  {
   "type": "Feature",
   "id": "lu-osm-325387940",
   "properties": {
    "id": "lu-osm-325387940",
    "layer": "LAND_USE",
    "source_type": "osm",
    "confidence": "low",
    "geometry_role": "existing_condition",
    "land_use_code": "1401",
    "name_zh": "公园绿地",
    "area_sqm_declared": 320.9,
    "source_id": "osm-landuse-polygons",
    "mapping_note": "OSM landuse=grass 映射到项目代码表"
   },
   "geometry": {
    "type": "Polygon",
    "coordinates": [
     [
      [
       116.355163636,
       39.966711445
      ],
      [
       116.354903201,
       39.966712247
      ],
      [
       116.355018633,
       39.966884006
      ],
      [
       116.355150303,
       39.966884739
      ],
      [
       116.355163636,
       39.966711445
      ]
     ]
    ]
   }
  },
  {
   "type": "Feature",
   "id": "lu-osm-270316984",
   "properties": {
    "id": "lu-osm-270316984",
    "layer": "LAND_USE",
    "source_type": "osm",
    "confidence": "low",
    "geometry_role": "existing_condition",
    "land_use_code": "0805",
    "name_zh": "体育用地",
    "area_sqm_declared": 338.0,
    "source_id": "osm-landuse-polygons",
    "mapping_note": "OSM leisure:pitch 多边形映射到项目代码表"
   },
   "geometry": {
    "type": "Polygon",
    "coordinates": [
     [
      [
       116.353146439,
       39.989794178
      ],
      [
       116.35313564,
       39.990008013
      ],
      [
       116.35329951,
       39.990013431
      ],
      [
       116.353299637,
       39.989999922
      ],
      [
       116.353316162,
       39.989799629
      ],
      [
       116.353146439,
       39.989794178
      ]
     ]
    ]
   }
  },
  {
   "type": "Feature",
   "id": "lu-osm-1390040867",
   "properties": {
    "id": "lu-osm-1390040867",
    "layer": "LAND_USE",
    "source_type": "osm",
    "confidence": "low",
    "geometry_role": "existing_condition",
    "land_use_code": "1401",
    "name_zh": "公园绿地",
    "area_sqm_declared": 338.1,
    "source_id": "osm-landuse-polygons",
    "mapping_note": "OSM landuse=grass 映射到项目代码表"
   },
   "geometry": {
    "type": "Polygon",
    "coordinates": [
     [
      [
       116.341390924,
       39.98035711
      ],
      [
       116.341402695,
       39.980350422
      ],
      [
       116.341429034,
       39.980350572
      ],
      [
       116.341440675,
       39.980357392
      ],
      [
       116.341469941,
       39.980357559
      ],
      [
       116.341478786,
       39.980350854
      ],
      [
       116.341508052,
       39.980351021
      ],
      [
       116.341516745,
       39.980360076
      ],
      [
       116.341630881,
       39.980360725
      ],
      [
       116.341629014,
       39.980250389
      ],
      [
       116.341304207,
       39.98024404
      ],
      [
       116.341303148,
       39.980354359
      ],
      [
       116.341390924,
       39.98035711
      ]
     ]
    ]
   }
  },
  {
   "type": "Feature",
   "id": "lu-osm-1055103667",
   "properties": {
    "id": "lu-osm-1055103667",
    "layer": "LAND_USE",
    "source_type": "osm",
    "confidence": "low",
    "geometry_role": "existing_condition",
    "land_use_code": "0805",
    "name_zh": "体育用地",
    "area_sqm_declared": 338.9,
    "source_id": "osm-landuse-polygons",
    "mapping_note": "OSM leisure:pitch 多边形映射到项目代码表"
   },
   "geometry": {
    "type": "Polygon",
    "coordinates": [
     [
      [
       116.341157794,
       39.997618249
      ],
      [
       116.341283647,
       39.997621215
      ],
      [
       116.341297801,
       39.997366874
      ],
      [
       116.341142675,
       39.99736374
      ],
      [
       116.341157794,
       39.997618249
      ]
     ]
    ]
   }
  },
  {
   "type": "Feature",
   "id": "lu-osm-1376682992",
   "properties": {
    "id": "lu-osm-1376682992",
    "layer": "LAND_USE",
    "source_type": "osm",
    "confidence": "low",
    "geometry_role": "existing_condition",
    "land_use_code": "1401",
    "name_zh": "公园绿地",
    "area_sqm_declared": 344.2,
    "source_id": "osm-landuse-polygons",
    "mapping_note": "OSM landuse=grass 映射到项目代码表"
   },
   "geometry": {
    "type": "Polygon",
    "coordinates": [
     [
      [
       116.351802551,
       39.961021074
      ],
      [
       116.351471961,
       39.961016973
      ],
      [
       116.351460823,
       39.961266832
      ],
      [
       116.351580737,
       39.961272006
      ],
      [
       116.351594588,
       39.961044678
      ],
      [
       116.351802296,
       39.961048091
      ],
      [
       116.351802551,
       39.961021074
      ]
     ]
    ]
   }
  },
  {
   "type": "Feature",
   "id": "lu-osm-595098586",
   "properties": {
    "id": "lu-osm-595098586",
    "layer": "LAND_USE",
    "source_type": "osm",
    "confidence": "low",
    "geometry_role": "existing_condition",
    "land_use_code": "16",
    "name_zh": "留白用地",
    "area_sqm_declared": 344.8,
    "source_id": "osm-landuse-polygons",
    "mapping_note": "OSM landuse=greenfield；项目代码表子集内无对应类目，按现状未定型计入留白用地，待现场调查与官方控规确认"
   },
   "geometry": {
    "type": "Polygon",
    "coordinates": [
     [
      [
       116.348908647,
       39.998042558
      ],
      [
       116.349657961,
       39.998055772
      ],
      [
       116.349661337,
       39.998008508
      ],
      [
       116.348909118,
       39.997993027
      ],
      [
       116.348908647,
       39.998042558
      ]
     ]
    ]
   }
  },
  {
   "type": "Feature",
   "id": "lu-osm-1340828354",
   "properties": {
    "id": "lu-osm-1340828354",
    "layer": "LAND_USE",
    "source_type": "osm",
    "confidence": "low",
    "geometry_role": "existing_condition",
    "land_use_code": "0805",
    "name_zh": "体育用地",
    "area_sqm_declared": 358.7,
    "source_id": "osm-landuse-polygons",
    "mapping_note": "OSM leisure:pitch 多边形映射到项目代码表"
   },
   "geometry": {
    "type": "Polygon",
    "coordinates": [
     [
      [
       116.34891248,
       40.008118145
      ],
      [
       116.349193482,
       40.008126478
      ],
      [
       116.349209361,
       40.007995979
      ],
      [
       116.348922547,
       40.007983111
      ],
      [
       116.34891248,
       40.008118145
      ]
     ]
    ]
   }
  },
  {
   "type": "Feature",
   "id": "lu-osm-1390423795",
   "properties": {
    "id": "lu-osm-1390423795",
    "layer": "LAND_USE",
    "source_type": "osm",
    "confidence": "low",
    "geometry_role": "existing_condition",
    "land_use_code": "1401",
    "name_zh": "公园绿地",
    "area_sqm_declared": 360.6,
    "source_id": "osm-landuse-polygons",
    "mapping_note": "OSM landuse=grass 映射到项目代码表"
   },
   "geometry": {
    "type": "Polygon",
    "coordinates": [
     [
      [
       116.340518414,
       39.980392676
      ],
      [
       116.34048891,
       39.980417275
      ],
      [
       116.340456609,
       39.980428349
      ],
      [
       116.340424417,
       39.980428166
      ],
      [
       116.340389363,
       39.980421212
      ],
      [
       116.340363197,
       39.980403051
      ],
      [
       116.340334256,
       39.980369113
      ],
      [
       116.340155756,
       39.980365846
      ],
      [
       116.340151833,
       39.980469394
      ],
      [
       116.34059663,
       39.980476428
      ],
      [
       116.340600574,
       39.980370629
      ],
      [
       116.34052741,
       39.980370212
      ],
      [
       116.340518414,
       39.980392676
      ]
     ]
    ]
   }
  },
  {
   "type": "Feature",
   "id": "lu-osm-959801254",
   "properties": {
    "id": "lu-osm-959801254",
    "layer": "LAND_USE",
    "source_type": "osm",
    "confidence": "low",
    "geometry_role": "existing_condition",
    "land_use_code": "0806",
    "name_zh": "北京中仁中医医院",
    "area_sqm_declared": 365.2,
    "source_id": "osm-landuse-polygons",
    "mapping_note": "OSM amenity:hospital 多边形映射到项目代码表"
   },
   "geometry": {
    "type": "Polygon",
    "coordinates": [
     [
      [
       116.354240539,
       39.956903104
      ],
      [
       116.354655993,
       39.956903166
      ],
      [
       116.354656861,
       39.956810857
      ],
      [
       116.354238481,
       39.956810779
      ],
      [
       116.354240539,
       39.956903104
      ]
     ]
    ]
   }
  },
  {
   "type": "Feature",
   "id": "lu-osm-543832868",
   "properties": {
    "id": "lu-osm-543832868",
    "layer": "LAND_USE",
    "source_type": "osm",
    "confidence": "low",
    "geometry_role": "existing_condition",
    "land_use_code": "1401",
    "name_zh": "公园绿地",
    "area_sqm_declared": 366.0,
    "source_id": "osm-landuse-polygons",
    "mapping_note": "OSM leisure:park 多边形映射到项目代码表"
   },
   "geometry": {
    "type": "Polygon",
    "coordinates": [
     [
      [
       116.349976222,
       39.981159837
      ],
      [
       116.349974857,
       39.981303928
      ],
      [
       116.350241158,
       39.981307672
      ],
      [
       116.35024545,
       39.981163598
      ],
      [
       116.349976222,
       39.981159837
      ]
     ]
    ]
   }
  },
  {
   "type": "Feature",
   "id": "lu-osm-1146167398",
   "properties": {
    "id": "lu-osm-1146167398",
    "layer": "LAND_USE",
    "source_type": "osm",
    "confidence": "low",
    "geometry_role": "existing_condition",
    "land_use_code": "0805",
    "name_zh": "棒球训练场",
    "area_sqm_declared": 371.1,
    "source_id": "osm-landuse-polygons",
    "mapping_note": "OSM leisure:pitch 多边形映射到项目代码表"
   },
   "geometry": {
    "type": "Polygon",
    "coordinates": [
     [
      [
       116.344247335,
       39.988019501
      ],
      [
       116.344243784,
       39.988084775
      ],
      [
       116.344843693,
       39.988099425
      ],
      [
       116.344847243,
       39.988034151
      ],
      [
       116.344472664,
       39.988025278
      ],
      [
       116.344247335,
       39.988019501
      ]
     ]
    ]
   }
  },
  {
   "type": "Feature",
   "id": "lu-osm-1393223948",
   "properties": {
    "id": "lu-osm-1393223948",
    "layer": "LAND_USE",
    "source_type": "osm",
    "confidence": "low",
    "geometry_role": "existing_condition",
    "land_use_code": "0805",
    "name_zh": "体育用地",
    "area_sqm_declared": 374.5,
    "source_id": "osm-landuse-polygons",
    "mapping_note": "OSM leisure:pitch 多边形映射到项目代码表"
   },
   "geometry": {
    "type": "Polygon",
    "coordinates": [
     [
      [
       116.354101058,
       40.010261358
      ],
      [
       116.354264616,
       40.010305048
      ],
      [
       116.35436325,
       40.010091703
      ],
      [
       116.354199715,
       40.010045761
      ],
      [
       116.354101058,
       40.010261358
      ]
     ]
    ]
   }
  },
  {
   "type": "Feature",
   "id": "lu-osm-473364785",
   "properties": {
    "id": "lu-osm-473364785",
    "layer": "LAND_USE",
    "source_type": "osm",
    "confidence": "low",
    "geometry_role": "existing_condition",
    "land_use_code": "0902",
    "name_zh": "近邻宝",
    "area_sqm_declared": 381.0,
    "source_id": "osm-landuse-polygons",
    "mapping_note": "OSM landuse=commercial 映射到项目代码表"
   },
   "geometry": {
    "type": "Polygon",
    "coordinates": [
     [
      [
       116.345616716,
       39.991751267
      ],
      [
       116.345620868,
       39.991622953
      ],
      [
       116.345310642,
       39.991616698
      ],
      [
       116.345306469,
       39.991747263
      ],
      [
       116.345616716,
       39.991751267
      ]
     ]
    ]
   }
  },
  {
   "type": "Feature",
   "id": "lu-osm-595098590",
   "properties": {
    "id": "lu-osm-595098590",
    "layer": "LAND_USE",
    "source_type": "osm",
    "confidence": "low",
    "geometry_role": "existing_condition",
    "land_use_code": "16",
    "name_zh": "留白用地",
    "area_sqm_declared": 384.8,
    "source_id": "osm-landuse-polygons",
    "mapping_note": "OSM landuse=greenfield；项目代码表子集内无对应类目，按现状未定型计入留白用地，待现场调查与官方控规确认"
   },
   "geometry": {
    "type": "Polygon",
    "coordinates": [
     [
      [
       116.348999484,
       39.997417145
      ],
      [
       116.349690201,
       39.997434532
      ],
      [
       116.349696632,
       39.997373776
      ],
      [
       116.349002946,
       39.997360876
      ],
      [
       116.348999484,
       39.997417145
      ]
     ]
    ]
   }
  },
  {
   "type": "Feature",
   "id": "lu-osm-399024326",
   "properties": {
    "id": "lu-osm-399024326",
    "layer": "LAND_USE",
    "source_type": "osm",
    "confidence": "low",
    "geometry_role": "existing_condition",
    "land_use_code": "0805",
    "name_zh": "体育用地",
    "area_sqm_declared": 389.0,
    "source_id": "osm-landuse-polygons",
    "mapping_note": "OSM leisure:pitch 多边形映射到项目代码表"
   },
   "geometry": {
    "type": "Polygon",
    "coordinates": [
     [
      [
       116.353464807,
       39.961296038
      ],
      [
       116.353643258,
       39.961299285
      ],
      [
       116.353651272,
       39.961069672
      ],
      [
       116.353472821,
       39.961066426
      ],
      [
       116.353464807,
       39.961296038
      ]
     ]
    ]
   }
  },
  {
   "type": "Feature",
   "id": "lu-osm-399024325",
   "properties": {
    "id": "lu-osm-399024325",
    "layer": "LAND_USE",
    "source_type": "osm",
    "confidence": "low",
    "geometry_role": "existing_condition",
    "land_use_code": "0805",
    "name_zh": "体育用地",
    "area_sqm_declared": 397.3,
    "source_id": "osm-landuse-polygons",
    "mapping_note": "OSM leisure:pitch 多边形映射到项目代码表"
   },
   "geometry": {
    "type": "Polygon",
    "coordinates": [
     [
      [
       116.353257119,
       39.961290377
      ],
      [
       116.353435549,
       39.961295875
      ],
      [
       116.353443627,
       39.961059508
      ],
      [
       116.353268124,
       39.961054026
      ],
      [
       116.353257119,
       39.961290377
      ]
     ]
    ]
   }
  },
  {
   "type": "Feature",
   "id": "lu-osm-1055103668",
   "properties": {
    "id": "lu-osm-1055103668",
    "layer": "LAND_USE",
    "source_type": "osm",
    "confidence": "low",
    "geometry_role": "existing_condition",
    "land_use_code": "0805",
    "name_zh": "体育用地",
    "area_sqm_declared": 407.8,
    "source_id": "osm-landuse-polygons",
    "mapping_note": "OSM leisure:pitch 多边形映射到项目代码表"
   },
   "geometry": {
    "type": "Polygon",
    "coordinates": [
     [
      [
       116.341309027,
       39.997112515
      ],
      [
       116.341133433,
       39.997107014
      ],
      [
       116.3411299,
       39.997170037
      ],
      [
       116.341142675,
       39.99736374
      ],
      [
       116.341297801,
       39.997366874
      ],
      [
       116.341309027,
       39.997112515
      ]
     ]
    ]
   }
  },
  {
   "type": "Feature",
   "id": "lu-osm-399024324",
   "properties": {
    "id": "lu-osm-399024324",
    "layer": "LAND_USE",
    "source_type": "osm",
    "confidence": "low",
    "geometry_role": "existing_condition",
    "land_use_code": "0805",
    "name_zh": "体育用地",
    "area_sqm_declared": 413.0,
    "source_id": "osm-landuse-polygons",
    "mapping_note": "OSM leisure:pitch 多边形映射到项目代码表"
   },
   "geometry": {
    "type": "Polygon",
    "coordinates": [
     [
      [
       116.353040633,
       39.961286917
      ],
      [
       116.35322201,
       39.961290181
      ],
      [
       116.353233036,
       39.961051579
      ],
      [
       116.353051681,
       39.961046064
      ],
      [
       116.353040633,
       39.961286917
      ]
     ]
    ]
   }
  },
  {
   "type": "Feature",
   "id": "lu-osm-399024323",
   "properties": {
    "id": "lu-osm-399024323",
    "layer": "LAND_USE",
    "source_type": "osm",
    "confidence": "low",
    "geometry_role": "existing_condition",
    "land_use_code": "0805",
    "name_zh": "体育用地",
    "area_sqm_declared": 413.8,
    "source_id": "osm-landuse-polygons",
    "mapping_note": "OSM leisure:pitch 多边形映射到项目代码表"
   },
   "geometry": {
    "type": "Polygon",
    "coordinates": [
     [
      [
       116.352827137,
       39.961276719
      ],
      [
       116.353011418,
       39.961282251
      ],
      [
       116.353022424,
       39.961045901
      ],
      [
       116.352838143,
       39.961040369
      ],
      [
       116.352827137,
       39.961276719
      ]
     ]
    ]
   }
  },
  {
   "type": "Feature",
   "id": "lu-osm-595098588",
   "properties": {
    "id": "lu-osm-595098588",
    "layer": "LAND_USE",
    "source_type": "osm",
    "confidence": "low",
    "geometry_role": "existing_condition",
    "land_use_code": "16",
    "name_zh": "留白用地",
    "area_sqm_declared": 415.9,
    "source_id": "osm-landuse-polygons",
    "mapping_note": "OSM landuse=greenfield；项目代码表子集内无对应类目，按现状未定型计入留白用地，待现场调查与官方控规确认"
   },
   "geometry": {
    "type": "Polygon",
    "coordinates": [
     [
      [
       116.348970359,
       39.997709679
      ],
      [
       116.34968454,
       39.997722695
      ],
      [
       116.349673386,
       39.997664093
      ],
      [
       116.348968051,
       39.997644372
      ],
      [
       116.348970359,
       39.997709679
      ]
     ]
    ]
   }
  },
  {
   "type": "Feature",
   "id": "lu-osm-399024322",
   "properties": {
    "id": "lu-osm-399024322",
    "layer": "LAND_USE",
    "source_type": "osm",
    "confidence": "low",
    "geometry_role": "existing_condition",
    "land_use_code": "0805",
    "name_zh": "体育用地",
    "area_sqm_declared": 429.2,
    "source_id": "osm-landuse-polygons",
    "mapping_note": "OSM leisure:pitch 多边形映射到项目代码表"
   },
   "geometry": {
    "type": "Polygon",
    "coordinates": [
     [
      [
       116.353450517,
       39.961570646
      ],
      [
       116.353628947,
       39.961576144
      ],
      [
       116.35364012,
       39.961321783
      ],
      [
       116.353461669,
       39.961318536
      ],
      [
       116.353450517,
       39.961570646
      ]
     ]
    ]
   }
  },
  {
   "type": "Feature",
   "id": "lu-osm-595098620",
   "properties": {
    "id": "lu-osm-595098620",
    "layer": "LAND_USE",
    "source_type": "osm",
    "confidence": "low",
    "geometry_role": "existing_condition",
    "land_use_code": "16",
    "name_zh": "留白用地",
    "area_sqm_declared": 444.5,
    "source_id": "osm-landuse-polygons",
    "mapping_note": "OSM landuse=greenfield；项目代码表子集内无对应类目，按现状未定型计入留白用地，待现场调查与官方控规确认"
   },
   "geometry": {
    "type": "Polygon",
    "coordinates": [
     [
      [
       116.351066038,
       39.997442243
      ],
      [
       116.351592784,
       39.997463204
      ],
      [
       116.351605345,
       39.997373213
      ],
      [
       116.351066848,
       39.99735669
      ],
      [
       116.351066038,
       39.997442243
      ]
     ]
    ]
   }
  },
  {
   "type": "Feature",
   "id": "lu-osm-399024321",
   "properties": {
    "id": "lu-osm-399024321",
    "layer": "LAND_USE",
    "source_type": "osm",
    "confidence": "low",
    "geometry_role": "existing_condition",
    "land_use_code": "0805",
    "name_zh": "体育用地",
    "area_sqm_declared": 452.1,
    "source_id": "osm-landuse-polygons",
    "mapping_note": "OSM leisure:pitch 多边形映射到项目代码表"
   },
   "geometry": {
    "type": "Polygon",
    "coordinates": [
     [
      [
       116.353242807,
       39.961567236
      ],
      [
       116.353424142,
       39.961575002
      ],
      [
       116.353438326,
       39.961311651
      ],
      [
       116.353256971,
       39.961306137
      ],
      [
       116.353242807,
       39.961567236
      ]
     ]
    ]
   }
  },
  {
   "type": "Feature",
   "id": "lu-residual-004",
   "properties": {
    "id": "lu-residual-004",
    "layer": "LAND_USE",
    "source_type": "agent_inferred_from_public_data",
    "confidence": "unknown",
    "geometry_role": "existing_condition",
    "land_use_code": "16",
    "name_zh": "现状未标注地块（留白用地）",
    "area_sqm_declared": 452.3,
    "mapping_note": "该范围内 OSM 无用地标注，本方案不推测其用途，按 16 留白用地记录；正式编制须以官方地籍与控规条件替换"
   },
   "geometry": {
    "type": "Polygon",
    "coordinates": [
     [
      [
       116.342149686,
       40.012619017
      ],
      [
       116.34202387,
       40.012609297
      ],
      [
       116.342060483,
       40.013370518
      ],
      [
       116.342149686,
       40.012619017
      ]
     ]
    ]
   }
  },
  {
   "type": "Feature",
   "id": "lu-osm-1376632769",
   "properties": {
    "id": "lu-osm-1376632769",
    "layer": "LAND_USE",
    "source_type": "osm",
    "confidence": "low",
    "geometry_role": "existing_condition",
    "land_use_code": "1401",
    "name_zh": "公园绿地",
    "area_sqm_declared": 454.9,
    "source_id": "osm-landuse-polygons",
    "mapping_note": "OSM landuse=flowerbed 映射到项目代码表"
   },
   "geometry": {
    "type": "Polygon",
    "coordinates": [
     [
      [
       116.348682267,
       39.965779097
      ],
      [
       116.348674877,
       39.965941166
      ],
      [
       116.348961558,
       39.965949531
      ],
      [
       116.348974479,
       39.965821266
      ],
      [
       116.348767376,
       39.965752557
      ],
      [
       116.348682267,
       39.965779097
      ]
     ]
    ]
   }
  },
  {
   "type": "Feature",
   "id": "lu-osm-399024318",
   "properties": {
    "id": "lu-osm-399024318",
    "layer": "LAND_USE",
    "source_type": "osm",
    "confidence": "low",
    "geometry_role": "existing_condition",
    "land_use_code": "0805",
    "name_zh": "体育用地",
    "area_sqm_declared": 463.9,
    "source_id": "osm-landuse-polygons",
    "mapping_note": "OSM leisure:pitch 多边形映射到项目代码表"
   },
   "geometry": {
    "type": "Polygon",
    "coordinates": [
     [
      [
       116.352598927,
       39.961275445
      ],
      [
       116.35280371,
       39.96127884
      ],
      [
       116.352811811,
       39.961040222
      ],
      [
       116.352607029,
       39.961036827
      ],
      [
       116.352598927,
       39.961275445
      ]
     ]
    ]
   }
  },
  {
   "type": "Feature",
   "id": "lu-osm-949446452",
   "properties": {
    "id": "lu-osm-949446452",
    "layer": "LAND_USE",
    "source_type": "osm",
    "confidence": "low",
    "geometry_role": "existing_condition",
    "land_use_code": "1401",
    "name_zh": "海棠园",
    "area_sqm_declared": 472.8,
    "source_id": "osm-landuse-polygons",
    "mapping_note": "OSM leisure:park 多边形映射到项目代码表"
   },
   "geometry": {
    "type": "Polygon",
    "coordinates": [
     [
      [
       116.343701432,
       39.980831779
      ],
      [
       116.343687292,
       39.981086122
      ],
      [
       116.343883332,
       39.981091735
      ],
      [
       116.34389745,
       39.980839644
      ],
      [
       116.343800915,
       39.980834594
      ],
      [
       116.343701432,
       39.980831779
      ]
     ]
    ]
   }
  },
  {
   "type": "Feature",
   "id": "lu-osm-1040467094",
   "properties": {
    "id": "lu-osm-1040467094",
    "layer": "LAND_USE",
    "source_type": "osm",
    "confidence": "low",
    "geometry_role": "existing_condition",
    "land_use_code": "16",
    "name_zh": "学院路科技园B地块B23研发设计用地",
    "area_sqm_declared": 475.8,
    "source_id": "osm-landuse-polygons",
    "mapping_note": "OSM landuse=brownfield；项目代码表子集内无对应类目，按现状未定型计入留白用地，待现场调查与官方控规确认"
   },
   "geometry": {
    "type": "Polygon",
    "coordinates": [
     [
      [
       116.342273245,
       40.017744173
      ],
      [
       116.342279101,
       40.017744206
      ],
      [
       116.342274696,
       40.016373008
      ],
      [
       116.342207349,
       40.016372625
      ],
      [
       116.342273245,
       40.017744173
      ]
     ]
    ]
   }
  },
  {
   "type": "Feature",
   "id": "lu-osm-595098636",
   "properties": {
    "id": "lu-osm-595098636",
    "layer": "LAND_USE",
    "source_type": "osm",
    "confidence": "low",
    "geometry_role": "existing_condition",
    "land_use_code": "16",
    "name_zh": "留白用地",
    "area_sqm_declared": 477.7,
    "source_id": "osm-landuse-polygons",
    "mapping_note": "OSM landuse=greenfield；项目代码表子集内无对应类目，按现状未定型计入留白用地，待现场调查与官方控规确认"
   },
   "geometry": {
    "type": "Polygon",
    "coordinates": [
     [
      [
       116.352609492,
       39.997680531
      ],
      [
       116.352746948,
       39.997694808
      ],
      [
       116.352771074,
       39.997309931
      ],
      [
       116.352642252,
       39.997311464
      ],
      [
       116.352609492,
       39.997680531
      ]
     ]
    ]
   }
  },
  {
   "type": "Feature",
   "id": "lu-osm-399024320",
   "properties": {
    "id": "lu-osm-399024320",
    "layer": "LAND_USE",
    "source_type": "osm",
    "confidence": "low",
    "geometry_role": "existing_condition",
    "land_use_code": "0805",
    "name_zh": "体育用地",
    "area_sqm_declared": 479.8,
    "source_id": "osm-landuse-polygons",
    "mapping_note": "OSM leisure:pitch 多边形映射到项目代码表"
   },
   "geometry": {
    "type": "Polygon",
    "coordinates": [
     [
      [
       116.353023373,
       39.961566012
      ],
      [
       116.353213507,
       39.961571576
      ],
      [
       116.353224787,
       39.961305957
      ],
      [
       116.353034655,
       39.961300393
      ],
      [
       116.353023373,
       39.961566012
      ]
     ]
    ]
   }
  },
  {
   "type": "Feature",
   "id": "lu-osm-399024319",
   "properties": {
    "id": "lu-osm-399024319",
    "layer": "LAND_USE",
    "source_type": "osm",
    "confidence": "low",
    "geometry_role": "existing_condition",
    "land_use_code": "0805",
    "name_zh": "体育用地",
    "area_sqm_declared": 484.8,
    "source_id": "osm-landuse-polygons",
    "mapping_note": "OSM leisure:pitch 多边形映射到项目代码表"
   },
   "geometry": {
    "type": "Polygon",
    "coordinates": [
     [
      [
       116.352815643,
       39.961564852
      ],
      [
       116.352999925,
       39.961570384
      ],
      [
       116.353014238,
       39.961293524
      ],
      [
       116.352829957,
       39.961287993
      ],
      [
       116.352815643,
       39.961564852
      ]
     ]
    ]
   }
  },
  {
   "type": "Feature",
   "id": "lu-osm-543827762",
   "properties": {
    "id": "lu-osm-543827762",
    "layer": "LAND_USE",
    "source_type": "osm",
    "confidence": "low",
    "geometry_role": "existing_condition",
    "land_use_code": "1401",
    "name_zh": "公园绿地",
    "area_sqm_declared": 525.7,
    "source_id": "osm-landuse-polygons",
    "mapping_note": "OSM landuse=grass 映射到项目代码表"
   },
   "geometry": {
    "type": "Polygon",
    "coordinates": [
     [
      [
       116.347909629,
       39.988886738
      ],
      [
       116.348301733,
       39.988900201
      ],
      [
       116.34831184,
       39.988760663
      ],
      [
       116.34791681,
       39.988747183
      ],
      [
       116.347907323,
       39.98882143
      ],
      [
       116.347909629,
       39.988886738
      ]
     ]
    ]
   }
  },
  {
   "type": "Feature",
   "id": "lu-osm-399054822",
   "properties": {
    "id": "lu-osm-399054822",
    "layer": "LAND_USE",
    "source_type": "osm",
    "confidence": "low",
    "geometry_role": "existing_condition",
    "land_use_code": "1402",
    "name_zh": "小松林",
    "area_sqm_declared": 528.9,
    "source_id": "osm-landuse-polygons",
    "mapping_note": "OSM landuse=forest 映射到项目代码表"
   },
   "geometry": {
    "type": "Polygon",
    "coordinates": [
     [
      [
       116.351068832,
       39.961877057
      ],
      [
       116.351294076,
       39.96188282
      ],
      [
       116.351305194,
       39.961635213
      ],
      [
       116.351082898,
       39.961627215
      ],
      [
       116.351068832,
       39.961877057
      ]
     ]
    ]
   }
  },
  {
   "type": "Feature",
   "id": "lu-osm-304932977",
   "properties": {
    "id": "lu-osm-304932977",
    "layer": "LAND_USE",
    "source_type": "osm",
    "confidence": "low",
    "geometry_role": "existing_condition",
    "land_use_code": "0701",
    "name_zh": "北林家属区",
    "area_sqm_declared": 531.8,
    "source_id": "osm-landuse-polygons",
    "mapping_note": "OSM landuse=residential 映射到项目代码表"
   },
   "geometry": {
    "type": "Polygon",
    "coordinates": [
     [
      [
       116.341535134,
       40.003440581
      ],
      [
       116.341570244,
       40.003443032
      ],
      [
       116.341595184,
       40.002675405
      ],
      [
       116.341483937,
       40.002674772
      ],
      [
       116.341535134,
       40.003440581
      ]
     ]
    ]
   }
  },
  {
   "type": "Feature",
   "id": "lu-osm-399024317",
   "properties": {
    "id": "lu-osm-399024317",
    "layer": "LAND_USE",
    "source_type": "osm",
    "confidence": "low",
    "geometry_role": "existing_condition",
    "land_use_code": "0805",
    "name_zh": "体育用地",
    "area_sqm_declared": 548.7,
    "source_id": "osm-landuse-polygons",
    "mapping_note": "OSM leisure:pitch 多边形映射到项目代码表"
   },
   "geometry": {
    "type": "Polygon",
    "coordinates": [
     [
      [
       116.352578718,
       39.961556774
      ],
      [
       116.352792258,
       39.96156247
      ],
      [
       116.352803603,
       39.961290097
      ],
      [
       116.35259299,
       39.961284418
      ],
      [
       116.352578718,
       39.961556774
      ]
     ]
    ]
   }
  },
  {
   "type": "Feature",
   "id": "lu-osm-468464050",
   "properties": {
    "id": "lu-osm-468464050",
    "layer": "LAND_USE",
    "source_type": "osm",
    "confidence": "low",
    "geometry_role": "existing_condition",
    "land_use_code": "0805",
    "name_zh": "体育用地",
    "area_sqm_declared": 565.0,
    "source_id": "osm-landuse-polygons",
    "mapping_note": "OSM leisure:pitch 多边形映射到项目代码表"
   },
   "geometry": {
    "type": "Polygon",
    "coordinates": [
     [
      [
       116.342624976,
       39.944107596
      ],
      [
       116.342569896,
       39.944055498
      ],
      [
       116.342461605,
       39.944061638
      ],
      [
       116.342379424,
       39.944090442
      ],
      [
       116.342367228,
       39.944142158
      ],
      [
       116.342424198,
       39.944302341
      ],
      [
       116.342532144,
       39.944332224
      ],
      [
       116.342602712,
       39.944294348
      ],
      [
       116.342658891,
       39.944231623
      ],
      [
       116.342624976,
       39.944107596
      ]
     ]
    ]
   }
  },
  {
   "type": "Feature",
   "id": "lu-osm-167305212",
   "properties": {
    "id": "lu-osm-167305212",
    "layer": "LAND_USE",
    "source_type": "osm",
    "confidence": "low",
    "geometry_role": "existing_condition",
    "land_use_code": "0805",
    "name_zh": "体育用地",
    "area_sqm_declared": 574.2,
    "source_id": "osm-landuse-polygons",
    "mapping_note": "OSM leisure:pitch 多边形映射到项目代码表"
   },
   "geometry": {
    "type": "Polygon",
    "coordinates": [
     [
      [
       116.349384796,
       40.005245605
      ],
      [
       116.349651254,
       40.005242597
      ],
      [
       116.349647557,
       40.005015173
      ],
      [
       116.349384048,
       40.005015945
      ],
      [
       116.349384796,
       40.005245605
      ]
     ]
    ]
   }
  },
  {
   "type": "Feature",
   "id": "lu-osm-1376682985",
   "properties": {
    "id": "lu-osm-1376682985",
    "layer": "LAND_USE",
    "source_type": "osm",
    "confidence": "low",
    "geometry_role": "existing_condition",
    "land_use_code": "1401",
    "name_zh": "公园绿地",
    "area_sqm_declared": 576.5,
    "source_id": "osm-landuse-polygons",
    "mapping_note": "OSM landuse=grass 映射到项目代码表"
   },
   "geometry": {
    "type": "Polygon",
    "coordinates": [
     [
      [
       116.351317631,
       39.961867192
      ],
      [
       116.351548748,
       39.961870736
      ],
      [
       116.351551279,
       39.961602817
      ],
      [
       116.35132894,
       39.961599322
      ],
      [
       116.351317631,
       39.961867192
      ]
     ]
    ]
   }
  },
  {
   "type": "Feature",
   "id": "lu-osm-917379044",
   "properties": {
    "id": "lu-osm-917379044",
    "layer": "LAND_USE",
    "source_type": "osm",
    "confidence": "low",
    "geometry_role": "existing_condition",
    "land_use_code": "0804",
    "name_zh": "中国铁道科学院幼儿园",
    "area_sqm_declared": 609.7,
    "source_id": "osm-landuse-polygons",
    "mapping_note": "OSM amenity:kindergarten 多边形映射到项目代码表"
   },
   "geometry": {
    "type": "Polygon",
    "coordinates": [
     [
      [
       116.34023815,
       39.955664715
      ],
      [
       116.340331724,
       39.955669751
      ],
      [
       116.340386843,
       39.955109431
      ],
      [
       116.340252335,
       39.955101911
      ],
      [
       116.34023815,
       39.955664715
      ]
     ]
    ]
   }
  },
  {
   "type": "Feature",
   "id": "lu-osm-1424647752",
   "properties": {
    "id": "lu-osm-1424647752",
    "layer": "LAND_USE",
    "source_type": "osm",
    "confidence": "low",
    "geometry_role": "existing_condition",
    "land_use_code": "0806",
    "name_zh": "校医院",
    "area_sqm_declared": 612.8,
    "source_id": "osm-landuse-polygons",
    "mapping_note": "OSM amenity:hospital 多边形映射到项目代码表"
   },
   "geometry": {
    "type": "Polygon",
    "coordinates": [
     [
      [
       116.343225717,
       39.962652446
      ],
      [
       116.343225092,
       39.962717737
      ],
      [
       116.34366687,
       39.962722491
      ],
      [
       116.343668399,
       39.96256264
      ],
      [
       116.343346559,
       39.962560817
      ],
      [
       116.343225717,
       39.962652446
      ]
     ]
    ]
   }
  },
  {
   "type": "Feature",
   "id": "lu-osm-1486701153",
   "properties": {
    "id": "lu-osm-1486701153",
    "layer": "LAND_USE",
    "source_type": "osm",
    "confidence": "low",
    "geometry_role": "existing_condition",
    "land_use_code": "1402",
    "name_zh": "防护绿地",
    "area_sqm_declared": 615.3,
    "source_id": "osm-landuse-polygons",
    "mapping_note": "OSM landuse=forest 映射到项目代码表"
   },
   "geometry": {
    "type": "Polygon",
    "coordinates": [
     [
      [
       116.355029283,
       40.026119463
      ],
      [
       116.355008253,
       40.026175634
      ],
      [
       116.354998938,
       40.02623187
      ],
      [
       116.355080598,
       40.026268349
      ],
      [
       116.35515379,
       40.026271007
      ],
      [
       116.355288419,
       40.026280763
      ],
      [
       116.355273412,
       40.026008246
      ],
      [
       116.355261804,
       40.025996924
      ],
      [
       116.355156419,
       40.025991834
      ],
      [
       116.355073826,
       40.026054417
      ],
      [
       116.355029283,
       40.026119463
      ]
     ]
    ]
   }
  },
  {
   "type": "Feature",
   "id": "lu-osm-595098635",
   "properties": {
    "id": "lu-osm-595098635",
    "layer": "LAND_USE",
    "source_type": "osm",
    "confidence": "low",
    "geometry_role": "existing_condition",
    "land_use_code": "0806",
    "name_zh": "医务室",
    "area_sqm_declared": 657.9,
    "source_id": "osm-landuse-polygons",
    "mapping_note": "OSM amenity:clinic 多边形映射到项目代码表"
   },
   "geometry": {
    "type": "Polygon",
    "coordinates": [
     [
      [
       116.35265148,
       39.997264233
      ],
      [
       116.352853507,
       39.997260858
      ],
      [
       116.352830401,
       39.997537667
      ],
      [
       116.353009053,
       39.997529658
      ],
      [
       116.353038479,
       39.997203351
      ],
      [
       116.352654896,
       39.997212467
      ],
      [
       116.35265148,
       39.997264233
      ]
     ]
    ]
   }
  },
  {
   "type": "Feature",
   "id": "lu-osm-648166076",
   "properties": {
    "id": "lu-osm-648166076",
    "layer": "LAND_USE",
    "source_type": "osm",
    "confidence": "low",
    "geometry_role": "existing_condition",
    "land_use_code": "1401",
    "name_zh": "中国地质大学花园",
    "area_sqm_declared": 661.7,
    "source_id": "osm-landuse-polygons",
    "mapping_note": "OSM leisure:garden 多边形映射到项目代码表"
   },
   "geometry": {
    "type": "Polygon",
    "coordinates": [
     [
      [
       116.345280079,
       39.989605912
      ],
      [
       116.345477132,
       39.989507957
      ],
      [
       116.345602299,
       39.989274505
      ],
      [
       116.345289157,
       39.989268234
      ],
      [
       116.345280079,
       39.989605912
      ]
     ]
    ]
   }
  },
  {
   "type": "Feature",
   "id": "lu-osm-435148739",
   "properties": {
    "id": "lu-osm-435148739",
    "layer": "LAND_USE",
    "source_type": "osm",
    "confidence": "low",
    "geometry_role": "existing_condition",
    "land_use_code": "0805",
    "name_zh": "体育用地",
    "area_sqm_declared": 662.4,
    "source_id": "osm-landuse-polygons",
    "mapping_note": "OSM leisure:pitch 多边形映射到项目代码表"
   },
   "geometry": {
    "type": "Polygon",
    "coordinates": [
     [
      [
       116.349407083,
       39.953829743
      ],
      [
       116.349819508,
       39.953838811
      ],
      [
       116.349812373,
       39.953665403
      ],
      [
       116.349408683,
       39.953660886
      ],
      [
       116.349407083,
       39.953829743
      ]
     ]
    ]
   }
  },
  {
   "type": "Feature",
   "id": "lu-osm-534630798",
   "properties": {
    "id": "lu-osm-534630798",
    "layer": "LAND_USE",
    "source_type": "osm",
    "confidence": "low",
    "geometry_role": "existing_condition",
    "land_use_code": "1401",
    "name_zh": "公园绿地",
    "area_sqm_declared": 671.7,
    "source_id": "osm-landuse-polygons",
    "mapping_note": "OSM landuse=grass 映射到项目代码表"
   },
   "geometry": {
    "type": "Polygon",
    "coordinates": [
     [
      [
       116.351034678,
       39.962394719
      ],
      [
       116.351049286,
       39.962397053
      ],
      [
       116.351178022,
       39.962397773
      ],
      [
       116.351185896,
       39.962183921
      ],
      [
       116.351193726,
       39.961974572
      ],
      [
       116.351029903,
       39.961971403
      ],
      [
       116.351008644,
       39.962363052
      ],
      [
       116.351008559,
       39.962372058
      ],
      [
       116.351014325,
       39.962381096
      ],
      [
       116.351023018,
       39.962390151
      ],
      [
       116.351034678,
       39.962394719
      ]
     ]
    ]
   }
  },
  {
   "type": "Feature",
   "id": "lu-osm-544563038",
   "properties": {
    "id": "lu-osm-544563038",
    "layer": "LAND_USE",
    "source_type": "osm",
    "confidence": "low",
    "geometry_role": "existing_condition",
    "land_use_code": "1401",
    "name_zh": "公园绿地",
    "area_sqm_declared": 673.3,
    "source_id": "osm-landuse-polygons",
    "mapping_note": "OSM landuse=recreation_ground 映射到项目代码表"
   },
   "geometry": {
    "type": "Polygon",
    "coordinates": [
     [
      [
       116.351072333,
       39.98254842
      ],
      [
       116.351435177,
       39.982557205
      ],
      [
       116.351442883,
       39.982361365
      ],
      [
       116.351077092,
       39.982354814
      ],
      [
       116.351072333,
       39.98254842
      ]
     ]
    ]
   }
  },
  {
   "type": "Feature",
   "id": "lu-osm-1378572138",
   "properties": {
    "id": "lu-osm-1378572138",
    "layer": "LAND_USE",
    "source_type": "osm",
    "confidence": "low",
    "geometry_role": "existing_condition",
    "land_use_code": "1401",
    "name_zh": "公园绿地",
    "area_sqm_declared": 695.2,
    "source_id": "osm-landuse-polygons",
    "mapping_note": "OSM landuse=grass 映射到项目代码表"
   },
   "geometry": {
    "type": "Polygon",
    "coordinates": [
     [
      [
       116.352903465,
       39.960939414
      ],
      [
       116.352911439,
       39.960714305
      ],
      [
       116.352583734,
       39.960714727
      ],
      [
       116.352579067,
       39.960899327
      ],
      [
       116.352593462,
       39.960924174
      ],
      [
       116.352619624,
       39.960942333
      ],
      [
       116.352903465,
       39.960939414
      ]
     ]
    ]
   }
  },
  {
   "type": "Feature",
   "id": "lu-osm-595098633",
   "properties": {
    "id": "lu-osm-595098633",
    "layer": "LAND_USE",
    "source_type": "osm",
    "confidence": "low",
    "geometry_role": "existing_condition",
    "land_use_code": "16",
    "name_zh": "留白用地",
    "area_sqm_declared": 697.9,
    "source_id": "osm-landuse-polygons",
    "mapping_note": "OSM landuse=greenfield；项目代码表子集内无对应类目，按现状未定型计入留白用地，待现场调查与官方控规确认"
   },
   "geometry": {
    "type": "Polygon",
    "coordinates": [
     [
      [
       116.351724769,
       39.997436924
      ],
      [
       116.352526683,
       39.997459419
      ],
      [
       116.352521636,
       39.997373832
      ],
      [
       116.351728633,
       39.997337878
      ],
      [
       116.351724769,
       39.997436924
      ]
     ]
    ]
   }
  },
  {
   "type": "Feature",
   "id": "lu-osm-489134502",
   "properties": {
    "id": "lu-osm-489134502",
    "layer": "LAND_USE",
    "source_type": "osm",
    "confidence": "low",
    "geometry_role": "existing_condition",
    "land_use_code": "1401",
    "name_zh": "公园绿地",
    "area_sqm_declared": 700.3,
    "source_id": "osm-landuse-polygons",
    "mapping_note": "OSM leisure:park 多边形映射到项目代码表"
   },
   "geometry": {
    "type": "Polygon",
    "coordinates": [
     [
      [
       116.354732802,
       39.949975597
      ],
      [
       116.354454941,
       39.949969547
      ],
      [
       116.354394149,
       39.950212375
      ],
      [
       116.354718794,
       39.950220937
      ],
      [
       116.354732802,
       39.949975597
      ]
     ]
    ]
   }
  },
  {
   "type": "Feature",
   "id": "lu-osm-1167966750",
   "properties": {
    "id": "lu-osm-1167966750",
    "layer": "LAND_USE",
    "source_type": "osm",
    "confidence": "low",
    "geometry_role": "existing_condition",
    "land_use_code": "0804",
    "name_zh": "蓟门里幼儿园",
    "area_sqm_declared": 705.4,
    "source_id": "osm-landuse-polygons",
    "mapping_note": "OSM amenity:kindergarten 多边形映射到项目代码表"
   },
   "geometry": {
    "type": "Polygon",
    "coordinates": [
     [
      [
       116.344826499,
       39.968141746
      ],
      [
       116.344451985,
       39.968137377
      ],
      [
       116.344452782,
       39.968360283
      ],
      [
       116.344563951,
       39.968363164
      ],
      [
       116.344564295,
       39.968327141
      ],
      [
       116.344824694,
       39.968330865
      ],
      [
       116.344826499,
       39.968141746
      ]
     ]
    ]
   }
  },
  {
   "type": "Feature",
   "id": "lu-osm-1206659892",
   "properties": {
    "id": "lu-osm-1206659892",
    "layer": "LAND_USE",
    "source_type": "osm",
    "confidence": "low",
    "geometry_role": "existing_condition",
    "land_use_code": "1401",
    "name_zh": "雨水花园",
    "area_sqm_declared": 728.6,
    "source_id": "osm-landuse-polygons",
    "mapping_note": "OSM leisure:park 多边形映射到项目代码表"
   },
   "geometry": {
    "type": "Polygon",
    "coordinates": [
     [
      [
       116.341603884,
       40.004512696
      ],
      [
       116.34238265,
       40.004514866
      ],
      [
       116.342389477,
       40.004413586
      ],
      [
       116.341598937,
       40.004418104
      ],
      [
       116.341603884,
       40.004512696
      ]
     ]
    ]
   }
  },
  {
   "type": "Feature",
   "id": "lu-osm-595098583",
   "properties": {
    "id": "lu-osm-595098583",
    "layer": "LAND_USE",
    "source_type": "osm",
    "confidence": "low",
    "geometry_role": "existing_condition",
    "land_use_code": "0805",
    "name_zh": "门球场",
    "area_sqm_declared": 736.8,
    "source_id": "osm-landuse-polygons",
    "mapping_note": "OSM leisure:sports_centre 多边形映射到项目代码表"
   },
   "geometry": {
    "type": "Polygon",
    "coordinates": [
     [
      [
       116.348373643,
       39.997042126
      ],
      [
       116.348897458,
       39.997063082
      ],
      [
       116.348913484,
       39.996916823
      ],
      [
       116.348377961,
       39.996895801
      ],
      [
       116.348373643,
       39.997042126
      ]
     ]
    ]
   }
  },
  {
   "type": "Feature",
   "id": "lu-osm-543828356",
   "properties": {
    "id": "lu-osm-543828356",
    "layer": "LAND_USE",
    "source_type": "osm",
    "confidence": "low",
    "geometry_role": "existing_condition",
    "land_use_code": "1401",
    "name_zh": "公园绿地",
    "area_sqm_declared": 769.7,
    "source_id": "osm-landuse-polygons",
    "mapping_note": "OSM landuse=grass 映射到项目代码表"
   },
   "geometry": {
    "type": "Polygon",
    "coordinates": [
     [
      [
       116.350866506,
       39.986978278
      ],
      [
       116.350870924,
       39.986820696
      ],
      [
       116.35056072,
       39.986814455
      ],
      [
       116.350549381,
       39.987084575
      ],
      [
       116.350833245,
       39.987090669
      ],
      [
       116.350836768,
       39.987027645
      ],
      [
       116.350837237,
       39.986978114
      ],
      [
       116.350866506,
       39.986978278
      ]
     ]
    ]
   }
  },
  {
   "type": "Feature",
   "id": "lu-osm-930946251",
   "properties": {
    "id": "lu-osm-930946251",
    "layer": "LAND_USE",
    "source_type": "osm",
    "confidence": "low",
    "geometry_role": "existing_condition",
    "land_use_code": "1402",
    "name_zh": "防护绿地",
    "area_sqm_declared": 771.2,
    "source_id": "osm-landuse-polygons",
    "mapping_note": "OSM landuse=forest 映射到项目代码表"
   },
   "geometry": {
    "type": "Polygon",
    "coordinates": [
     [
      [
       116.352577892,
       40.01280383
      ],
      [
       116.352495675,
       40.012828138
      ],
      [
       116.352265751,
       40.013299672
      ],
      [
       116.352450427,
       40.013278189
      ],
      [
       116.352649446,
       40.013288307
      ],
      [
       116.352623775,
       40.013216115
      ],
      [
       116.352496709,
       40.013028529
      ],
      [
       116.352577892,
       40.01280383
      ]
     ]
    ]
   }
  },
  {
   "type": "Feature",
   "id": "lu-osm-543828354",
   "properties": {
    "id": "lu-osm-543828354",
    "layer": "LAND_USE",
    "source_type": "osm",
    "confidence": "low",
    "geometry_role": "existing_condition",
    "land_use_code": "1401",
    "name_zh": "公园绿地",
    "area_sqm_declared": 822.4,
    "source_id": "osm-landuse-polygons",
    "mapping_note": "OSM landuse=grass 映射到项目代码表"
   },
   "geometry": {
    "type": "Polygon",
    "coordinates": [
     [
      [
       116.349963011,
       39.98595102
      ],
      [
       116.349796225,
       39.985945582
      ],
      [
       116.349743222,
       39.985979057
      ],
      [
       116.349718892,
       39.986384196
      ],
      [
       116.349891533,
       39.986389668
      ],
      [
       116.349905033,
       39.986200615
      ],
      [
       116.349958143,
       39.986155882
      ],
      [
       116.349963011,
       39.98595102
      ]
     ]
    ]
   }
  },
  {
   "type": "Feature",
   "id": "lu-osm-595098593",
   "properties": {
    "id": "lu-osm-595098593",
    "layer": "LAND_USE",
    "source_type": "osm",
    "confidence": "low",
    "geometry_role": "existing_condition",
    "land_use_code": "16",
    "name_zh": "留白用地",
    "area_sqm_declared": 826.7,
    "source_id": "osm-landuse-polygons",
    "mapping_note": "OSM landuse=greenfield；项目代码表子集内无对应类目，按现状未定型计入留白用地，待现场调查与官方控规确认"
   },
   "geometry": {
    "type": "Polygon",
    "coordinates": [
     [
      [
       116.348281617,
       39.996868241
      ],
      [
       116.348291234,
       39.996780486
      ],
      [
       116.347240296,
       39.996779074
      ],
      [
       116.347239546,
       39.996857874
      ],
      [
       116.348281617,
       39.996868241
      ]
     ]
    ]
   }
  },
  {
   "type": "Feature",
   "id": "lu-osm-595098626",
   "properties": {
    "id": "lu-osm-595098626",
    "layer": "LAND_USE",
    "source_type": "osm",
    "confidence": "low",
    "geometry_role": "existing_condition",
    "land_use_code": "16",
    "name_zh": "留白用地",
    "area_sqm_declared": 868.4,
    "source_id": "osm-landuse-polygons",
    "mapping_note": "OSM landuse=greenfield；项目代码表子集内无对应类目，按现状未定型计入留白用地，待现场调查与官方控规确认"
   },
   "geometry": {
    "type": "Polygon",
    "coordinates": [
     [
      [
       116.351663849,
       39.997997213
      ],
      [
       116.351638088,
       39.998244736
      ],
      [
       116.351986293,
       39.998262444
      ],
      [
       116.352038484,
       39.998006062
      ],
      [
       116.351663849,
       39.997997213
      ]
     ]
    ]
   }
  },
  {
   "type": "Feature",
   "id": "lu-osm-609207824",
   "properties": {
    "id": "lu-osm-609207824",
    "layer": "LAND_USE",
    "source_type": "osm",
    "confidence": "low",
    "geometry_role": "existing_condition",
    "land_use_code": "1401",
    "name_zh": "公园绿地",
    "area_sqm_declared": 873.4,
    "source_id": "osm-landuse-polygons",
    "mapping_note": "OSM landuse=grass 映射到项目代码表"
   },
   "geometry": {
    "type": "Polygon",
    "coordinates": [
     [
      [
       116.351165175,
       40.005525769
      ],
      [
       116.351624775,
       40.005532844
      ],
      [
       116.351629598,
       40.005332485
      ],
      [
       116.351169999,
       40.00532541
      ],
      [
       116.351165175,
       40.005525769
      ]
     ]
    ]
   }
  },
  {
   "type": "Feature",
   "id": "lu-osm-1070127516",
   "properties": {
    "id": "lu-osm-1070127516",
    "layer": "LAND_USE",
    "source_type": "osm",
    "confidence": "low",
    "geometry_role": "existing_condition",
    "land_use_code": "1402",
    "name_zh": "防护绿地",
    "area_sqm_declared": 879.4,
    "source_id": "osm-landuse-polygons",
    "mapping_note": "OSM landuse=forest 映射到项目代码表"
   },
   "geometry": {
    "type": "Polygon",
    "coordinates": [
     [
      [
       116.350481071,
       40.022408329
      ],
      [
       116.351118456,
       40.022517721
      ],
      [
       116.351076663,
       40.022292335
      ],
      [
       116.350957111,
       40.022237629
      ],
      [
       116.350481071,
       40.022408329
      ]
     ]
    ]
   }
  },
  {
   "type": "Feature",
   "id": "lu-osm-595098581",
   "properties": {
    "id": "lu-osm-595098581",
    "layer": "LAND_USE",
    "source_type": "osm",
    "confidence": "low",
    "geometry_role": "existing_condition",
    "land_use_code": "16",
    "name_zh": "留白用地",
    "area_sqm_declared": 898.9,
    "source_id": "osm-landuse-polygons",
    "mapping_note": "OSM landuse=greenfield；项目代码表子集内无对应类目，按现状未定型计入留白用地，待现场调查与官方控规确认"
   },
   "geometry": {
    "type": "Polygon",
    "coordinates": [
     [
      [
       116.347459363,
       39.997138301
      ],
      [
       116.348223345,
       39.997147103
      ],
      [
       116.348227471,
       39.99702104
      ],
      [
       116.34746052,
       39.997016725
      ],
      [
       116.347459363,
       39.997138301
      ]
     ]
    ]
   }
  },
  {
   "type": "Feature",
   "id": "lu-osm-1376105791",
   "properties": {
    "id": "lu-osm-1376105791",
    "layer": "LAND_USE",
    "source_type": "osm",
    "confidence": "low",
    "geometry_role": "existing_condition",
    "land_use_code": "1401",
    "name_zh": "公园绿地",
    "area_sqm_declared": 900.7,
    "source_id": "osm-landuse-polygons",
    "mapping_note": "OSM landuse=flowerbed 映射到项目代码表"
   },
   "geometry": {
    "type": "Polygon",
    "coordinates": [
     [
      [
       116.348736779,
       39.962809625
      ],
      [
       116.348746411,
       39.962719617
      ],
      [
       116.348902098,
       39.959570589
      ],
      [
       116.348881447,
       39.959588485
      ],
      [
       116.348867929,
       39.95977979
      ],
      [
       116.34870799,
       39.962759929
      ],
      [
       116.348736779,
       39.962809625
      ]
     ]
    ]
   }
  },
  {
   "type": "Feature",
   "id": "lu-osm-930935491",
   "properties": {
    "id": "lu-osm-930935491",
    "layer": "LAND_USE",
    "source_type": "osm",
    "confidence": "low",
    "geometry_role": "existing_condition",
    "land_use_code": "1402",
    "name_zh": "防护绿地",
    "area_sqm_declared": 916.3,
    "source_id": "osm-landuse-polygons",
    "mapping_note": "OSM landuse=forest 映射到项目代码表"
   },
   "geometry": {
    "type": "Polygon",
    "coordinates": [
     [
      [
       116.354223901,
       40.006857742
      ],
      [
       116.353507757,
       40.006732167
      ],
      [
       116.353459916,
       40.006837722
      ],
      [
       116.354231306,
       40.007004132
      ],
      [
       116.354223901,
       40.006857742
      ]
     ]
    ]
   }
  },
  {
   "type": "Feature",
   "id": "lu-osm-1041132178",
   "properties": {
    "id": "lu-osm-1041132178",
    "layer": "LAND_USE",
    "source_type": "osm",
    "confidence": "low",
    "geometry_role": "existing_condition",
    "land_use_code": "1401",
    "name_zh": "公园绿地",
    "area_sqm_declared": 917.3,
    "source_id": "osm-landuse-polygons",
    "mapping_note": "OSM leisure:park 多边形映射到项目代码表"
   },
   "geometry": {
    "type": "Polygon",
    "coordinates": [
     [
      [
       116.347177967,
       40.009779016
      ],
      [
       116.34761992,
       40.009797265
      ],
      [
       116.34763666,
       40.009576711
      ],
      [
       116.347194665,
       40.009562964
      ],
      [
       116.347177967,
       40.009779016
      ]
     ]
    ]
   }
  },
  {
   "type": "Feature",
   "id": "lu-osm-1044622907",
   "properties": {
    "id": "lu-osm-1044622907",
    "layer": "LAND_USE",
    "source_type": "osm",
    "confidence": "low",
    "geometry_role": "existing_condition",
    "land_use_code": "0805",
    "name_zh": "体育用地",
    "area_sqm_declared": 917.5,
    "source_id": "osm-landuse-polygons",
    "mapping_note": "OSM leisure:pitch 多边形映射到项目代码表"
   },
   "geometry": {
    "type": "Polygon",
    "coordinates": [
     [
      [
       116.343904803,
       39.940273708
      ],
      [
       116.343869769,
       39.940572965
      ],
      [
       116.344191313,
       39.940595048
      ],
      [
       116.344229249,
       39.940298059
      ],
      [
       116.344188301,
       39.940297827
      ],
      [
       116.343904803,
       39.940273708
      ]
     ]
    ]
   }
  },
  {
   "type": "Feature",
   "id": "lu-osm-1389976010",
   "properties": {
    "id": "lu-osm-1389976010",
    "layer": "LAND_USE",
    "source_type": "osm",
    "confidence": "low",
    "geometry_role": "existing_condition",
    "land_use_code": "1401",
    "name_zh": "公园绿地",
    "area_sqm_declared": 927.9,
    "source_id": "osm-landuse-polygons",
    "mapping_note": "OSM landuse=grass 映射到项目代码表"
   },
   "geometry": {
    "type": "Polygon",
    "coordinates": [
     [
      [
       116.340720223,
       39.98071129
      ],
      [
       116.340796293,
       39.980713974
      ],
      [
       116.34079209,
       39.980846791
      ],
      [
       116.340982297,
       39.980850124
      ],
      [
       116.340987041,
       39.980661022
      ],
      [
       116.340150101,
       39.980649506
      ],
      [
       116.340145398,
       39.980834105
      ],
      [
       116.340227343,
       39.980834572
      ],
      [
       116.340228274,
       39.980737761
      ],
      [
       116.340719899,
       39.980745061
      ],
      [
       116.340720223,
       39.98071129
      ]
     ]
    ]
   }
  },
  {
   "type": "Feature",
   "id": "lu-osm-421588668",
   "properties": {
    "id": "lu-osm-421588668",
    "layer": "LAND_USE",
    "source_type": "osm",
    "confidence": "low",
    "geometry_role": "existing_condition",
    "land_use_code": "1401",
    "name_zh": "公园绿地",
    "area_sqm_declared": 928.1,
    "source_id": "osm-landuse-polygons",
    "mapping_note": "OSM leisure:garden 多边形映射到项目代码表"
   },
   "geometry": {
    "type": "Polygon",
    "coordinates": [
     [
      [
       116.341746083,
       39.946383423
      ],
      [
       116.342280951,
       39.94643149
      ],
      [
       116.342309002,
       39.946251526
      ],
      [
       116.34177121,
       39.946203443
      ],
      [
       116.341746083,
       39.946383423
      ]
     ]
    ]
   }
  },
  {
   "type": "Feature",
   "id": "lu-osm-594886640",
   "properties": {
    "id": "lu-osm-594886640",
    "layer": "LAND_USE",
    "source_type": "osm",
    "confidence": "low",
    "geometry_role": "existing_condition",
    "land_use_code": "0805",
    "name_zh": "篮球场",
    "area_sqm_declared": 929.2,
    "source_id": "osm-landuse-polygons",
    "mapping_note": "OSM leisure:pitch 多边形映射到项目代码表"
   },
   "geometry": {
    "type": "Polygon",
    "coordinates": [
     [
      [
       116.348420754,
       39.99732158
      ],
      [
       116.348810021,
       39.997330522
      ],
      [
       116.348812395,
       39.997080616
      ],
      [
       116.348431996,
       39.997062718
      ],
      [
       116.348420754,
       39.99732158
      ]
     ]
    ]
   }
  },
  {
   "type": "Feature",
   "id": "lu-osm-167169164",
   "properties": {
    "id": "lu-osm-167169164",
    "layer": "LAND_USE",
    "source_type": "osm",
    "confidence": "low",
    "geometry_role": "existing_condition",
    "land_use_code": "0806",
    "name_zh": "中国农业大学东区社区卫生服务中心",
    "area_sqm_declared": 941.7,
    "source_id": "osm-landuse-polygons",
    "mapping_note": "OSM amenity:hospital 多边形映射到项目代码表"
   },
   "geometry": {
    "type": "Polygon",
    "coordinates": [
     [
      [
       116.347976928,
       40.001817629
      ],
      [
       116.347865726,
       40.001812501
      ],
      [
       116.347841528,
       40.002201878
      ],
      [
       116.348391751,
       40.002220734
      ],
      [
       116.348398826,
       40.002092437
      ],
      [
       116.347959806,
       40.00207871
      ],
      [
       116.347976928,
       40.001817629
      ]
     ]
    ]
   }
  },
  {
   "type": "Feature",
   "id": "lu-residual-003",
   "properties": {
    "id": "lu-residual-003",
    "layer": "LAND_USE",
    "source_type": "agent_inferred_from_public_data",
    "confidence": "unknown",
    "geometry_role": "existing_condition",
    "land_use_code": "16",
    "name_zh": "现状未标注地块（留白用地）",
    "area_sqm_declared": 945.3,
    "mapping_note": "该范围内 OSM 无用地标注，本方案不推测其用途，按 16 留白用地记录；正式编制须以官方地籍与控规条件替换"
   },
   "geometry": {
    "type": "Polygon",
    "coordinates": [
     [
      [
       116.354743863,
       40.022841919
      ],
      [
       116.354594791,
       40.02281182
      ],
      [
       116.35458539,
       40.022877061
      ],
      [
       116.35484638,
       40.023150948
      ],
      [
       116.35512335,
       40.023283078
      ],
      [
       116.355113354,
       40.023100649
      ],
      [
       116.354743863,
       40.022841919
      ]
     ]
    ]
   }
  },
  {
   "type": "Feature",
   "id": "lu-osm-1046077545",
   "properties": {
    "id": "lu-osm-1046077545",
    "layer": "LAND_USE",
    "source_type": "osm",
    "confidence": "low",
    "geometry_role": "existing_condition",
    "land_use_code": "0902",
    "name_zh": "北京林大林业科技股份有限公司",
    "area_sqm_declared": 960.8,
    "source_id": "osm-landuse-polygons",
    "mapping_note": "OSM landuse=commercial 映射到项目代码表"
   },
   "geometry": {
    "type": "Polygon",
    "coordinates": [
     [
      [
       116.341878699,
       40.008517462
      ],
      [
       116.341875482,
       40.008242758
      ],
      [
       116.341878842,
       40.008197746
      ],
      [
       116.341880671,
       40.007702422
      ],
      [
       116.341878327,
       40.007641618
      ],
      [
       116.341778783,
       40.007641053
      ],
      [
       116.341859507,
       40.009296379
      ],
      [
       116.341886333,
       40.009246997
      ],
      [
       116.341882942,
       40.008990305
      ],
      [
       116.341881151,
       40.008567009
      ],
      [
       116.341878699,
       40.008517462
      ]
     ]
    ]
   }
  },
  {
   "type": "Feature",
   "id": "lu-osm-399054831",
   "properties": {
    "id": "lu-osm-399054831",
    "layer": "LAND_USE",
    "source_type": "osm",
    "confidence": "low",
    "geometry_role": "existing_condition",
    "land_use_code": "1401",
    "name_zh": "公园绿地",
    "area_sqm_declared": 970.0,
    "source_id": "osm-landuse-polygons",
    "mapping_note": "OSM landuse=meadow 映射到项目代码表"
   },
   "geometry": {
    "type": "Polygon",
    "coordinates": [
     [
      [
       116.350172397,
       39.961374445
      ],
      [
       116.350851049,
       39.961391756
      ],
      [
       116.350855402,
       39.961240928
      ],
      [
       116.350179677,
       39.961223633
      ],
      [
       116.350172397,
       39.961374445
      ]
     ]
    ]
   }
  },
  {
   "type": "Feature",
   "id": "lu-osm-399054830",
   "properties": {
    "id": "lu-osm-399054830",
    "layer": "LAND_USE",
    "source_type": "osm",
    "confidence": "low",
    "geometry_role": "existing_condition",
    "land_use_code": "1401",
    "name_zh": "公园绿地",
    "area_sqm_declared": 1078.7,
    "source_id": "osm-landuse-polygons",
    "mapping_note": "OSM landuse=meadow 映射到项目代码表"
   },
   "geometry": {
    "type": "Polygon",
    "coordinates": [
     [
      [
       116.349326849,
       39.961369702
      ],
      [
       116.34999384,
       39.96138245
      ],
      [
       116.35000129,
       39.961213626
      ],
      [
       116.349331396,
       39.961198611
      ],
      [
       116.349326849,
       39.961369702
      ]
     ]
    ]
   }
  },
  {
   "type": "Feature",
   "id": "lu-osm-1044622906",
   "properties": {
    "id": "lu-osm-1044622906",
    "layer": "LAND_USE",
    "source_type": "osm",
    "confidence": "low",
    "geometry_role": "existing_condition",
    "land_use_code": "0805",
    "name_zh": "体育用地",
    "area_sqm_declared": 1083.0,
    "source_id": "osm-landuse-polygons",
    "mapping_note": "OSM leisure:pitch 多边形映射到项目代码表"
   },
   "geometry": {
    "type": "Polygon",
    "coordinates": [
     [
      [
       116.344792517,
       39.939817161
      ],
      [
       116.344412479,
       39.939794749
      ],
      [
       116.344380265,
       39.94010528
      ],
      [
       116.344731077,
       39.940125276
      ],
      [
       116.344744194,
       39.939976748
      ],
      [
       116.344776346,
       39.939979181
      ],
      [
       116.344792517,
       39.939817161
      ]
     ]
    ]
   }
  },
  {
   "type": "Feature",
   "id": "lu-osm-543823928",
   "properties": {
    "id": "lu-osm-543823928",
    "layer": "LAND_USE",
    "source_type": "osm",
    "confidence": "low",
    "geometry_role": "existing_condition",
    "land_use_code": "1401",
    "name_zh": "公园绿地",
    "area_sqm_declared": 1106.6,
    "source_id": "osm-landuse-polygons",
    "mapping_note": "OSM landuse=grass 映射到项目代码表"
   },
   "geometry": {
    "type": "Polygon",
    "coordinates": [
     [
      [
       116.350307167,
       39.989170385
      ],
      [
       116.35041837,
       39.98917326
      ],
      [
       116.350429561,
       39.9889189
      ],
      [
       116.350274496,
       39.988911276
      ],
      [
       116.350242193,
       39.988922353
      ],
      [
       116.350224717,
       39.988913249
      ],
      [
       116.350078391,
       39.988910177
      ],
      [
       116.350062757,
       39.98932437
      ],
      [
       116.350171054,
       39.989324977
      ],
      [
       116.350174749,
       39.989243943
      ],
      [
       116.350306441,
       39.989246933
      ],
      [
       116.350307167,
       39.989170385
      ]
     ]
    ]
   }
  },
  {
   "type": "Feature",
   "id": "lu-osm-1044622908",
   "properties": {
    "id": "lu-osm-1044622908",
    "layer": "LAND_USE",
    "source_type": "osm",
    "confidence": "low",
    "geometry_role": "existing_condition",
    "land_use_code": "0805",
    "name_zh": "体育用地",
    "area_sqm_declared": 1124.4,
    "source_id": "osm-landuse-polygons",
    "mapping_note": "OSM leisure:pitch 多边形映射到项目代码表"
   },
   "geometry": {
    "type": "Polygon",
    "coordinates": [
     [
      [
       116.343875576,
       39.940271291
      ],
      [
       116.343904803,
       39.940273708
      ],
      [
       116.344188301,
       39.940297827
      ],
      [
       116.344244495,
       39.93992664
      ],
      [
       116.343928868,
       39.939897836
      ],
      [
       116.343875576,
       39.940271291
      ]
     ]
    ]
   }
  },
  {
   "type": "Feature",
   "id": "lu-osm-1150631796",
   "properties": {
    "id": "lu-osm-1150631796",
    "layer": "LAND_USE",
    "source_type": "osm",
    "confidence": "low",
    "geometry_role": "existing_condition",
    "land_use_code": "0805",
    "name_zh": "体育用地",
    "area_sqm_declared": 1143.6,
    "source_id": "osm-landuse-polygons",
    "mapping_note": "OSM leisure:pitch 多边形映射到项目代码表"
   },
   "geometry": {
    "type": "Polygon",
    "coordinates": [
     [
      [
       116.343364656,
       40.007445161
      ],
      [
       116.343733551,
       40.00744725
      ],
      [
       116.343745417,
       40.00712535
      ],
      [
       116.343367763,
       40.007120959
      ],
      [
       116.343364656,
       40.007445161
      ]
     ]
    ]
   }
  },
  {
   "type": "Feature",
   "id": "lu-osm-666326833",
   "properties": {
    "id": "lu-osm-666326833",
    "layer": "LAND_USE",
    "source_type": "osm",
    "confidence": "low",
    "geometry_role": "existing_condition",
    "land_use_code": "0805",
    "name_zh": "体育用地",
    "area_sqm_declared": 1214.1,
    "source_id": "osm-landuse-polygons",
    "mapping_note": "OSM leisure:pitch 多边形映射到项目代码表"
   },
   "geometry": {
    "type": "Polygon",
    "coordinates": [
     [
      [
       116.349391143,
       39.969712009
      ],
      [
       116.349830041,
       39.969716723
      ],
      [
       116.349832814,
       39.969424039
      ],
      [
       116.349393897,
       39.969421576
      ],
      [
       116.349391143,
       39.969712009
      ]
     ]
    ]
   }
  },
  {
   "type": "Feature",
   "id": "lu-osm-595098640",
   "properties": {
    "id": "lu-osm-595098640",
    "layer": "LAND_USE",
    "source_type": "osm",
    "confidence": "low",
    "geometry_role": "existing_condition",
    "land_use_code": "0805",
    "name_zh": "社区健身器材",
    "area_sqm_declared": 1270.2,
    "source_id": "osm-landuse-polygons",
    "mapping_note": "OSM leisure:sports_centre 多边形映射到项目代码表"
   },
   "geometry": {
    "type": "Polygon",
    "coordinates": [
     [
      [
       116.353048165,
       39.997728011
      ],
      [
       116.353645213,
       39.997744851
      ],
      [
       116.353673681,
       39.997519857
      ],
      [
       116.353064863,
       39.997509706
      ],
      [
       116.353048165,
       39.997728011
      ]
     ]
    ]
   }
  },
  {
   "type": "Feature",
   "id": "lu-osm-992619539",
   "properties": {
    "id": "lu-osm-992619539",
    "layer": "LAND_USE",
    "source_type": "osm",
    "confidence": "low",
    "geometry_role": "existing_condition",
    "land_use_code": "0805",
    "name_zh": "体育用地",
    "area_sqm_declared": 1270.6,
    "source_id": "osm-landuse-polygons",
    "mapping_note": "OSM leisure:pitch 多边形映射到项目代码表"
   },
   "geometry": {
    "type": "Polygon",
    "coordinates": [
     [
      [
       116.343871326,
       39.989077842
      ],
      [
       116.344202007,
       39.989086468
      ],
      [
       116.344220495,
       39.98868355
      ],
      [
       116.343886889,
       39.988674907
      ],
      [
       116.343871326,
       39.989077842
      ]
     ]
    ]
   }
  },
  {
   "type": "Feature",
   "id": "lu-osm-247351551",
   "properties": {
    "id": "lu-osm-247351551",
    "layer": "LAND_USE",
    "source_type": "osm",
    "confidence": "low",
    "geometry_role": "existing_condition",
    "land_use_code": "0805",
    "name_zh": "体育用地",
    "area_sqm_declared": 1274.3,
    "source_id": "osm-landuse-polygons",
    "mapping_note": "OSM leisure:pitch 多边形映射到项目代码表"
   },
   "geometry": {
    "type": "Polygon",
    "coordinates": [
     [
      [
       116.344641903,
       39.996962545
      ],
      [
       116.345209668,
       39.996979263
      ],
      [
       116.345220708,
       39.996742915
      ],
      [
       116.344652945,
       39.996726197
      ],
      [
       116.344641903,
       39.996962545
      ]
     ]
    ]
   }
  },
  {
   "type": "Feature",
   "id": "lu-osm-1424647728",
   "properties": {
    "id": "lu-osm-1424647728",
    "layer": "LAND_USE",
    "source_type": "osm",
    "confidence": "low",
    "geometry_role": "existing_condition",
    "land_use_code": "0805",
    "name_zh": "体育用地",
    "area_sqm_declared": 1344.6,
    "source_id": "osm-landuse-polygons",
    "mapping_note": "OSM leisure:pitch 多边形映射到项目代码表"
   },
   "geometry": {
    "type": "Polygon",
    "coordinates": [
     [
      [
       116.34327711,
       39.964620581
      ],
      [
       116.344031714,
       39.964654124
      ],
      [
       116.34404813,
       39.964467339
      ],
      [
       116.343290601,
       39.96443378
      ],
      [
       116.34327711,
       39.964620581
      ]
     ]
    ]
   }
  },
  {
   "type": "Feature",
   "id": "lu-osm-344373140",
   "properties": {
    "id": "lu-osm-344373140",
    "layer": "LAND_USE",
    "source_type": "osm",
    "confidence": "low",
    "geometry_role": "existing_condition",
    "land_use_code": "0806",
    "name_zh": "校医院（北京邮电大学社区卫生服务中心）",
    "area_sqm_declared": 1369.7,
    "source_id": "osm-landuse-polygons",
    "mapping_note": "OSM amenity:hospital 多边形映射到项目代码表"
   },
   "geometry": {
    "type": "Polygon",
    "coordinates": [
     [
      [
       116.350455408,
       39.958676435
      ],
      [
       116.35045893,
       39.958613412
      ],
      [
       116.350821627,
       39.958624449
      ],
      [
       116.350817402,
       39.95876177
      ],
      [
       116.350969516,
       39.958764873
      ],
      [
       116.350980826,
       39.958497003
      ],
      [
       116.350811159,
       39.958493801
      ],
      [
       116.35081451,
       39.958448789
      ],
      [
       116.350691654,
       39.95844585
      ],
      [
       116.35056882,
       39.958440659
      ],
      [
       116.350565404,
       39.958492425
      ],
      [
       116.3503548,
       39.958486742
      ],
      [
       116.350343552,
       39.958747857
      ],
      [
       116.35068579,
       39.95875653
      ],
      [
       116.350689397,
       39.9586845
      ],
      [
       116.350455408,
       39.958676435
      ]
     ]
    ]
   }
  },
  {
   "type": "Feature",
   "id": "lu-osm-594880438",
   "properties": {
    "id": "lu-osm-594880438",
    "layer": "LAND_USE",
    "source_type": "osm",
    "confidence": "low",
    "geometry_role": "existing_condition",
    "land_use_code": "16",
    "name_zh": "留白用地",
    "area_sqm_declared": 1383.2,
    "source_id": "osm-landuse-polygons",
    "mapping_note": "OSM landuse=greenfield；项目代码表子集内无对应类目，按现状未定型计入留白用地，待现场调查与官方控规确认"
   },
   "geometry": {
    "type": "Polygon",
    "coordinates": [
     [
      [
       116.349832209,
       39.99758618
      ],
      [
       116.349832102,
       39.997597437
      ],
      [
       116.350651581,
       39.997620044
      ],
      [
       116.350670723,
       39.997453538
      ],
      [
       116.349845584,
       39.997410637
      ],
      [
       116.349832209,
       39.99758618
      ]
     ]
    ]
   }
  },
  {
   "type": "Feature",
   "id": "lu-osm-270316985",
   "properties": {
    "id": "lu-osm-270316985",
    "layer": "LAND_USE",
    "source_type": "osm",
    "confidence": "low",
    "geometry_role": "existing_condition",
    "land_use_code": "0805",
    "name_zh": "体育用地",
    "area_sqm_declared": 1403.7,
    "source_id": "osm-landuse-polygons",
    "mapping_note": "OSM leisure:pitch 多边形映射到项目代码表"
   },
   "geometry": {
    "type": "Polygon",
    "coordinates": [
     [
      [
       116.351818769,
       39.989971386
      ],
      [
       116.352316251,
       39.989985425
      ],
      [
       116.352330766,
       39.989688305
      ],
      [
       116.351833285,
       39.989674266
      ],
      [
       116.351818769,
       39.989971386
      ]
     ]
    ]
   }
  },
  {
   "type": "Feature",
   "id": "lu-osm-1486701152",
   "properties": {
    "id": "lu-osm-1486701152",
    "layer": "LAND_USE",
    "source_type": "osm",
    "confidence": "low",
    "geometry_role": "existing_condition",
    "land_use_code": "1402",
    "name_zh": "防护绿地",
    "area_sqm_declared": 1419.0,
    "source_id": "osm-landuse-polygons",
    "mapping_note": "OSM landuse=forest 映射到项目代码表"
   },
   "geometry": {
    "type": "Polygon",
    "coordinates": [
     [
      [
       116.355037131,
       40.025597155
      ],
      [
       116.354978497,
       40.025603584
      ],
      [
       116.354934866,
       40.025571819
      ],
      [
       116.354806011,
       40.025571102
      ],
      [
       116.354697762,
       40.025559242
      ],
      [
       116.3546595,
       40.025579292
      ],
      [
       116.354600739,
       40.025599229
      ],
      [
       116.354562859,
       40.025578754
      ],
      [
       116.354530561,
       40.02558758
      ],
      [
       116.354488819,
       40.025666151
      ],
      [
       116.354626141,
       40.025700688
      ],
      [
       116.35471684,
       40.025710199
      ],
      [
       116.354810468,
       40.025719727
      ],
      [
       116.354892509,
       40.025715681
      ],
      [
       116.354959674,
       40.025736318
      ],
      [
       116.354988684,
       40.025765749
      ],
      [
       116.354979644,
       40.025792717
      ],
      [
       116.35495299,
       40.02582409
      ],
      [
       116.35491753,
       40.025857665
      ],
      [
       116.354911418,
       40.025884649
      ],
      [
       116.354928778,
       40.025907261
      ],
      [
       116.354943145,
       40.025936611
      ],
      [
       116.354922263,
       40.025977022
      ],
      [
       116.354939516,
       40.026010891
      ],
      [
       116.354962987,
       40.026006518
      ],
      [
       116.355018841,
       40.025984314
      ],
      [
       116.355039617,
       40.02595516
      ],
      [
       116.355054492,
       40.025930476
      ],
      [
       116.355081358,
       40.025876589
      ],
      [
       116.35507879,
       40.025838299
      ],
      [
       116.355064508,
       40.025799944
      ],
      [
       116.355082354,
       40.025770774
      ],
      [
       116.355111746,
       40.02575968
      ],
      [
       116.355182179,
       40.025744311
      ],
      [
       116.355255646,
       40.025717702
      ],
      [
       116.355243462,
       40.025456458
      ],
      [
       116.355211227,
       40.02545853
      ],
      [
       116.355137506,
       40.025512156
      ],
      [
       116.355110746,
       40.025554786
      ],
      [
       116.355037131,
       40.025597155
      ]
     ]
    ]
   }
  },
  {
   "type": "Feature",
   "id": "lu-osm-1046077548",
   "properties": {
    "id": "lu-osm-1046077548",
    "layer": "LAND_USE",
    "source_type": "osm",
    "confidence": "low",
    "geometry_role": "existing_condition",
    "land_use_code": "0701",
    "name_zh": "柏儒苑",
    "area_sqm_declared": 1422.4,
    "source_id": "osm-landuse-polygons",
    "mapping_note": "OSM landuse=residential 映射到项目代码表"
   },
   "geometry": {
    "type": "Polygon",
    "coordinates": [
     [
      [
       116.341878417,
       40.00702245
      ],
      [
       116.341883649,
       40.006477612
      ],
      [
       116.341728481,
       40.006476731
      ],
      [
       116.341722626,
       40.006476697
      ],
      [
       116.341778783,
       40.007641053
      ],
      [
       116.341878327,
       40.007641618
      ],
      [
       116.341875637,
       40.007616836
      ],
      [
       116.341880826,
       40.0070765
      ],
      [
       116.341878417,
       40.00702245
      ]
     ]
    ]
   }
  },
  {
   "type": "Feature",
   "id": "lu-osm-1069881257",
   "properties": {
    "id": "lu-osm-1069881257",
    "layer": "LAND_USE",
    "source_type": "osm",
    "confidence": "low",
    "geometry_role": "existing_condition",
    "land_use_code": "0701",
    "name_zh": "强佑·清河新城",
    "area_sqm_declared": 1444.0,
    "source_id": "osm-landuse-polygons",
    "mapping_note": "OSM landuse=residential 映射到项目代码表"
   },
   "geometry": {
    "type": "Polygon",
    "coordinates": [
     [
      [
       116.342699034,
       40.02647121
      ],
      [
       116.343056053,
       40.025890093
      ],
      [
       116.342884415,
       40.02576979
      ],
      [
       116.34266215,
       40.025737008
      ],
      [
       116.342699034,
       40.02647121
      ]
     ]
    ]
   }
  },
  {
   "type": "Feature",
   "id": "lu-osm-545785646",
   "properties": {
    "id": "lu-osm-545785646",
    "layer": "LAND_USE",
    "source_type": "osm",
    "confidence": "low",
    "geometry_role": "existing_condition",
    "land_use_code": "0805",
    "name_zh": "体育用地",
    "area_sqm_declared": 1467.7,
    "source_id": "osm-landuse-polygons",
    "mapping_note": "OSM leisure:pitch 多边形映射到项目代码表"
   },
   "geometry": {
    "type": "Polygon",
    "coordinates": [
     [
      [
       116.341382873,
       39.997653301
      ],
      [
       116.341672656,
       39.997657199
      ],
      [
       116.341698314,
       39.99711923
      ],
      [
       116.34141441,
       39.997113114
      ],
      [
       116.341382873,
       39.997653301
      ]
     ]
    ]
   }
  },
  {
   "type": "Feature",
   "id": "lu-osm-543828355",
   "properties": {
    "id": "lu-osm-543828355",
    "layer": "LAND_USE",
    "source_type": "osm",
    "confidence": "low",
    "geometry_role": "existing_condition",
    "land_use_code": "1401",
    "name_zh": "公园绿地",
    "area_sqm_declared": 1491.8,
    "source_id": "osm-landuse-polygons",
    "mapping_note": "OSM landuse=grass 映射到项目代码表"
   },
   "geometry": {
    "type": "Polygon",
    "coordinates": [
     [
      [
       116.350243228,
       39.986650566
      ],
      [
       116.350207901,
       39.987289802
      ],
      [
       116.350311259,
       39.987193566
      ],
      [
       116.350350429,
       39.986457535
      ],
      [
       116.350350557,
       39.986444027
      ],
      [
       116.349935051,
       39.986430439
      ],
      [
       116.349931826,
       39.986461943
      ],
      [
       116.34992828,
       39.986527217
      ],
      [
       116.349928237,
       39.98653172
      ],
      [
       116.349924756,
       39.98659024
      ],
      [
       116.349917451,
       39.986743303
      ],
      [
       116.350034482,
       39.986748463
      ],
      [
       116.350041318,
       39.986644931
      ],
      [
       116.350070608,
       39.986642843
      ],
      [
       116.350243228,
       39.986650566
      ]
     ]
    ]
   }
  },
  {
   "type": "Feature",
   "id": "lu-osm-1003840130",
   "properties": {
    "id": "lu-osm-1003840130",
    "layer": "LAND_USE",
    "source_type": "osm",
    "confidence": "low",
    "geometry_role": "existing_condition",
    "land_use_code": "1401",
    "name_zh": "公园绿地",
    "area_sqm_declared": 1514.3,
    "source_id": "osm-landuse-polygons",
    "mapping_note": "OSM leisure:park 多边形映射到项目代码表"
   },
   "geometry": {
    "type": "Polygon",
    "coordinates": [
     [
      [
       116.345338001,
       40.005918536
      ],
      [
       116.345341341,
       40.006181983
      ],
      [
       116.345742304,
       40.006197756
      ],
      [
       116.345945389,
       40.006086326
      ],
      [
       116.345961746,
       40.005906297
      ],
      [
       116.345338001,
       40.005918536
      ]
     ]
    ]
   }
  },
  {
   "type": "Feature",
   "id": "lu-osm-544385115",
   "properties": {
    "id": "lu-osm-544385115",
    "layer": "LAND_USE",
    "source_type": "osm",
    "confidence": "low",
    "geometry_role": "existing_condition",
    "land_use_code": "1401",
    "name_zh": "公园绿地",
    "area_sqm_declared": 1600.2,
    "source_id": "osm-landuse-polygons",
    "mapping_note": "OSM leisure:garden 多边形映射到项目代码表"
   },
   "geometry": {
    "type": "Polygon",
    "coordinates": [
     [
      [
       116.34878636,
       39.983177285
      ],
      [
       116.348581854,
       39.98313786
      ],
      [
       116.348137017,
       39.983133107
      ],
      [
       116.348129024,
       39.983358215
      ],
      [
       116.348968862,
       39.983376445
      ],
      [
       116.348925944,
       39.983272633
      ],
      [
       116.34878636,
       39.983177285
      ]
     ]
    ]
   }
  },
  {
   "type": "Feature",
   "id": "lu-osm-256453433",
   "properties": {
    "id": "lu-osm-256453433",
    "layer": "LAND_USE",
    "source_type": "osm",
    "confidence": "low",
    "geometry_role": "existing_condition",
    "land_use_code": "0806",
    "name_zh": "北京四惠西区医院",
    "area_sqm_declared": 1624.2,
    "source_id": "osm-landuse-polygons",
    "mapping_note": "OSM amenity:hospital 多边形映射到项目代码表"
   },
   "geometry": {
    "type": "Polygon",
    "coordinates": [
     [
      [
       116.34314724,
       39.955870365
      ],
      [
       116.343121871,
       39.956381321
      ],
      [
       116.343475885,
       39.956381074
      ],
      [
       116.343474749,
       39.955887981
      ],
      [
       116.34314724,
       39.955870365
      ]
     ]
    ]
   }
  },
  {
   "type": "Feature",
   "id": "lu-osm-608651740",
   "properties": {
    "id": "lu-osm-608651740",
    "layer": "LAND_USE",
    "source_type": "osm",
    "confidence": "low",
    "geometry_role": "existing_condition",
    "land_use_code": "0805",
    "name_zh": "体育用地",
    "area_sqm_declared": 1637.9,
    "source_id": "osm-landuse-polygons",
    "mapping_note": "OSM leisure:pitch 多边形映射到项目代码表"
   },
   "geometry": {
    "type": "Polygon",
    "coordinates": [
     [
      [
       116.351311252,
       40.00060926
      ],
      [
       116.351896678,
       40.00061929
      ],
      [
       116.351905322,
       40.000324388
      ],
      [
       116.351319898,
       40.000314359
      ],
      [
       116.351311252,
       40.00060926
      ]
     ]
    ]
   }
  },
  {
   "type": "Feature",
   "id": "lu-osm-594912263",
   "properties": {
    "id": "lu-osm-594912263",
    "layer": "LAND_USE",
    "source_type": "osm",
    "confidence": "low",
    "geometry_role": "existing_condition",
    "land_use_code": "16",
    "name_zh": "留白用地",
    "area_sqm_declared": 1661.2,
    "source_id": "osm-landuse-polygons",
    "mapping_note": "OSM landuse=greenfield；项目代码表子集内无对应类目，按现状未定型计入留白用地，待现场调查与官方控规确认"
   },
   "geometry": {
    "type": "Polygon",
    "coordinates": [
     [
      [
       116.352459284,
       39.997776507
      ],
      [
       116.351715785,
       39.997767848
      ],
      [
       116.351680657,
       39.997767651
      ],
      [
       116.351663849,
       39.997997213
      ],
      [
       116.352038484,
       39.998006062
      ],
      [
       116.352377991,
       39.998014715
      ],
      [
       116.352453259,
       39.997794486
      ],
      [
       116.352459284,
       39.997776507
      ]
     ]
    ]
   }
  },
  {
   "type": "Feature",
   "id": "lu-osm-570401736",
   "properties": {
    "id": "lu-osm-570401736",
    "layer": "LAND_USE",
    "source_type": "osm",
    "confidence": "low",
    "geometry_role": "existing_condition",
    "land_use_code": "0805",
    "name_zh": "网球场",
    "area_sqm_declared": 1670.7,
    "source_id": "osm-landuse-polygons",
    "mapping_note": "OSM leisure:pitch 多边形映射到项目代码表"
   },
   "geometry": {
    "type": "Polygon",
    "coordinates": [
     [
      [
       116.34193769,
       39.998104506
      ],
      [
       116.342426469,
       39.998116286
      ],
      [
       116.342438706,
       39.997756112
      ],
      [
       116.34194993,
       39.997744331
      ],
      [
       116.34193769,
       39.998104506
      ]
     ]
    ]
   }
  },
  {
   "type": "Feature",
   "id": "lu-osm-1393834540",
   "properties": {
    "id": "lu-osm-1393834540",
    "layer": "LAND_USE",
    "source_type": "osm",
    "confidence": "low",
    "geometry_role": "existing_condition",
    "land_use_code": "1401",
    "name_zh": "公园绿地",
    "area_sqm_declared": 1723.7,
    "source_id": "osm-landuse-polygons",
    "mapping_note": "OSM leisure:park 多边形映射到项目代码表"
   },
   "geometry": {
    "type": "Polygon",
    "coordinates": [
     [
      [
       116.350789095,
       40.008137679
      ],
      [
       116.351177295,
       40.008265938
      ],
      [
       116.351400607,
       40.007873172
      ],
      [
       116.35101243,
       40.007742662
      ],
      [
       116.350789095,
       40.008137679
      ]
     ]
    ]
   }
  },
  {
   "type": "Feature",
   "id": "lu-osm-1041132177",
   "properties": {
    "id": "lu-osm-1041132177",
    "layer": "LAND_USE",
    "source_type": "osm",
    "confidence": "low",
    "geometry_role": "existing_condition",
    "land_use_code": "1401",
    "name_zh": "公园绿地",
    "area_sqm_declared": 1726.3,
    "source_id": "osm-landuse-polygons",
    "mapping_note": "OSM leisure:park 多边形映射到项目代码表"
   },
   "geometry": {
    "type": "Polygon",
    "coordinates": [
     [
      [
       116.34669872,
       40.010294165
      ],
      [
       116.347414481,
       40.010462559
      ],
      [
       116.347435178,
       40.010133953
      ],
      [
       116.346712084,
       40.010120873
      ],
      [
       116.34669872,
       40.010294165
      ]
     ]
    ]
   }
  },
  {
   "type": "Feature",
   "id": "lu-osm-247351570",
   "properties": {
    "id": "lu-osm-247351570",
    "layer": "LAND_USE",
    "source_type": "osm",
    "confidence": "low",
    "geometry_role": "existing_condition",
    "land_use_code": "0805",
    "name_zh": "体育用地",
    "area_sqm_declared": 1763.5,
    "source_id": "osm-landuse-polygons",
    "mapping_note": "OSM leisure:pitch 多边形映射到项目代码表"
   },
   "geometry": {
    "type": "Polygon",
    "coordinates": [
     [
      [
       116.343195339,
       39.996393726
      ],
      [
       116.343848054,
       39.996404178
      ],
      [
       116.343856624,
       39.996120534
      ],
      [
       116.343203933,
       39.996107831
      ],
      [
       116.343195339,
       39.996393726
      ]
     ]
    ]
   }
  },
  {
   "type": "Feature",
   "id": "lu-osm-399054828",
   "properties": {
    "id": "lu-osm-399054828",
    "layer": "LAND_USE",
    "source_type": "osm",
    "confidence": "low",
    "geometry_role": "existing_condition",
    "land_use_code": "1401",
    "name_zh": "公园绿地",
    "area_sqm_declared": 1779.9,
    "source_id": "osm-landuse-polygons",
    "mapping_note": "OSM landuse=meadow 映射到项目代码表"
   },
   "geometry": {
    "type": "Polygon",
    "coordinates": [
     [
      [
       116.350008324,
       39.961706753
      ],
      [
       116.349967363,
       39.961706523
      ],
      [
       116.349344277,
       39.96169177
      ],
      [
       116.349332574,
       39.961691704
      ],
      [
       116.349324695,
       39.961905556
      ],
      [
       116.349412469,
       39.961906049
      ],
      [
       116.349408839,
       39.961980329
      ],
      [
       116.349996818,
       39.961994885
      ],
      [
       116.350008324,
       39.961706753
      ]
     ]
    ]
   }
  },
  {
   "type": "Feature",
   "id": "lu-osm-265008351",
   "properties": {
    "id": "lu-osm-265008351",
    "layer": "LAND_USE",
    "source_type": "osm",
    "confidence": "low",
    "geometry_role": "existing_condition",
    "land_use_code": "0805",
    "name_zh": "体能锻炼走廊",
    "area_sqm_declared": 1789.2,
    "source_id": "osm-landuse-polygons",
    "mapping_note": "OSM leisure:pitch 多边形映射到项目代码表"
   },
   "geometry": {
    "type": "Polygon",
    "coordinates": [
     [
      [
       116.340484337,
       39.979066331
      ],
      [
       116.340515611,
       39.978553159
      ],
      [
       116.340543936,
       39.978042223
      ],
      [
       116.340488333,
       39.978041906
      ],
      [
       116.340429825,
       39.978039322
      ],
      [
       116.340340794,
       39.979689188
      ],
      [
       116.340393472,
       39.979689488
      ],
      [
       116.340463687,
       39.979692139
      ],
      [
       116.340475627,
       39.979363483
      ],
      [
       116.340484337,
       39.979066331
      ]
     ]
    ]
   }
  },
  {
   "type": "Feature",
   "id": "lu-osm-167166118",
   "properties": {
    "id": "lu-osm-167166118",
    "layer": "LAND_USE",
    "source_type": "osm",
    "confidence": "low",
    "geometry_role": "existing_condition",
    "land_use_code": "0805",
    "name_zh": "体育用地",
    "area_sqm_declared": 1795.7,
    "source_id": "osm-landuse-polygons",
    "mapping_note": "OSM leisure:pitch 多边形映射到项目代码表"
   },
   "geometry": {
    "type": "Polygon",
    "coordinates": [
     [
      [
       116.353903869,
       40.001051532
      ],
      [
       116.353593599,
       40.001045299
      ],
      [
       116.35357656,
       40.001610336
      ],
      [
       116.3539366,
       40.001616847
      ],
      [
       116.353903869,
       40.001051532
      ]
     ]
    ]
   }
  },
  {
   "type": "Feature",
   "id": "lu-osm-232724491",
   "properties": {
    "id": "lu-osm-232724491",
    "layer": "LAND_USE",
    "source_type": "osm",
    "confidence": "low",
    "geometry_role": "existing_condition",
    "land_use_code": "1401",
    "name_zh": "公园绿地",
    "area_sqm_declared": 1817.8,
    "source_id": "osm-landuse-polygons",
    "mapping_note": "OSM landuse=meadow 映射到项目代码表"
   },
   "geometry": {
    "type": "Polygon",
    "coordinates": [
     [
      [
       116.350532541,
       39.950213321
      ],
      [
       116.350184558,
       39.950197862
      ],
      [
       116.349795861,
       39.950465868
      ],
      [
       116.349809741,
       39.95054475
      ],
      [
       116.34992101,
       39.950534116
      ],
      [
       116.35052072,
       39.950535226
      ],
      [
       116.350532541,
       39.950213321
      ]
     ]
    ]
   }
  },
  {
   "type": "Feature",
   "id": "lu-osm-475444873",
   "properties": {
    "id": "lu-osm-475444873",
    "layer": "LAND_USE",
    "source_type": "osm",
    "confidence": "low",
    "geometry_role": "existing_condition",
    "land_use_code": "16",
    "name_zh": "留白用地",
    "area_sqm_declared": 1822.2,
    "source_id": "osm-landuse-polygons",
    "mapping_note": "OSM landuse=industrial；项目代码表子集内无对应类目，按现状未定型计入留白用地，待现场调查与官方控规确认"
   },
   "geometry": {
    "type": "Polygon",
    "coordinates": [
     [
      [
       116.345455923,
       39.953075751
      ],
      [
       116.344966927,
       39.953120271
      ],
      [
       116.344948842,
       39.953482667
      ],
      [
       116.345285117,
       39.953500328
      ],
      [
       116.345297355,
       39.953444108
      ],
      [
       116.345478775,
       39.953440629
      ],
      [
       116.345455923,
       39.953075751
      ]
     ]
    ]
   }
  },
  {
   "type": "Feature",
   "id": "lu-osm-7774307",
   "properties": {
    "id": "lu-osm-7774307",
    "layer": "LAND_USE",
    "source_type": "osm",
    "confidence": "low",
    "geometry_role": "existing_condition",
    "land_use_code": "1401",
    "name_zh": "公园绿地",
    "area_sqm_declared": 1841.3,
    "source_id": "osm-landuse-polygons",
    "mapping_note": "OSM leisure:park 多边形映射到项目代码表"
   },
   "geometry": {
    "type": "Polygon",
    "coordinates": [
     [
      [
       116.346048378,
       39.989153189
      ],
      [
       116.34586209,
       39.989350272
      ],
      [
       116.346268702,
       39.989377333
      ],
      [
       116.346287787,
       39.989217582
      ],
      [
       116.346650688,
       39.989224132
      ],
      [
       116.346659008,
       39.988965253
      ],
      [
       116.346234665,
       39.988956105
      ],
      [
       116.346048378,
       39.989153189
      ]
     ]
    ]
   }
  },
  {
   "type": "Feature",
   "id": "lu-osm-1347758646",
   "properties": {
    "id": "lu-osm-1347758646",
    "layer": "LAND_USE",
    "source_type": "osm",
    "confidence": "low",
    "geometry_role": "existing_condition",
    "land_use_code": "0805",
    "name_zh": "体育用地",
    "area_sqm_declared": 1853.8,
    "source_id": "osm-landuse-polygons",
    "mapping_note": "OSM leisure:pitch 多边形映射到项目代码表"
   },
   "geometry": {
    "type": "Polygon",
    "coordinates": [
     [
      [
       116.352823981,
       39.973092768
      ],
      [
       116.353619716,
       39.973119724
      ],
      [
       116.353633796,
       39.97286763
      ],
      [
       116.352846737,
       39.972851981
      ],
      [
       116.352823981,
       39.973092768
      ]
     ]
    ]
   }
  },
  {
   "type": "Feature",
   "id": "lu-osm-658096487",
   "properties": {
    "id": "lu-osm-658096487",
    "layer": "LAND_USE",
    "source_type": "osm",
    "confidence": "low",
    "geometry_role": "existing_condition",
    "land_use_code": "0805",
    "name_zh": "地质大学网球场",
    "area_sqm_declared": 1861.6,
    "source_id": "osm-landuse-polygons",
    "mapping_note": "OSM leisure:pitch 多边形映射到项目代码表"
   },
   "geometry": {
    "type": "Polygon",
    "coordinates": [
     [
      [
       116.3439288,
       39.987659705
      ],
      [
       116.343924688,
       39.987783516
      ],
      [
       116.343913732,
       39.988010858
      ],
      [
       116.344247335,
       39.988019501
      ],
      [
       116.344472664,
       39.988025278
      ],
      [
       116.344487728,
       39.987674125
      ],
      [
       116.3439288,
       39.987659705
      ]
     ]
    ]
   }
  },
  {
   "type": "Feature",
   "id": "lu-osm-929743787",
   "properties": {
    "id": "lu-osm-929743787",
    "layer": "LAND_USE",
    "source_type": "osm",
    "confidence": "low",
    "geometry_role": "existing_condition",
    "land_use_code": "1401",
    "name_zh": "公园绿地",
    "area_sqm_declared": 1895.7,
    "source_id": "osm-landuse-polygons",
    "mapping_note": "OSM landuse=grass 映射到项目代码表"
   },
   "geometry": {
    "type": "Polygon",
    "coordinates": [
     [
      [
       116.35507919,
       40.025484814
      ],
      [
       116.355120634,
       40.025437763
      ],
      [
       116.355170801,
       40.025397514
      ],
      [
       116.355200319,
       40.025372912
      ],
      [
       116.355224044,
       40.025341523
      ],
      [
       116.355206897,
       40.025296397
      ],
      [
       116.355177675,
       40.02528948
      ],
      [
       116.355095868,
       40.025268761
      ],
      [
       116.355043155,
       40.025268468
      ],
      [
       116.354958164,
       40.025274749
      ],
      [
       116.35486146,
       40.025280965
      ],
      [
       116.354802954,
       40.025273885
      ],
      [
       116.354727003,
       40.025253199
      ],
      [
       116.35467151,
       40.025237129
      ],
      [
       116.354639318,
       40.025234698
      ],
      [
       116.354598276,
       40.025238973
      ],
      [
       116.354560312,
       40.025227504
      ],
      [
       116.354513456,
       40.025227243
      ],
      [
       116.354478462,
       40.025211287
      ],
      [
       116.354349948,
       40.025174547
      ],
      [
       116.354273807,
       40.025174123
      ],
      [
       116.354215428,
       40.025153534
      ],
      [
       116.354142088,
       40.025166634
      ],
      [
       116.354092516,
       40.025143842
      ],
      [
       116.354013362,
       40.025152407
      ],
      [
       116.353936668,
       40.025210519
      ],
      [
       116.353892571,
       40.025228285
      ],
      [
       116.353965592,
       40.025248956
      ],
      [
       116.354015313,
       40.025255988
      ],
      [
       116.354044407,
       40.025276414
      ],
      [
       116.35407331,
       40.025317102
      ],
      [
       116.354076069,
       40.02533513
      ],
      [
       116.354114436,
       40.025303822
      ],
      [
       116.354155372,
       40.025310805
      ],
      [
       116.354289871,
       40.02533407
      ],
      [
       116.3543804,
       40.025361592
      ],
      [
       116.354398247,
       40.025332422
      ],
      [
       116.354439225,
       40.025334902
      ],
      [
       116.354506496,
       40.025344283
      ],
      [
       116.354632061,
       40.025383258
      ],
      [
       116.354690822,
       40.025363321
      ],
      [
       116.3547405,
       40.025374856
      ],
      [
       116.354778423,
       40.025390827
      ],
      [
       116.354944097,
       40.025524589
      ],
      [
       116.354981955,
       40.025547315
      ],
      [
       116.355022997,
       40.02554304
      ],
      [
       116.355058372,
       40.025518471
      ],
      [
       116.35507919,
       40.025484814
      ]
     ]
    ]
   }
  },
  {
   "type": "Feature",
   "id": "lu-osm-552563729",
   "properties": {
    "id": "lu-osm-552563729",
    "layer": "LAND_USE",
    "source_type": "osm",
    "confidence": "low",
    "geometry_role": "existing_condition",
    "land_use_code": "0805",
    "name_zh": "体育用地",
    "area_sqm_declared": 1928.4,
    "source_id": "osm-landuse-polygons",
    "mapping_note": "OSM leisure:pitch 多边形映射到项目代码表"
   },
   "geometry": {
    "type": "Polygon",
    "coordinates": [
     [
      [
       116.340484337,
       39.979066331
      ],
      [
       116.340475627,
       39.979363483
      ],
      [
       116.341139756,
       39.979387524
      ],
      [
       116.341153971,
       39.979126427
      ],
      [
       116.341157373,
       39.979076913
      ],
      [
       116.340484337,
       39.979066331
      ]
     ]
    ]
   }
  },
  {
   "type": "Feature",
   "id": "lu-osm-608651739",
   "properties": {
    "id": "lu-osm-608651739",
    "layer": "LAND_USE",
    "source_type": "osm",
    "confidence": "low",
    "geometry_role": "existing_condition",
    "land_use_code": "0805",
    "name_zh": "体育用地",
    "area_sqm_declared": 1953.3,
    "source_id": "osm-landuse-polygons",
    "mapping_note": "OSM leisure:pitch 多边形映射到项目代码表"
   },
   "geometry": {
    "type": "Polygon",
    "coordinates": [
     [
      [
       116.350936027,
       40.000661196
      ],
      [
       116.35129901,
       40.000665479
      ],
      [
       116.351316067,
       40.000100442
      ],
      [
       116.35095016,
       40.000096142
      ],
      [
       116.350936027,
       40.000661196
      ]
     ]
    ]
   }
  },
  {
   "type": "Feature",
   "id": "lu-osm-437731466",
   "properties": {
    "id": "lu-osm-437731466",
    "layer": "LAND_USE",
    "source_type": "osm",
    "confidence": "low",
    "geometry_role": "existing_condition",
    "land_use_code": "1401",
    "name_zh": "小花园",
    "area_sqm_declared": 1956.7,
    "source_id": "osm-landuse-polygons",
    "mapping_note": "OSM leisure:park 多边形映射到项目代码表"
   },
   "geometry": {
    "type": "Polygon",
    "coordinates": [
     [
      [
       116.344140296,
       39.990641925
      ],
      [
       116.344629066,
       39.990649193
      ],
      [
       116.344638965,
       39.990225962
      ],
      [
       116.344153126,
       39.99021871
      ],
      [
       116.344140296,
       39.990641925
      ]
     ]
    ]
   }
  },
  {
   "type": "Feature",
   "id": "lu-osm-399054829",
   "properties": {
    "id": "lu-osm-399054829",
    "layer": "LAND_USE",
    "source_type": "osm",
    "confidence": "low",
    "geometry_role": "existing_condition",
    "land_use_code": "1401",
    "name_zh": "公园绿地",
    "area_sqm_declared": 1993.1,
    "source_id": "osm-landuse-polygons",
    "mapping_note": "OSM landuse=meadow 映射到项目代码表"
   },
   "geometry": {
    "type": "Polygon",
    "coordinates": [
     [
      [
       116.350113872,
       39.96199329
      ],
      [
       116.350865653,
       39.962013263
      ],
      [
       116.350877071,
       39.961734136
      ],
      [
       116.350125292,
       39.961714163
      ],
      [
       116.350113872,
       39.96199329
      ]
     ]
    ]
   }
  },
  {
   "type": "Feature",
   "id": "lu-osm-543823927",
   "properties": {
    "id": "lu-osm-543823927",
    "layer": "LAND_USE",
    "source_type": "osm",
    "confidence": "low",
    "geometry_role": "existing_condition",
    "land_use_code": "1401",
    "name_zh": "公园绿地",
    "area_sqm_declared": 2000.6,
    "source_id": "osm-landuse-polygons",
    "mapping_note": "OSM landuse=grass 映射到项目代码表"
   },
   "geometry": {
    "type": "Polygon",
    "coordinates": [
     [
      [
       116.350292442,
       39.988870849
      ],
      [
       116.35043003,
       39.988869369
      ],
      [
       116.350485204,
       39.98829779
      ],
      [
       116.350101841,
       39.988288886
      ],
      [
       116.350078796,
       39.9888674
      ],
      [
       116.350195853,
       39.988870308
      ],
      [
       116.35022525,
       39.988856963
      ],
      [
       116.350263322,
       39.988854925
      ],
      [
       116.350292442,
       39.988870849
      ]
     ]
    ]
   }
  },
  {
   "type": "Feature",
   "id": "lu-osm-635292182",
   "properties": {
    "id": "lu-osm-635292182",
    "layer": "LAND_USE",
    "source_type": "osm",
    "confidence": "low",
    "geometry_role": "existing_condition",
    "land_use_code": "0805",
    "name_zh": "体育用地",
    "area_sqm_declared": 2056.9,
    "source_id": "osm-landuse-polygons",
    "mapping_note": "OSM leisure:pitch 多边形映射到项目代码表"
   },
   "geometry": {
    "type": "Polygon",
    "coordinates": [
     [
      [
       116.341136419,
       39.979430284
      ],
      [
       116.341139756,
       39.979387524
      ],
      [
       116.340475627,
       39.979363483
      ],
      [
       116.340463687,
       39.979692139
      ],
      [
       116.340817713,
       39.979703159
      ],
      [
       116.341127841,
       39.979713928
      ],
      [
       116.341129333,
       39.979558581
      ],
      [
       116.341136419,
       39.979430284
      ]
     ]
    ]
   }
  },
  {
   "type": "Feature",
   "id": "lu-osm-289850982",
   "properties": {
    "id": "lu-osm-289850982",
    "layer": "LAND_USE",
    "source_type": "osm",
    "confidence": "low",
    "geometry_role": "existing_condition",
    "land_use_code": "0805",
    "name_zh": "体育用地",
    "area_sqm_declared": 2078.3,
    "source_id": "osm-landuse-polygons",
    "mapping_note": "OSM leisure:stadium 多边形映射到项目代码表"
   },
   "geometry": {
    "type": "Polygon",
    "coordinates": [
     [
      [
       116.353730352,
       39.961061107
      ],
      [
       116.353701094,
       39.961060944
      ],
      [
       116.352592464,
       39.961029991
      ],
      [
       116.352571278,
       39.961414886
      ],
      [
       116.352563919,
       39.961574704
      ],
      [
       116.353675484,
       39.961605674
      ],
      [
       116.354046974,
       39.961616751
      ],
      [
       116.354084285,
       39.961072086
      ],
      [
       116.353730352,
       39.961061107
      ]
     ],
     [
      [
       116.35280371,
       39.96127884
      ],
      [
       116.352598927,
       39.961275445
      ],
      [
       116.352607029,
       39.961036827
      ],
      [
       116.352811811,
       39.961040222
      ],
      [
       116.35280371,
       39.96127884
      ]
     ],
     [
      [
       116.353022424,
       39.961045901
      ],
      [
       116.353011418,
       39.961282251
      ],
      [
       116.352827137,
       39.961276719
      ],
      [
       116.352838143,
       39.961040369
      ],
      [
       116.353022424,
       39.961045901
      ]
     ],
     [
      [
       116.353040633,
       39.961286917
      ],
      [
       116.353051681,
       39.961046064
      ],
      [
       116.353233036,
       39.961051579
      ],
      [
       116.35322201,
       39.961290181
      ],
      [
       116.353040633,
       39.961286917
      ]
     ],
     [
      [
       116.35259299,
       39.961284418
      ],
      [
       116.352803603,
       39.961290097
      ],
      [
       116.352792258,
       39.96156247
      ],
      [
       116.352578718,
       39.961556774
      ],
      [
       116.35259299,
       39.961284418
      ]
     ],
     [
      [
       116.353014238,
       39.961293524
      ],
      [
       116.352999925,
       39.961570384
      ],
      [
       116.352815643,
       39.961564852
      ],
      [
       116.352829957,
       39.961287993
      ],
      [
       116.353014238,
       39.961293524
      ]
     ],
     [
      [
       116.353224787,
       39.961305957
      ],
      [
       116.353213507,
       39.961571576
      ],
      [
       116.353023373,
       39.961566012
      ],
      [
       116.353034655,
       39.961300393
      ],
      [
       116.353224787,
       39.961305957
      ]
     ],
     [
      [
       116.353756578,
       39.961072511
      ],
      [
       116.354046165,
       39.96108088
      ],
      [
       116.35403936,
       39.961182161
      ],
      [
       116.353752698,
       39.961173809
      ],
      [
       116.353756578,
       39.961072511
      ]
     ],
     [
      [
       116.353257119,
       39.961290377
      ],
      [
       116.353268124,
       39.961054026
      ],
      [
       116.353443627,
       39.961059508
      ],
      [
       116.353435549,
       39.961295875
      ],
      [
       116.353257119,
       39.961290377
      ]
     ],
     [
      [
       116.353651272,
       39.961069672
      ],
      [
       116.353643258,
       39.961299285
      ],
      [
       116.353464807,
       39.961296038
      ],
      [
       116.353472821,
       39.961066426
      ],
      [
       116.353651272,
       39.961069672
      ]
     ],
     [
      [
       116.354036265,
       39.961200156
      ],
      [
       116.354032301,
       39.96131046
      ],
      [
       116.353751469,
       39.961304391
      ],
      [
       116.353755455,
       39.961191836
      ],
      [
       116.354036265,
       39.961200156
      ]
     ],
     [
      [
       116.354016422,
       39.961443212
      ],
      [
       116.353741441,
       39.961437176
      ],
      [
       116.353745384,
       39.961329124
      ],
      [
       116.354023269,
       39.961337428
      ],
      [
       116.354016422,
       39.961443212
      ]
     ],
     [
      [
       116.353424142,
       39.961575002
      ],
      [
       116.353242807,
       39.961567236
      ],
      [
       116.353256971,
       39.961306137
      ],
      [
       116.353438326,
       39.961311651
      ],
      [
       116.353424142,
       39.961575002
      ]
     ],
     [
      [
       116.353628947,
       39.961576144
      ],
      [
       116.353450517,
       39.961570646
      ],
      [
       116.353461669,
       39.961318536
      ],
      [
       116.35364012,
       39.961321783
      ],
      [
       116.353628947,
       39.961576144
      ]
     ],
     [
      [
       116.353731456,
       39.961565458
      ],
      [
       116.353738367,
       39.96145292
      ],
      [
       116.354019178,
       39.96146124
      ],
      [
       116.354012289,
       39.961571527
      ],
      [
       116.353731456,
       39.961565458
      ]
     ]
    ]
   }
  },
  {
   "type": "Feature",
   "id": "lu-osm-992619540",
   "properties": {
    "id": "lu-osm-992619540",
    "layer": "LAND_USE",
    "source_type": "osm",
    "confidence": "low",
    "geometry_role": "existing_condition",
    "land_use_code": "0805",
    "name_zh": "体育用地",
    "area_sqm_declared": 2100.3,
    "source_id": "osm-landuse-polygons",
    "mapping_note": "OSM leisure:pitch 多边形映射到项目代码表"
   },
   "geometry": {
    "type": "Polygon",
    "coordinates": [
     [
      [
       116.343913732,
       39.988010858
      ],
      [
       116.343886889,
       39.988674907
      ],
      [
       116.344220495,
       39.98868355
      ],
      [
       116.344243784,
       39.988084775
      ],
      [
       116.344247335,
       39.988019501
      ],
      [
       116.343913732,
       39.988010858
      ]
     ]
    ]
   }
  },
  {
   "type": "Feature",
   "id": "lu-osm-608650149",
   "properties": {
    "id": "lu-osm-608650149",
    "layer": "LAND_USE",
    "source_type": "osm",
    "confidence": "low",
    "geometry_role": "existing_condition",
    "land_use_code": "0805",
    "name_zh": "体育用地",
    "area_sqm_declared": 2126.6,
    "source_id": "osm-landuse-polygons",
    "mapping_note": "OSM leisure:pitch 多边形映射到项目代码表"
   },
   "geometry": {
    "type": "Polygon",
    "coordinates": [
     [
      [
       116.353946527,
       40.00180603
      ],
      [
       116.353902636,
       40.001803534
      ],
      [
       116.353802562,
       40.003412815
      ],
      [
       116.354036683,
       40.003423127
      ],
      [
       116.353946527,
       40.00180603
      ]
     ]
    ]
   }
  },
  {
   "type": "Feature",
   "id": "lu-osm-543831705",
   "properties": {
    "id": "lu-osm-543831705",
    "layer": "LAND_USE",
    "source_type": "osm",
    "confidence": "low",
    "geometry_role": "existing_condition",
    "land_use_code": "1401",
    "name_zh": "公园绿地",
    "area_sqm_declared": 2153.2,
    "source_id": "osm-landuse-polygons",
    "mapping_note": "OSM leisure:park 多边形映射到项目代码表"
   },
   "geometry": {
    "type": "Polygon",
    "coordinates": [
     [
      [
       116.348727828,
       39.982868496
      ],
      [
       116.348711572,
       39.982731062
      ],
      [
       116.348656456,
       39.982678967
      ],
      [
       116.34845176,
       39.982659804
      ],
      [
       116.348226405,
       39.982658537
      ],
      [
       116.348132687,
       39.982664765
      ],
      [
       116.348061527,
       39.98276118
      ],
      [
       116.348054475,
       39.982887226
      ],
      [
       116.348126401,
       39.98301822
      ],
      [
       116.34864135,
       39.983036875
      ],
      [
       116.348706293,
       39.9829787
      ],
      [
       116.348727828,
       39.982868496
      ]
     ]
    ]
   }
  },
  {
   "type": "Feature",
   "id": "lu-osm-399046299",
   "properties": {
    "id": "lu-osm-399046299",
    "layer": "LAND_USE",
    "source_type": "osm",
    "confidence": "low",
    "geometry_role": "existing_condition",
    "land_use_code": "0805",
    "name_zh": "北京交通大学附属中学分校",
    "area_sqm_declared": 2164.9,
    "source_id": "osm-landuse-polygons",
    "mapping_note": "OSM leisure:pitch 多边形映射到项目代码表"
   },
   "geometry": {
    "type": "Polygon",
    "coordinates": [
     [
      [
       116.354527852,
       39.957773799
      ],
      [
       116.354569298,
       39.957722244
      ],
      [
       116.354593761,
       39.957609803
      ],
      [
       116.354601073,
       39.957454488
      ],
      [
       116.354619785,
       39.957020044
      ],
      [
       116.354587837,
       39.956995099
      ],
      [
       116.35450628,
       39.956956369
      ],
      [
       116.354439246,
       39.956928977
      ],
      [
       116.354357371,
       39.956924018
      ],
      [
       116.354263541,
       39.956946011
      ],
      [
       116.354201934,
       39.95696368
      ],
      [
       116.354154871,
       39.956990437
      ],
      [
       116.354139549,
       39.957686077
      ],
      [
       116.354162658,
       39.957717728
      ],
      [
       116.354226598,
       39.957763115
      ],
      [
       116.354276164,
       39.957781403
      ],
      [
       116.354372582,
       39.957795449
      ],
      [
       116.354466224,
       39.957793719
      ],
      [
       116.354527852,
       39.957773799
      ]
     ],
     [
      [
       116.354238209,
       39.95715076
      ],
      [
       116.354242236,
       39.957033703
      ],
      [
       116.354505539,
       39.957035169
      ],
      [
       116.354495662,
       39.957152194
      ],
      [
       116.354238209,
       39.95715076
      ]
     ],
     [
      [
       116.35423804,
       39.957168772
      ],
      [
       116.35449545,
       39.957174708
      ],
      [
       116.354494519,
       39.957273771
      ],
      [
       116.354237044,
       39.957274589
      ],
      [
       116.35423804,
       39.957168772
      ]
     ],
     [
      [
       116.354234013,
       39.957285829
      ],
      [
       116.354491466,
       39.957287263
      ],
      [
       116.354493333,
       39.957399851
      ],
      [
       116.354230028,
       39.957398384
      ],
      [
       116.354234013,
       39.957285829
      ]
     ],
     [
      [
       116.354232827,
       39.957411909
      ],
      [
       116.35449028,
       39.957413343
      ],
      [
       116.354489222,
       39.957525914
      ],
      [
       116.354231768,
       39.95752448
      ],
      [
       116.354232827,
       39.957411909
      ]
     ],
     [
      [
       116.354230561,
       39.957652811
      ],
      [
       116.354231641,
       39.957537989
      ],
      [
       116.354489053,
       39.957543925
      ],
      [
       116.354482122,
       39.957658715
      ],
      [
       116.354230561,
       39.957652811
      ]
     ]
    ]
   }
  },
  {
   "type": "Feature",
   "id": "lu-osm-1192949960",
   "properties": {
    "id": "lu-osm-1192949960",
    "layer": "LAND_USE",
    "source_type": "osm",
    "confidence": "low",
    "geometry_role": "existing_condition",
    "land_use_code": "0804",
    "name_zh": "未来之星实验幼儿园",
    "area_sqm_declared": 2198.8,
    "source_id": "osm-landuse-polygons",
    "mapping_note": "OSM amenity:kindergarten 多边形映射到项目代码表"
   },
   "geometry": {
    "type": "Polygon",
    "coordinates": [
     [
      [
       116.345044956,
       40.002269414
      ],
      [
       116.344930804,
       40.002266517
      ],
      [
       116.344920343,
       40.002442077
      ],
      [
       116.345476444,
       40.002458728
      ],
      [
       116.34549861,
       40.001977027
      ],
      [
       116.34505957,
       40.001965541
      ],
      [
       116.345044956,
       40.002269414
      ]
     ]
    ]
   }
  },
  {
   "type": "Feature",
   "id": "lu-osm-751770690",
   "properties": {
    "id": "lu-osm-751770690",
    "layer": "LAND_USE",
    "source_type": "osm",
    "confidence": "low",
    "geometry_role": "existing_condition",
    "land_use_code": "0805",
    "name_zh": "体育用地",
    "area_sqm_declared": 2227.2,
    "source_id": "osm-landuse-polygons",
    "mapping_note": "OSM leisure:pitch 多边形映射到项目代码表"
   },
   "geometry": {
    "type": "Polygon",
    "coordinates": [
     [
      [
       116.349277797,
       39.976727154
      ],
      [
       116.349623115,
       39.976729093
      ],
      [
       116.349629561,
       39.976049166
      ],
      [
       116.349284246,
       39.976047228
      ],
      [
       116.349277797,
       39.976727154
      ]
     ]
    ]
   }
  },
  {
   "type": "Feature",
   "id": "lu-osm-543837052",
   "properties": {
    "id": "lu-osm-543837052",
    "layer": "LAND_USE",
    "source_type": "osm",
    "confidence": "low",
    "geometry_role": "existing_condition",
    "land_use_code": "1401",
    "name_zh": "公园绿地",
    "area_sqm_declared": 2238.0,
    "source_id": "osm-landuse-polygons",
    "mapping_note": "OSM landuse=recreation_ground 映射到项目代码表"
   },
   "geometry": {
    "type": "Polygon",
    "coordinates": [
     [
      [
       116.349568655,
       39.989263059
      ],
      [
       116.349576558,
       39.989046956
      ],
      [
       116.349357037,
       39.989045724
      ],
      [
       116.349260426,
       39.989047433
      ],
      [
       116.349131405,
       39.989071476
      ],
      [
       116.349075515,
       39.989100432
      ],
      [
       116.348984758,
       39.989102174
      ],
      [
       116.348946857,
       39.9890862
      ],
      [
       116.348909213,
       39.989043209
      ],
      [
       116.348783375,
       39.989040251
      ],
      [
       116.348768076,
       39.989418422
      ],
      [
       116.349233336,
       39.989434544
      ],
      [
       116.349240899,
       39.989254464
      ],
      [
       116.349343321,
       39.989257291
      ],
      [
       116.349568655,
       39.989263059
      ]
     ]
    ]
   }
  },
  {
   "type": "Feature",
   "id": "lu-osm-377130333",
   "properties": {
    "id": "lu-osm-377130333",
    "layer": "LAND_USE",
    "source_type": "osm",
    "confidence": "low",
    "geometry_role": "existing_condition",
    "land_use_code": "0805",
    "name_zh": "体育用地",
    "area_sqm_declared": 2245.3,
    "source_id": "osm-landuse-polygons",
    "mapping_note": "OSM leisure:pitch 多边形映射到项目代码表"
   },
   "geometry": {
    "type": "Polygon",
    "coordinates": [
     [
      [
       116.343897174,
       39.961892977
      ],
      [
       116.344622707,
       39.961903835
      ],
      [
       116.344628771,
       39.961575145
      ],
      [
       116.343914945,
       39.961564353
      ],
      [
       116.343897174,
       39.961892977
      ]
     ]
    ]
   }
  },
  {
   "type": "Feature",
   "id": "lu-osm-658381638",
   "properties": {
    "id": "lu-osm-658381638",
    "layer": "LAND_USE",
    "source_type": "osm",
    "confidence": "low",
    "geometry_role": "existing_condition",
    "land_use_code": "0804",
    "name_zh": "太月园幼儿园",
    "area_sqm_declared": 2297.5,
    "source_id": "osm-landuse-polygons",
    "mapping_note": "OSM amenity:kindergarten 多边形映射到项目代码表"
   },
   "geometry": {
    "type": "Polygon",
    "coordinates": [
     [
      [
       116.34163305,
       39.97159552
      ],
      [
       116.341653144,
       39.971636161
      ],
      [
       116.341711301,
       39.971674768
      ],
      [
       116.342182442,
       39.971675191
      ],
      [
       116.342180863,
       39.971229378
      ],
      [
       116.341630697,
       39.971230758
      ],
      [
       116.34163305,
       39.97159552
      ]
     ]
    ]
   }
  },
  {
   "type": "Feature",
   "id": "lu-residual-002",
   "properties": {
    "id": "lu-residual-002",
    "layer": "LAND_USE",
    "source_type": "agent_inferred_from_public_data",
    "confidence": "unknown",
    "geometry_role": "existing_condition",
    "land_use_code": "16",
    "name_zh": "现状未标注地块（留白用地）",
    "area_sqm_declared": 2342.0,
    "mapping_note": "该范围内 OSM 无用地标注，本方案不推测其用途，按 16 留白用地记录；正式编制须以官方地籍与控规条件替换"
   },
   "geometry": {
    "type": "Polygon",
    "coordinates": [
     [
      [
       116.341050713,
       39.995053153
      ],
      [
       116.346277676,
       39.995190826
      ],
      [
       116.346278084,
       39.99514805
      ],
      [
       116.340989739,
       39.995001021
      ],
      [
       116.340994988,
       39.995064094
      ],
      [
       116.341050713,
       39.995053153
      ]
     ]
    ]
   }
  },
  {
   "type": "Feature",
   "id": "lu-osm-399054826",
   "properties": {
    "id": "lu-osm-399054826",
    "layer": "LAND_USE",
    "source_type": "osm",
    "confidence": "low",
    "geometry_role": "existing_condition",
    "land_use_code": "1401",
    "name_zh": "公园绿地",
    "area_sqm_declared": 2354.3,
    "source_id": "osm-landuse-polygons",
    "mapping_note": "OSM landuse=meadow 映射到项目代码表"
   },
   "geometry": {
    "type": "Polygon",
    "coordinates": [
     [
      [
       116.350087949,
       39.959786636
      ],
      [
       116.350111567,
       39.959764253
      ],
      [
       116.350117568,
       39.959748526
      ],
      [
       116.35012205,
       39.959584189
      ],
      [
       116.350126361,
       39.959437863
      ],
      [
       116.34988355,
       39.95943425
      ],
      [
       116.349427184,
       39.959427187
      ],
      [
       116.349426736,
       39.959474466
      ],
      [
       116.349420866,
       39.959785146
      ],
      [
       116.34949986,
       39.959785589
      ],
      [
       116.349997188,
       39.959792882
      ],
      [
       116.350058628,
       39.959793226
      ],
      [
       116.350087949,
       39.959786636
      ]
     ]
    ]
   }
  },
  {
   "type": "Feature",
   "id": "lu-osm-421587949",
   "properties": {
    "id": "lu-osm-421587949",
    "layer": "LAND_USE",
    "source_type": "osm",
    "confidence": "low",
    "geometry_role": "existing_condition",
    "land_use_code": "0805",
    "name_zh": "东区篮球场",
    "area_sqm_declared": 2358.2,
    "source_id": "osm-landuse-polygons",
    "mapping_note": "OSM leisure:pitch 多边形映射到项目代码表"
   },
   "geometry": {
    "type": "Polygon",
    "coordinates": [
     [
      [
       116.340678691,
       39.945433961
      ],
      [
       116.340652848,
       39.945688239
      ],
      [
       116.340857497,
       39.94570066
      ],
      [
       116.341620582,
       39.945743272
      ],
      [
       116.341643518,
       39.945486726
      ],
      [
       116.340678691,
       39.945433961
      ]
     ]
    ]
   }
  },
  {
   "type": "Feature",
   "id": "lu-osm-399054827",
   "properties": {
    "id": "lu-osm-399054827",
    "layer": "LAND_USE",
    "source_type": "osm",
    "confidence": "low",
    "geometry_role": "existing_condition",
    "land_use_code": "1401",
    "name_zh": "公园绿地",
    "area_sqm_declared": 2381.3,
    "source_id": "osm-landuse-polygons",
    "mapping_note": "OSM landuse=meadow 映射到项目代码表"
   },
   "geometry": {
    "type": "Polygon",
    "coordinates": [
     [
      [
       116.350816215,
       39.959815484
      ],
      [
       116.350880581,
       39.959815844
      ],
      [
       116.350892892,
       39.959442158
      ],
      [
       116.350810973,
       39.959441699
      ],
      [
       116.350217078,
       39.95943612
      ],
      [
       116.350212704,
       39.9595892
      ],
      [
       116.35020536,
       39.959746767
      ],
      [
       116.350222638,
       39.959776134
      ],
      [
       116.35024583,
       39.959798779
      ],
      [
       116.350277906,
       39.959810216
      ],
      [
       116.350310089,
       39.959810397
      ],
      [
       116.350816215,
       39.959815484
      ]
     ]
    ]
   }
  },
  {
   "type": "Feature",
   "id": "lu-osm-609225888",
   "properties": {
    "id": "lu-osm-609225888",
    "layer": "LAND_USE",
    "source_type": "osm",
    "confidence": "low",
    "geometry_role": "existing_condition",
    "land_use_code": "1401",
    "name_zh": "公园绿地",
    "area_sqm_declared": 2388.1,
    "source_id": "osm-landuse-polygons",
    "mapping_note": "OSM leisure:park 多边形映射到项目代码表"
   },
   "geometry": {
    "type": "Polygon",
    "coordinates": [
     [
      [
       116.349999639,
       40.004627635
      ],
      [
       116.350740263,
       40.004638541
      ],
      [
       116.350749339,
       40.004298612
      ],
      [
       116.350008719,
       40.004287706
      ],
      [
       116.349999639,
       40.004627635
      ]
     ]
    ]
   }
  },
  {
   "type": "Feature",
   "id": "lu-osm-1229051799",
   "properties": {
    "id": "lu-osm-1229051799",
    "layer": "LAND_USE",
    "source_type": "osm",
    "confidence": "low",
    "geometry_role": "existing_condition",
    "land_use_code": "0902",
    "name_zh": "商务金融用地",
    "area_sqm_declared": 2437.2,
    "source_id": "osm-landuse-polygons",
    "mapping_note": "OSM landuse=commercial 映射到项目代码表"
   },
   "geometry": {
    "type": "Polygon",
    "coordinates": [
     [
      [
       116.350466245,
       40.012544347
      ],
      [
       116.35091897,
       40.012663963
      ],
      [
       116.35114922,
       40.01215866
      ],
      [
       116.35069652,
       40.012036794
      ],
      [
       116.350466245,
       40.012544347
      ]
     ]
    ]
   }
  },
  {
   "type": "Feature",
   "id": "lu-osm-399054825",
   "properties": {
    "id": "lu-osm-399054825",
    "layer": "LAND_USE",
    "source_type": "osm",
    "confidence": "low",
    "geometry_role": "existing_condition",
    "land_use_code": "1401",
    "name_zh": "公园绿地",
    "area_sqm_declared": 2496.1,
    "source_id": "osm-landuse-polygons",
    "mapping_note": "OSM landuse=meadow 映射到项目代码表"
   },
   "geometry": {
    "type": "Polygon",
    "coordinates": [
     [
      [
       116.350193947,
       39.960334355
      ],
      [
       116.350866843,
       39.960340376
      ],
      [
       116.350870046,
       39.960311124
      ],
      [
       116.350876378,
       39.959950913
      ],
      [
       116.350812034,
       39.959948301
      ],
      [
       116.350294204,
       39.959943149
      ],
      [
       116.350279575,
       39.959943067
      ],
      [
       116.350247349,
       39.959947389
      ],
      [
       116.350223816,
       39.959960766
      ],
      [
       116.350203144,
       39.959980914
      ],
      [
       116.35019862,
       39.960149754
      ],
      [
       116.350193947,
       39.960334355
      ]
     ]
    ]
   }
  },
  {
   "type": "Feature",
   "id": "lu-osm-399054824",
   "properties": {
    "id": "lu-osm-399054824",
    "layer": "LAND_USE",
    "source_type": "osm",
    "confidence": "low",
    "geometry_role": "existing_condition",
    "land_use_code": "1401",
    "name_zh": "公园绿地",
    "area_sqm_declared": 2523.2,
    "source_id": "osm-landuse-polygons",
    "mapping_note": "OSM landuse=meadow 映射到项目代码表"
   },
   "geometry": {
    "type": "Polygon",
    "coordinates": [
     [
      [
       116.350077488,
       39.959964449
      ],
      [
       116.350057178,
       39.959946323
      ],
      [
       116.35001925,
       39.959934853
      ],
      [
       116.349987068,
       39.959934672
      ],
      [
       116.349521965,
       39.959923057
      ],
      [
       116.349489782,
       39.959922877
      ],
      [
       116.349410809,
       39.959920182
      ],
      [
       116.349395543,
       39.960296103
      ],
      [
       116.349395351,
       39.960316366
      ],
      [
       116.350071087,
       39.960331414
      ],
      [
       116.350075718,
       39.960151317
      ],
      [
       116.35008319,
       39.959980242
      ],
      [
       116.350077488,
       39.959964449
      ]
     ]
    ]
   }
  },
  {
   "type": "Feature",
   "id": "lu-osm-1377379912",
   "properties": {
    "id": "lu-osm-1377379912",
    "layer": "LAND_USE",
    "source_type": "osm",
    "confidence": "low",
    "geometry_role": "existing_condition",
    "land_use_code": "0901",
    "name_zh": "商业用地",
    "area_sqm_declared": 2584.5,
    "source_id": "osm-landuse-polygons",
    "mapping_note": "OSM landuse=retail 映射到项目代码表"
   },
   "geometry": {
    "type": "Polygon",
    "coordinates": [
     [
      [
       116.354324757,
       39.965990786
      ],
      [
       116.354427145,
       39.965993608
      ],
      [
       116.354448353,
       39.964672073
      ],
      [
       116.354202512,
       39.964677458
      ],
      [
       116.354210617,
       39.965370977
      ],
      [
       116.354244651,
       39.965796708
      ],
      [
       116.354329419,
       39.965806186
      ],
      [
       116.354324757,
       39.965990786
      ]
     ]
    ]
   }
  },
  {
   "type": "Feature",
   "id": "lu-osm-1339237328",
   "properties": {
    "id": "lu-osm-1339237328",
    "layer": "LAND_USE",
    "source_type": "osm",
    "confidence": "low",
    "geometry_role": "existing_condition",
    "land_use_code": "1401",
    "name_zh": "公园绿地",
    "area_sqm_declared": 2770.8,
    "source_id": "osm-landuse-polygons",
    "mapping_note": "OSM leisure:park 多边形映射到项目代码表"
   },
   "geometry": {
    "type": "Polygon",
    "coordinates": [
     [
      [
       116.352317778,
       39.98734439
      ],
      [
       116.352367152,
       39.987385194
      ],
      [
       116.352844213,
       39.98739011
      ],
      [
       116.35284068,
       39.986833963
      ],
      [
       116.352378343,
       39.986820122
      ],
      [
       116.352316368,
       39.986873813
      ],
      [
       116.352317778,
       39.98734439
      ]
     ]
    ]
   }
  },
  {
   "type": "Feature",
   "id": "lu-osm-949452368",
   "properties": {
    "id": "lu-osm-949452368",
    "layer": "LAND_USE",
    "source_type": "osm",
    "confidence": "low",
    "geometry_role": "existing_condition",
    "land_use_code": "1401",
    "name_zh": "公园绿地",
    "area_sqm_declared": 2771.2,
    "source_id": "osm-landuse-polygons",
    "mapping_note": "OSM leisure:park 多边形映射到项目代码表"
   },
   "geometry": {
    "type": "Polygon",
    "coordinates": [
     [
      [
       116.340307117,
       39.984408204
      ],
      [
       116.340332487,
       39.984813624
      ],
      [
       116.34075689,
       39.984813787
      ],
      [
       116.340776204,
       39.984631523
      ],
      [
       116.341305861,
       39.98464354
      ],
      [
       116.341325411,
       39.984436511
      ],
      [
       116.340675801,
       39.984419308
      ],
      [
       116.340418291,
       39.98441334
      ],
      [
       116.340307117,
       39.984408204
      ]
     ]
    ]
   }
  },
  {
   "type": "Feature",
   "id": "lu-osm-930946271",
   "properties": {
    "id": "lu-osm-930946271",
    "layer": "LAND_USE",
    "source_type": "osm",
    "confidence": "low",
    "geometry_role": "existing_condition",
    "land_use_code": "1402",
    "name_zh": "防护绿地",
    "area_sqm_declared": 2822.0,
    "source_id": "osm-landuse-polygons",
    "mapping_note": "OSM landuse=forest 映射到项目代码表"
   },
   "geometry": {
    "type": "Polygon",
    "coordinates": [
     [
      [
       116.351578982,
       40.017179701
      ],
      [
       116.351270637,
       40.017580997
      ],
      [
       116.351131627,
       40.017726567
      ],
      [
       116.35146775,
       40.017793743
      ],
      [
       116.351606525,
       40.017672937
      ],
      [
       116.351825649,
       40.017725948
      ],
      [
       116.352043068,
       40.017339903
      ],
      [
       116.351578982,
       40.017179701
      ]
     ]
    ]
   }
  },
  {
   "type": "Feature",
   "id": "lu-osm-329967742",
   "properties": {
    "id": "lu-osm-329967742",
    "layer": "LAND_USE",
    "source_type": "osm",
    "confidence": "low",
    "geometry_role": "existing_condition",
    "land_use_code": "1401",
    "name_zh": "文成杰座绿地",
    "area_sqm_declared": 2858.3,
    "source_id": "osm-landuse-polygons",
    "mapping_note": "OSM landuse=meadow 映射到项目代码表"
   },
   "geometry": {
    "type": "Polygon",
    "coordinates": [
     [
      [
       116.341700861,
       40.005999251
      ],
      [
       116.341710301,
       40.006235715
      ],
      [
       116.342453847,
       40.006248942
      ],
      [
       116.342492759,
       40.005855146
      ],
      [
       116.341690599,
       40.005848341
      ],
      [
       116.341700861,
       40.005999251
      ]
     ]
    ]
   }
  },
  {
   "type": "Feature",
   "id": "lu-osm-609222265",
   "properties": {
    "id": "lu-osm-609222265",
    "layer": "LAND_USE",
    "source_type": "osm",
    "confidence": "low",
    "geometry_role": "existing_condition",
    "land_use_code": "0805",
    "name_zh": "体育用地",
    "area_sqm_declared": 2892.0,
    "source_id": "osm-landuse-polygons",
    "mapping_note": "OSM leisure:sports_centre 多边形映射到项目代码表"
   },
   "geometry": {
    "type": "Polygon",
    "coordinates": [
     [
      [
       116.346932497,
       40.002354366
      ],
      [
       116.347500157,
       40.002386833
      ],
      [
       116.34756178,
       40.001756753
      ],
      [
       116.346994104,
       40.001726538
      ],
      [
       116.346932497,
       40.002354366
      ]
     ],
     [
      [
       116.347017341,
       40.00205314
      ],
      [
       116.347039549,
       40.001873143
      ],
      [
       116.347153636,
       40.001882792
      ],
      [
       116.347134377,
       40.002060554
      ],
      [
       116.347017341,
       40.00205314
      ]
     ],
     [
      [
       116.347212186,
       40.001883122
      ],
      [
       116.347390678,
       40.001893133
      ],
      [
       116.347371355,
       40.002077649
      ],
      [
       116.347192863,
       40.002067638
      ],
      [
       116.347212186,
       40.001883122
      ]
     ]
    ]
   }
  },
  {
   "type": "Feature",
   "id": "lu-osm-1118949257",
   "properties": {
    "id": "lu-osm-1118949257",
    "layer": "LAND_USE",
    "source_type": "osm",
    "confidence": "low",
    "geometry_role": "existing_condition",
    "land_use_code": "1401",
    "name_zh": "元大都城垣遗址公园",
    "area_sqm_declared": 2953.3,
    "source_id": "osm-landuse-polygons",
    "mapping_note": "OSM leisure:park 多边形映射到项目代码表"
   },
   "geometry": {
    "type": "Polygon",
    "coordinates": [
     [
      [
       116.347439367,
       39.958011053
      ],
      [
       116.348066638,
       39.956965364
      ],
      [
       116.347545948,
       39.95695568
      ],
      [
       116.347475241,
       39.957007068
      ],
      [
       116.347464303,
       39.957234412
      ],
      [
       116.347439367,
       39.958011053
      ]
     ]
    ]
   }
  },
  {
   "type": "Feature",
   "id": "lu-osm-1044616164",
   "properties": {
    "id": "lu-osm-1044616164",
    "layer": "LAND_USE",
    "source_type": "osm",
    "confidence": "low",
    "geometry_role": "existing_condition",
    "land_use_code": "1401",
    "name_zh": "王庄公园（东区）",
    "area_sqm_declared": 2975.6,
    "source_id": "osm-landuse-polygons",
    "mapping_note": "OSM leisure:park 多边形映射到项目代码表"
   },
   "geometry": {
    "type": "Polygon",
    "coordinates": [
     [
      [
       116.342522482,
       39.999093992
      ],
      [
       116.341252216,
       39.999064264
      ],
      [
       116.341267465,
       39.999305264
      ],
      [
       116.342561133,
       39.999337376
      ],
      [
       116.3425747,
       39.999143822
      ],
      [
       116.342522028,
       39.999141272
      ],
      [
       116.342522482,
       39.999093992
      ]
     ]
    ]
   }
  },
  {
   "type": "Feature",
   "id": "lu-osm-749675151",
   "properties": {
    "id": "lu-osm-749675151",
    "layer": "LAND_USE",
    "source_type": "osm",
    "confidence": "low",
    "geometry_role": "existing_condition",
    "land_use_code": "0805",
    "name_zh": "体育用地",
    "area_sqm_declared": 2980.2,
    "source_id": "osm-landuse-polygons",
    "mapping_note": "OSM leisure:pitch 多边形映射到项目代码表"
   },
   "geometry": {
    "type": "Polygon",
    "coordinates": [
     [
      [
       116.340241256,
       39.978475046
      ],
      [
       116.34021845,
       39.978411873
      ],
      [
       116.340181142,
       39.978335109
      ],
      [
       116.340134925,
       39.978271803
      ],
      [
       116.34007091,
       39.978233162
      ],
      [
       116.339986388,
       39.978196657
      ],
      [
       116.339922179,
       39.978178279
      ],
      [
       116.339904642,
       39.978175927
      ],
      [
       116.339993921,
       39.979543115
      ],
      [
       116.340020368,
       39.979532008
      ],
      [
       116.340123663,
       39.979442535
      ],
      [
       116.340168146,
       39.979381997
      ],
      [
       116.340241256,
       39.978475046
      ]
     ]
    ]
   }
  },
  {
   "type": "Feature",
   "id": "lu-osm-656808581",
   "properties": {
    "id": "lu-osm-656808581",
    "layer": "LAND_USE",
    "source_type": "osm",
    "confidence": "low",
    "geometry_role": "existing_condition",
    "land_use_code": "1401",
    "name_zh": "公园绿地",
    "area_sqm_declared": 3062.4,
    "source_id": "osm-landuse-polygons",
    "mapping_note": "OSM leisure:park 多边形映射到项目代码表"
   },
   "geometry": {
    "type": "Polygon",
    "coordinates": [
     [
      [
       116.354464034,
       39.975448012
      ],
      [
       116.354212387,
       39.975444359
      ],
      [
       116.354191042,
       39.977090111
      ],
      [
       116.354331491,
       39.977093145
      ],
      [
       116.354464034,
       39.975448012
      ]
     ]
    ]
   }
  },
  {
   "type": "Feature",
   "id": "lu-osm-543837318",
   "properties": {
    "id": "lu-osm-543837318",
    "layer": "LAND_USE",
    "source_type": "osm",
    "confidence": "low",
    "geometry_role": "existing_condition",
    "land_use_code": "1401",
    "name_zh": "公园绿地",
    "area_sqm_declared": 3073.2,
    "source_id": "osm-landuse-polygons",
    "mapping_note": "OSM landuse=recreation_ground 映射到项目代码表"
   },
   "geometry": {
    "type": "Polygon",
    "coordinates": [
     [
      [
       116.349258247,
       39.988660158
      ],
      [
       116.349425018,
       39.988667849
      ],
      [
       116.349594717,
       39.988675556
      ],
      [
       116.349609307,
       39.988371682
      ],
      [
       116.349302022,
       39.988365454
      ],
      [
       116.349309713,
       39.988171866
      ],
      [
       116.348820982,
       39.988162366
      ],
      [
       116.348795876,
       39.988648555
      ],
      [
       116.348936348,
       39.988651596
      ],
      [
       116.348989289,
       39.988624875
      ],
      [
       116.349088912,
       39.988614177
      ],
      [
       116.349258247,
       39.988660158
      ]
     ]
    ]
   }
  },
  {
   "type": "Feature",
   "id": "lu-osm-544025735",
   "properties": {
    "id": "lu-osm-544025735",
    "layer": "LAND_USE",
    "source_type": "osm",
    "confidence": "low",
    "geometry_role": "existing_condition",
    "land_use_code": "1401",
    "name_zh": "公园绿地",
    "area_sqm_declared": 3099.3,
    "source_id": "osm-landuse-polygons",
    "mapping_note": "OSM leisure:park 多边形映射到项目代码表"
   },
   "geometry": {
    "type": "Polygon",
    "coordinates": [
     [
      [
       116.340875135,
       39.993219412
      ],
      [
       116.340892941,
       39.993498703
      ],
      [
       116.341141229,
       39.993554151
      ],
      [
       116.341861003,
       39.993589762
      ],
      [
       116.34188777,
       39.993240928
      ],
      [
       116.340875135,
       39.993219412
      ]
     ]
    ]
   }
  },
  {
   "type": "Feature",
   "id": "lu-osm-953938444",
   "properties": {
    "id": "lu-osm-953938444",
    "layer": "LAND_USE",
    "source_type": "osm",
    "confidence": "low",
    "geometry_role": "existing_condition",
    "land_use_code": "16",
    "name_zh": "联合参谋部导航局",
    "area_sqm_declared": 3197.9,
    "source_id": "osm-landuse-polygons",
    "mapping_note": "OSM landuse=military；项目代码表子集内无对应类目，按现状未定型计入留白用地，待现场调查与官方控规确认"
   },
   "geometry": {
    "type": "MultiPolygon",
    "coordinates": [
     [
      [
       [
        116.355147251,
        39.966898231
       ],
       [
        116.354892687,
        39.966896815
       ],
       [
        116.354858237,
        39.968382637
       ],
       [
        116.355004477,
        39.968390206
       ],
       [
        116.354994689,
        39.968808937
       ],
       [
        116.355147251,
        39.966898231
       ]
      ]
     ],
     [
      [
       [
        116.354753957,
        39.971070391
       ],
       [
        116.354750993,
        39.97138559
       ],
       [
        116.354789034,
        39.971385801
       ],
       [
        116.354815428,
        39.971068482
       ],
       [
        116.354753957,
        39.971070391
       ]
      ]
     ]
    ]
   }
  },
  {
   "type": "Feature",
   "id": "lu-osm-544023366",
   "properties": {
    "id": "lu-osm-544023366",
    "layer": "LAND_USE",
    "source_type": "osm",
    "confidence": "low",
    "geometry_role": "existing_condition",
    "land_use_code": "1401",
    "name_zh": "凌霜园",
    "area_sqm_declared": 3369.9,
    "source_id": "osm-landuse-polygons",
    "mapping_note": "OSM leisure:park 多边形映射到项目代码表"
   },
   "geometry": {
    "type": "Polygon",
    "coordinates": [
     [
      [
       116.345011969,
       39.993771973
      ],
      [
       116.345005299,
       39.994163701
      ],
      [
       116.346017971,
       39.994182929
      ],
      [
       116.346031011,
       39.994043408
      ],
      [
       116.345696794,
       39.993789351
      ],
      [
       116.345011969,
       39.993771973
      ]
     ]
    ]
   }
  },
  {
   "type": "Feature",
   "id": "lu-osm-934940423",
   "properties": {
    "id": "lu-osm-934940423",
    "layer": "LAND_USE",
    "source_type": "osm",
    "confidence": "low",
    "geometry_role": "existing_condition",
    "land_use_code": "0804",
    "name_zh": "中国农业科学院附属小学（政法路校区）",
    "area_sqm_declared": 3374.6,
    "source_id": "osm-landuse-polygons",
    "mapping_note": "OSM amenity:school 多边形映射到项目代码表"
   },
   "geometry": {
    "type": "Polygon",
    "coordinates": [
     [
      [
       116.344075045,
       39.962263236
      ],
      [
       116.34462783,
       39.962286626
      ],
      [
       116.3446963,
       39.96155076
      ],
      [
       116.34455881,
       39.961547731
      ],
      [
       116.343915268,
       39.961530581
      ],
      [
       116.343914945,
       39.961564353
      ],
      [
       116.344628771,
       39.961575145
      ],
      [
       116.344622707,
       39.961903835
      ],
      [
       116.343897174,
       39.961892977
      ],
      [
       116.343882135,
       39.96224188
      ],
      [
       116.343796921,
       39.962279674
      ],
      [
       116.343784163,
       39.962389927
      ],
      [
       116.344038774,
       39.962384613
      ],
      [
       116.344045357,
       39.962308098
      ],
      [
       116.344068742,
       39.962310482
      ],
      [
       116.344075045,
       39.962263236
      ]
     ]
    ]
   }
  },
  {
   "type": "Feature",
   "id": "lu-osm-498067178",
   "properties": {
    "id": "lu-osm-498067178",
    "layer": "LAND_USE",
    "source_type": "osm",
    "confidence": "low",
    "geometry_role": "existing_condition",
    "land_use_code": "0805",
    "name_zh": "体育场",
    "area_sqm_declared": 3392.2,
    "source_id": "osm-landuse-polygons",
    "mapping_note": "OSM leisure:stadium 多边形映射到项目代码表"
   },
   "geometry": {
    "type": "Polygon",
    "coordinates": [
     [
      [
       116.339826512,
       39.970479741
      ],
      [
       116.340089866,
       39.970481241
      ],
      [
       116.340092234,
       39.969017757
      ],
      [
       116.339866925,
       39.969016474
      ],
      [
       116.339826512,
       39.970479741
      ]
     ]
    ]
   }
  },
  {
   "type": "Feature",
   "id": "lu-osm-131835343",
   "properties": {
    "id": "lu-osm-131835343",
    "layer": "LAND_USE",
    "source_type": "osm",
    "confidence": "low",
    "geometry_role": "existing_condition",
    "land_use_code": "0805",
    "name_zh": "游泳馆",
    "area_sqm_declared": 3423.8,
    "source_id": "osm-landuse-polygons",
    "mapping_note": "OSM leisure:sports_centre 多边形映射到项目代码表"
   },
   "geometry": {
    "type": "Polygon",
    "coordinates": [
     [
      [
       116.342158492,
       39.978751624
      ],
      [
       116.342110978,
       39.979433568
      ],
      [
       116.342257262,
       39.979438901
      ],
      [
       116.342640509,
       39.979454585
      ],
      [
       116.342685091,
       39.978772623
      ],
      [
       116.342158492,
       39.978751624
      ]
     ]
    ]
   }
  },
  {
   "type": "Feature",
   "id": "lu-osm-437731457",
   "properties": {
    "id": "lu-osm-437731457",
    "layer": "LAND_USE",
    "source_type": "osm",
    "confidence": "low",
    "geometry_role": "existing_condition",
    "land_use_code": "1401",
    "name_zh": "冬日广场",
    "area_sqm_declared": 3530.1,
    "source_id": "osm-landuse-polygons",
    "mapping_note": "OSM leisure:park 多边形映射到项目代码表"
   },
   "geometry": {
    "type": "Polygon",
    "coordinates": [
     [
      [
       116.341091371,
       39.988994526
      ],
      [
       116.341070182,
       39.989676618
      ],
      [
       116.341614534,
       39.989686466
      ],
      [
       116.341630933,
       39.989197978
      ],
      [
       116.341638645,
       39.98900439
      ],
      [
       116.341091371,
       39.988994526
      ]
     ]
    ]
   }
  },
  {
   "type": "Feature",
   "id": "lu-osm-934940425",
   "properties": {
    "id": "lu-osm-934940425",
    "layer": "LAND_USE",
    "source_type": "osm",
    "confidence": "low",
    "geometry_role": "existing_condition",
    "land_use_code": "0804",
    "name_zh": "北京邮电大学附属小学（明光村校区）",
    "area_sqm_declared": 3709.2,
    "source_id": "osm-landuse-polygons",
    "mapping_note": "OSM amenity:school 多边形映射到项目代码表"
   },
   "geometry": {
    "type": "Polygon",
    "coordinates": [
     [
      [
       116.347801373,
       39.953782444
      ],
      [
       116.347806395,
       39.953561822
      ],
      [
       116.347054128,
       39.953602618
      ],
      [
       116.34692376,
       39.953775252
      ],
      [
       116.346935604,
       39.954068019
      ],
      [
       116.347672905,
       39.954063164
      ],
      [
       116.347685955,
       39.953921391
      ],
      [
       116.347806048,
       39.953906306
      ],
      [
       116.347801373,
       39.953782444
      ]
     ]
    ]
   }
  },
  {
   "type": "Feature",
   "id": "lu-osm-544023360",
   "properties": {
    "id": "lu-osm-544023360",
    "layer": "LAND_USE",
    "source_type": "osm",
    "confidence": "low",
    "geometry_role": "existing_condition",
    "land_use_code": "1401",
    "name_zh": "来园",
    "area_sqm_declared": 3830.1,
    "source_id": "osm-landuse-polygons",
    "mapping_note": "OSM leisure:park 多边形映射到项目代码表"
   },
   "geometry": {
    "type": "Polygon",
    "coordinates": [
     [
      [
       116.343032688,
       39.993204644
      ],
      [
       116.343910654,
       39.99322763
      ],
      [
       116.343958847,
       39.992779849
      ],
      [
       116.343045805,
       39.992752162
      ],
      [
       116.343032688,
       39.993204644
      ]
     ]
    ]
   }
  },
  {
   "type": "Feature",
   "id": "lu-osm-498067727",
   "properties": {
    "id": "lu-osm-498067727",
    "layer": "LAND_USE",
    "source_type": "osm",
    "confidence": "low",
    "geometry_role": "existing_condition",
    "land_use_code": "0701",
    "name_zh": "北区",
    "area_sqm_declared": 3909.9,
    "source_id": "osm-landuse-polygons",
    "mapping_note": "OSM landuse=residential 映射到项目代码表"
   },
   "geometry": {
    "type": "Polygon",
    "coordinates": [
     [
      [
       116.341418605,
       39.973510357
      ],
      [
       116.342088595,
       39.973527671
      ],
      [
       116.342114972,
       39.972913152
      ],
      [
       116.341444988,
       39.972895838
      ],
      [
       116.341418605,
       39.973510357
      ]
     ]
    ]
   }
  },
  {
   "type": "Feature",
   "id": "lu-osm-169065601",
   "properties": {
    "id": "lu-osm-169065601",
    "layer": "LAND_USE",
    "source_type": "osm",
    "confidence": "low",
    "geometry_role": "existing_condition",
    "land_use_code": "0804",
    "name_zh": "信息与电气工程学院",
    "area_sqm_declared": 3935.6,
    "source_id": "osm-landuse-polygons",
    "mapping_note": "OSM amenity:college 多边形映射到项目代码表"
   },
   "geometry": {
    "type": "Polygon",
    "coordinates": [
     [
      [
       116.349993573,
       40.004958574
      ],
      [
       116.350277553,
       40.004960167
      ],
      [
       116.350276017,
       40.005122268
      ],
      [
       116.350059371,
       40.005121053
      ],
      [
       116.350057322,
       40.005337188
      ],
      [
       116.350250547,
       40.005338271
      ],
      [
       116.350249095,
       40.005491367
      ],
      [
       116.349970989,
       40.005487555
      ],
      [
       116.349968896,
       40.005708193
      ],
      [
       116.350510493,
       40.005713481
      ],
      [
       116.350525544,
       40.004743159
      ],
      [
       116.349995665,
       40.004737937
      ],
      [
       116.349993573,
       40.004958574
      ]
     ]
    ]
   }
  },
  {
   "type": "Feature",
   "id": "lu-osm-544025734",
   "properties": {
    "id": "lu-osm-544025734",
    "layer": "LAND_USE",
    "source_type": "osm",
    "confidence": "low",
    "geometry_role": "existing_condition",
    "land_use_code": "1401",
    "name_zh": "公园绿地",
    "area_sqm_declared": 3974.6,
    "source_id": "osm-landuse-polygons",
    "mapping_note": "OSM leisure:park 多边形映射到项目代码表"
   },
   "geometry": {
    "type": "Polygon",
    "coordinates": [
     [
      [
       116.34548177,
       39.993315316
      ],
      [
       116.344779387,
       39.993297838
      ],
      [
       116.344771661,
       39.993493677
      ],
      [
       116.344385343,
       39.993484738
      ],
      [
       116.344374732,
       39.993676058
      ],
      [
       116.345887854,
       39.993707123
      ],
      [
       116.345904186,
       39.993529344
      ],
      [
       116.345465157,
       39.993522363
      ],
      [
       116.34548177,
       39.993315316
      ]
     ]
    ]
   }
  },
  {
   "type": "Feature",
   "id": "lu-osm-167166122",
   "properties": {
    "id": "lu-osm-167166122",
    "layer": "LAND_USE",
    "source_type": "osm",
    "confidence": "low",
    "geometry_role": "existing_condition",
    "land_use_code": "0805",
    "name_zh": "体育用地",
    "area_sqm_declared": 3993.4,
    "source_id": "osm-landuse-polygons",
    "mapping_note": "OSM leisure:pitch 多边形映射到项目代码表"
   },
   "geometry": {
    "type": "Polygon",
    "coordinates": [
     [
      [
       116.352648673,
       40.001591648
      ],
      [
       116.353310201,
       40.001604347
      ],
      [
       116.353333756,
       40.000969549
      ],
      [
       116.352669306,
       40.000956833
      ],
      [
       116.352648673,
       40.001591648
      ]
     ]
    ]
   }
  },
  {
   "type": "Feature",
   "id": "lu-osm-167304641",
   "properties": {
    "id": "lu-osm-167304641",
    "layer": "LAND_USE",
    "source_type": "osm",
    "confidence": "low",
    "geometry_role": "existing_condition",
    "land_use_code": "0804",
    "name_zh": "中国农业大学附属实验小学",
    "area_sqm_declared": 4033.7,
    "source_id": "osm-landuse-polygons",
    "mapping_note": "OSM amenity:school 多边形映射到项目代码表"
   },
   "geometry": {
    "type": "Polygon",
    "coordinates": [
     [
      [
       116.347776237,
       40.001679157
      ],
      [
       116.347140886,
       40.001684586
      ],
      [
       116.3471405,
       40.001725111
      ],
      [
       116.346964893,
       40.001719619
      ],
      [
       116.346914953,
       40.002352015
      ],
      [
       116.34679204,
       40.00234682
      ],
      [
       116.346778098,
       40.0025809
      ],
      [
       116.347740913,
       40.002622347
      ],
      [
       116.347776237,
       40.001679157
      ]
     ],
     [
      [
       116.34756178,
       40.001756753
      ],
      [
       116.347500157,
       40.002386833
      ],
      [
       116.346932497,
       40.002354366
      ],
      [
       116.346994104,
       40.001726538
      ],
      [
       116.34756178,
       40.001756753
      ]
     ]
    ]
   }
  },
  {
   "type": "Feature",
   "id": "lu-osm-290283261",
   "properties": {
    "id": "lu-osm-290283261",
    "layer": "LAND_USE",
    "source_type": "osm",
    "confidence": "low",
    "geometry_role": "existing_condition",
    "land_use_code": "1401",
    "name_zh": "公园绿地",
    "area_sqm_declared": 4074.2,
    "source_id": "osm-landuse-polygons",
    "mapping_note": "OSM landuse=grass 映射到项目代码表"
   },
   "geometry": {
    "type": "Polygon",
    "coordinates": [
     [
      [
       116.345038836,
       39.994636711
      ],
      [
       116.345014969,
       39.994990066
      ],
      [
       116.346229394,
       39.995035199
      ],
      [
       116.346250328,
       39.994681827
      ],
      [
       116.345038836,
       39.994636711
      ]
     ]
    ]
   }
  },
  {
   "type": "Feature",
   "id": "lu-osm-325387939",
   "properties": {
    "id": "lu-osm-325387939",
    "layer": "LAND_USE",
    "source_type": "osm",
    "confidence": "low",
    "geometry_role": "existing_condition",
    "land_use_code": "1401",
    "name_zh": "公园绿地",
    "area_sqm_declared": 4079.7,
    "source_id": "osm-landuse-polygons",
    "mapping_note": "OSM landuse=grass 映射到项目代码表"
   },
   "geometry": {
    "type": "Polygon",
    "coordinates": [
     [
      [
       116.353800203,
       39.966694846
      ],
      [
       116.353086258,
       39.966690864
      ],
      [
       116.352691269,
       39.966686407
      ],
      [
       116.352689125,
       39.9669138
      ],
      [
       116.354679046,
       39.966900129
      ],
      [
       116.354683983,
       39.96668626
      ],
      [
       116.353800203,
       39.966694846
      ]
     ]
    ]
   }
  },
  {
   "type": "Feature",
   "id": "lu-osm-265003799",
   "properties": {
    "id": "lu-osm-265003799",
    "layer": "LAND_USE",
    "source_type": "osm",
    "confidence": "low",
    "geometry_role": "existing_condition",
    "land_use_code": "1401",
    "name_zh": "公园绿地",
    "area_sqm_declared": 4137.0,
    "source_id": "osm-landuse-polygons",
    "mapping_note": "OSM leisure:park 多边形映射到项目代码表"
   },
   "geometry": {
    "type": "Polygon",
    "coordinates": [
     [
      [
       116.343677163,
       39.984591698
      ],
      [
       116.344399901,
       39.9846138
      ],
      [
       116.344432009,
       39.984010572
      ],
      [
       116.343709278,
       39.983988469
      ],
      [
       116.34368037,
       39.984562446
      ],
      [
       116.343677163,
       39.984591698
      ]
     ]
    ]
   }
  },
  {
   "type": "Feature",
   "id": "lu-osm-666453941",
   "properties": {
    "id": "lu-osm-666453941",
    "layer": "LAND_USE",
    "source_type": "osm",
    "confidence": "low",
    "geometry_role": "existing_condition",
    "land_use_code": "0805",
    "name_zh": "体育用地",
    "area_sqm_declared": 4198.6,
    "source_id": "osm-landuse-polygons",
    "mapping_note": "OSM leisure:pitch 多边形映射到项目代码表"
   },
   "geometry": {
    "type": "Polygon",
    "coordinates": [
     [
      [
       116.345144992,
       39.971563628
      ],
      [
       116.345777074,
       39.971564945
      ],
      [
       116.345780823,
       39.970864739
      ],
      [
       116.345148748,
       39.970863422
      ],
      [
       116.345144992,
       39.971563628
      ]
     ]
    ]
   }
  },
  {
   "type": "Feature",
   "id": "lu-osm-544023371",
   "properties": {
    "id": "lu-osm-544023371",
    "layer": "LAND_USE",
    "source_type": "osm",
    "confidence": "low",
    "geometry_role": "existing_condition",
    "land_use_code": "1401",
    "name_zh": "公园绿地",
    "area_sqm_declared": 4232.4,
    "source_id": "osm-landuse-polygons",
    "mapping_note": "OSM leisure:park 多边形映射到项目代码表"
   },
   "geometry": {
    "type": "Polygon",
    "coordinates": [
     [
      [
       116.343437659,
       39.992182494
      ],
      [
       116.343139204,
       39.992169546
      ],
      [
       116.343144303,
       39.992248378
      ],
      [
       116.343208009,
       39.992320788
      ],
      [
       116.343239841,
       39.992359244
      ],
      [
       116.342960257,
       39.992515266
      ],
      [
       116.34276819,
       39.992397098
      ],
      [
       116.3423672,
       39.992392572
      ],
      [
       116.342144784,
       39.992386807
      ],
      [
       116.342130182,
       39.992688428
      ],
      [
       116.343494148,
       39.992702917
      ],
      [
       116.34350315,
       39.992374245
      ],
      [
       116.343439379,
       39.99230859
      ],
      [
       116.343437659,
       39.992182494
      ]
     ]
    ]
   }
  },
  {
   "type": "Feature",
   "id": "lu-osm-656808582",
   "properties": {
    "id": "lu-osm-656808582",
    "layer": "LAND_USE",
    "source_type": "osm",
    "confidence": "low",
    "geometry_role": "existing_condition",
    "land_use_code": "0804",
    "name_zh": "北京明天幼稚集团第一幼儿园",
    "area_sqm_declared": 4248.7,
    "source_id": "osm-landuse-polygons",
    "mapping_note": "OSM amenity:kindergarten 多边形映射到项目代码表"
   },
   "geometry": {
    "type": "Polygon",
    "coordinates": [
     [
      [
       116.354328119,
       39.977140409
      ],
      [
       116.353783821,
       39.977135124
      ],
      [
       116.353766898,
       39.977999618
      ],
      [
       116.354258526,
       39.97800461
      ],
      [
       116.354328119,
       39.977140409
      ]
     ]
    ]
   }
  },
  {
   "type": "Feature",
   "id": "lu-osm-279281877",
   "properties": {
    "id": "lu-osm-279281877",
    "layer": "LAND_USE",
    "source_type": "osm",
    "confidence": "low",
    "geometry_role": "existing_condition",
    "land_use_code": "0804",
    "name_zh": "工学院",
    "area_sqm_declared": 4473.4,
    "source_id": "osm-landuse-polygons",
    "mapping_note": "OSM amenity:college 多边形映射到项目代码表"
   },
   "geometry": {
    "type": "Polygon",
    "coordinates": [
     [
      [
       116.350978246,
       40.004241354
      ],
      [
       116.351311951,
       40.004247726
      ],
      [
       116.351304242,
       40.004443565
      ],
      [
       116.351291879,
       40.004821752
      ],
      [
       116.351066494,
       40.004815987
      ],
      [
       116.35105872,
       40.00501858
      ],
      [
       116.351673439,
       40.005031027
      ],
      [
       116.351705826,
       40.004083317
      ],
      [
       116.350985743,
       40.004068029
      ],
      [
       116.350978246,
       40.004241354
      ]
     ]
    ]
   }
  },
  {
   "type": "Feature",
   "id": "lu-osm-437945145",
   "properties": {
    "id": "lu-osm-437945145",
    "layer": "LAND_USE",
    "source_type": "osm",
    "confidence": "low",
    "geometry_role": "existing_condition",
    "land_use_code": "1401",
    "name_zh": "花园",
    "area_sqm_declared": 4595.6,
    "source_id": "osm-landuse-polygons",
    "mapping_note": "OSM leisure:park 多边形映射到项目代码表"
   },
   "geometry": {
    "type": "Polygon",
    "coordinates": [
     [
      [
       116.34480583,
       39.991143277
      ],
      [
       116.345844736,
       39.991169409
      ],
      [
       116.345863817,
       39.99070345
      ],
      [
       116.344824918,
       39.990677318
      ],
      [
       116.34480583,
       39.991143277
      ]
     ]
    ]
   }
  },
  {
   "type": "Feature",
   "id": "lu-osm-270316982",
   "properties": {
    "id": "lu-osm-270316982",
    "layer": "LAND_USE",
    "source_type": "osm",
    "confidence": "low",
    "geometry_role": "existing_condition",
    "land_use_code": "0805",
    "name_zh": "体育用地",
    "area_sqm_declared": 4705.3,
    "source_id": "osm-landuse-polygons",
    "mapping_note": "OSM leisure:pitch 多边形映射到项目代码表"
   },
   "geometry": {
    "type": "Polygon",
    "coordinates": [
     [
      [
       116.352678907,
       39.989708262
      ],
      [
       116.352696496,
       39.989395397
      ],
      [
       116.351847866,
       39.989370391
      ],
      [
       116.351833285,
       39.989674266
      ],
      [
       116.352330766,
       39.989688305
      ],
      [
       116.352316251,
       39.989985425
      ],
      [
       116.35313564,
       39.990008013
      ],
      [
       116.353146439,
       39.989794178
      ],
      [
       116.353150046,
       39.98972215
      ],
      [
       116.352678907,
       39.989708262
      ]
     ]
    ]
   }
  },
  {
   "type": "Feature",
   "id": "lu-osm-1386554252",
   "properties": {
    "id": "lu-osm-1386554252",
    "layer": "LAND_USE",
    "source_type": "osm",
    "confidence": "low",
    "geometry_role": "existing_condition",
    "land_use_code": "0701",
    "name_zh": "城镇住宅用地",
    "area_sqm_declared": 4711.1,
    "source_id": "osm-landuse-polygons",
    "mapping_note": "OSM landuse=residential 映射到项目代码表"
   },
   "geometry": {
    "type": "Polygon",
    "coordinates": [
     [
      [
       116.355298781,
       39.961358038
      ],
      [
       116.355149587,
       39.961354956
      ],
      [
       116.355016914,
       39.963641782
      ],
      [
       116.355300618,
       39.963654618
      ],
      [
       116.355298781,
       39.961358038
      ]
     ]
    ]
   }
  },
  {
   "type": "Feature",
   "id": "lu-osm-930935495",
   "properties": {
    "id": "lu-osm-930935495",
    "layer": "LAND_USE",
    "source_type": "osm",
    "confidence": "low",
    "geometry_role": "existing_condition",
    "land_use_code": "0701",
    "name_zh": "中建壹品·学府公馆",
    "area_sqm_declared": 4711.9,
    "source_id": "osm-landuse-polygons",
    "mapping_note": "OSM landuse=residential 映射到项目代码表"
   },
   "geometry": {
    "type": "Polygon",
    "coordinates": [
     [
      [
       116.354221165,
       40.006837463
      ],
      [
       116.354153785,
       40.00559875
      ],
      [
       116.354088761,
       40.005663682
      ],
      [
       116.353750571,
       40.006132365
      ],
      [
       116.353499165,
       40.006711855
      ],
      [
       116.354221165,
       40.006837463
      ]
     ]
    ]
   }
  },
  {
   "type": "Feature",
   "id": "lu-osm-961072605",
   "properties": {
    "id": "lu-osm-961072605",
    "layer": "LAND_USE",
    "source_type": "osm",
    "confidence": "low",
    "geometry_role": "existing_condition",
    "land_use_code": "0701",
    "name_zh": "红联南村",
    "area_sqm_declared": 4762.5,
    "source_id": "osm-landuse-polygons",
    "mapping_note": "OSM landuse=residential 映射到项目代码表"
   },
   "geometry": {
    "type": "Polygon",
    "coordinates": [
     [
      [
       116.355301352,
       39.948621079
      ],
      [
       116.355298558,
       39.947983876
      ],
      [
       116.355123807,
       39.947901849
      ],
      [
       116.354733649,
       39.947706045
      ],
      [
       116.354336952,
       39.948205931
      ],
      [
       116.355301352,
       39.948621079
      ]
     ]
    ]
   }
  },
  {
   "type": "Feature",
   "id": "lu-osm-442081712",
   "properties": {
    "id": "lu-osm-442081712",
    "layer": "LAND_USE",
    "source_type": "osm",
    "confidence": "low",
    "geometry_role": "existing_condition",
    "land_use_code": "0805",
    "name_zh": "体育用地",
    "area_sqm_declared": 4775.6,
    "source_id": "osm-landuse-polygons",
    "mapping_note": "OSM leisure:pitch 多边形映射到项目代码表"
   },
   "geometry": {
    "type": "Polygon",
    "coordinates": [
     [
      [
       116.353333226,
       39.983644042
      ],
      [
       116.35380725,
       39.983657943
      ],
      [
       116.353886844,
       39.982665462
      ],
      [
       116.353395288,
       39.982649211
      ],
      [
       116.353365024,
       39.982754864
      ],
      [
       116.353310237,
       39.983598883
      ],
      [
       116.353333226,
       39.983644042
      ]
     ]
    ]
   }
  },
  {
   "type": "Feature",
   "id": "lu-osm-498067197",
   "properties": {
    "id": "lu-osm-498067197",
    "layer": "LAND_USE",
    "source_type": "osm",
    "confidence": "low",
    "geometry_role": "existing_condition",
    "land_use_code": "0805",
    "name_zh": "羽毛球馆",
    "area_sqm_declared": 4856.2,
    "source_id": "osm-landuse-polygons",
    "mapping_note": "OSM leisure:sports_centre 多边形映射到项目代码表"
   },
   "geometry": {
    "type": "Polygon",
    "coordinates": [
     [
      [
       116.33987245,
       39.968746321
      ],
      [
       116.341075027,
       39.968757666
      ],
      [
       116.341082039,
       39.968332166
      ],
      [
       116.339885343,
       39.968318603
      ],
      [
       116.33987245,
       39.968746321
      ]
     ]
    ]
   }
  },
  {
   "type": "Feature",
   "id": "lu-osm-543828495",
   "properties": {
    "id": "lu-osm-543828495",
    "layer": "LAND_USE",
    "source_type": "osm",
    "confidence": "low",
    "geometry_role": "existing_condition",
    "land_use_code": "1401",
    "name_zh": "公园绿地",
    "area_sqm_declared": 5235.6,
    "source_id": "osm-landuse-polygons",
    "mapping_note": "OSM leisure:park 多边形映射到项目代码表"
   },
   "geometry": {
    "type": "Polygon",
    "coordinates": [
     [
      [
       116.351692719,
       39.98472687
      ],
      [
       116.35178347,
       39.984725126
      ],
      [
       116.351796378,
       39.984288401
      ],
      [
       116.351606161,
       39.984285086
      ],
      [
       116.350418113,
       39.984255918
      ],
      [
       116.350371072,
       39.98427817
      ],
      [
       116.350358986,
       39.984627089
      ],
      [
       116.350396949,
       39.984636308
      ],
      [
       116.351558726,
       39.984658574
      ],
      [
       116.351558088,
       39.984726117
      ],
      [
       116.351692719,
       39.98472687
      ]
     ]
    ]
   }
  },
  {
   "type": "Feature",
   "id": "lu-osm-1136715246",
   "properties": {
    "id": "lu-osm-1136715246",
    "layer": "LAND_USE",
    "source_type": "osm",
    "confidence": "low",
    "geometry_role": "existing_condition",
    "land_use_code": "16",
    "name_zh": "留白用地",
    "area_sqm_declared": 5304.1,
    "source_id": "osm-landuse-polygons",
    "mapping_note": "OSM landuse=brownfield；项目代码表子集内无对应类目，按现状未定型计入留白用地，待现场调查与官方控规确认"
   },
   "geometry": {
    "type": "Polygon",
    "coordinates": [
     [
      [
       116.349576446,
       39.944288651
      ],
      [
       116.349198966,
       39.944302293
      ],
      [
       116.349194761,
       39.944437362
      ],
      [
       116.348949014,
       39.944440486
      ],
      [
       116.34892617,
       39.944690279
      ],
      [
       116.349353229,
       39.944692676
      ],
      [
       116.349338677,
       39.945611225
      ],
      [
       116.349771677,
       39.945604648
      ],
      [
       116.349775019,
       39.944942713
      ],
      [
       116.349579039,
       39.944941613
      ],
      [
       116.349576446,
       39.944288651
      ]
     ]
    ]
   }
  },
  {
   "type": "Feature",
   "id": "lu-osm-30784020",
   "properties": {
    "id": "lu-osm-30784020",
    "layer": "LAND_USE",
    "source_type": "osm",
    "confidence": "low",
    "geometry_role": "existing_condition",
    "land_use_code": "0804",
    "name_zh": "北京师范大学",
    "area_sqm_declared": 5360.9,
    "source_id": "osm-landuse-polygons",
    "mapping_note": "OSM amenity:university 多边形映射到项目代码表"
   },
   "geometry": {
    "type": "Polygon",
    "coordinates": [
     [
      [
       116.355141691,
       39.960949635
      ],
      [
       116.355120774,
       39.961307514
      ],
      [
       116.354996306,
       39.963655176
      ],
      [
       116.355300534,
       39.963663623
      ],
      [
       116.355300618,
       39.963654618
      ],
      [
       116.355016914,
       39.963641782
      ],
      [
       116.355149587,
       39.961354956
      ],
      [
       116.355298781,
       39.961358038
      ],
      [
       116.355301697,
       39.963539795
      ],
      [
       116.355300172,
       39.95684821
      ],
      [
       116.355213978,
       39.957926219
      ],
      [
       116.355180719,
       39.958975252
      ],
      [
       116.355141691,
       39.960949635
      ]
     ]
    ]
   }
  },
  {
   "type": "Feature",
   "id": "lu-osm-499007315",
   "properties": {
    "id": "lu-osm-499007315",
    "layer": "LAND_USE",
    "source_type": "osm",
    "confidence": "low",
    "geometry_role": "existing_condition",
    "land_use_code": "0804",
    "name_zh": "中关村中学蓟门里",
    "area_sqm_declared": 5474.5,
    "source_id": "osm-landuse-polygons",
    "mapping_note": "OSM amenity:school 多边形映射到项目代码表"
   },
   "geometry": {
    "type": "Polygon",
    "coordinates": [
     [
      [
       116.344972156,
       39.971889124
      ],
      [
       116.345902715,
       39.971892127
      ],
      [
       116.34591024,
       39.970795672
      ],
      [
       116.344979696,
       39.970792669
      ],
      [
       116.344976389,
       39.971445595
      ],
      [
       116.344972156,
       39.971889124
      ]
     ],
     [
      [
       116.345780823,
       39.970864739
      ],
      [
       116.345777074,
       39.971564945
      ],
      [
       116.345144992,
       39.971563628
      ],
      [
       116.345148748,
       39.970863422
      ],
      [
       116.345780823,
       39.970864739
      ]
     ]
    ]
   }
  },
  {
   "type": "Feature",
   "id": "lu-osm-190426330",
   "properties": {
    "id": "lu-osm-190426330",
    "layer": "LAND_USE",
    "source_type": "osm",
    "confidence": "low",
    "geometry_role": "existing_condition",
    "land_use_code": "0805",
    "name_zh": "体育馆",
    "area_sqm_declared": 5485.3,
    "source_id": "osm-landuse-polygons",
    "mapping_note": "OSM leisure:sports_centre 多边形映射到项目代码表"
   },
   "geometry": {
    "type": "Polygon",
    "coordinates": [
     [
      [
       116.342841196,
       39.979280103
      ],
      [
       116.343078203,
       39.97928595
      ],
      [
       116.343070776,
       39.979450269
      ],
      [
       116.343348732,
       39.979458599
      ],
      [
       116.343647175,
       39.979467044
      ],
      [
       116.343657592,
       39.979295987
      ],
      [
       116.343877017,
       39.979303983
      ],
      [
       116.343884292,
       39.979155423
      ],
      [
       116.343895052,
       39.978948343
      ],
      [
       116.343696092,
       39.978942714
      ],
      [
       116.343703646,
       39.978764886
      ],
      [
       116.343092156,
       39.978745661
      ],
      [
       116.343081695,
       39.978921221
      ],
      [
       116.342859323,
       39.978915458
      ],
      [
       116.342848408,
       39.979138298
      ],
      [
       116.342841196,
       39.979280103
      ]
     ]
    ]
   }
  },
  {
   "type": "Feature",
   "id": "lu-osm-666326834",
   "properties": {
    "id": "lu-osm-666326834",
    "layer": "LAND_USE",
    "source_type": "osm",
    "confidence": "low",
    "geometry_role": "existing_condition",
    "land_use_code": "0805",
    "name_zh": "体育用地",
    "area_sqm_declared": 5570.2,
    "source_id": "osm-landuse-polygons",
    "mapping_note": "OSM leisure:pitch 多边形映射到项目代码表"
   },
   "geometry": {
    "type": "Polygon",
    "coordinates": [
     [
      [
       116.349841517,
       39.968505461
      ],
      [
       116.349250449,
       39.968502145
      ],
      [
       116.349238985,
       39.969711155
      ],
      [
       116.349391143,
       39.969712009
      ],
      [
       116.349393897,
       39.969421576
      ],
      [
       116.349832814,
       39.969424039
      ],
      [
       116.349841517,
       39.968505461
      ]
     ]
    ]
   }
  },
  {
   "type": "Feature",
   "id": "lu-osm-435148053",
   "properties": {
    "id": "lu-osm-435148053",
    "layer": "LAND_USE",
    "source_type": "osm",
    "confidence": "low",
    "geometry_role": "existing_condition",
    "land_use_code": "1401",
    "name_zh": "元大都公园明光村小区处",
    "area_sqm_declared": 5583.7,
    "source_id": "osm-landuse-polygons",
    "mapping_note": "OSM leisure:park 多边形映射到项目代码表"
   },
   "geometry": {
    "type": "Polygon",
    "coordinates": [
     [
      [
       116.348563926,
       39.956049531
      ],
      [
       116.348543832,
       39.956008891
      ],
      [
       116.348374535,
       39.955967411
      ],
      [
       116.348058918,
       39.955929612
      ],
      [
       116.347868352,
       39.95597132
      ],
      [
       116.34768607,
       39.956064859
      ],
      [
       116.347620424,
       39.956199582
      ],
      [
       116.347544889,
       39.956451329
      ],
      [
       116.347519987,
       39.956608797
      ],
      [
       116.348447734,
       39.95657799
      ],
      [
       116.348545453,
       39.956454705
      ],
      [
       116.348582653,
       39.956234263
      ],
      [
       116.348563926,
       39.956049531
      ]
     ]
    ]
   }
  },
  {
   "type": "Feature",
   "id": "lu-osm-499474090",
   "properties": {
    "id": "lu-osm-499474090",
    "layer": "LAND_USE",
    "source_type": "osm",
    "confidence": "low",
    "geometry_role": "existing_condition",
    "land_use_code": "0804",
    "name_zh": "海淀区学院路小学",
    "area_sqm_declared": 5586.0,
    "source_id": "osm-landuse-polygons",
    "mapping_note": "OSM amenity:school 多边形映射到项目代码表"
   },
   "geometry": {
    "type": "Polygon",
    "coordinates": [
     [
      [
       116.344695248,
       39.969935478
      ],
      [
       116.345473601,
       39.969939875
      ],
      [
       116.345483742,
       39.969183417
      ],
      [
       116.344705398,
       39.969179019
      ],
      [
       116.344695248,
       39.969935478
      ]
     ]
    ]
   }
  },
  {
   "type": "Feature",
   "id": "lu-osm-1050335676",
   "properties": {
    "id": "lu-osm-1050335676",
    "layer": "LAND_USE",
    "source_type": "osm",
    "confidence": "low",
    "geometry_role": "existing_condition",
    "land_use_code": "0805",
    "name_zh": "体育用地",
    "area_sqm_declared": 5670.9,
    "source_id": "osm-landuse-polygons",
    "mapping_note": "OSM leisure:pitch 多边形映射到项目代码表"
   },
   "geometry": {
    "type": "Polygon",
    "coordinates": [
     [
      [
       116.345642627,
       39.952824632
      ],
      [
       116.345633357,
       39.951955484
      ],
      [
       116.344945809,
       39.951960608
      ],
      [
       116.344955071,
       39.952829755
      ],
      [
       116.345642627,
       39.952824632
      ]
     ]
    ]
   }
  },
  {
   "type": "Feature",
   "id": "lu-osm-1055249598",
   "properties": {
    "id": "lu-osm-1055249598",
    "layer": "LAND_USE",
    "source_type": "osm",
    "confidence": "low",
    "geometry_role": "existing_condition",
    "land_use_code": "1402",
    "name_zh": "防护绿地",
    "area_sqm_declared": 5744.3,
    "source_id": "osm-landuse-polygons",
    "mapping_note": "OSM landuse=forest 映射到项目代码表"
   },
   "geometry": {
    "type": "Polygon",
    "coordinates": [
     [
      [
       116.354743863,
       40.022841919
      ],
      [
       116.355113354,
       40.023100649
      ],
      [
       116.355100959,
       40.022861919
      ],
      [
       116.355030825,
       40.022845769
      ],
      [
       116.354943737,
       40.022764229
      ],
      [
       116.355005487,
       40.022737555
      ],
      [
       116.355093488,
       40.022722284
      ],
      [
       116.355085996,
       40.0225849
      ],
      [
       116.354951523,
       40.022559385
      ],
      [
       116.354877889,
       40.022604005
      ],
      [
       116.354871142,
       40.022698531
      ],
      [
       116.354620106,
       40.022611576
      ],
      [
       116.354493293,
       40.022394724
      ],
      [
       116.354405951,
       40.022340201
      ],
      [
       116.354274302,
       40.022325958
      ],
      [
       116.354199627,
       40.022480897
      ],
      [
       116.354208072,
       40.022827677
      ],
      [
       116.354299425,
       40.023078104
      ],
      [
       116.354586622,
       40.023367898
      ],
      [
       116.35471212,
       40.023413628
      ],
      [
       116.355092328,
       40.023467529
      ],
      [
       116.355133305,
       40.023470009
      ],
      [
       116.35512335,
       40.023283078
      ],
      [
       116.35484638,
       40.023150948
      ],
      [
       116.35458539,
       40.022877061
      ],
      [
       116.354594791,
       40.02281182
      ],
      [
       116.354743863,
       40.022841919
      ]
     ]
    ]
   }
  },
  {
   "type": "Feature",
   "id": "lu-osm-930946253",
   "properties": {
    "id": "lu-osm-930946253",
    "layer": "LAND_USE",
    "source_type": "osm",
    "confidence": "low",
    "geometry_role": "existing_condition",
    "land_use_code": "1402",
    "name_zh": "防护绿地",
    "area_sqm_declared": 6023.9,
    "source_id": "osm-landuse-polygons",
    "mapping_note": "OSM landuse=forest 映射到项目代码表"
   },
   "geometry": {
    "type": "Polygon",
    "coordinates": [
     [
      [
       116.354141961,
       40.011513431
      ],
      [
       116.354057985,
       40.011724606
      ],
      [
       116.353905266,
       40.011773288
      ],
      [
       116.353851714,
       40.01186305
      ],
      [
       116.354043811,
       40.011985703
      ],
      [
       116.35378838,
       40.012058579
      ],
      [
       116.353660164,
       40.01230328
      ],
      [
       116.353527981,
       40.012347573
      ],
      [
       116.353316642,
       40.012091972
      ],
      [
       116.353186325,
       40.012248851
      ],
      [
       116.353403839,
       40.012470714
      ],
      [
       116.353667227,
       40.012485692
      ],
      [
       116.353820458,
       40.012382977
      ],
      [
       116.353897434,
       40.012293345
      ],
      [
       116.35407833,
       40.012361899
      ],
      [
       116.354268244,
       40.011784317
      ],
      [
       116.354473728,
       40.011418464
      ],
      [
       116.35444606,
       40.010936485
      ],
      [
       116.353986041,
       40.010969945
      ],
      [
       116.353866463,
       40.011230455
      ],
      [
       116.354058983,
       40.01130808
      ],
      [
       116.354141961,
       40.011513431
      ]
     ]
    ]
   }
  },
  {
   "type": "Feature",
   "id": "lu-osm-171762250",
   "properties": {
    "id": "lu-osm-171762250",
    "layer": "LAND_USE",
    "source_type": "osm",
    "confidence": "low",
    "geometry_role": "existing_condition",
    "land_use_code": "0805",
    "name_zh": "体育用地",
    "area_sqm_declared": 6111.8,
    "source_id": "osm-landuse-polygons",
    "mapping_note": "OSM leisure:pitch 多边形映射到项目代码表"
   },
   "geometry": {
    "type": "Polygon",
    "coordinates": [
     [
      [
       116.343871326,
       39.989077842
      ],
      [
       116.343845301,
       39.989656338
      ],
      [
       116.344957316,
       39.989687395
      ],
      [
       116.344983331,
       39.989108899
      ],
      [
       116.344202007,
       39.989086468
      ],
      [
       116.343871326,
       39.989077842
      ]
     ]
    ]
   }
  },
  {
   "type": "Feature",
   "id": "lu-osm-940385057",
   "properties": {
    "id": "lu-osm-940385057",
    "layer": "LAND_USE",
    "source_type": "osm",
    "confidence": "low",
    "geometry_role": "existing_condition",
    "land_use_code": "0804",
    "name_zh": "北京林业大学附属小学",
    "area_sqm_declared": 6124.5,
    "source_id": "osm-landuse-polygons",
    "mapping_note": "OSM amenity:school 多边形映射到项目代码表"
   },
   "geometry": {
    "type": "Polygon",
    "coordinates": [
     [
      [
       116.341759692,
       40.003531918
      ],
      [
       116.342787074,
       40.003558012
      ],
      [
       116.34281359,
       40.002929987
      ],
      [
       116.341786217,
       40.002903893
      ],
      [
       116.341759692,
       40.003531918
      ]
     ]
    ]
   }
  },
  {
   "type": "Feature",
   "id": "lu-osm-543822676",
   "properties": {
    "id": "lu-osm-543822676",
    "layer": "LAND_USE",
    "source_type": "osm",
    "confidence": "low",
    "geometry_role": "existing_condition",
    "land_use_code": "0805",
    "name_zh": "体育用地",
    "area_sqm_declared": 6182.8,
    "source_id": "osm-landuse-polygons",
    "mapping_note": "OSM leisure:pitch 多边形映射到项目代码表"
   },
   "geometry": {
    "type": "Polygon",
    "coordinates": [
     [
      [
       116.352707866,
       39.988190893
      ],
      [
       116.352906854,
       39.988196507
      ],
      [
       116.353310705,
       39.988205516
      ],
      [
       116.353375331,
       39.98818111
      ],
      [
       116.353445683,
       39.988170244
      ],
      [
       116.353465346,
       39.987947453
      ],
      [
       116.351911455,
       39.987907253
      ],
      [
       116.351885583,
       39.988476745
      ],
      [
       116.352693268,
       39.988497019
      ],
      [
       116.352707866,
       39.988190893
      ]
     ]
    ]
   }
  },
  {
   "type": "Feature",
   "id": "lu-osm-984874244",
   "properties": {
    "id": "lu-osm-984874244",
    "layer": "LAND_USE",
    "source_type": "osm",
    "confidence": "low",
    "geometry_role": "existing_condition",
    "land_use_code": "0701",
    "name_zh": "迈豪时代",
    "area_sqm_declared": 6353.4,
    "source_id": "osm-landuse-polygons",
    "mapping_note": "OSM landuse=residential 映射到项目代码表"
   },
   "geometry": {
    "type": "Polygon",
    "coordinates": [
     [
      [
       116.349365725,
       39.947387846
      ],
      [
       116.349743094,
       39.947387712
      ],
      [
       116.349767899,
       39.945694689
      ],
      [
       116.349355481,
       39.945690124
      ],
      [
       116.349365725,
       39.947387846
      ]
     ]
    ]
   }
  },
  {
   "type": "Feature",
   "id": "lu-osm-1280108687",
   "properties": {
    "id": "lu-osm-1280108687",
    "layer": "LAND_USE",
    "source_type": "osm",
    "confidence": "low",
    "geometry_role": "existing_condition",
    "land_use_code": "16",
    "name_zh": "林科科学实验楼",
    "area_sqm_declared": 6383.4,
    "source_id": "osm-landuse-polygons",
    "mapping_note": "OSM landuse=construction；项目代码表子集内无对应类目，按现状未定型计入留白用地，待现场调查与官方控规确认"
   },
   "geometry": {
    "type": "Polygon",
    "coordinates": [
     [
      [
       116.342061981,
       40.00193055
      ],
      [
       116.341821904,
       40.001931438
      ],
      [
       116.341829152,
       40.002091338
      ],
      [
       116.342762854,
       40.002114649
      ],
      [
       116.342743873,
       40.001956934
      ],
      [
       116.342577378,
       40.001001344
      ],
      [
       116.342158902,
       40.000983209
      ],
      [
       116.342061981,
       40.00193055
      ]
     ]
    ]
   }
  },
  {
   "type": "Feature",
   "id": "lu-osm-265008350",
   "properties": {
    "id": "lu-osm-265008350",
    "layer": "LAND_USE",
    "source_type": "osm",
    "confidence": "low",
    "geometry_role": "existing_condition",
    "land_use_code": "0805",
    "name_zh": "小足球场",
    "area_sqm_declared": 6483.6,
    "source_id": "osm-landuse-polygons",
    "mapping_note": "OSM leisure:pitch 多边形映射到项目代码表"
   },
   "geometry": {
    "type": "Polygon",
    "coordinates": [
     [
      [
       116.340543936,
       39.978042223
      ],
      [
       116.340515611,
       39.978553159
      ],
      [
       116.340484337,
       39.979066331
      ],
      [
       116.341157373,
       39.979076913
      ],
      [
       116.341160862,
       39.979018393
      ],
      [
       116.341211022,
       39.978061777
      ],
      [
       116.340543936,
       39.978042223
      ]
     ]
    ]
   }
  },
  {
   "type": "Feature",
   "id": "lu-osm-1523972355",
   "properties": {
    "id": "lu-osm-1523972355",
    "layer": "LAND_USE",
    "source_type": "osm",
    "confidence": "low",
    "geometry_role": "existing_condition",
    "land_use_code": "16",
    "name_zh": "留白用地",
    "area_sqm_declared": 6505.1,
    "source_id": "osm-landuse-polygons",
    "mapping_note": "OSM landuse=construction；项目代码表子集内无对应类目，按现状未定型计入留白用地，待现场调查与官方控规确认"
   },
   "geometry": {
    "type": "Polygon",
    "coordinates": [
     [
      [
       116.346362778,
       40.017271978
      ],
      [
       116.346644389,
       40.016913324
      ],
      [
       116.346658935,
       40.016616205
      ],
      [
       116.346902034,
       40.016610821
      ],
      [
       116.346921053,
       40.016151619
      ],
      [
       116.346203817,
       40.016131814
      ],
      [
       116.346127707,
       40.016129133
      ],
      [
       116.346101624,
       40.01671438
      ],
      [
       116.34609119,
       40.017193895
      ],
      [
       116.346105186,
       40.017261519
      ],
      [
       116.346362778,
       40.017271978
      ]
     ]
    ]
   }
  },
  {
   "type": "Feature",
   "id": "lu-osm-1390953504",
   "properties": {
    "id": "lu-osm-1390953504",
    "layer": "LAND_USE",
    "source_type": "osm",
    "confidence": "low",
    "geometry_role": "existing_condition",
    "land_use_code": "1401",
    "name_zh": "晨读园",
    "area_sqm_declared": 6736.7,
    "source_id": "osm-landuse-polygons",
    "mapping_note": "OSM leisure:park 多边形映射到项目代码表"
   },
   "geometry": {
    "type": "Polygon",
    "coordinates": [
     [
      [
       116.343262209,
       39.983299221
      ],
      [
       116.343824029,
       39.98331366
      ],
      [
       116.343880011,
       39.982050868
      ],
      [
       116.343318202,
       39.982036429
      ],
      [
       116.343262209,
       39.983299221
      ]
     ]
    ]
   }
  },
  {
   "type": "Feature",
   "id": "lu-osm-1041416782",
   "properties": {
    "id": "lu-osm-1041416782",
    "layer": "LAND_USE",
    "source_type": "osm",
    "confidence": "low",
    "geometry_role": "existing_condition",
    "land_use_code": "1401",
    "name_zh": "公园绿地",
    "area_sqm_declared": 6765.3,
    "source_id": "osm-landuse-polygons",
    "mapping_note": "OSM leisure:park 多边形映射到项目代码表"
   },
   "geometry": {
    "type": "Polygon",
    "coordinates": [
     [
      [
       116.343214953,
       40.00748484
      ],
      [
       116.345197075,
       40.007491553
      ],
      [
       116.345204004,
       40.007072809
      ],
      [
       116.343213133,
       40.007063795
      ],
      [
       116.343214953,
       40.00748484
      ]
     ],
     [
      [
       116.343367763,
       40.007120959
      ],
      [
       116.343745417,
       40.00712535
      ],
      [
       116.343733551,
       40.00744725
      ],
      [
       116.343364656,
       40.007445161
      ],
      [
       116.343367763,
       40.007120959
      ]
     ]
    ]
   }
  },
  {
   "type": "Feature",
   "id": "lu-osm-232724489",
   "properties": {
    "id": "lu-osm-232724489",
    "layer": "LAND_USE",
    "source_type": "osm",
    "confidence": "low",
    "geometry_role": "existing_condition",
    "land_use_code": "1401",
    "name_zh": "公园绿地",
    "area_sqm_declared": 6821.5,
    "source_id": "osm-landuse-polygons",
    "mapping_note": "OSM leisure:park 多边形映射到项目代码表"
   },
   "geometry": {
    "type": "Polygon",
    "coordinates": [
     [
      [
       116.350639503,
       39.948183028
      ],
      [
       116.350704262,
       39.948140611
      ],
      [
       116.350681626,
       39.948059429
      ],
      [
       116.350640865,
       39.948038937
      ],
      [
       116.350665501,
       39.947908485
      ],
      [
       116.35051564,
       39.94736052
      ],
      [
       116.350468246,
       39.946804123
      ],
      [
       116.350398021,
       39.946805981
      ],
      [
       116.350344738,
       39.948109327
      ],
      [
       116.350315259,
       39.948442391
      ],
      [
       116.350209297,
       39.948820056
      ],
      [
       116.349836421,
       39.9498897
      ],
      [
       116.349809625,
       39.949939084
      ],
      [
       116.349888117,
       39.94999131
      ],
      [
       116.350130143,
       39.949765261
      ],
      [
       116.350584315,
       39.948450653
      ],
      [
       116.350656394,
       39.94825292
      ],
      [
       116.350639503,
       39.948183028
      ]
     ]
    ]
   }
  },
  {
   "type": "Feature",
   "id": "lu-osm-544023364",
   "properties": {
    "id": "lu-osm-544023364",
    "layer": "LAND_USE",
    "source_type": "osm",
    "confidence": "low",
    "geometry_role": "existing_condition",
    "land_use_code": "1401",
    "name_zh": "公园绿地",
    "area_sqm_declared": 6869.4,
    "source_id": "osm-landuse-polygons",
    "mapping_note": "OSM leisure:park 多边形映射到项目代码表"
   },
   "geometry": {
    "type": "Polygon",
    "coordinates": [
     [
      [
       116.344565234,
       39.994877199
      ],
      [
       116.344629158,
       39.994008471
      ],
      [
       116.344005866,
       39.993984681
      ],
      [
       116.344004638,
       39.994113011
      ],
      [
       116.343662246,
       39.994102067
      ],
      [
       116.343639359,
       39.994658064
      ],
      [
       116.343773967,
       39.994663329
      ],
      [
       116.343940838,
       39.994662023
      ],
      [
       116.343930268,
       39.994848839
      ],
      [
       116.344565234,
       39.994877199
      ]
     ]
    ]
   }
  },
  {
   "type": "Feature",
   "id": "lu-osm-1006362505",
   "properties": {
    "id": "lu-osm-1006362505",
    "layer": "LAND_USE",
    "source_type": "osm",
    "confidence": "low",
    "geometry_role": "existing_condition",
    "land_use_code": "0805",
    "name_zh": "体育用地",
    "area_sqm_declared": 6871.1,
    "source_id": "osm-landuse-polygons",
    "mapping_note": "OSM leisure:pitch 多边形映射到项目代码表"
   },
   "geometry": {
    "type": "Polygon",
    "coordinates": [
     [
      [
       116.342869439,
       39.998325939
      ],
      [
       116.344095674,
       39.998366658
      ],
      [
       116.344127685,
       39.997774688
      ],
      [
       116.342895541,
       39.99774069
      ],
      [
       116.342869439,
       39.998325939
      ]
     ]
    ]
   }
  },
  {
   "type": "Feature",
   "id": "lu-osm-106617834",
   "properties": {
    "id": "lu-osm-106617834",
    "layer": "LAND_USE",
    "source_type": "osm",
    "confidence": "low",
    "geometry_role": "existing_condition",
    "land_use_code": "0805",
    "name_zh": "体育用地",
    "area_sqm_declared": 6931.2,
    "source_id": "osm-landuse-polygons",
    "mapping_note": "OSM leisure:pitch 多边形映射到项目代码表"
   },
   "geometry": {
    "type": "Polygon",
    "coordinates": [
     [
      [
       116.353596933,
       39.959693679
      ],
      [
       116.35437498,
       39.959718278
      ],
      [
       116.354421843,
       39.958779647
      ],
      [
       116.353643785,
       39.958757299
      ],
      [
       116.353596933,
       39.959693679
      ]
     ]
    ]
   }
  },
  {
   "type": "Feature",
   "id": "lu-osm-941729552",
   "properties": {
    "id": "lu-osm-941729552",
    "layer": "LAND_USE",
    "source_type": "osm",
    "confidence": "low",
    "geometry_role": "existing_condition",
    "land_use_code": "0804",
    "name_zh": "北京邮电大学附属小学（文慧园校区）",
    "area_sqm_declared": 6945.0,
    "source_id": "osm-landuse-polygons",
    "mapping_note": "OSM amenity:school 多边形映射到项目代码表"
   },
   "geometry": {
    "type": "Polygon",
    "coordinates": [
     [
      [
       116.354423737,
       39.949865802
      ],
      [
       116.354076009,
       39.949823337
      ],
      [
       116.354058518,
       39.949505772
      ],
      [
       116.353616887,
       39.949494305
      ],
      [
       116.353507805,
       39.950515897
      ],
      [
       116.354344275,
       39.950538571
      ],
      [
       116.354346561,
       39.950295417
      ],
      [
       116.354432089,
       39.94991088
      ],
      [
       116.354423737,
       39.949865802
      ]
     ]
    ]
   }
  },
  {
   "type": "Feature",
   "id": "lu-osm-399009424",
   "properties": {
    "id": "lu-osm-399009424",
    "layer": "LAND_USE",
    "source_type": "osm",
    "confidence": "low",
    "geometry_role": "existing_condition",
    "land_use_code": "0805",
    "name_zh": "北邮体育馆",
    "area_sqm_declared": 6979.7,
    "source_id": "osm-landuse-polygons",
    "mapping_note": "OSM leisure:stadium 多边形映射到项目代码表"
   },
   "geometry": {
    "type": "Polygon",
    "coordinates": [
     [
      [
       116.353665837,
       39.960765796
      ],
      [
       116.353727277,
       39.960766138
      ],
      [
       116.353726366,
       39.96086295
      ],
      [
       116.353945776,
       39.960866424
      ],
      [
       116.354159356,
       39.960867614
      ],
      [
       116.354168854,
       39.960791115
      ],
      [
       116.35430047,
       39.960796351
      ],
      [
       116.354299729,
       39.960875151
      ],
      [
       116.354451847,
       39.96087825
      ],
      [
       116.354674184,
       39.960881739
      ],
      [
       116.354695395,
       39.960181628
      ],
      [
       116.354329742,
       39.960172838
      ],
      [
       116.354309266,
       39.960483436
      ],
      [
       116.3541923,
       39.96047603
      ],
      [
       116.354193613,
       39.960336442
      ],
      [
       116.353980034,
       39.960335252
      ],
      [
       116.353748901,
       39.960333963
      ],
      [
       116.353742075,
       39.960437496
      ],
      [
       116.353689412,
       39.960437202
      ],
      [
       116.353636748,
       39.960436909
      ],
      [
       116.353634331,
       39.960382858
      ],
      [
       116.353321342,
       39.960374358
      ],
      [
       116.353317886,
       39.960430627
      ],
      [
       116.353265095,
       39.960443842
      ],
      [
       116.353238488,
       39.960472964
      ],
      [
       116.353220594,
       39.960508889
      ],
      [
       116.353208382,
       39.960562857
      ],
      [
       116.353208148,
       39.960587623
      ],
      [
       116.353207894,
       39.96061464
      ],
      [
       116.353213279,
       39.960664204
      ],
      [
       116.353230366,
       39.960713833
      ],
      [
       116.353262104,
       39.960761293
      ],
      [
       116.353305969,
       39.960763789
      ],
      [
       116.353314407,
       39.960799861
      ],
      [
       116.353606919,
       39.960808247
      ],
      [
       116.353610247,
       39.960765486
      ],
      [
       116.353665837,
       39.960765796
      ]
     ]
    ]
   }
  },
  {
   "type": "Feature",
   "id": "lu-osm-544023363",
   "properties": {
    "id": "lu-osm-544023363",
    "layer": "LAND_USE",
    "source_type": "osm",
    "confidence": "low",
    "geometry_role": "existing_condition",
    "land_use_code": "1401",
    "name_zh": "北语苗圃园",
    "area_sqm_declared": 7003.0,
    "source_id": "osm-landuse-polygons",
    "mapping_note": "OSM leisure:park 多边形映射到项目代码表"
   },
   "geometry": {
    "type": "Polygon",
    "coordinates": [
     [
      [
       116.342896018,
       39.994942047
      ],
      [
       116.343495901,
       39.994965711
      ],
      [
       116.343563438,
       39.993720999
      ],
      [
       116.342972218,
       39.993710895
      ],
      [
       116.342896018,
       39.994942047
      ]
     ]
    ]
   }
  },
  {
   "type": "Feature",
   "id": "lu-osm-1041416781",
   "properties": {
    "id": "lu-osm-1041416781",
    "layer": "LAND_USE",
    "source_type": "osm",
    "confidence": "low",
    "geometry_role": "existing_condition",
    "land_use_code": "0701",
    "name_zh": "大华花园别墅",
    "area_sqm_declared": 7031.1,
    "source_id": "osm-landuse-polygons",
    "mapping_note": "OSM landuse=residential 映射到项目代码表"
   },
   "geometry": {
    "type": "Polygon",
    "coordinates": [
     [
      [
       116.343239726,
       40.006732972
      ],
      [
       116.345736673,
       40.006787623
      ],
      [
       116.345733569,
       40.006499411
      ],
      [
       116.343239733,
       40.006426765
      ],
      [
       116.343239726,
       40.006732972
      ]
     ]
    ]
   }
  },
  {
   "type": "Feature",
   "id": "lu-osm-992619537",
   "properties": {
    "id": "lu-osm-992619537",
    "layer": "LAND_USE",
    "source_type": "osm",
    "confidence": "low",
    "geometry_role": "existing_condition",
    "land_use_code": "0805",
    "name_zh": "西操场",
    "area_sqm_declared": 7115.4,
    "source_id": "osm-landuse-polygons",
    "mapping_note": "OSM leisure:pitch 多边形映射到项目代码表"
   },
   "geometry": {
    "type": "Polygon",
    "coordinates": [
     [
      [
       116.342864109,
       39.989108161
      ],
      [
       116.343645433,
       39.9891306
      ],
      [
       116.343692663,
       39.988171716
      ],
      [
       116.342911349,
       39.988149277
      ],
      [
       116.342864109,
       39.989108161
      ]
     ]
    ]
   }
  },
  {
   "type": "Feature",
   "id": "lu-osm-1136715245",
   "properties": {
    "id": "lu-osm-1136715245",
    "layer": "LAND_USE",
    "source_type": "osm",
    "confidence": "low",
    "geometry_role": "existing_condition",
    "land_use_code": "16",
    "name_zh": "留白用地",
    "area_sqm_declared": 7193.1,
    "source_id": "osm-landuse-polygons",
    "mapping_note": "OSM landuse=brownfield；项目代码表子集内无对应类目，按现状未定型计入留白用地，待现场调查与官方控规确认"
   },
   "geometry": {
    "type": "Polygon",
    "coordinates": [
     [
      [
       116.349576446,
       39.944288651
      ],
      [
       116.349719837,
       39.9442827
      ],
      [
       116.349663698,
       39.943724002
      ],
      [
       116.348540532,
       39.943713193
      ],
      [
       116.348542368,
       39.944444956
      ],
      [
       116.348949014,
       39.944440486
      ],
      [
       116.349194761,
       39.944437362
      ],
      [
       116.349198966,
       39.944302293
      ],
      [
       116.349576446,
       39.944288651
      ]
     ]
    ]
   }
  },
  {
   "type": "Feature",
   "id": "lu-osm-609211235",
   "properties": {
    "id": "lu-osm-609211235",
    "layer": "LAND_USE",
    "source_type": "osm",
    "confidence": "low",
    "geometry_role": "existing_condition",
    "land_use_code": "1401",
    "name_zh": "公园绿地",
    "area_sqm_declared": 7208.1,
    "source_id": "osm-landuse-polygons",
    "mapping_note": "OSM leisure:garden 多边形映射到项目代码表"
   },
   "geometry": {
    "type": "Polygon",
    "coordinates": [
     [
      [
       116.349222228,
       40.001090632
      ],
      [
       116.349258664,
       40.000028117
      ],
      [
       116.348442041,
       40.00001002
      ],
      [
       116.3484293,
       40.00042648
      ],
      [
       116.348596143,
       40.00042967
      ],
      [
       116.348572416,
       40.001077975
      ],
      [
       116.349222228,
       40.001090632
      ]
     ]
    ]
   }
  },
  {
   "type": "Feature",
   "id": "lu-osm-270316980",
   "properties": {
    "id": "lu-osm-270316980",
    "layer": "LAND_USE",
    "source_type": "osm",
    "confidence": "low",
    "geometry_role": "existing_condition",
    "land_use_code": "0805",
    "name_zh": "体育用地",
    "area_sqm_declared": 7218.7,
    "source_id": "osm-landuse-polygons",
    "mapping_note": "OSM leisure:pitch 多边形映射到项目代码表"
   },
   "geometry": {
    "type": "Polygon",
    "coordinates": [
     [
      [
       116.353445683,
       39.988170244
      ],
      [
       116.353375331,
       39.98818111
      ],
      [
       116.353310705,
       39.988205516
      ],
      [
       116.352906854,
       39.988196507
      ],
      [
       116.352851897,
       39.989677706
      ],
      [
       116.353109429,
       39.989683647
      ],
      [
       116.353292916,
       39.989781487
      ],
      [
       116.353316332,
       39.989781617
      ],
      [
       116.353445683,
       39.988170244
      ]
     ]
    ]
   }
  },
  {
   "type": "Feature",
   "id": "lu-osm-609239434",
   "properties": {
    "id": "lu-osm-609239434",
    "layer": "LAND_USE",
    "source_type": "osm",
    "confidence": "low",
    "geometry_role": "existing_condition",
    "land_use_code": "1401",
    "name_zh": "公园绿地",
    "area_sqm_declared": 7256.5,
    "source_id": "osm-landuse-polygons",
    "mapping_note": "OSM leisure:park 多边形映射到项目代码表"
   },
   "geometry": {
    "type": "Polygon",
    "coordinates": [
     [
      [
       116.350133958,
       40.001577574
      ],
      [
       116.35011238,
       40.00200074
      ],
      [
       116.351947226,
       40.002085314
      ],
      [
       116.351974371,
       40.001691449
      ],
      [
       116.351008937,
       40.001618502
      ],
      [
       116.350133958,
       40.001577574
      ]
     ]
    ]
   }
  },
  {
   "type": "Feature",
   "id": "lu-osm-270316981",
   "properties": {
    "id": "lu-osm-270316981",
    "layer": "LAND_USE",
    "source_type": "osm",
    "confidence": "low",
    "geometry_role": "existing_condition",
    "land_use_code": "0805",
    "name_zh": "体育用地",
    "area_sqm_declared": 7265.2,
    "source_id": "osm-landuse-polygons",
    "mapping_note": "OSM leisure:pitch 多边形映射到项目代码表"
   },
   "geometry": {
    "type": "Polygon",
    "coordinates": [
     [
      [
       116.351885583,
       39.988476745
      ],
      [
       116.351847866,
       39.989370391
      ],
      [
       116.352696496,
       39.989395397
      ],
      [
       116.352745889,
       39.988504068
      ],
      [
       116.352693268,
       39.988497019
      ],
      [
       116.351885583,
       39.988476745
      ]
     ]
    ]
   }
  },
  {
   "type": "Feature",
   "id": "lu-osm-930946252",
   "properties": {
    "id": "lu-osm-930946252",
    "layer": "LAND_USE",
    "source_type": "osm",
    "confidence": "low",
    "geometry_role": "existing_condition",
    "land_use_code": "1402",
    "name_zh": "防护绿地",
    "area_sqm_declared": 7343.7,
    "source_id": "osm-landuse-polygons",
    "mapping_note": "OSM landuse=forest 映射到项目代码表"
   },
   "geometry": {
    "type": "Polygon",
    "coordinates": [
     [
      [
       116.353904498,
       40.012475758
      ],
      [
       116.353616709,
       40.012564214
      ],
      [
       116.353192601,
       40.012514565
      ],
      [
       116.35282874,
       40.01290655
      ],
      [
       116.352732578,
       40.013167189
      ],
      [
       116.353128404,
       40.01342157
      ],
      [
       116.353468115,
       40.013416711
      ],
      [
       116.353871333,
       40.012887601
      ],
      [
       116.354051235,
       40.012440551
      ],
      [
       116.353904498,
       40.012475758
      ]
     ]
    ]
   }
  },
  {
   "type": "Feature",
   "id": "lu-osm-1150992484",
   "properties": {
    "id": "lu-osm-1150992484",
    "layer": "LAND_USE",
    "source_type": "osm",
    "confidence": "low",
    "geometry_role": "existing_condition",
    "land_use_code": "1401",
    "name_zh": "公园绿地",
    "area_sqm_declared": 7358.0,
    "source_id": "osm-landuse-polygons",
    "mapping_note": "OSM leisure:park 多边形映射到项目代码表"
   },
   "geometry": {
    "type": "Polygon",
    "coordinates": [
     [
      [
       116.350185234,
       40.013461392
      ],
      [
       116.350330114,
       40.013313604
      ],
      [
       116.350346377,
       40.013142579
      ],
      [
       116.350429491,
       40.013023715
      ],
      [
       116.350511795,
       40.012990403
      ],
      [
       116.350663618,
       40.012727826
      ],
      [
       116.350120234,
       40.012596444
      ],
      [
       116.349446181,
       40.01358333
      ],
      [
       116.349425941,
       40.013864656
      ],
      [
       116.350099342,
       40.013872938
      ],
      [
       116.350018254,
       40.013777919
      ],
      [
       116.35007209,
       40.013658891
      ],
      [
       116.350158156,
       40.013537791
      ],
      [
       116.350185234,
       40.013461392
      ]
     ]
    ]
   }
  },
  {
   "type": "Feature",
   "id": "lu-osm-966348133",
   "properties": {
    "id": "lu-osm-966348133",
    "layer": "LAND_USE",
    "source_type": "osm",
    "confidence": "low",
    "geometry_role": "existing_condition",
    "land_use_code": "0805",
    "name_zh": "体育用地",
    "area_sqm_declared": 7389.7,
    "source_id": "osm-landuse-polygons",
    "mapping_note": "OSM leisure:pitch 多边形映射到项目代码表"
   },
   "geometry": {
    "type": "Polygon",
    "coordinates": [
     [
      [
       116.341362221,
       39.94706121
      ],
      [
       116.341517761,
       39.946093929
      ],
      [
       116.34072568,
       39.946024133
      ],
      [
       116.340558559,
       39.946977837
      ],
      [
       116.341362221,
       39.94706121
      ]
     ]
    ]
   }
  },
  {
   "type": "Feature",
   "id": "lu-osm-917665174",
   "properties": {
    "id": "lu-osm-917665174",
    "layer": "LAND_USE",
    "source_type": "osm",
    "confidence": "low",
    "geometry_role": "existing_condition",
    "land_use_code": "0804",
    "name_zh": "海淀区前进小学",
    "area_sqm_declared": 7397.8,
    "source_id": "osm-landuse-polygons",
    "mapping_note": "OSM amenity:school 多边形映射到项目代码表"
   },
   "geometry": {
    "type": "Polygon",
    "coordinates": [
     [
      [
       116.353276492,
       39.973207871
      ],
      [
       116.353320387,
       39.973208116
      ],
      [
       116.353319941,
       39.973255395
      ],
      [
       116.353796862,
       39.97326481
      ],
      [
       116.353814759,
       39.973228885
      ],
      [
       116.354642981,
       39.973224493
      ],
      [
       116.354682861,
       39.972718119
      ],
      [
       116.352801382,
       39.972696372
      ],
      [
       116.352790751,
       39.973202908
      ],
      [
       116.353212114,
       39.973207511
      ],
      [
       116.353276492,
       39.973207871
      ]
     ],
     [
      [
       116.352846737,
       39.972851981
      ],
      [
       116.353633796,
       39.97286763
      ],
      [
       116.353619716,
       39.973119724
      ],
      [
       116.352823981,
       39.973092768
      ],
      [
       116.352846737,
       39.972851981
      ]
     ]
    ]
   }
  },
  {
   "type": "Feature",
   "id": "lu-osm-992619538",
   "properties": {
    "id": "lu-osm-992619538",
    "layer": "LAND_USE",
    "source_type": "osm",
    "confidence": "low",
    "geometry_role": "existing_condition",
    "land_use_code": "0805",
    "name_zh": "东操场",
    "area_sqm_declared": 7450.2,
    "source_id": "osm-landuse-polygons",
    "mapping_note": "OSM leisure:pitch 多边形映射到项目代码表"
   },
   "geometry": {
    "type": "Polygon",
    "coordinates": [
     [
      [
       116.344243784,
       39.988084775
      ],
      [
       116.344220495,
       39.98868355
      ],
      [
       116.344202007,
       39.989086468
      ],
      [
       116.344983331,
       39.989108899
      ],
      [
       116.345028067,
       39.988102719
      ],
      [
       116.344843693,
       39.988099425
      ],
      [
       116.344243784,
       39.988084775
      ]
     ]
    ]
   }
  },
  {
   "type": "Feature",
   "id": "lu-osm-1040467097",
   "properties": {
    "id": "lu-osm-1040467097",
    "layer": "LAND_USE",
    "source_type": "osm",
    "confidence": "low",
    "geometry_role": "existing_condition",
    "land_use_code": "16",
    "name_zh": "绿化用地",
    "area_sqm_declared": 7654.6,
    "source_id": "osm-landuse-polygons",
    "mapping_note": "OSM landuse=brownfield；项目代码表子集内无对应类目，按现状未定型计入留白用地，待现场调查与官方控规确认"
   },
   "geometry": {
    "type": "Polygon",
    "coordinates": [
     [
      [
       116.343808982,
       40.016692415
      ],
      [
       116.343419963,
       40.01603502
      ],
      [
       116.343361034,
       40.016072962
      ],
      [
       116.343349444,
       40.016365593
      ],
      [
       116.343316042,
       40.017711811
      ],
      [
       116.343849078,
       40.017703573
      ],
      [
       116.344046581,
       40.017567349
      ],
      [
       116.343991919,
       40.017159515
      ],
      [
       116.343808982,
       40.016692415
      ]
     ]
    ]
   }
  },
  {
   "type": "Feature",
   "id": "lu-osm-1070127515",
   "properties": {
    "id": "lu-osm-1070127515",
    "layer": "LAND_USE",
    "source_type": "osm",
    "confidence": "low",
    "geometry_role": "existing_condition",
    "land_use_code": "1402",
    "name_zh": "防护绿地",
    "area_sqm_declared": 7696.8,
    "source_id": "osm-landuse-polygons",
    "mapping_note": "OSM landuse=forest 映射到项目代码表"
   },
   "geometry": {
    "type": "Polygon",
    "coordinates": [
     [
      [
       116.352101072,
       40.022043646
      ],
      [
       116.351734878,
       40.022057359
      ],
      [
       116.351177422,
       40.022166814
      ],
      [
       116.351161991,
       40.022250034
      ],
      [
       116.351232492,
       40.022536371
      ],
      [
       116.35189337,
       40.022639136
      ],
      [
       116.352056252,
       40.022137959
      ],
      [
       116.353062102,
       40.022303436
      ],
      [
       116.353714217,
       40.02240389
      ],
      [
       116.353726376,
       40.022356676
      ],
      [
       116.353720671,
       40.022030175
      ],
      [
       116.35369455,
       40.022005262
      ],
      [
       116.352101072,
       40.022043646
      ]
     ]
    ]
   }
  },
  {
   "type": "Feature",
   "id": "lu-osm-1040467092",
   "properties": {
    "id": "lu-osm-1040467092",
    "layer": "LAND_USE",
    "source_type": "osm",
    "confidence": "low",
    "geometry_role": "existing_condition",
    "land_use_code": "16",
    "name_zh": "学院路科技园J地块B23研发设计用地",
    "area_sqm_declared": 7858.7,
    "source_id": "osm-landuse-polygons",
    "mapping_note": "OSM landuse=brownfield；项目代码表子集内无对应类目，按现状未定型计入留白用地，待现场调查与官方控规确认"
   },
   "geometry": {
    "type": "Polygon",
    "coordinates": [
     [
      [
       116.345230596,
       40.01409545
      ],
      [
       116.343714248,
       40.014048596
      ],
      [
       116.343681998,
       40.015275491
      ],
      [
       116.344053841,
       40.015279848
      ],
      [
       116.344076845,
       40.014406389
      ],
      [
       116.345207131,
       40.014406027
      ],
      [
       116.345230596,
       40.01409545
      ]
     ]
    ]
   }
  },
  {
   "type": "Feature",
   "id": "lu-osm-960760116",
   "properties": {
    "id": "lu-osm-960760116",
    "layer": "LAND_USE",
    "source_type": "osm",
    "confidence": "low",
    "geometry_role": "existing_condition",
    "land_use_code": "1402",
    "name_zh": "防护绿地",
    "area_sqm_declared": 8063.3,
    "source_id": "osm-landuse-polygons",
    "mapping_note": "OSM landuse=forest 映射到项目代码表"
   },
   "geometry": {
    "type": "Polygon",
    "coordinates": [
     [
      [
       116.345058097,
       40.019581423
      ],
      [
       116.345273948,
       40.019670452
      ],
      [
       116.344514402,
       40.021008061
      ],
      [
       116.344923505,
       40.021100435
      ],
      [
       116.345262802,
       40.020836674
      ],
      [
       116.345406999,
       40.020763189
      ],
      [
       116.34551477,
       40.0189851
      ],
      [
       116.345058097,
       40.019581423
      ]
     ]
    ]
   }
  },
  {
   "type": "Feature",
   "id": "lu-osm-265006296",
   "properties": {
    "id": "lu-osm-265006296",
    "layer": "LAND_USE",
    "source_type": "osm",
    "confidence": "low",
    "geometry_role": "existing_condition",
    "land_use_code": "0805",
    "name_zh": "东区操场",
    "area_sqm_declared": 8093.3,
    "source_id": "osm-landuse-polygons",
    "mapping_note": "OSM leisure:pitch 多边形映射到项目代码表"
   },
   "geometry": {
    "type": "Polygon",
    "coordinates": [
     [
      [
       116.341324981,
       39.947283901
      ],
      [
       116.341377613,
       39.947286451
      ],
      [
       116.341500405,
       39.947293904
      ],
      [
       116.341675123,
       39.945851656
      ],
      [
       116.341511338,
       39.945848474
      ],
      [
       116.341435739,
       39.945800763
      ],
      [
       116.341365817,
       39.945771095
      ],
      [
       116.341269526,
       39.945745781
      ],
      [
       116.341173127,
       39.945731724
      ],
      [
       116.341097074,
       39.945731292
      ],
      [
       116.341023925,
       39.945733128
      ],
      [
       116.340956518,
       39.945746254
      ],
      [
       116.340877281,
       39.945772822
      ],
      [
       116.340637509,
       39.945762452
      ],
      [
       116.34048837,
       39.946671228
      ],
      [
       116.340470853,
       39.947276793
      ],
      [
       116.340947159,
       39.947331288
      ],
      [
       116.341107957,
       39.947341208
      ],
      [
       116.341222298,
       39.947314839
      ],
      [
       116.341324981,
       39.947283901
      ]
     ],
     [
      [
       116.340558559,
       39.946977837
      ],
      [
       116.34072568,
       39.946024133
      ],
      [
       116.341517761,
       39.946093929
      ],
      [
       116.341362221,
       39.94706121
      ],
      [
       116.340558559,
       39.946977837
      ]
     ]
    ]
   }
  },
  {
   "type": "Feature",
   "id": "lu-osm-1315076526",
   "properties": {
    "id": "lu-osm-1315076526",
    "layer": "LAND_USE",
    "source_type": "osm",
    "confidence": "low",
    "geometry_role": "existing_condition",
    "land_use_code": "1401",
    "name_zh": "公园绿地",
    "area_sqm_declared": 8188.3,
    "source_id": "osm-landuse-polygons",
    "mapping_note": "OSM leisure:park 多边形映射到项目代码表"
   },
   "geometry": {
    "type": "Polygon",
    "coordinates": [
     [
      [
       116.348494743,
       39.984605368
      ],
      [
       116.348474741,
       39.985170389
      ],
      [
       116.349984602,
       39.985217143
      ],
      [
       116.350007625,
       39.98464088
      ],
      [
       116.348494743,
       39.984605368
      ]
     ]
    ]
   }
  },
  {
   "type": "Feature",
   "id": "lu-osm-247351546",
   "properties": {
    "id": "lu-osm-247351546",
    "layer": "LAND_USE",
    "source_type": "osm",
    "confidence": "low",
    "geometry_role": "existing_condition",
    "land_use_code": "0805",
    "name_zh": "矿大体育场",
    "area_sqm_declared": 8317.0,
    "source_id": "osm-landuse-polygons",
    "mapping_note": "OSM leisure:stadium 多边形映射到项目代码表"
   },
   "geometry": {
    "type": "Polygon",
    "coordinates": [
     [
      [
       116.344518031,
       39.997671075
      ],
      [
       116.342718205,
       39.997611348
      ],
      [
       116.34248699,
       39.997605533
      ],
      [
       116.342454403,
       39.998256039
      ],
      [
       116.342548078,
       39.99825657
      ],
      [
       116.342574295,
       39.998270228
      ],
      [
       116.3425916,
       39.998297345
      ],
      [
       116.342584601,
       39.998416636
      ],
      [
       116.344355304,
       39.998462691
      ],
      [
       116.344364753,
       39.998392947
      ],
      [
       116.344497173,
       39.998321647
      ],
      [
       116.344518031,
       39.997671075
      ]
     ],
     [
      [
       116.344127685,
       39.997774688
      ],
      [
       116.344095674,
       39.998366658
      ],
      [
       116.342869439,
       39.998325939
      ],
      [
       116.342895541,
       39.99774069
      ],
      [
       116.344127685,
       39.997774688
      ]
     ]
    ]
   }
  },
  {
   "type": "Feature",
   "id": "lu-osm-917379045",
   "properties": {
    "id": "lu-osm-917379045",
    "layer": "LAND_USE",
    "source_type": "osm",
    "confidence": "low",
    "geometry_role": "existing_condition",
    "land_use_code": "0804",
    "name_zh": "北京交通大学附属小学（东校区）",
    "area_sqm_declared": 8371.2,
    "source_id": "osm-landuse-polygons",
    "mapping_note": "OSM amenity:school 多边形映射到项目代码表"
   },
   "geometry": {
    "type": "Polygon",
    "coordinates": [
     [
      [
       116.342761975,
       39.952105855
      ],
      [
       116.342794607,
       39.952058758
      ],
      [
       116.342853959,
       39.951665074
      ],
      [
       116.342573621,
       39.9516117
      ],
      [
       116.342640781,
       39.95131938
      ],
      [
       116.341834552,
       39.951193222
      ],
      [
       116.341630179,
       39.95206566
      ],
      [
       116.342389827,
       39.95216904
      ],
      [
       116.342544894,
       39.952167668
      ],
      [
       116.342700197,
       39.95214153
      ],
      [
       116.342761975,
       39.952105855
      ]
     ]
    ]
   }
  },
  {
   "type": "Feature",
   "id": "lu-osm-190426948",
   "properties": {
    "id": "lu-osm-190426948",
    "layer": "LAND_USE",
    "source_type": "osm",
    "confidence": "low",
    "geometry_role": "existing_condition",
    "land_use_code": "0805",
    "name_zh": "体育用地",
    "area_sqm_declared": 8464.4,
    "source_id": "osm-landuse-polygons",
    "mapping_note": "OSM leisure:pitch 多边形映射到项目代码表"
   },
   "geometry": {
    "type": "Polygon",
    "coordinates": [
     [
      [
       116.341807851,
       39.97808318
      ],
      [
       116.341211022,
       39.978061777
      ],
      [
       116.341160862,
       39.979018393
      ],
      [
       116.341157373,
       39.979076913
      ],
      [
       116.341153971,
       39.979126427
      ],
      [
       116.341139756,
       39.979387524
      ],
      [
       116.341136419,
       39.979430284
      ],
      [
       116.341129333,
       39.979558581
      ],
      [
       116.341220035,
       39.979561348
      ],
      [
       116.341726197,
       39.979577733
      ],
      [
       116.34172988,
       39.97949895
      ],
      [
       116.341807851,
       39.97808318
      ]
     ]
    ]
   }
  },
  {
   "type": "Feature",
   "id": "lu-osm-1315051504",
   "properties": {
    "id": "lu-osm-1315051504",
    "layer": "LAND_USE",
    "source_type": "osm",
    "confidence": "low",
    "geometry_role": "existing_condition",
    "land_use_code": "0805",
    "name_zh": "风雨操场",
    "area_sqm_declared": 8560.0,
    "source_id": "osm-landuse-polygons",
    "mapping_note": "OSM leisure:stadium 多边形映射到项目代码表"
   },
   "geometry": {
    "type": "Polygon",
    "coordinates": [
     [
      [
       116.353462583,
       39.982341127
      ],
      [
       116.353353935,
       39.982378797
      ],
      [
       116.353253707,
       39.98245479
      ],
      [
       116.353156107,
       39.982562319
      ],
      [
       116.353027376,
       39.982557097
      ],
      [
       116.353002535,
       39.983018522
      ],
      [
       116.352935051,
       39.983036158
      ],
      [
       116.352924317,
       39.983243239
      ],
      [
       116.352988493,
       39.983266112
      ],
      [
       116.35296677,
       39.983707291
      ],
      [
       116.353010649,
       39.983709788
      ],
      [
       116.352998832,
       39.98403169
      ],
      [
       116.353654316,
       39.984046605
      ],
      [
       116.353777218,
       39.984049542
      ],
      [
       116.35380725,
       39.983657943
      ],
      [
       116.353333226,
       39.983644042
      ],
      [
       116.353310237,
       39.983598883
      ],
      [
       116.353365024,
       39.982754864
      ],
      [
       116.353395288,
       39.982649211
      ],
      [
       116.353886844,
       39.982665462
      ],
      [
       116.353913523,
       39.982318875
      ],
      [
       116.35381126,
       39.982300292
      ],
      [
       116.353670716,
       39.982306263
      ],
      [
       116.353568176,
       39.982316949
      ],
      [
       116.353462583,
       39.982341127
      ]
     ]
    ]
   }
  },
  {
   "type": "Feature",
   "id": "lu-osm-994926042",
   "properties": {
    "id": "lu-osm-994926042",
    "layer": "LAND_USE",
    "source_type": "osm",
    "confidence": "low",
    "geometry_role": "existing_condition",
    "land_use_code": "1401",
    "name_zh": "东升清河培黎公园",
    "area_sqm_declared": 8859.3,
    "source_id": "osm-landuse-polygons",
    "mapping_note": "OSM leisure:park 多边形映射到项目代码表"
   },
   "geometry": {
    "type": "Polygon",
    "coordinates": [
     [
      [
       116.344027224,
       40.02111788
      ],
      [
       116.342942868,
       40.020897843
      ],
      [
       116.342578256,
       40.020747175
      ],
      [
       116.342415286,
       40.020640429
      ],
      [
       116.342461674,
       40.021604341
      ],
      [
       116.342713533,
       40.021603518
      ],
      [
       116.343091721,
       40.021560633
      ],
      [
       116.343756778,
       40.021530628
      ],
      [
       116.344027224,
       40.02111788
      ]
     ]
    ]
   }
  },
  {
   "type": "Feature",
   "id": "lu-osm-1040467096",
   "properties": {
    "id": "lu-osm-1040467096",
    "layer": "LAND_USE",
    "source_type": "osm",
    "confidence": "low",
    "geometry_role": "existing_condition",
    "land_use_code": "0701",
    "name_zh": "惠博嘉园",
    "area_sqm_declared": 9538.0,
    "source_id": "osm-landuse-polygons",
    "mapping_note": "OSM landuse=residential 映射到项目代码表"
   },
   "geometry": {
    "type": "Polygon",
    "coordinates": [
     [
      [
       116.342160405,
       40.015467249
      ],
      [
       116.342204659,
       40.016347843
      ],
      [
       116.343331983,
       40.016354237
      ],
      [
       116.34336199,
       40.015667694
      ],
      [
       116.343135455,
       40.01547278
      ],
      [
       116.342160405,
       40.015467249
      ]
     ]
    ]
   }
  },
  {
   "type": "Feature",
   "id": "lu-osm-1547392617",
   "properties": {
    "id": "lu-osm-1547392617",
    "layer": "LAND_USE",
    "source_type": "osm",
    "confidence": "low",
    "geometry_role": "existing_condition",
    "land_use_code": "0701",
    "name_zh": "交大嘉园",
    "area_sqm_declared": 9542.5,
    "source_id": "osm-landuse-polygons",
    "mapping_note": "OSM landuse=residential 映射到项目代码表"
   },
   "geometry": {
    "type": "Polygon",
    "coordinates": [
     [
      [
       116.342103235,
       39.949409274
      ],
      [
       116.342254307,
       39.948908037
      ],
      [
       116.340440453,
       39.948310079
      ],
      [
       116.340425925,
       39.948908907
      ],
      [
       116.342103235,
       39.949409274
      ]
     ]
    ]
   }
  },
  {
   "type": "Feature",
   "id": "lu-osm-546295835",
   "properties": {
    "id": "lu-osm-546295835",
    "layer": "LAND_USE",
    "source_type": "osm",
    "confidence": "low",
    "geometry_role": "existing_condition",
    "land_use_code": "0701",
    "name_zh": "城镇住宅用地",
    "area_sqm_declared": 9720.4,
    "source_id": "osm-landuse-polygons",
    "mapping_note": "OSM landuse=residential 映射到项目代码表"
   },
   "geometry": {
    "type": "Polygon",
    "coordinates": [
     [
      [
       116.345704942,
       39.953653551
      ],
      [
       116.345366158,
       39.955126398
      ],
      [
       116.346014763,
       39.955220121
      ],
      [
       116.34622882,
       39.954554872
      ],
      [
       116.34628418,
       39.953656819
      ],
      [
       116.345704942,
       39.953653551
      ]
     ]
    ]
   }
  },
  {
   "type": "Feature",
   "id": "lu-osm-543828493",
   "properties": {
    "id": "lu-osm-543828493",
    "layer": "LAND_USE",
    "source_type": "osm",
    "confidence": "low",
    "geometry_role": "existing_condition",
    "land_use_code": "1401",
    "name_zh": "公园绿地",
    "area_sqm_declared": 9792.3,
    "source_id": "osm-landuse-polygons",
    "mapping_note": "OSM leisure:park 多边形映射到项目代码表"
   },
   "geometry": {
    "type": "Polygon",
    "coordinates": [
     [
      [
       116.35058808,
       39.983306725
      ],
      [
       116.350572813,
       39.983682645
      ],
      [
       116.350689861,
       39.983685552
      ],
      [
       116.350891784,
       39.983688935
      ],
      [
       116.350901621,
       39.983267954
      ],
      [
       116.35095725,
       39.983266013
      ],
      [
       116.350959572,
       39.98302061
      ],
      [
       116.351173264,
       39.983017303
      ],
      [
       116.351174755,
       39.982859704
      ],
      [
       116.350981636,
       39.98285412
      ],
      [
       116.350980797,
       39.982633465
      ],
      [
       116.350787742,
       39.982621126
      ],
      [
       116.350803434,
       39.982200178
      ],
      [
       116.35069222,
       39.982199555
      ],
      [
       116.350684321,
       39.982415658
      ],
      [
       116.350684065,
       39.982442675
      ],
      [
       116.350523141,
       39.98243727
      ],
      [
       116.350518914,
       39.98257459
      ],
      [
       116.34991025,
       39.982562171
      ],
      [
       116.349842104,
       39.982649599
      ],
      [
       116.349834821,
       39.982800411
      ],
      [
       116.349815578,
       39.983286633
      ],
      [
       116.35058808,
       39.983306725
      ]
     ]
    ]
   }
  },
  {
   "type": "Feature",
   "id": "lu-osm-434331017",
   "properties": {
    "id": "lu-osm-434331017",
    "layer": "LAND_USE",
    "source_type": "osm",
    "confidence": "low",
    "geometry_role": "existing_condition",
    "land_use_code": "0804",
    "name_zh": "北京市第一零一中学矿大分校",
    "area_sqm_declared": 9941.8,
    "source_id": "osm-landuse-polygons",
    "mapping_note": "OSM amenity:school 多边形映射到项目代码表"
   },
   "geometry": {
    "type": "Polygon",
    "coordinates": [
     [
      [
       116.341863487,
       39.996685624
      ],
      [
       116.341867127,
       39.996611344
      ],
      [
       116.341726661,
       39.996606043
      ],
      [
       116.341129627,
       39.996589142
      ],
      [
       116.341091573,
       39.996588925
      ],
      [
       116.3411299,
       39.997170037
      ],
      [
       116.341133433,
       39.997107014
      ],
      [
       116.341309027,
       39.997112515
      ],
      [
       116.341297801,
       39.997366874
      ],
      [
       116.341283647,
       39.997621215
      ],
      [
       116.341157794,
       39.997618249
      ],
      [
       116.341198617,
       39.998244404
      ],
      [
       116.341898122,
       39.998261888
      ],
      [
       116.341974668,
       39.996996966
      ],
      [
       116.341849681,
       39.996903943
      ],
      [
       116.341863487,
       39.996685624
      ]
     ],
     [
      [
       116.341382873,
       39.997653301
      ],
      [
       116.34141441,
       39.997113114
      ],
      [
       116.341698314,
       39.99711923
      ],
      [
       116.341672656,
       39.997657199
      ],
      [
       116.341382873,
       39.997653301
      ]
     ]
    ]
   }
  },
  {
   "type": "Feature",
   "id": "lu-osm-897771501",
   "properties": {
    "id": "lu-osm-897771501",
    "layer": "LAND_USE",
    "source_type": "osm",
    "confidence": "low",
    "geometry_role": "existing_condition",
    "land_use_code": "0701",
    "name_zh": "东王庄小区",
    "area_sqm_declared": 10035.4,
    "source_id": "osm-landuse-polygons",
    "mapping_note": "OSM landuse=residential 映射到项目代码表"
   },
   "geometry": {
    "type": "Polygon",
    "coordinates": [
     [
      [
       116.341894957,
       39.998286636
      ],
      [
       116.341898122,
       39.998261888
      ],
      [
       116.341198617,
       39.998244404
      ],
      [
       116.341252216,
       39.999064264
      ],
      [
       116.342522482,
       39.999093992
      ],
      [
       116.342543609,
       39.998722611
      ],
      [
       116.342544719,
       39.998301582
      ],
      [
       116.341894957,
       39.998286636
      ]
     ]
    ]
   }
  },
  {
   "type": "Feature",
   "id": "lu-osm-941729551",
   "properties": {
    "id": "lu-osm-941729551",
    "layer": "LAND_USE",
    "source_type": "osm",
    "confidence": "low",
    "geometry_role": "existing_condition",
    "land_use_code": "0804",
    "name_zh": "北京邮电大学附属小学（海淀区今典小学）",
    "area_sqm_declared": 10131.3,
    "source_id": "osm-landuse-polygons",
    "mapping_note": "OSM amenity:school 多边形映射到项目代码表"
   },
   "geometry": {
    "type": "Polygon",
    "coordinates": [
     [
      [
       116.354572637,
       39.954254889
      ],
      [
       116.354607933,
       39.954234821
      ],
      [
       116.354553656,
       39.953784211
      ],
      [
       116.35444113,
       39.95361697
      ],
      [
       116.354427349,
       39.953526831
      ],
      [
       116.353903356,
       39.953559937
      ],
      [
       116.353864308,
       39.953667793
      ],
      [
       116.353822801,
       39.953726102
      ],
      [
       116.353484594,
       39.953913346
      ],
      [
       116.353250387,
       39.953930052
      ],
      [
       116.353221533,
       39.954508537
      ],
      [
       116.354318569,
       39.954516904
      ],
      [
       116.354322002,
       39.954462886
      ],
      [
       116.354567722,
       39.954466506
      ],
      [
       116.354572637,
       39.954254889
      ]
     ]
    ]
   }
  },
  {
   "type": "Feature",
   "id": "lu-osm-18849855",
   "properties": {
    "id": "lu-osm-18849855",
    "layer": "LAND_USE",
    "source_type": "osm",
    "confidence": "low",
    "geometry_role": "existing_condition",
    "land_use_code": "0902",
    "name_zh": "北航柏彦大厦",
    "area_sqm_declared": 10138.8,
    "source_id": "osm-landuse-polygons",
    "mapping_note": "OSM landuse=commercial 映射到项目代码表"
   },
   "geometry": {
    "type": "Polygon",
    "coordinates": [
     [
      [
       116.34221873,
       39.984677994
      ],
      [
       116.341747608,
       39.984666314
      ],
      [
       116.341733956,
       39.984868874
      ],
      [
       116.34327589,
       39.984927154
      ],
      [
       116.343320496,
       39.983936734
      ],
      [
       116.343226862,
       39.983933952
      ],
      [
       116.342454421,
       39.983907057
      ],
      [
       116.342441712,
       39.984316763
      ],
      [
       116.342242715,
       39.984313383
      ],
      [
       116.342229691,
       39.984450652
      ],
      [
       116.34221873,
       39.984677994
      ]
     ]
    ]
   }
  },
  {
   "type": "Feature",
   "id": "lu-osm-1383258964",
   "properties": {
    "id": "lu-osm-1383258964",
    "layer": "LAND_USE",
    "source_type": "osm",
    "confidence": "low",
    "geometry_role": "existing_condition",
    "land_use_code": "1401",
    "name_zh": "公园绿地",
    "area_sqm_declared": 10182.9,
    "source_id": "osm-landuse-polygons",
    "mapping_note": "OSM leisure:park 多边形映射到项目代码表"
   },
   "geometry": {
    "type": "Polygon",
    "coordinates": [
     [
      [
       116.354256128,
       40.00747709
      ],
      [
       116.353251003,
       40.007257591
      ],
      [
       116.352883451,
       40.008043571
      ],
      [
       116.354306113,
       40.008386983
      ],
      [
       116.354256128,
       40.00747709
      ]
     ]
    ]
   }
  },
  {
   "type": "Feature",
   "id": "lu-osm-930946250",
   "properties": {
    "id": "lu-osm-930946250",
    "layer": "LAND_USE",
    "source_type": "osm",
    "confidence": "low",
    "geometry_role": "existing_condition",
    "land_use_code": "1401",
    "name_zh": "公园绿地",
    "area_sqm_declared": 11029.2,
    "source_id": "osm-landuse-polygons",
    "mapping_note": "OSM leisure:park 多边形映射到项目代码表"
   },
   "geometry": {
    "type": "Polygon",
    "coordinates": [
     [
      [
       116.354481133,
       40.011564854
      ],
      [
       116.354473728,
       40.011418464
      ],
      [
       116.354268244,
       40.011784317
      ],
      [
       116.35407833,
       40.012361899
      ],
      [
       116.353897434,
       40.012293345
      ],
      [
       116.353820458,
       40.012382977
      ],
      [
       116.353667227,
       40.012485692
      ],
      [
       116.353403839,
       40.012470714
      ],
      [
       116.353186325,
       40.012248851
      ],
      [
       116.353316642,
       40.012091972
      ],
      [
       116.353527981,
       40.012347573
      ],
      [
       116.353660164,
       40.01230328
      ],
      [
       116.35378838,
       40.012058579
      ],
      [
       116.354043811,
       40.011985703
      ],
      [
       116.353851714,
       40.01186305
      ],
      [
       116.353905266,
       40.011773288
      ],
      [
       116.354057985,
       40.011724606
      ],
      [
       116.354141961,
       40.011513431
      ],
      [
       116.354058983,
       40.01130808
      ],
      [
       116.353866463,
       40.011230455
      ],
      [
       116.353986041,
       40.010969945
      ],
      [
       116.35444606,
       40.010936485
      ],
      [
       116.35444379,
       40.010866675
      ],
      [
       116.35394259,
       40.01092017
      ],
      [
       116.352866045,
       40.012677103
      ],
      [
       116.352525805,
       40.012738245
      ],
      [
       116.352283681,
       40.013261496
      ],
      [
       116.352495675,
       40.012828138
      ],
      [
       116.352577892,
       40.01280383
      ],
      [
       116.352496709,
       40.013028529
      ],
      [
       116.352623775,
       40.013216115
      ],
      [
       116.352649446,
       40.013288307
      ],
      [
       116.352450427,
       40.013278189
      ],
      [
       116.352265751,
       40.013299672
      ],
      [
       116.352238846,
       40.013358061
      ],
      [
       116.352592601,
       40.013416326
      ],
      [
       116.353075449,
       40.013387538
      ],
      [
       116.352732578,
       40.013167189
      ],
      [
       116.35282874,
       40.01290655
      ],
      [
       116.353192601,
       40.012514565
      ],
      [
       116.353616709,
       40.012564214
      ],
      [
       116.353904498,
       40.012475758
      ],
      [
       116.354051235,
       40.012440551
      ],
      [
       116.353871333,
       40.012887601
      ],
      [
       116.353510881,
       40.013360593
      ],
      [
       116.353591664,
       40.013356609
      ],
      [
       116.354024522,
       40.012789388
      ],
      [
       116.354236609,
       40.012034059
      ],
      [
       116.354481133,
       40.011564854
      ]
     ]
    ]
   }
  },
  {
   "type": "Feature",
   "id": "lu-osm-1424647756",
   "properties": {
    "id": "lu-osm-1424647756",
    "layer": "LAND_USE",
    "source_type": "osm",
    "confidence": "low",
    "geometry_role": "existing_condition",
    "land_use_code": "0701",
    "name_zh": "明光北里南区",
    "area_sqm_declared": 11595.6,
    "source_id": "osm-landuse-polygons",
    "mapping_note": "OSM landuse=residential 映射到项目代码表"
   },
   "geometry": {
    "type": "Polygon",
    "coordinates": [
     [
      [
       116.343914063,
       39.961580667
      ],
      [
       116.343914945,
       39.961564353
      ],
      [
       116.343915268,
       39.961530581
      ],
      [
       116.343977515,
       39.96153224
      ],
      [
       116.343982604,
       39.961526459
      ],
      [
       116.344094235,
       39.961479809
      ],
      [
       116.344427687,
       39.961490701
      ],
      [
       116.344456965,
       39.961182406
      ],
      [
       116.343096873,
       39.961134179
      ],
      [
       116.343068926,
       39.961302886
      ],
      [
       116.342998331,
       39.96195318
      ],
      [
       116.342912405,
       39.96206527
      ],
      [
       116.342900934,
       39.962346648
      ],
      [
       116.343696669,
       39.962360162
      ],
      [
       116.343835301,
       39.962243866
      ],
      [
       116.343897111,
       39.961593522
      ],
      [
       116.343914063,
       39.961580667
      ]
     ]
    ]
   }
  },
  {
   "type": "Feature",
   "id": "lu-osm-1040467100",
   "properties": {
    "id": "lu-osm-1040467100",
    "layer": "LAND_USE",
    "source_type": "osm",
    "confidence": "low",
    "geometry_role": "existing_condition",
    "land_use_code": "0902",
    "name_zh": "汇智大厦",
    "area_sqm_declared": 11660.3,
    "source_id": "osm-landuse-polygons",
    "mapping_note": "OSM landuse=commercial 映射到项目代码表"
   },
   "geometry": {
    "type": "Polygon",
    "coordinates": [
     [
      [
       116.34556482,
       40.018037494
      ],
      [
       116.344426659,
       40.017936497
      ],
      [
       116.344305179,
       40.018390616
      ],
      [
       116.344335792,
       40.018863608
      ],
      [
       116.34432537,
       40.019034664
      ],
      [
       116.345458574,
       40.019043322
      ],
      [
       116.345524753,
       40.018246659
      ],
      [
       116.34556482,
       40.018037494
      ]
     ]
    ]
   }
  },
  {
   "type": "Feature",
   "id": "lu-osm-930946270",
   "properties": {
    "id": "lu-osm-930946270",
    "layer": "LAND_USE",
    "source_type": "osm",
    "confidence": "low",
    "geometry_role": "existing_condition",
    "land_use_code": "1402",
    "name_zh": "防护绿地",
    "area_sqm_declared": 11988.0,
    "source_id": "osm-landuse-polygons",
    "mapping_note": "OSM landuse=forest 映射到项目代码表"
   },
   "geometry": {
    "type": "Polygon",
    "coordinates": [
     [
      [
       116.351250852,
       40.018742669
      ],
      [
       116.351053097,
       40.018597465
      ],
      [
       116.351299742,
       40.018218339
      ],
      [
       116.350894557,
       40.01802244
      ],
      [
       116.350083819,
       40.019213451
      ],
      [
       116.350111373,
       40.019704436
      ],
      [
       116.350269694,
       40.019993518
      ],
      [
       116.350677813,
       40.019880979
      ],
      [
       116.3505075,
       40.0196211
      ],
      [
       116.350746678,
       40.019721507
      ],
      [
       116.351250852,
       40.018742669
      ]
     ]
    ]
   }
  },
  {
   "type": "Feature",
   "id": "lu-osm-498067820",
   "properties": {
    "id": "lu-osm-498067820",
    "layer": "LAND_USE",
    "source_type": "osm",
    "confidence": "low",
    "geometry_role": "existing_condition",
    "land_use_code": "0701",
    "name_zh": "宏嘉丽园",
    "area_sqm_declared": 12342.6,
    "source_id": "osm-landuse-polygons",
    "mapping_note": "OSM landuse=residential 映射到项目代码表"
   },
   "geometry": {
    "type": "Polygon",
    "coordinates": [
     [
      [
       116.342485713,
       39.970870862
      ],
      [
       116.342475826,
       39.971291843
      ],
      [
       116.342463955,
       39.971919954
      ],
      [
       116.343608042,
       39.971933193
      ],
      [
       116.343630622,
       39.970796295
      ],
      [
       116.342486554,
       39.970783057
      ],
      [
       116.342485713,
       39.970870862
      ]
     ]
    ]
   }
  },
  {
   "type": "Feature",
   "id": "lu-osm-1070127514",
   "properties": {
    "id": "lu-osm-1070127514",
    "layer": "LAND_USE",
    "source_type": "osm",
    "confidence": "low",
    "geometry_role": "existing_condition",
    "land_use_code": "16",
    "name_zh": "北京市华成商贸公司华成文创园",
    "area_sqm_declared": 12664.4,
    "source_id": "osm-landuse-polygons",
    "mapping_note": "OSM landuse=industrial；项目代码表子集内无对应类目，按现状未定型计入留白用地，待现场调查与官方控规确认"
   },
   "geometry": {
    "type": "Polygon",
    "coordinates": [
     [
      [
       116.353122466,
       40.024904274
      ],
      [
       116.353306105,
       40.024065484
      ],
      [
       116.35175853,
       40.023890225
      ],
      [
       116.351685392,
       40.024191518
      ],
      [
       116.351793511,
       40.02421689
      ],
      [
       116.351635604,
       40.024810406
      ],
      [
       116.353122466,
       40.024904274
      ]
     ]
    ]
   }
  },
  {
   "type": "Feature",
   "id": "lu-osm-986277160",
   "properties": {
    "id": "lu-osm-986277160",
    "layer": "LAND_USE",
    "source_type": "osm",
    "confidence": "low",
    "geometry_role": "existing_condition",
    "land_use_code": "0701",
    "name_zh": "玉桃园二区北院",
    "area_sqm_declared": 12695.7,
    "source_id": "osm-landuse-polygons",
    "mapping_note": "OSM landuse=residential 映射到项目代码表"
   },
   "geometry": {
    "type": "Polygon",
    "coordinates": [
     [
      [
       116.353890637,
       39.94154112
      ],
      [
       116.352969453,
       39.941517971
      ],
      [
       116.352892404,
       39.94224479
      ],
      [
       116.354560442,
       39.942479243
      ],
      [
       116.35459188,
       39.94162383
      ],
      [
       116.354194428,
       39.941585592
      ],
      [
       116.353890637,
       39.94154112
      ]
     ]
    ]
   }
  },
  {
   "type": "Feature",
   "id": "lu-osm-543831903",
   "properties": {
    "id": "lu-osm-543831903",
    "layer": "LAND_USE",
    "source_type": "osm",
    "confidence": "low",
    "geometry_role": "existing_condition",
    "land_use_code": "0806",
    "name_zh": "北京大学第六医院",
    "area_sqm_declared": 13265.7,
    "source_id": "osm-landuse-polygons",
    "mapping_note": "OSM amenity:hospital 多边形映射到项目代码表"
   },
   "geometry": {
    "type": "Polygon",
    "coordinates": [
     [
      [
       116.350864847,
       39.980349763
      ],
      [
       116.350751414,
       39.981202458
      ],
      [
       116.350315454,
       39.981188758
      ],
      [
       116.350301615,
       39.981413833
      ],
      [
       116.351951766,
       39.981472605
      ],
      [
       116.352032257,
       39.980387816
      ],
      [
       116.350864847,
       39.980349763
      ]
     ]
    ]
   }
  },
  {
   "type": "Feature",
   "id": "lu-osm-609213506",
   "properties": {
    "id": "lu-osm-609213506",
    "layer": "LAND_USE",
    "source_type": "osm",
    "confidence": "low",
    "geometry_role": "existing_condition",
    "land_use_code": "1401",
    "name_zh": "公园绿地",
    "area_sqm_declared": 13308.4,
    "source_id": "osm-landuse-polygons",
    "mapping_note": "OSM leisure:park 多边形映射到项目代码表"
   },
   "geometry": {
    "type": "Polygon",
    "coordinates": [
     [
      [
       116.350066339,
       40.002842551
      ],
      [
       116.351892679,
       40.002900061
      ],
      [
       116.351952506,
       40.002146135
      ],
      [
       116.350114667,
       40.002068298
      ],
      [
       116.350066339,
       40.002842551
      ]
     ]
    ]
   }
  },
  {
   "type": "Feature",
   "id": "lu-osm-1040467095",
   "properties": {
    "id": "lu-osm-1040467095",
    "layer": "LAND_USE",
    "source_type": "osm",
    "confidence": "low",
    "geometry_role": "existing_condition",
    "land_use_code": "16",
    "name_zh": "学院路科技园C地块B23研发设计用地",
    "area_sqm_declared": 13597.2,
    "source_id": "osm-landuse-polygons",
    "mapping_note": "OSM landuse=brownfield；项目代码表子集内无对应类目，按现状未定型计入留白用地，待现场调查与官方控规确认"
   },
   "geometry": {
    "type": "Polygon",
    "coordinates": [
     [
      [
       116.342274696,
       40.016373008
      ],
      [
       116.342279101,
       40.017744206
      ],
      [
       116.343316042,
       40.017711811
      ],
      [
       116.343349444,
       40.016365593
      ],
      [
       116.342274696,
       40.016373008
      ]
     ]
    ]
   }
  },
  {
   "type": "Feature",
   "id": "lu-osm-1523972356",
   "properties": {
    "id": "lu-osm-1523972356",
    "layer": "LAND_USE",
    "source_type": "osm",
    "confidence": "low",
    "geometry_role": "existing_condition",
    "land_use_code": "1402",
    "name_zh": "防护绿地",
    "area_sqm_declared": 13821.6,
    "source_id": "osm-landuse-polygons",
    "mapping_note": "OSM landuse=forest 映射到项目代码表"
   },
   "geometry": {
    "type": "Polygon",
    "coordinates": [
     [
      [
       116.347037329,
       40.016548541
      ],
      [
       116.347372733,
       40.01607536
      ],
      [
       116.347693342,
       40.015617856
      ],
      [
       116.347874741,
       40.015326179
      ],
      [
       116.348164055,
       40.014771682
      ],
      [
       116.348304779,
       40.014446003
      ],
      [
       116.348351847,
       40.014115295
      ],
      [
       116.348223057,
       40.014110067
      ],
      [
       116.347509225,
       40.015272337
      ],
      [
       116.347757704,
       40.015316515
      ],
      [
       116.3476481,
       40.015448737
      ],
      [
       116.347163047,
       40.015340184
      ],
      [
       116.346867676,
       40.015300244
      ],
      [
       116.346821124,
       40.015883125
      ],
      [
       116.346223899,
       40.0158685
      ],
      [
       116.346203817,
       40.016131814
      ],
      [
       116.346921053,
       40.016151619
      ],
      [
       116.346902034,
       40.016610821
      ],
      [
       116.346658935,
       40.016616205
      ],
      [
       116.34665313,
       40.016917876
      ],
      [
       116.346380175,
       40.017290089
      ],
      [
       116.346137202,
       40.017281963
      ],
      [
       116.346100888,
       40.017711798
      ],
      [
       116.346283939,
       40.017555225
      ],
      [
       116.346446621,
       40.017385027
      ],
      [
       116.346740137,
       40.017006176
      ],
      [
       116.347037329,
       40.016548541
      ]
     ]
    ]
   }
  },
  {
   "type": "Feature",
   "id": "lu-osm-368712815",
   "properties": {
    "id": "lu-osm-368712815",
    "layer": "LAND_USE",
    "source_type": "osm",
    "confidence": "low",
    "geometry_role": "existing_condition",
    "land_use_code": "0701",
    "name_zh": "德宝新园小区",
    "area_sqm_declared": 14050.1,
    "source_id": "osm-landuse-polygons",
    "mapping_note": "OSM landuse=residential 映射到项目代码表"
   },
   "geometry": {
    "type": "Polygon",
    "coordinates": [
     [
      [
       116.341139938,
       39.939737921
      ],
      [
       116.341182075,
       39.939004156
      ],
      [
       116.341182119,
       39.938999653
      ],
      [
       116.340699502,
       39.938999162
      ],
      [
       116.340649956,
       39.940809123
      ],
      [
       116.34097709,
       39.940858266
      ],
      [
       116.341691002,
       39.940837555
      ],
      [
       116.341681143,
       39.939729738
      ],
      [
       116.341139938,
       39.939737921
      ]
     ]
    ]
   }
  },
  {
   "type": "Feature",
   "id": "lu-osm-1539169787",
   "properties": {
    "id": "lu-osm-1539169787",
    "layer": "LAND_USE",
    "source_type": "osm",
    "confidence": "low",
    "geometry_role": "existing_condition",
    "land_use_code": "1401",
    "name_zh": "公园绿地",
    "area_sqm_declared": 14083.1,
    "source_id": "osm-landuse-polygons",
    "mapping_note": "OSM landuse=grass 映射到项目代码表"
   },
   "geometry": {
    "type": "Polygon",
    "coordinates": [
     [
      [
       116.34430824,
       40.022965713
      ],
      [
       116.344373007,
       40.023236262
      ],
      [
       116.344392062,
       40.023387221
      ],
      [
       116.344472075,
       40.023594813
      ],
      [
       116.344582171,
       40.023719269
      ],
      [
       116.344627432,
       40.023886137
      ],
      [
       116.344528682,
       40.024106227
      ],
      [
       116.344564726,
       40.024318073
      ],
      [
       116.344497197,
       40.024641909
      ],
      [
       116.344557812,
       40.024734564
      ],
      [
       116.344983926,
       40.024275413
      ],
      [
       116.345093614,
       40.024136439
      ],
      [
       116.345157802,
       40.023855363
      ],
      [
       116.345134244,
       40.023256327
      ],
      [
       116.345062992,
       40.023051036
      ],
      [
       116.344904105,
       40.022822735
      ],
      [
       116.344762294,
       40.022646315
      ],
      [
       116.344536314,
       40.022390616
      ],
      [
       116.344453934,
       40.022124471
      ],
      [
       116.344378378,
       40.022063253
      ],
      [
       116.343936411,
       40.022038236
      ],
      [
       116.343934772,
       40.022209342
      ],
      [
       116.344005933,
       40.022423639
      ],
      [
       116.344187446,
       40.022735375
      ],
      [
       116.34430824,
       40.022965713
      ]
     ]
    ]
   }
  },
  {
   "type": "Feature",
   "id": "lu-osm-989032284",
   "properties": {
    "id": "lu-osm-989032284",
    "layer": "LAND_USE",
    "source_type": "osm",
    "confidence": "low",
    "geometry_role": "existing_condition",
    "land_use_code": "0701",
    "name_zh": "城镇住宅用地",
    "area_sqm_declared": 14286.2,
    "source_id": "osm-landuse-polygons",
    "mapping_note": "OSM landuse=residential 映射到项目代码表"
   },
   "geometry": {
    "type": "Polygon",
    "coordinates": [
     [
      [
       116.346693236,
       39.974616439
      ],
      [
       116.346527486,
       39.97389051
      ],
      [
       116.345149519,
       39.973848961
      ],
      [
       116.345189038,
       39.974920914
      ],
      [
       116.345335614,
       39.974894724
      ],
      [
       116.345507452,
       39.974981252
      ],
      [
       116.346353897,
       39.974909476
      ],
      [
       116.346693236,
       39.974616439
      ]
     ]
    ]
   }
  },
  {
   "type": "Feature",
   "id": "lu-osm-917665175",
   "properties": {
    "id": "lu-osm-917665175",
    "layer": "LAND_USE",
    "source_type": "osm",
    "confidence": "low",
    "geometry_role": "existing_condition",
    "land_use_code": "0701",
    "name_zh": "黄亭子小区",
    "area_sqm_declared": 14553.8,
    "source_id": "osm-landuse-polygons",
    "mapping_note": "OSM landuse=residential 映射到项目代码表"
   },
   "geometry": {
    "type": "Polygon",
    "coordinates": [
     [
      [
       116.349809008,
       39.971936619
      ],
      [
       116.349337886,
       39.971933976
      ],
      [
       116.349334089,
       39.972951648
      ],
      [
       116.349717451,
       39.972951548
      ],
      [
       116.34971201,
       39.973525659
      ],
      [
       116.350548866,
       39.973537105
      ],
      [
       116.350570281,
       39.972202065
      ],
      [
       116.349797776,
       39.972195483
      ],
      [
       116.349809008,
       39.971936619
      ]
     ]
    ]
   }
  },
  {
   "type": "Feature",
   "id": "lu-osm-154079919",
   "properties": {
    "id": "lu-osm-154079919",
    "layer": "LAND_USE",
    "source_type": "osm",
    "confidence": "low",
    "geometry_role": "existing_condition",
    "land_use_code": "0901",
    "name_zh": "BOM嘻番里",
    "area_sqm_declared": 14595.3,
    "source_id": "osm-landuse-polygons",
    "mapping_note": "OSM landuse=retail 映射到项目代码表"
   },
   "geometry": {
    "type": "Polygon",
    "coordinates": [
     [
      [
       116.346855323,
       40.000928717
      ],
      [
       116.3483657,
       40.000957482
      ],
      [
       116.348398793,
       39.99993998
      ],
      [
       116.346885511,
       39.999911198
      ],
      [
       116.346855323,
       40.000928717
      ]
     ]
    ]
   }
  },
  {
   "type": "Feature",
   "id": "lu-osm-919970122",
   "properties": {
    "id": "lu-osm-919970122",
    "layer": "LAND_USE",
    "source_type": "osm",
    "confidence": "low",
    "geometry_role": "existing_condition",
    "land_use_code": "0701",
    "name_zh": "建清园北区",
    "area_sqm_declared": 15496.3,
    "source_id": "osm-landuse-polygons",
    "mapping_note": "OSM landuse=residential 映射到项目代码表"
   },
   "geometry": {
    "type": "Polygon",
    "coordinates": [
     [
      [
       116.342148359,
       40.015196998
      ],
      [
       116.343345572,
       40.015242064
      ],
      [
       116.343512754,
       40.013991167
      ],
      [
       116.342087048,
       40.013958315
      ],
      [
       116.342148359,
       40.015196998
      ]
     ]
    ]
   }
  },
  {
   "type": "Feature",
   "id": "lu-osm-1005471147",
   "properties": {
    "id": "lu-osm-1005471147",
    "layer": "LAND_USE",
    "source_type": "osm",
    "confidence": "low",
    "geometry_role": "existing_condition",
    "land_use_code": "0701",
    "name_zh": "学知园",
    "area_sqm_declared": 15696.0,
    "source_id": "osm-landuse-polygons",
    "mapping_note": "OSM landuse=residential 映射到项目代码表"
   },
   "geometry": {
    "type": "Polygon",
    "coordinates": [
     [
      [
       116.34789083,
       40.011174469
      ],
      [
       116.350160059,
       40.011175958
      ],
      [
       116.350372251,
       40.010722341
      ],
      [
       116.348354225,
       40.010170646
      ],
      [
       116.34789083,
       40.011174469
      ]
     ]
    ]
   }
  },
  {
   "type": "Feature",
   "id": "lu-osm-1052184326",
   "properties": {
    "id": "lu-osm-1052184326",
    "layer": "LAND_USE",
    "source_type": "osm",
    "confidence": "low",
    "geometry_role": "existing_condition",
    "land_use_code": "0701",
    "name_zh": "天恒·学院里",
    "area_sqm_declared": 15728.1,
    "source_id": "osm-landuse-polygons",
    "mapping_note": "OSM landuse=residential 映射到项目代码表"
   },
   "geometry": {
    "type": "Polygon",
    "coordinates": [
     [
      [
       116.341272018,
       39.955245054
      ],
      [
       116.340966719,
       39.955047434
      ],
      [
       116.340757056,
       39.954944923
      ],
      [
       116.340231967,
       39.956612579
      ],
      [
       116.341413723,
       39.956637311
      ],
      [
       116.341761368,
       39.956080903
      ],
      [
       116.341584518,
       39.955607075
      ],
      [
       116.341272018,
       39.955245054
      ]
     ]
    ]
   }
  },
  {
   "type": "Feature",
   "id": "lu-osm-265008345",
   "properties": {
    "id": "lu-osm-265008345",
    "layer": "LAND_USE",
    "source_type": "osm",
    "confidence": "low",
    "geometry_role": "existing_condition",
    "land_use_code": "0804",
    "name_zh": "北航实验学校小学部",
    "area_sqm_declared": 16374.3,
    "source_id": "osm-landuse-polygons",
    "mapping_note": "OSM amenity:school 多边形映射到项目代码表"
   },
   "geometry": {
    "type": "Polygon",
    "coordinates": [
     [
      [
       116.343148259,
       39.975942821
      ],
      [
       116.342121204,
       39.975925739
      ],
      [
       116.342094707,
       39.976857723
      ],
      [
       116.344046421,
       39.9768913
      ],
      [
       116.344068996,
       39.976060612
      ],
      [
       116.343144363,
       39.976044118
      ],
      [
       116.343148259,
       39.975942821
      ]
     ]
    ]
   }
  },
  {
   "type": "Feature",
   "id": "lu-osm-868296015",
   "properties": {
    "id": "lu-osm-868296015",
    "layer": "LAND_USE",
    "source_type": "osm",
    "confidence": "low",
    "geometry_role": "existing_condition",
    "land_use_code": "0804",
    "name_zh": "北京城市学院",
    "area_sqm_declared": 16825.2,
    "source_id": "osm-landuse-polygons",
    "mapping_note": "OSM amenity:college 多边形映射到项目代码表"
   },
   "geometry": {
    "type": "Polygon",
    "coordinates": [
     [
      [
       116.342284635,
       39.98574109
      ],
      [
       116.34183111,
       39.985725006
      ],
      [
       116.340666586,
       39.985682363
      ],
      [
       116.340388627,
       39.985671776
      ],
      [
       116.340480352,
       39.987090761
      ],
      [
       116.341305642,
       39.98710446
      ],
      [
       116.341313599,
       39.986275943
      ],
      [
       116.34226469,
       39.986294853
      ],
      [
       116.342284635,
       39.98574109
      ]
     ]
    ]
   }
  },
  {
   "type": "Feature",
   "id": "lu-osm-929515630",
   "properties": {
    "id": "lu-osm-929515630",
    "layer": "LAND_USE",
    "source_type": "osm",
    "confidence": "low",
    "geometry_role": "existing_condition",
    "land_use_code": "1402",
    "name_zh": "防护绿地",
    "area_sqm_declared": 17116.2,
    "source_id": "osm-landuse-polygons",
    "mapping_note": "OSM landuse=forest 映射到项目代码表"
   },
   "geometry": {
    "type": "Polygon",
    "coordinates": [
     [
      [
       116.346033856,
       40.019825594
      ],
      [
       116.346103317,
       40.018684467
      ],
      [
       116.345879242,
       40.018536854
      ],
      [
       116.34581952,
       40.020497588
      ],
      [
       116.345993799,
       40.020647172
      ],
      [
       116.348553349,
       40.019407494
      ],
      [
       116.346660382,
       40.019227973
      ],
      [
       116.346564331,
       40.020087511
      ],
      [
       116.346033856,
       40.019825594
      ]
     ]
    ]
   }
  },
  {
   "type": "Feature",
   "id": "lu-osm-499424519",
   "properties": {
    "id": "lu-osm-499424519",
    "layer": "LAND_USE",
    "source_type": "osm",
    "confidence": "low",
    "geometry_role": "existing_condition",
    "land_use_code": "0701",
    "name_zh": "保利海德公园",
    "area_sqm_declared": 17207.1,
    "source_id": "osm-landuse-polygons",
    "mapping_note": "OSM landuse=residential 映射到项目代码表"
   },
   "geometry": {
    "type": "Polygon",
    "coordinates": [
     [
      [
       116.344142032,
       39.973624866
      ],
      [
       116.345371032,
       39.973636316
      ],
      [
       116.345390975,
       39.972159422
      ],
      [
       116.34416198,
       39.972150224
      ],
      [
       116.344142032,
       39.973624866
      ]
     ]
    ]
   }
  },
  {
   "type": "Feature",
   "id": "lu-osm-1383258977",
   "properties": {
    "id": "lu-osm-1383258977",
    "layer": "LAND_USE",
    "source_type": "osm",
    "confidence": "low",
    "geometry_role": "existing_condition",
    "land_use_code": "0902",
    "name_zh": "科技财富中心",
    "area_sqm_declared": 17395.8,
    "source_id": "osm-landuse-polygons",
    "mapping_note": "OSM landuse=commercial 映射到项目代码表"
   },
   "geometry": {
    "type": "Polygon",
    "coordinates": [
     [
      [
       116.346277969,
       40.014191424
      ],
      [
       116.346257013,
       40.014853252
      ],
      [
       116.346221603,
       40.015188528
      ],
      [
       116.347485757,
       40.015276708
      ],
      [
       116.348211387,
       40.014105499
      ],
      [
       116.346536837,
       40.014066799
      ],
      [
       116.346277969,
       40.014191424
      ]
     ]
    ]
   }
  },
  {
   "type": "Feature",
   "id": "lu-osm-960760117",
   "properties": {
    "id": "lu-osm-960760117",
    "layer": "LAND_USE",
    "source_type": "osm",
    "confidence": "low",
    "geometry_role": "existing_condition",
    "land_use_code": "0701",
    "name_zh": "双泉堡125号院",
    "area_sqm_declared": 17625.8,
    "source_id": "osm-landuse-polygons",
    "mapping_note": "OSM landuse=residential 映射到项目代码表"
   },
   "geometry": {
    "type": "Polygon",
    "coordinates": [
     [
      [
       116.350496899,
       40.013017338
      ],
      [
       116.350446953,
       40.01303507
      ],
      [
       116.350396558,
       40.013100082
      ],
      [
       116.350354648,
       40.013196662
      ],
      [
       116.350359608,
       40.013291254
      ],
      [
       116.350214471,
       40.013466058
      ],
      [
       116.350088377,
       40.013794073
      ],
      [
       116.352199952,
       40.013445653
      ],
      [
       116.352239392,
       40.013358151
      ],
      [
       116.352238846,
       40.013358061
      ],
      [
       116.352265751,
       40.013299672
      ],
      [
       116.352283681,
       40.013261496
      ],
      [
       116.352576666,
       40.012623702
      ],
      [
       116.350719719,
       40.012678607
      ],
      [
       116.350496899,
       40.013017338
      ]
     ]
    ]
   }
  },
  {
   "type": "Feature",
   "id": "lu-osm-88777865",
   "properties": {
    "id": "lu-osm-88777865",
    "layer": "LAND_USE",
    "source_type": "osm",
    "confidence": "low",
    "geometry_role": "existing_condition",
    "land_use_code": "1401",
    "name_zh": "绿园",
    "area_sqm_declared": 18229.8,
    "source_id": "osm-landuse-polygons",
    "mapping_note": "OSM leisure:park 多边形映射到项目代码表"
   },
   "geometry": {
    "type": "Polygon",
    "coordinates": [
     [
      [
       116.341301317,
       39.983288093
      ],
      [
       116.341308748,
       39.983123774
      ],
      [
       116.341519427,
       39.983129474
      ],
      [
       116.341518628,
       39.983212776
      ],
      [
       116.341591817,
       39.98321094
      ],
      [
       116.341634686,
       39.982098928
      ],
      [
       116.341504413,
       39.981949587
      ],
      [
       116.34086378,
       39.981914424
      ],
      [
       116.340146796,
       39.981905842
      ],
      [
       116.340235867,
       39.983295543
      ],
      [
       116.340627959,
       39.98330678
      ],
      [
       116.341432629,
       39.983329367
      ],
      [
       116.341435924,
       39.98329111
      ],
      [
       116.341301317,
       39.983288093
      ]
     ]
    ]
   }
  },
  {
   "type": "Feature",
   "id": "lu-osm-1136715244",
   "properties": {
    "id": "lu-osm-1136715244",
    "layer": "LAND_USE",
    "source_type": "osm",
    "confidence": "low",
    "geometry_role": "existing_condition",
    "land_use_code": "16",
    "name_zh": "留白用地",
    "area_sqm_declared": 18234.5,
    "source_id": "osm-landuse-polygons",
    "mapping_note": "OSM landuse=brownfield；项目代码表子集内无对应类目，按现状未定型计入留白用地，待现场调查与官方控规确认"
   },
   "geometry": {
    "type": "Polygon",
    "coordinates": [
     [
      [
       116.347015325,
       39.951222519
      ],
      [
       116.346994791,
       39.950920697
      ],
      [
       116.346778424,
       39.95090822
      ],
      [
       116.346800165,
       39.950775501
      ],
      [
       116.347113174,
       39.950777265
      ],
      [
       116.34702187,
       39.949918913
      ],
      [
       116.346000637,
       39.949638468
      ],
      [
       116.345746068,
       39.950258457
      ],
      [
       116.345647281,
       39.950494312
      ],
      [
       116.345593538,
       39.950915047
      ],
      [
       116.345585199,
       39.951176179
      ],
      [
       116.345794944,
       39.951269676
      ],
      [
       116.346265967,
       39.95126783
      ],
      [
       116.346290162,
       39.951184659
      ],
      [
       116.347015325,
       39.951222519
      ]
     ]
    ]
   }
  },
  {
   "type": "Feature",
   "id": "lu-osm-594891968",
   "properties": {
    "id": "lu-osm-594891968",
    "layer": "LAND_USE",
    "source_type": "osm",
    "confidence": "low",
    "geometry_role": "existing_condition",
    "land_use_code": "0701",
    "name_zh": "富润家园",
    "area_sqm_declared": 19037.4,
    "source_id": "osm-landuse-polygons",
    "mapping_note": "OSM landuse=residential 映射到项目代码表"
   },
   "geometry": {
    "type": "Polygon",
    "coordinates": [
     [
      [
       116.348113498,
       39.99823172
      ],
      [
       116.348138164,
       39.997792811
      ],
      [
       116.34718407,
       39.997764926
      ],
      [
       116.347123167,
       39.999241583
      ],
      [
       116.348659896,
       39.99926599
      ],
      [
       116.348725099,
       39.998257673
      ],
      [
       116.348195442,
       39.998234432
      ],
      [
       116.348113498,
       39.99823172
      ]
     ]
    ]
   }
  },
  {
   "type": "Feature",
   "id": "lu-osm-739520304",
   "properties": {
    "id": "lu-osm-739520304",
    "layer": "LAND_USE",
    "source_type": "osm",
    "confidence": "low",
    "geometry_role": "existing_condition",
    "land_use_code": "0902",
    "name_zh": "北航世宁大厦",
    "area_sqm_declared": 19570.9,
    "source_id": "osm-landuse-polygons",
    "mapping_note": "OSM landuse=commercial 映射到项目代码表"
   },
   "geometry": {
    "type": "Polygon",
    "coordinates": [
     [
      [
       116.346502962,
       39.983531433
      ],
      [
       116.346480833,
       39.984010884
      ],
      [
       116.345357073,
       39.983993285
      ],
      [
       116.345362892,
       39.984610237
      ],
      [
       116.345067289,
       39.984608567
      ],
      [
       116.345048721,
       39.985020492
      ],
      [
       116.346769261,
       39.985072981
      ],
      [
       116.346957496,
       39.984977225
      ],
      [
       116.347026759,
       39.983543391
      ],
      [
       116.346502962,
       39.983531433
      ]
     ]
    ]
   }
  },
  {
   "type": "Feature",
   "id": "lu-osm-42943242",
   "properties": {
    "id": "lu-osm-42943242",
    "layer": "LAND_USE",
    "source_type": "osm",
    "confidence": "low",
    "geometry_role": "existing_condition",
    "land_use_code": "0805",
    "name_zh": "体育用地",
    "area_sqm_declared": 19749.3,
    "source_id": "osm-landuse-polygons",
    "mapping_note": "OSM leisure:stadium 多边形映射到项目代码表"
   },
   "geometry": {
    "type": "Polygon",
    "coordinates": [
     [
      [
       116.343886889,
       39.988674907
      ],
      [
       116.343913732,
       39.988010858
      ],
      [
       116.343924688,
       39.987783516
      ],
      [
       116.342452697,
       39.987750407
      ],
      [
       116.342372794,
       39.989672759
      ],
      [
       116.343844805,
       39.98970812
      ],
      [
       116.343845301,
       39.989656338
      ],
      [
       116.343871326,
       39.989077842
      ],
      [
       116.343886889,
       39.988674907
      ]
     ],
     [
      [
       116.342864109,
       39.989108161
      ],
      [
       116.342911349,
       39.988149277
      ],
      [
       116.343692663,
       39.988171716
      ],
      [
       116.343645433,
       39.9891306
      ],
      [
       116.342864109,
       39.989108161
      ]
     ]
    ]
   }
  },
  {
   "type": "Feature",
   "id": "lu-osm-1377379913",
   "properties": {
    "id": "lu-osm-1377379913",
    "layer": "LAND_USE",
    "source_type": "osm",
    "confidence": "low",
    "geometry_role": "existing_condition",
    "land_use_code": "0902",
    "name_zh": "商务金融用地",
    "area_sqm_declared": 20861.9,
    "source_id": "osm-landuse-polygons",
    "mapping_note": "OSM landuse=commercial 映射到项目代码表"
   },
   "geometry": {
    "type": "Polygon",
    "coordinates": [
     [
      [
       116.35193237,
       39.964315801
      ],
      [
       116.351914579,
       39.965270353
      ],
      [
       116.354173343,
       39.965289714
      ],
      [
       116.354197293,
       39.964299171
      ],
      [
       116.353208212,
       39.964307166
      ],
      [
       116.35193237,
       39.964315801
      ]
     ]
    ]
   }
  },
  {
   "type": "Feature",
   "id": "lu-osm-657908093",
   "properties": {
    "id": "lu-osm-657908093",
    "layer": "LAND_USE",
    "source_type": "osm",
    "confidence": "low",
    "geometry_role": "existing_condition",
    "land_use_code": "0701",
    "name_zh": "塔院晴冬园",
    "area_sqm_declared": 21403.3,
    "source_id": "osm-landuse-polygons",
    "mapping_note": "OSM landuse=residential 映射到项目代码表"
   },
   "geometry": {
    "type": "Polygon",
    "coordinates": [
     [
      [
       116.352603972,
       39.979661515
      ],
      [
       116.353987979,
       39.979696255
      ],
      [
       116.35405891,
       39.978068792
      ],
      [
       116.352674958,
       39.978031801
      ],
      [
       116.352603972,
       39.979661515
      ]
     ]
    ]
   }
  },
  {
   "type": "Feature",
   "id": "lu-osm-1070127511",
   "properties": {
    "id": "lu-osm-1070127511",
    "layer": "LAND_USE",
    "source_type": "osm",
    "confidence": "low",
    "geometry_role": "existing_condition",
    "land_use_code": "0806",
    "name_zh": "北京市红十字会急诊抢救中心",
    "area_sqm_declared": 21577.1,
    "source_id": "osm-landuse-polygons",
    "mapping_note": "OSM amenity:hospital 多边形映射到项目代码表"
   },
   "geometry": {
    "type": "Polygon",
    "coordinates": [
     [
      [
       116.348188446,
       40.025441755
      ],
      [
       116.348367082,
       40.024519639
      ],
      [
       116.346464086,
       40.02414868
      ],
      [
       116.345972369,
       40.024425093
      ],
      [
       116.345758272,
       40.024763863
      ],
      [
       116.34571775,
       40.025020307
      ],
      [
       116.348188446,
       40.025441755
      ]
     ]
    ]
   }
  },
  {
   "type": "Feature",
   "id": "lu-osm-919970120",
   "properties": {
    "id": "lu-osm-919970120",
    "layer": "LAND_USE",
    "source_type": "osm",
    "confidence": "low",
    "geometry_role": "existing_condition",
    "land_use_code": "16",
    "name_zh": "学院路科技园A地块B4综合性商业金融服务业用地",
    "area_sqm_declared": 21684.2,
    "source_id": "osm-landuse-polygons",
    "mapping_note": "OSM landuse=brownfield；项目代码表子集内无对应类目，按现状未定型计入留白用地，待现场调查与官方控规确认"
   },
   "geometry": {
    "type": "Polygon",
    "coordinates": [
     [
      [
       116.343899564,
       40.017935765
      ],
      [
       116.342285616,
       40.017980653
      ],
      [
       116.342346479,
       40.019266614
      ],
      [
       116.343965861,
       40.019269038
      ],
      [
       116.344081443,
       40.019125596
      ],
      [
       116.344045973,
       40.017936594
      ],
      [
       116.343899564,
       40.017935765
      ]
     ]
    ]
   }
  },
  {
   "type": "Feature",
   "id": "lu-osm-930946269",
   "properties": {
    "id": "lu-osm-930946269",
    "layer": "LAND_USE",
    "source_type": "osm",
    "confidence": "low",
    "geometry_role": "existing_condition",
    "land_use_code": "16",
    "name_zh": "留白用地",
    "area_sqm_declared": 22513.9,
    "source_id": "osm-landuse-polygons",
    "mapping_note": "OSM landuse=brownfield；项目代码表子集内无对应类目，按现状未定型计入留白用地，待现场调查与官方控规确认"
   },
   "geometry": {
    "type": "Polygon",
    "coordinates": [
     [
      [
       116.354746141,
       40.01638233
      ],
      [
       116.353739079,
       40.016354203
      ],
      [
       116.353672023,
       40.016943726
      ],
      [
       116.35360771,
       40.01693211
      ],
      [
       116.353496327,
       40.017564165
      ],
      [
       116.353355413,
       40.017601655
      ],
      [
       116.352978189,
       40.017545513
      ],
      [
       116.352887232,
       40.018184436
      ],
      [
       116.353083102,
       40.018219302
      ],
      [
       116.35304537,
       40.018493777
      ],
      [
       116.353384788,
       40.018522689
      ],
      [
       116.353513102,
       40.018268984
      ],
      [
       116.353957489,
       40.018345762
      ],
      [
       116.354791002,
       40.017215641
      ],
      [
       116.354746141,
       40.01638233
      ]
     ]
    ]
   }
  },
  {
   "type": "Feature",
   "id": "lu-osm-553293667",
   "properties": {
    "id": "lu-osm-553293667",
    "layer": "LAND_USE",
    "source_type": "osm",
    "confidence": "low",
    "geometry_role": "existing_condition",
    "land_use_code": "1401",
    "name_zh": "唯实园",
    "area_sqm_declared": 22535.3,
    "source_id": "osm-landuse-polygons",
    "mapping_note": "OSM leisure:park 多边形映射到项目代码表"
   },
   "geometry": {
    "type": "Polygon",
    "coordinates": [
     [
      [
       116.34600706,
       39.976602925
      ],
      [
       116.344318881,
       39.976555111
      ],
      [
       116.344216478,
       39.97655228
      ],
      [
       116.344153557,
       39.977929862
      ],
      [
       116.345780421,
       39.977966074
      ],
      [
       116.345801629,
       39.977583434
      ],
      [
       116.345805629,
       39.97747088
      ],
      [
       116.345957784,
       39.97747399
      ],
      [
       116.34600706,
       39.976602925
      ]
     ]
    ]
   }
  },
  {
   "type": "Feature",
   "id": "lu-osm-412323507",
   "properties": {
    "id": "lu-osm-412323507",
    "layer": "LAND_USE",
    "source_type": "osm",
    "confidence": "low",
    "geometry_role": "existing_condition",
    "land_use_code": "0804",
    "name_zh": "北京联合大学学院路校区",
    "area_sqm_declared": 22847.7,
    "source_id": "osm-landuse-polygons",
    "mapping_note": "OSM amenity:university 多边形映射到项目代码表"
   },
   "geometry": {
    "type": "Polygon",
    "coordinates": [
     [
      [
       116.350229654,
       39.975415347
      ],
      [
       116.349185067,
       39.975395978
      ],
      [
       116.348558909,
       39.975383454
      ],
      [
       116.348510676,
       39.975531784
      ],
      [
       116.348221222,
       39.975503139
      ],
      [
       116.348158305,
       39.976272809
      ],
      [
       116.348138432,
       39.976824323
      ],
      [
       116.349738999,
       39.976853577
      ],
      [
       116.349756082,
       39.976286286
      ],
      [
       116.35020378,
       39.9762933
      ],
      [
       116.350229654,
       39.975415347
      ]
     ],
     [
      [
       116.349629561,
       39.976049166
      ],
      [
       116.349623115,
       39.976729093
      ],
      [
       116.349277797,
       39.976727154
      ],
      [
       116.349284246,
       39.976047228
      ],
      [
       116.349629561,
       39.976049166
      ]
     ]
    ]
   }
  },
  {
   "type": "Feature",
   "id": "lu-osm-984874247",
   "properties": {
    "id": "lu-osm-984874247",
    "layer": "LAND_USE",
    "source_type": "osm",
    "confidence": "low",
    "geometry_role": "existing_condition",
    "land_use_code": "0701",
    "name_zh": "长河湾",
    "area_sqm_declared": 23449.2,
    "source_id": "osm-landuse-polygons",
    "mapping_note": "OSM landuse=residential 映射到项目代码表"
   },
   "geometry": {
    "type": "Polygon",
    "coordinates": [
     [
      [
       116.341853674,
       39.942482107
      ],
      [
       116.341108897,
       39.942669258
      ],
      [
       116.340600471,
       39.94261233
      ],
      [
       116.340568929,
       39.943764942
      ],
      [
       116.34358508,
       39.942816145
      ],
      [
       116.343196279,
       39.942179007
      ],
      [
       116.342290571,
       39.942372009
      ],
      [
       116.341853674,
       39.942482107
      ]
     ]
    ]
   }
  },
  {
   "type": "Feature",
   "id": "lu-osm-1070127513",
   "properties": {
    "id": "lu-osm-1070127513",
    "layer": "LAND_USE",
    "source_type": "osm",
    "confidence": "low",
    "geometry_role": "existing_condition",
    "land_use_code": "16",
    "name_zh": "首农北京奶牛中心",
    "area_sqm_declared": 23887.3,
    "source_id": "osm-landuse-polygons",
    "mapping_note": "OSM landuse=farmyard；项目代码表子集内无对应类目，按现状未定型计入留白用地，待现场调查与官方控规确认"
   },
   "geometry": {
    "type": "Polygon",
    "coordinates": [
     [
      [
       116.351999621,
       40.023790255
      ],
      [
       116.352383828,
       40.022801736
      ],
      [
       116.350413185,
       40.022464236
      ],
      [
       116.350182549,
       40.022697101
      ],
      [
       116.350225471,
       40.022803162
      ],
      [
       116.350115326,
       40.022991672
      ],
      [
       116.350474666,
       40.023083747
      ],
      [
       116.35041967,
       40.023324351
      ],
      [
       116.350606726,
       40.023363675
      ],
      [
       116.350457298,
       40.023988759
      ],
      [
       116.350840306,
       40.024056199
      ],
      [
       116.351685392,
       40.024191518
      ],
      [
       116.35175853,
       40.023890225
      ],
      [
       116.351999621,
       40.023790255
      ]
     ]
    ]
   }
  },
  {
   "type": "Feature",
   "id": "lu-osm-984874245",
   "properties": {
    "id": "lu-osm-984874245",
    "layer": "LAND_USE",
    "source_type": "osm",
    "confidence": "low",
    "geometry_role": "existing_condition",
    "land_use_code": "0701",
    "name_zh": "西直门北大街43号院",
    "area_sqm_declared": 24155.7,
    "source_id": "osm-landuse-polygons",
    "mapping_note": "OSM landuse=residential 映射到项目代码表"
   },
   "geometry": {
    "type": "Polygon",
    "coordinates": [
     [
      [
       116.34932189,
       39.947383097
      ],
      [
       116.349338677,
       39.945611225
      ],
      [
       116.349353229,
       39.944692676
      ],
      [
       116.34892617,
       39.944690279
      ],
      [
       116.348519565,
       39.944690246
      ],
      [
       116.348522509,
       39.945613396
      ],
      [
       116.348453864,
       39.946065571
      ],
      [
       116.348256554,
       39.946512519
      ],
      [
       116.348178103,
       39.947381175
      ],
      [
       116.34932189,
       39.947383097
      ]
     ]
    ]
   }
  },
  {
   "type": "Feature",
   "id": "lu-osm-919970121",
   "properties": {
    "id": "lu-osm-919970121",
    "layer": "LAND_USE",
    "source_type": "osm",
    "confidence": "low",
    "geometry_role": "existing_condition",
    "land_use_code": "1401",
    "name_zh": "小月河公园",
    "area_sqm_declared": 24196.6,
    "source_id": "osm-landuse-polygons",
    "mapping_note": "OSM leisure:park 多边形映射到项目代码表"
   },
   "geometry": {
    "type": "Polygon",
    "coordinates": [
     [
      [
       116.344103453,
       40.020496894
      ],
      [
       116.344205257,
       40.020263312
      ],
      [
       116.344288951,
       40.020085916
      ],
      [
       116.344331607,
       40.019912791
      ],
      [
       116.344345841,
       40.019649444
      ],
      [
       116.344283919,
       40.019387917
      ],
      [
       116.342353989,
       40.019399496
      ],
      [
       116.342405129,
       40.020478262
      ],
      [
       116.342585409,
       40.020612125
      ],
      [
       116.343213007,
       40.020822823
      ],
      [
       116.343885267,
       40.020957219
      ],
      [
       116.344103453,
       40.020496894
      ]
     ]
    ]
   }
  },
  {
   "type": "Feature",
   "id": "lu-osm-1378574613",
   "properties": {
    "id": "lu-osm-1378574613",
    "layer": "LAND_USE",
    "source_type": "osm",
    "confidence": "low",
    "geometry_role": "existing_condition",
    "land_use_code": "0701",
    "name_zh": "城镇住宅用地",
    "area_sqm_declared": 24480.9,
    "source_id": "osm-landuse-polygons",
    "mapping_note": "OSM landuse=residential 映射到项目代码表"
   },
   "geometry": {
    "type": "Polygon",
    "coordinates": [
     [
      [
       116.352501688,
       39.963208974
      ],
      [
       116.35248913,
       39.963609678
      ],
      [
       116.354569129,
       39.963652799
      ],
      [
       116.354621433,
       39.962135553
      ],
      [
       116.354176773,
       39.962126322
      ],
      [
       116.354189385,
       39.961718863
      ],
      [
       116.35339075,
       39.961703154
      ],
      [
       116.353339034,
       39.963155108
      ],
      [
       116.352941182,
       39.963146133
      ],
      [
       116.352940503,
       39.963218179
      ],
      [
       116.352501688,
       39.963208974
      ]
     ]
    ]
   }
  },
  {
   "type": "Feature",
   "id": "lu-osm-232724484",
   "properties": {
    "id": "lu-osm-232724484",
    "layer": "LAND_USE",
    "source_type": "osm",
    "confidence": "low",
    "geometry_role": "existing_condition",
    "land_use_code": "1401",
    "name_zh": "公园绿地",
    "area_sqm_declared": 24923.9,
    "source_id": "osm-landuse-polygons",
    "mapping_note": "OSM leisure:park 多边形映射到项目代码表"
   },
   "geometry": {
    "type": "Polygon",
    "coordinates": [
     [
      [
       116.344050386,
       39.941875381
      ],
      [
       116.34445605,
       39.941972241
      ],
      [
       116.344790894,
       39.942133993
      ],
      [
       116.344944795,
       39.941945733
      ],
      [
       116.345132586,
       39.94157754
      ],
      [
       116.344238934,
       39.94142839
      ],
      [
       116.343908396,
       39.941428772
      ],
      [
       116.343536329,
       39.941489709
      ],
      [
       116.343345821,
       39.941529158
      ],
      [
       116.343137635,
       39.941582015
      ],
      [
       116.341771987,
       39.941848959
      ],
      [
       116.340987974,
       39.941858014
      ],
      [
       116.340882698,
       39.941855164
      ],
      [
       116.340851583,
       39.941744661
      ],
      [
       116.340623481,
       39.941738861
      ],
      [
       116.34060086,
       39.942571805
      ],
      [
       116.341103306,
       39.942642208
      ],
      [
       116.341847996,
       39.942464062
      ],
      [
       116.343660465,
       39.941967739
      ],
      [
       116.344050386,
       39.941875381
      ]
     ]
    ]
   }
  },
  {
   "type": "Feature",
   "id": "lu-osm-984874246",
   "properties": {
    "id": "lu-osm-984874246",
    "layer": "LAND_USE",
    "source_type": "osm",
    "confidence": "low",
    "geometry_role": "existing_condition",
    "land_use_code": "0701",
    "name_zh": "铁路小区",
    "area_sqm_declared": 25428.5,
    "source_id": "osm-landuse-polygons",
    "mapping_note": "OSM landuse=residential 映射到项目代码表"
   },
   "geometry": {
    "type": "Polygon",
    "coordinates": [
     [
      [
       116.34800731,
       39.947499546
      ],
      [
       116.348098423,
       39.946838104
      ],
      [
       116.348176851,
       39.946280162
      ],
      [
       116.348334853,
       39.945968086
      ],
      [
       116.34837869,
       39.94504745
      ],
      [
       116.348392083,
       39.943635806
      ],
      [
       116.34779224,
       39.943654949
      ],
      [
       116.347808429,
       39.945030734
      ],
      [
       116.347710349,
       39.946117679
      ],
      [
       116.347571834,
       39.949305086
      ],
      [
       116.347928972,
       39.949280077
      ],
      [
       116.34800731,
       39.947499546
      ]
     ]
    ]
   }
  },
  {
   "type": "Feature",
   "id": "lu-osm-1377379914",
   "properties": {
    "id": "lu-osm-1377379914",
    "layer": "LAND_USE",
    "source_type": "osm",
    "confidence": "low",
    "geometry_role": "existing_condition",
    "land_use_code": "0701",
    "name_zh": "城镇住宅用地",
    "area_sqm_declared": 26427.2,
    "source_id": "osm-landuse-polygons",
    "mapping_note": "OSM landuse=residential 映射到项目代码表"
   },
   "geometry": {
    "type": "Polygon",
    "coordinates": [
     [
      [
       116.354434567,
       39.964271223
      ],
      [
       116.354433247,
       39.963789386
      ],
      [
       116.35053918,
       39.963738365
      ],
      [
       116.350499268,
       39.96486391
      ],
      [
       116.351836437,
       39.964869143
      ],
      [
       116.351888907,
       39.964270527
      ],
      [
       116.354434567,
       39.964271223
      ]
     ]
    ]
   }
  },
  {
   "type": "Feature",
   "id": "lu-osm-1476983181",
   "properties": {
    "id": "lu-osm-1476983181",
    "layer": "LAND_USE",
    "source_type": "osm",
    "confidence": "low",
    "geometry_role": "existing_condition",
    "land_use_code": "0701",
    "name_zh": "清枫华景园",
    "area_sqm_declared": 26936.6,
    "source_id": "osm-landuse-polygons",
    "mapping_note": "OSM landuse=residential 映射到项目代码表"
   },
   "geometry": {
    "type": "Polygon",
    "coordinates": [
     [
      [
       116.343037827,
       40.00916347
      ],
      [
       116.343055517,
       40.008539899
      ],
      [
       116.341878699,
       40.008517462
      ],
      [
       116.341881151,
       40.008567009
      ],
      [
       116.341882942,
       40.008990305
      ],
      [
       116.341886333,
       40.009246997
      ],
      [
       116.341859507,
       40.009296379
      ],
      [
       116.341947677,
       40.01109134
      ],
      [
       116.342047204,
       40.011094157
      ],
      [
       116.342996164,
       40.011065768
      ],
      [
       116.342994657,
       40.009390629
      ],
      [
       116.343037827,
       40.00916347
      ]
     ]
    ]
   }
  },
  {
   "type": "Feature",
   "id": "lu-osm-266297360",
   "properties": {
    "id": "lu-osm-266297360",
    "layer": "LAND_USE",
    "source_type": "osm",
    "confidence": "low",
    "geometry_role": "existing_condition",
    "land_use_code": "0804",
    "name_zh": "北京交通大学东校区",
    "area_sqm_declared": 27023.7,
    "source_id": "osm-landuse-polygons",
    "mapping_note": "OSM amenity:university 多边形映射到项目代码表"
   },
   "geometry": {
    "type": "Polygon",
    "coordinates": [
     [
      [
       116.34178804,
       39.946584049
      ],
      [
       116.342530616,
       39.946631042
      ],
      [
       116.342616679,
       39.946196982
      ],
      [
       116.341894756,
       39.946132095
      ],
      [
       116.342048935,
       39.945000443
      ],
      [
       116.341942933,
       39.943851553
      ],
      [
       116.341338371,
       39.944057514
      ],
      [
       116.340551696,
       39.944341239
      ],
      [
       116.340467431,
       39.947328559
      ],
      [
       116.341548924,
       39.947420266
      ],
      [
       116.341655372,
       39.94669137
      ],
      [
       116.34177227,
       39.946703291
      ],
      [
       116.34178804,
       39.946584049
      ]
     ],
     [
      [
       116.341643518,
       39.945486726
      ],
      [
       116.341620582,
       39.945743272
      ],
      [
       116.340857497,
       39.94570066
      ],
      [
       116.340652848,
       39.945688239
      ],
      [
       116.340678691,
       39.945433961
      ],
      [
       116.341643518,
       39.945486726
      ]
     ],
     [
      [
       116.342309002,
       39.946251526
      ],
      [
       116.342280951,
       39.94643149
      ],
      [
       116.341746083,
       39.946383423
      ],
      [
       116.34177121,
       39.946203443
      ],
      [
       116.342309002,
       39.946251526
      ]
     ],
     [
      [
       116.341675123,
       39.945851656
      ],
      [
       116.341500405,
       39.947293904
      ],
      [
       116.341377613,
       39.947286451
      ],
      [
       116.341324981,
       39.947283901
      ],
      [
       116.341222298,
       39.947314839
      ],
      [
       116.341107957,
       39.947341208
      ],
      [
       116.340947159,
       39.947331288
      ],
      [
       116.340470853,
       39.947276793
      ],
      [
       116.34048837,
       39.946671228
      ],
      [
       116.340637509,
       39.945762452
      ],
      [
       116.340877281,
       39.945772822
      ],
      [
       116.340956518,
       39.945746254
      ],
      [
       116.341023925,
       39.945733128
      ],
      [
       116.341097074,
       39.945731292
      ],
      [
       116.341173127,
       39.945731724
      ],
      [
       116.341269526,
       39.945745781
      ],
      [
       116.341365817,
       39.945771095
      ],
      [
       116.341435739,
       39.945800763
      ],
      [
       116.341511338,
       39.945848474
      ],
      [
       116.341675123,
       39.945851656
      ]
     ]
    ]
   }
  },
  {
   "type": "Feature",
   "id": "lu-osm-655185052",
   "properties": {
    "id": "lu-osm-655185052",
    "layer": "LAND_USE",
    "source_type": "osm",
    "confidence": "low",
    "geometry_role": "existing_condition",
    "land_use_code": "0701",
    "name_zh": "清华东路27号院",
    "area_sqm_declared": 27229.4,
    "source_id": "osm-landuse-polygons",
    "mapping_note": "OSM landuse=residential 映射到项目代码表"
   },
   "geometry": {
    "type": "Polygon",
    "coordinates": [
     [
      [
       116.345216096,
       40.000903706
      ],
      [
       116.345270567,
       39.999798516
      ],
      [
       116.342899516,
       39.999769336
      ],
      [
       116.342892529,
       40.001108953
      ],
      [
       116.344066336,
       40.00112686
      ],
      [
       116.344100046,
       40.000969444
      ],
      [
       116.344118472,
       40.000879488
      ],
      [
       116.345216096,
       40.000903706
      ]
     ]
    ]
   }
  },
  {
   "type": "Feature",
   "id": "lu-osm-1466365649",
   "properties": {
    "id": "lu-osm-1466365649",
    "layer": "LAND_USE",
    "source_type": "osm",
    "confidence": "low",
    "geometry_role": "existing_condition",
    "land_use_code": "0701",
    "name_zh": "远洋风景",
    "area_sqm_declared": 27509.1,
    "source_id": "osm-landuse-polygons",
    "mapping_note": "OSM landuse=residential 映射到项目代码表"
   },
   "geometry": {
    "type": "Polygon",
    "coordinates": [
     [
      [
       116.353191231,
       39.944991092
      ],
      [
       116.353561849,
       39.9457069
      ],
      [
       116.353611831,
       39.945990873
      ],
      [
       116.354462957,
       39.946004621
      ],
      [
       116.355301321,
       39.945196479
      ],
      [
       116.355300521,
       39.944658355
      ],
      [
       116.354930159,
       39.944536963
      ],
      [
       116.353232163,
       39.944061432
      ],
      [
       116.353167047,
       39.944763551
      ],
      [
       116.353191231,
       39.944991092
      ]
     ]
    ]
   }
  },
  {
   "type": "Feature",
   "id": "lu-osm-1349494834",
   "properties": {
    "id": "lu-osm-1349494834",
    "layer": "LAND_USE",
    "source_type": "osm",
    "confidence": "low",
    "geometry_role": "existing_condition",
    "land_use_code": "0901",
    "name_zh": "商业用地",
    "area_sqm_declared": 28796.9,
    "source_id": "osm-landuse-polygons",
    "mapping_note": "OSM landuse=retail 映射到项目代码表"
   },
   "geometry": {
    "type": "Polygon",
    "coordinates": [
     [
      [
       116.346696708,
       39.941969127
      ],
      [
       116.347723118,
       39.939536481
      ],
      [
       116.347586527,
       39.939443399
      ],
      [
       116.346248386,
       39.939285008
      ],
      [
       116.345897138,
       39.941768735
      ],
      [
       116.346063067,
       39.941852978
      ],
      [
       116.346129783,
       39.941911894
      ],
      [
       116.346696708,
       39.941969127
      ]
     ]
    ]
   }
  },
  {
   "type": "Feature",
   "id": "lu-osm-1476983182",
   "properties": {
    "id": "lu-osm-1476983182",
    "layer": "LAND_USE",
    "source_type": "osm",
    "confidence": "low",
    "geometry_role": "existing_condition",
    "land_use_code": "0701",
    "name_zh": "城华园",
    "area_sqm_declared": 29062.0,
    "source_id": "osm-landuse-polygons",
    "mapping_note": "OSM landuse=residential 映射到项目代码表"
   },
   "geometry": {
    "type": "Polygon",
    "coordinates": [
     [
      [
       116.345240061,
       40.00973431
      ],
      [
       116.345128481,
       40.009767453
      ],
      [
       116.345100107,
       40.009978935
      ],
      [
       116.343018194,
       40.009989667
      ],
      [
       116.343019415,
       40.011083912
      ],
      [
       116.345675142,
       40.011085428
      ],
      [
       116.345660796,
       40.010441412
      ],
      [
       116.345705759,
       40.009718928
      ],
      [
       116.345240061,
       40.00973431
      ]
     ]
    ]
   }
  },
  {
   "type": "Feature",
   "id": "lu-osm-1041262670",
   "properties": {
    "id": "lu-osm-1041262670",
    "layer": "LAND_USE",
    "source_type": "osm",
    "confidence": "low",
    "geometry_role": "existing_condition",
    "land_use_code": "0902",
    "name_zh": "中国机械总院北京机电研究所",
    "area_sqm_declared": 29097.7,
    "source_id": "osm-landuse-polygons",
    "mapping_note": "OSM landuse=commercial 映射到项目代码表"
   },
   "geometry": {
    "type": "Polygon",
    "coordinates": [
     [
      [
       116.348354225,
       40.010170646
      ],
      [
       116.348021177,
       40.010092221
      ],
      [
       116.348804143,
       40.009042912
      ],
      [
       116.34650618,
       40.008991701
      ],
      [
       116.346407724,
       40.010411855
      ],
      [
       116.347336576,
       40.010648996
      ],
      [
       116.347337436,
       40.011173605
      ],
      [
       116.347864457,
       40.011176572
      ],
      [
       116.348354225,
       40.010170646
      ]
     ],
     [
      [
       116.347194665,
       40.009562964
      ],
      [
       116.34763666,
       40.009576711
      ],
      [
       116.34761992,
       40.009797265
      ],
      [
       116.347177967,
       40.009779016
      ],
      [
       116.347194665,
       40.009562964
      ]
     ],
     [
      [
       116.347414481,
       40.010462559
      ],
      [
       116.34669872,
       40.010294165
      ],
      [
       116.346712084,
       40.010120873
      ],
      [
       116.347435178,
       40.010133953
      ],
      [
       116.347414481,
       40.010462559
      ]
     ]
    ]
   }
  },
  {
   "type": "Feature",
   "id": "lu-osm-498067644",
   "properties": {
    "id": "lu-osm-498067644",
    "layer": "LAND_USE",
    "source_type": "osm",
    "confidence": "low",
    "geometry_role": "existing_condition",
    "land_use_code": "0701",
    "name_zh": "太月园小区",
    "area_sqm_declared": 31445.2,
    "source_id": "osm-landuse-polygons",
    "mapping_note": "OSM landuse=residential 映射到项目代码表"
   },
   "geometry": {
    "type": "Polygon",
    "coordinates": [
     [
      [
       116.342202383,
       39.971121426
      ],
      [
       116.339808677,
       39.971116824
      ],
      [
       116.339763905,
       39.972728668
      ],
      [
       116.341601657,
       39.972732366
      ],
      [
       116.341601162,
       39.972173983
      ],
      [
       116.342198134,
       39.97217512
      ],
      [
       116.342202383,
       39.971121426
      ]
     ],
     [
      [
       116.341653144,
       39.971636161
      ],
      [
       116.34163305,
       39.97159552
      ],
      [
       116.341630697,
       39.971230758
      ],
      [
       116.342180863,
       39.971229378
      ],
      [
       116.342182442,
       39.971675191
      ],
      [
       116.341711301,
       39.971674768
      ],
      [
       116.341653144,
       39.971636161
      ]
     ]
    ]
   }
  },
  {
   "type": "Feature",
   "id": "lu-osm-1466365648",
   "properties": {
    "id": "lu-osm-1466365648",
    "layer": "LAND_USE",
    "source_type": "osm",
    "confidence": "low",
    "geometry_role": "existing_condition",
    "land_use_code": "0701",
    "name_zh": "金晖嘉园",
    "area_sqm_declared": 32535.9,
    "source_id": "osm-landuse-polygons",
    "mapping_note": "OSM landuse=residential 映射到项目代码表"
   },
   "geometry": {
    "type": "Polygon",
    "coordinates": [
     [
      [
       116.353081457,
       39.94484413
      ],
      [
       116.352879563,
       39.944849757
      ],
      [
       116.352897919,
       39.944764301
      ],
      [
       116.353085081,
       39.944769849
      ],
      [
       116.353082286,
       39.944134897
      ],
      [
       116.351927347,
       39.943770451
      ],
      [
       116.351871814,
       39.943765638
      ],
      [
       116.35183648,
       39.943790207
      ],
      [
       116.35183187,
       39.944278767
      ],
      [
       116.351880017,
       39.944756364
      ],
      [
       116.352014506,
       39.94476387
      ],
      [
       116.352016624,
       39.944849441
      ],
      [
       116.351548677,
       39.94484007
      ],
      [
       116.35154835,
       39.945184554
      ],
      [
       116.351535374,
       39.945319574
      ],
      [
       116.35138261,
       39.945388518
      ],
      [
       116.351422319,
       39.945830043
      ],
      [
       116.351360084,
       39.945915253
      ],
      [
       116.351364382,
       39.94607964
      ],
      [
       116.351386826,
       39.946181085
      ],
      [
       116.353453281,
       39.946053032
      ],
      [
       116.353438337,
       39.945776009
      ],
      [
       116.353120118,
       39.945087512
      ],
      [
       116.353081457,
       39.94484413
      ]
     ]
    ]
   }
  },
  {
   "type": "Feature",
   "id": "lu-osm-543831900",
   "properties": {
    "id": "lu-osm-543831900",
    "layer": "LAND_USE",
    "source_type": "osm",
    "confidence": "low",
    "geometry_role": "existing_condition",
    "land_use_code": "0806",
    "name_zh": "北京大学第三医院",
    "area_sqm_declared": 32665.5,
    "source_id": "osm-landuse-polygons",
    "mapping_note": "OSM amenity:hospital 多边形映射到项目代码表"
   },
   "geometry": {
    "type": "Polygon",
    "coordinates": [
     [
      [
       116.352106368,
       39.981527506
      ],
      [
       116.352041178,
       39.982231871
      ],
      [
       116.35325848,
       39.982258933
      ],
      [
       116.35381741,
       39.982268805
      ],
      [
       116.35391681,
       39.982280617
      ],
      [
       116.354066023,
       39.980421683
      ],
      [
       116.353185183,
       39.980410017
      ],
      [
       116.35265844,
       39.980402573
      ],
      [
       116.352210693,
       39.98039782
      ],
      [
       116.352106368,
       39.981527506
      ]
     ]
    ]
   }
  },
  {
   "type": "Feature",
   "id": "lu-osm-499424662",
   "properties": {
    "id": "lu-osm-499424662",
    "layer": "LAND_USE",
    "source_type": "osm",
    "confidence": "low",
    "geometry_role": "existing_condition",
    "land_use_code": "0701",
    "name_zh": "锦秋家园",
    "area_sqm_declared": 32802.7,
    "source_id": "osm-landuse-polygons",
    "mapping_note": "OSM landuse=residential 映射到项目代码表"
   },
   "geometry": {
    "type": "Polygon",
    "coordinates": [
     [
      [
       116.343913659,
       39.972106039
      ],
      [
       116.342301157,
       39.972112662
      ],
      [
       116.342223531,
       39.974104829
      ],
      [
       116.34283214,
       39.974115036
      ],
      [
       116.343376624,
       39.974404066
      ],
      [
       116.343838984,
       39.974406685
      ],
      [
       116.343913659,
       39.972106039
      ]
     ]
    ]
   }
  },
  {
   "type": "Feature",
   "id": "lu-osm-1040467098",
   "properties": {
    "id": "lu-osm-1040467098",
    "layer": "LAND_USE",
    "source_type": "osm",
    "confidence": "low",
    "geometry_role": "existing_condition",
    "land_use_code": "16",
    "name_zh": "学院路科技园东升园",
    "area_sqm_declared": 33109.8,
    "source_id": "osm-landuse-polygons",
    "mapping_note": "OSM landuse=construction；项目代码表子集内无对应类目，按现状未定型计入留白用地，待现场调查与官方控规确认"
   },
   "geometry": {
    "type": "Polygon",
    "coordinates": [
     [
      [
       116.345208473,
       40.015797472
      ],
      [
       116.345025187,
       40.015672603
      ],
      [
       116.345026887,
       40.015188536
      ],
      [
       116.345171868,
       40.01503175
      ],
      [
       116.345221254,
       40.014460143
      ],
      [
       116.344140658,
       40.014469793
      ],
      [
       116.34406006,
       40.015547814
      ],
      [
       116.343726065,
       40.015566187
      ],
      [
       116.343655079,
       40.015640085
      ],
      [
       116.343671095,
       40.015802285
      ],
      [
       116.343769981,
       40.015872642
      ],
      [
       116.343980542,
       40.016207058
      ],
      [
       116.344085415,
       40.01626394
      ],
      [
       116.344296601,
       40.016839272
      ],
      [
       116.344369716,
       40.017154898
      ],
      [
       116.344304585,
       40.01722883
      ],
      [
       116.344383643,
       40.017535483
      ],
      [
       116.344534982,
       40.017633155
      ],
      [
       116.345249219,
       40.017661959
      ],
      [
       116.345316727,
       40.01580709
      ],
      [
       116.345208473,
       40.015797472
      ]
     ]
    ]
   }
  },
  {
   "type": "Feature",
   "id": "lu-osm-656808574",
   "properties": {
    "id": "lu-osm-656808574",
    "layer": "LAND_USE",
    "source_type": "osm",
    "confidence": "low",
    "geometry_role": "existing_condition",
    "land_use_code": "0701",
    "name_zh": "塔院迎春园",
    "area_sqm_declared": 34162.1,
    "source_id": "osm-landuse-polygons",
    "mapping_note": "OSM landuse=residential 映射到项目代码表"
   },
   "geometry": {
    "type": "Polygon",
    "coordinates": [
     [
      [
       116.353421721,
       39.977981933
      ],
      [
       116.353690958,
       39.977983434
      ],
      [
       116.353693334,
       39.977109853
      ],
      [
       116.354155692,
       39.977114681
      ],
      [
       116.354186092,
       39.97543971
      ],
      [
       116.350335473,
       39.975366406
      ],
      [
       116.350332445,
       39.975686107
      ],
      [
       116.352667595,
       39.975710429
      ],
      [
       116.352638709,
       39.977221047
      ],
      [
       116.35342005,
       39.97722766
      ],
      [
       116.353421721,
       39.977981933
      ]
     ]
    ]
   }
  },
  {
   "type": "Feature",
   "id": "lu-osm-1070127512",
   "properties": {
    "id": "lu-osm-1070127512",
    "layer": "LAND_USE",
    "source_type": "osm",
    "confidence": "low",
    "geometry_role": "existing_condition",
    "land_use_code": "1402",
    "name_zh": "防护绿地",
    "area_sqm_declared": 34163.7,
    "source_id": "osm-landuse-polygons",
    "mapping_note": "OSM landuse=forest 映射到项目代码表"
   },
   "geometry": {
    "type": "Polygon",
    "coordinates": [
     [
      [
       116.350903772,
       40.024157873
      ],
      [
       116.35084811,
       40.024159813
      ],
      [
       116.350840306,
       40.024056199
      ],
      [
       116.350457298,
       40.023988759
      ],
      [
       116.350606726,
       40.023363675
      ],
      [
       116.35041967,
       40.023324351
      ],
      [
       116.350474666,
       40.023083747
      ],
      [
       116.350115326,
       40.022991672
      ],
      [
       116.350225471,
       40.022803162
      ],
      [
       116.350182549,
       40.022697101
      ],
      [
       116.349908371,
       40.022889193
      ],
      [
       116.349708,
       40.023018657
      ],
      [
       116.349076168,
       40.023249267
      ],
      [
       116.348209479,
       40.023539344
      ],
      [
       116.347976446,
       40.024330566
      ],
      [
       116.349917632,
       40.024690457
      ],
      [
       116.350789507,
       40.024780903
      ],
      [
       116.350903772,
       40.024157873
      ]
     ]
    ]
   }
  },
  {
   "type": "Feature",
   "id": "lu-osm-232724486",
   "properties": {
    "id": "lu-osm-232724486",
    "layer": "LAND_USE",
    "source_type": "osm",
    "confidence": "low",
    "geometry_role": "existing_condition",
    "land_use_code": "1401",
    "name_zh": "公园绿地",
    "area_sqm_declared": 36299.7,
    "source_id": "osm-landuse-polygons",
    "mapping_note": "OSM leisure:park 多边形映射到项目代码表"
   },
   "geometry": {
    "type": "Polygon",
    "coordinates": [
     [
      [
       116.352672702,
       39.94352019
      ],
      [
       116.351027078,
       39.943078694
      ],
      [
       116.350836932,
       39.943079881
      ],
      [
       116.350678514,
       39.943128527
      ],
      [
       116.35058686,
       39.943231585
      ],
      [
       116.350477357,
       39.943366065
      ],
      [
       116.350470996,
       39.943420066
      ],
      [
       116.35049297,
       39.943571043
      ],
      [
       116.350476091,
       39.944737249
      ],
      [
       116.35047948,
       39.945306909
      ],
      [
       116.350547809,
       39.945505428
      ],
      [
       116.35053871,
       39.946158325
      ],
      [
       116.35049998,
       39.946232409
      ],
      [
       116.35048816,
       39.946554313
      ],
      [
       116.350654915,
       39.946552996
      ],
      [
       116.350850218,
       39.946626139
      ],
      [
       116.353437405,
       39.946496498
      ],
      [
       116.353873696,
       39.946451648
      ],
      [
       116.354082779,
       39.946304211
      ],
      [
       116.354250676,
       39.946181311
      ],
      [
       116.353450229,
       39.946066524
      ],
      [
       116.351386826,
       39.946181085
      ],
      [
       116.35078976,
       39.946213768
      ],
      [
       116.350734713,
       39.943991184
      ],
      [
       116.350993233,
       39.943564838
      ],
      [
       116.3512723,
       39.943440313
      ],
      [
       116.353290812,
       39.944045999
      ],
      [
       116.355301029,
       39.94460432
      ],
      [
       116.355298665,
       39.944232802
      ],
      [
       116.35392724,
       39.943869423
      ],
      [
       116.353675962,
       39.943838753
      ],
      [
       116.352727386,
       39.943615061
      ],
      [
       116.352672702,
       39.94352019
      ]
     ]
    ]
   }
  },
  {
   "type": "Feature",
   "id": "lu-osm-1347758626",
   "properties": {
    "id": "lu-osm-1347758626",
    "layer": "LAND_USE",
    "source_type": "osm",
    "confidence": "low",
    "geometry_role": "existing_condition",
    "land_use_code": "16",
    "name_zh": "留白用地",
    "area_sqm_declared": 36404.3,
    "source_id": "osm-landuse-polygons",
    "mapping_note": "OSM landuse=construction；项目代码表子集内无对应类目，按现状未定型计入留白用地，待现场调查与官方控规确认"
   },
   "geometry": {
    "type": "Polygon",
    "coordinates": [
     [
      [
       116.354062379,
       39.97086165
      ],
      [
       116.354029846,
       39.969654645
      ],
      [
       116.354249539,
       39.969631102
      ],
      [
       116.354257891,
       39.969365468
      ],
      [
       116.351893482,
       39.96936353
      ],
      [
       116.351885556,
       39.970822481
      ],
      [
       116.353202251,
       39.970838841
      ],
      [
       116.353178009,
       39.97154794
      ],
      [
       116.354050126,
       39.971541545
      ],
      [
       116.354062379,
       39.97086165
      ]
     ]
    ]
   }
  },
  {
   "type": "Feature",
   "id": "lu-osm-55814551",
   "properties": {
    "id": "lu-osm-55814551",
    "layer": "LAND_USE",
    "source_type": "osm",
    "confidence": "low",
    "geometry_role": "existing_condition",
    "land_use_code": "16",
    "name_zh": "留白用地",
    "area_sqm_declared": 36736.5,
    "source_id": "osm-landuse-polygons",
    "mapping_note": "OSM landuse=construction；项目代码表子集内无对应类目，按现状未定型计入留白用地，待现场调查与官方控规确认"
   },
   "geometry": {
    "type": "Polygon",
    "coordinates": [
     [
      [
       116.344163136,
       40.024662534
      ],
      [
       116.34419477,
       40.024417298
      ],
      [
       116.343995988,
       40.023767737
      ],
      [
       116.344103611,
       40.023538692
      ],
      [
       116.344099889,
       40.023315771
      ],
      [
       116.344024121,
       40.02297086
      ],
      [
       116.343850681,
       40.022733469
      ],
      [
       116.343706678,
       40.022480484
      ],
      [
       116.34364962,
       40.022322555
      ],
      [
       116.343610996,
       40.022074669
      ],
      [
       116.342483621,
       40.022063775
      ],
      [
       116.342610613,
       40.024698767
      ],
      [
       116.342701266,
       40.024712791
      ],
      [
       116.343391674,
       40.024791005
      ],
      [
       116.344012425,
       40.024803527
      ],
      [
       116.344163136,
       40.024662534
      ]
     ]
    ]
   }
  },
  {
   "type": "Feature",
   "id": "lu-osm-1349493646",
   "properties": {
    "id": "lu-osm-1349493646",
    "layer": "LAND_USE",
    "source_type": "osm",
    "confidence": "low",
    "geometry_role": "existing_condition",
    "land_use_code": "0901",
    "name_zh": "商业用地",
    "area_sqm_declared": 37747.1,
    "source_id": "osm-landuse-polygons",
    "mapping_note": "OSM landuse=retail 映射到项目代码表"
   },
   "geometry": {
    "type": "Polygon",
    "coordinates": [
     [
      [
       116.351153982,
       39.951939232
      ],
      [
       116.351702196,
       39.951818464
      ],
      [
       116.351933002,
       39.950921389
      ],
      [
       116.350969069,
       39.950765143
      ],
      [
       116.350132938,
       39.950706422
      ],
      [
       116.349559426,
       39.950718966
      ],
      [
       116.349427836,
       39.951330647
      ],
      [
       116.34934675,
       39.95278694
      ],
      [
       116.350621994,
       39.952818858
      ],
      [
       116.350682431,
       39.952305845
      ],
      [
       116.350963736,
       39.952257886
      ],
      [
       116.351153982,
       39.951939232
      ]
     ]
    ]
   }
  },
  {
   "type": "Feature",
   "id": "lu-osm-609225890",
   "properties": {
    "id": "lu-osm-609225890",
    "layer": "LAND_USE",
    "source_type": "osm",
    "confidence": "low",
    "geometry_role": "existing_condition",
    "land_use_code": "0701",
    "name_zh": "农大小区-北区",
    "area_sqm_declared": 38579.3,
    "source_id": "osm-landuse-polygons",
    "mapping_note": "OSM landuse=residential 映射到项目代码表"
   },
   "geometry": {
    "type": "Polygon",
    "coordinates": [
     [
      [
       116.348804143,
       40.009042912
      ],
      [
       116.348021177,
       40.010092221
      ],
      [
       116.348354225,
       40.010170646
      ],
      [
       116.349940228,
       40.010582575
      ],
      [
       116.350309111,
       40.009969979
      ],
      [
       116.349322406,
       40.009658236
      ],
      [
       116.351075839,
       40.006921212
      ],
      [
       116.349873102,
       40.006855932
      ],
      [
       116.349650084,
       40.007525634
      ],
      [
       116.34954569,
       40.007727685
      ],
      [
       116.348866397,
       40.008962207
      ],
      [
       116.348804143,
       40.009042912
      ]
     ]
    ]
   }
  },
  {
   "type": "Feature",
   "id": "lu-osm-930946272",
   "properties": {
    "id": "lu-osm-930946272",
    "layer": "LAND_USE",
    "source_type": "osm",
    "confidence": "low",
    "geometry_role": "existing_condition",
    "land_use_code": "1401",
    "name_zh": "公园绿地",
    "area_sqm_declared": 38970.4,
    "source_id": "osm-landuse-polygons",
    "mapping_note": "OSM leisure:park 多边形映射到项目代码表"
   },
   "geometry": {
    "type": "Polygon",
    "coordinates": [
     [
      [
       116.350974592,
       40.019774568
      ],
      [
       116.350677813,
       40.019880979
      ],
      [
       116.350663129,
       40.019885399
      ],
      [
       116.350193004,
       40.020051628
      ],
      [
       116.350648006,
       40.020554015
      ],
      [
       116.351163308,
       40.020874365
      ],
      [
       116.351569299,
       40.020986962
      ],
      [
       116.351931687,
       40.021065541
      ],
      [
       116.352757049,
       40.021115184
      ],
      [
       116.354669055,
       40.021146111
      ],
      [
       116.355008338,
       40.021190779
      ],
      [
       116.354955896,
       40.020229089
      ],
      [
       116.352765132,
       40.020259653
      ],
      [
       116.351827952,
       40.020267924
      ],
      [
       116.351062754,
       40.019432832
      ],
      [
       116.350974592,
       40.019774568
      ]
     ]
    ]
   }
  },
  {
   "type": "Feature",
   "id": "lu-osm-953938442",
   "properties": {
    "id": "lu-osm-953938442",
    "layer": "LAND_USE",
    "source_type": "osm",
    "confidence": "low",
    "geometry_role": "existing_condition",
    "land_use_code": "0701",
    "name_zh": "冶建总院宿舍",
    "area_sqm_declared": 39540.9,
    "source_id": "osm-landuse-polygons",
    "mapping_note": "OSM landuse=residential 映射到项目代码表"
   },
   "geometry": {
    "type": "Polygon",
    "coordinates": [
     [
      [
       116.34455881,
       39.961547731
      ],
      [
       116.3446963,
       39.96155076
      ],
      [
       116.34462783,
       39.962286626
      ],
      [
       116.344624517,
       39.962327135
      ],
      [
       116.346920594,
       39.962412142
      ],
      [
       116.347053968,
       39.96069497
      ],
      [
       116.344459672,
       39.960592518
      ],
      [
       116.34444253,
       39.96116206
      ],
      [
       116.344582945,
       39.961165106
      ],
      [
       116.34455881,
       39.961547731
      ]
     ]
    ]
   }
  },
  {
   "type": "Feature",
   "id": "lu-osm-473654611",
   "properties": {
    "id": "lu-osm-473654611",
    "layer": "LAND_USE",
    "source_type": "osm",
    "confidence": "low",
    "geometry_role": "existing_condition",
    "land_use_code": "0701",
    "name_zh": "海云轩小区",
    "area_sqm_declared": 42379.6,
    "source_id": "osm-landuse-polygons",
    "mapping_note": "OSM landuse=residential 映射到项目代码表"
   },
   "geometry": {
    "type": "Polygon",
    "coordinates": [
     [
      [
       116.35067876,
       39.947125022
      ],
      [
       116.350837227,
       39.947691047
      ],
      [
       116.350970775,
       39.948108331
      ],
      [
       116.350879018,
       39.948531107
      ],
      [
       116.352327617,
       39.948784627
      ],
      [
       116.35379315,
       39.946617813
      ],
      [
       116.350781855,
       39.946740585
      ],
      [
       116.35067876,
       39.947125022
      ]
     ]
    ]
   }
  },
  {
   "type": "Feature",
   "id": "lu-osm-930946249",
   "properties": {
    "id": "lu-osm-930946249",
    "layer": "LAND_USE",
    "source_type": "osm",
    "confidence": "low",
    "geometry_role": "existing_condition",
    "land_use_code": "0701",
    "name_zh": "竹溪园",
    "area_sqm_declared": 44422.7,
    "source_id": "osm-landuse-polygons",
    "mapping_note": "OSM landuse=residential 映射到项目代码表"
   },
   "geometry": {
    "type": "Polygon",
    "coordinates": [
     [
      [
       116.353905037,
       40.010865924
      ],
      [
       116.352515715,
       40.010707318
      ],
      [
       116.35142004,
       40.010460279
      ],
      [
       116.350574357,
       40.011950552
      ],
      [
       116.351196344,
       40.012129654
      ],
      [
       116.350963166,
       40.01263494
      ],
      [
       116.351551794,
       40.012626978
      ],
      [
       116.352831824,
       40.012580097
      ],
      [
       116.353512736,
       40.011480653
      ],
      [
       116.353905037,
       40.010865924
      ]
     ]
    ]
   }
  },
  {
   "type": "Feature",
   "id": "lu-osm-412323508",
   "properties": {
    "id": "lu-osm-412323508",
    "layer": "LAND_USE",
    "source_type": "osm",
    "confidence": "low",
    "geometry_role": "existing_condition",
    "land_use_code": "0804",
    "name_zh": "中国农业大学",
    "area_sqm_declared": 46366.5,
    "source_id": "osm-landuse-polygons",
    "mapping_note": "OSM amenity:university 多边形映射到项目代码表"
   },
   "geometry": {
    "type": "MultiPolygon",
    "coordinates": [
     [
      [
       [
        116.34954569,
        40.007727685
       ],
       [
        116.349650084,
        40.007525634
       ],
       [
        116.349873102,
        40.006855932
       ],
       [
        116.349570928,
        40.007536447
       ],
       [
        116.348866397,
        40.008962207
       ],
       [
        116.34954569,
        40.007727685
       ]
      ]
     ],
     [
      [
       [
        116.351839739,
        40.006950254
       ],
       [
        116.351301529,
        40.006895457
       ],
       [
        116.349873102,
        40.006855932
       ],
       [
        116.351075839,
        40.006921212
       ],
       [
        116.349322406,
        40.009658236
       ],
       [
        116.350309111,
        40.009969979
       ],
       [
        116.349940228,
        40.010582575
       ],
       [
        116.350524415,
        40.0107322
       ],
       [
        116.352351069,
        40.007061185
       ],
       [
        116.351839739,
        40.006950254
       ]
      ],
      [
       [
        116.351177295,
        40.008265938
       ],
       [
        116.350789095,
        40.008137679
       ],
       [
        116.35101243,
        40.007742662
       ],
       [
        116.351400607,
        40.007873172
       ],
       [
        116.351177295,
        40.008265938
       ]
      ]
     ]
    ]
   }
  },
  {
   "type": "Feature",
   "id": "lu-osm-657908094",
   "properties": {
    "id": "lu-osm-657908094",
    "layer": "LAND_USE",
    "source_type": "osm",
    "confidence": "low",
    "geometry_role": "existing_condition",
    "land_use_code": "0701",
    "name_zh": "邮科社区",
    "area_sqm_declared": 48558.7,
    "source_id": "osm-landuse-polygons",
    "mapping_note": "OSM landuse=residential 映射到项目代码表"
   },
   "geometry": {
    "type": "Polygon",
    "coordinates": [
     [
      [
       116.352635044,
       39.975748524
      ],
      [
       116.351403204,
       39.975723625
      ],
      [
       116.351264386,
       39.97988143
      ],
      [
       116.352493373,
       39.979906314
      ],
      [
       116.352635044,
       39.975748524
      ]
     ]
    ]
   }
  },
  {
   "type": "Feature",
   "id": "lu-osm-441940799",
   "properties": {
    "id": "lu-osm-441940799",
    "layer": "LAND_USE",
    "source_type": "osm",
    "confidence": "low",
    "geometry_role": "existing_condition",
    "land_use_code": "0701",
    "name_zh": "清林苑",
    "area_sqm_declared": 50149.0,
    "source_id": "osm-landuse-polygons",
    "mapping_note": "OSM landuse=residential 映射到项目代码表"
   },
   "geometry": {
    "type": "Polygon",
    "coordinates": [
     [
      [
       116.349420661,
       40.014112294
      ],
      [
       116.349106486,
       40.014202842
      ],
      [
       116.348395489,
       40.01537639
      ],
      [
       116.350551464,
       40.016219303
      ],
      [
       116.35249302,
       40.013728731
      ],
      [
       116.349783502,
       40.014139097
      ],
      [
       116.349420661,
       40.014112294
      ]
     ]
    ]
   }
  },
  {
   "type": "Feature",
   "id": "lu-osm-960760118",
   "properties": {
    "id": "lu-osm-960760118",
    "layer": "LAND_USE",
    "source_type": "osm",
    "confidence": "low",
    "geometry_role": "existing_condition",
    "land_use_code": "0701",
    "name_zh": "双泉嘉苑",
    "area_sqm_declared": 50500.8,
    "source_id": "osm-landuse-polygons",
    "mapping_note": "OSM landuse=residential 映射到项目代码表"
   },
   "geometry": {
    "type": "Polygon",
    "coordinates": [
     [
      [
       116.354125774,
       40.010745572
      ],
      [
       116.354416355,
       40.01035993
      ],
      [
       116.354308913,
       40.008400508
      ],
      [
       116.352824831,
       40.008049999
      ],
      [
       116.351569362,
       40.010461114
      ],
      [
       116.351852875,
       40.010514485
      ],
      [
       116.354125774,
       40.010745572
      ]
     ],
     [
      [
       116.354264616,
       40.010305048
      ],
      [
       116.354101058,
       40.010261358
      ],
      [
       116.354199715,
       40.010045761
      ],
      [
       116.35436325,
       40.010091703
      ],
      [
       116.354264616,
       40.010305048
      ]
     ]
    ]
   }
  },
  {
   "type": "Feature",
   "id": "lu-osm-435149668",
   "properties": {
    "id": "lu-osm-435149668",
    "layer": "LAND_USE",
    "source_type": "osm",
    "confidence": "low",
    "geometry_role": "existing_condition",
    "land_use_code": "0701",
    "name_zh": "明光村小区",
    "area_sqm_declared": 52822.7,
    "source_id": "osm-landuse-polygons",
    "mapping_note": "OSM landuse=residential 映射到项目代码表"
   },
   "geometry": {
    "type": "Polygon",
    "coordinates": [
     [
      [
       116.347816312,
       39.955905732
      ],
      [
       116.347761972,
       39.955466376
      ],
      [
       116.348106799,
       39.955508843
      ],
      [
       116.348124163,
       39.955220744
      ],
      [
       116.348530617,
       39.955243292
      ],
      [
       116.348711681,
       39.95219347
      ],
      [
       116.348278575,
       39.952206797
      ],
      [
       116.3482992,
       39.952499614
      ],
      [
       116.347904952,
       39.952733809
      ],
      [
       116.348155502,
       39.953768675
      ],
      [
       116.347801732,
       39.953766685
      ],
      [
       116.347801373,
       39.953782444
      ],
      [
       116.347806048,
       39.953906306
      ],
      [
       116.347685955,
       39.953921391
      ],
      [
       116.347672905,
       39.954063164
      ],
      [
       116.346935604,
       39.954068019
      ],
      [
       116.34693927,
       39.954297697
      ],
      [
       116.346456439,
       39.954308486
      ],
      [
       116.345853292,
       39.956507091
      ],
      [
       116.345835138,
       39.956570032
      ],
      [
       116.346990459,
       39.956605815
      ],
      [
       116.346973521,
       39.955925755
      ],
      [
       116.347816312,
       39.955905732
      ]
     ]
    ]
   }
  },
  {
   "type": "Feature",
   "id": "lu-osm-739520305",
   "properties": {
    "id": "lu-osm-739520305",
    "layer": "LAND_USE",
    "source_type": "osm",
    "confidence": "low",
    "geometry_role": "existing_condition",
    "land_use_code": "0902",
    "name_zh": "北航科技园",
    "area_sqm_declared": 54259.5,
    "source_id": "osm-landuse-polygons",
    "mapping_note": "OSM landuse=commercial 映射到项目代码表"
   },
   "geometry": {
    "type": "Polygon",
    "coordinates": [
     [
      [
       116.345801629,
       39.977583434
      ],
      [
       116.345780421,
       39.977966074
      ],
      [
       116.347316373,
       39.978022016
      ],
      [
       116.347327915,
       39.977731633
      ],
      [
       116.347398151,
       39.977732028
      ],
      [
       116.347408515,
       39.977565473
      ],
      [
       116.347458565,
       39.976611105
      ],
      [
       116.347472112,
       39.97641755
      ],
      [
       116.347464961,
       39.976246393
      ],
      [
       116.347432092,
       39.976009797
      ],
      [
       116.347364022,
       39.975782009
      ],
      [
       116.347233641,
       39.975643931
      ],
      [
       116.347055753,
       39.975577635
      ],
      [
       116.347056803,
       39.975467315
      ],
      [
       116.346532961,
       39.975466615
      ],
      [
       116.346530914,
       39.97537429
      ],
      [
       116.344389092,
       39.975332926
      ],
      [
       116.344354514,
       39.975888859
      ],
      [
       116.344318881,
       39.976555111
      ],
      [
       116.34600706,
       39.976602925
      ],
      [
       116.345957784,
       39.97747399
      ],
      [
       116.345805629,
       39.97747088
      ],
      [
       116.345801629,
       39.977583434
      ]
     ]
    ]
   }
  },
  {
   "type": "Feature",
   "id": "lu-osm-1005471136",
   "properties": {
    "id": "lu-osm-1005471136",
    "layer": "LAND_USE",
    "source_type": "osm",
    "confidence": "low",
    "geometry_role": "existing_condition",
    "land_use_code": "0701",
    "name_zh": "学清苑",
    "area_sqm_declared": 56083.2,
    "source_id": "osm-landuse-polygons",
    "mapping_note": "OSM landuse=residential 映射到项目代码表"
   },
   "geometry": {
    "type": "Polygon",
    "coordinates": [
     [
      [
       116.346313165,
       40.012036918
      ],
      [
       116.346418449,
       40.012357228
      ],
      [
       116.347302432,
       40.012389228
      ],
      [
       116.347242265,
       40.013787083
      ],
      [
       116.348509879,
       40.013816731
      ],
      [
       116.350049868,
       40.011371222
      ],
      [
       116.34637274,
       40.011316768
      ],
      [
       116.346313165,
       40.012036918
      ]
     ]
    ]
   }
  },
  {
   "type": "Feature",
   "id": "lu-osm-412323504",
   "properties": {
    "id": "lu-osm-412323504",
    "layer": "LAND_USE",
    "source_type": "osm",
    "confidence": "low",
    "geometry_role": "existing_condition",
    "land_use_code": "0804",
    "name_zh": "北京林业大学",
    "area_sqm_declared": 58070.4,
    "source_id": "osm-landuse-polygons",
    "mapping_note": "OSM amenity:university 多边形映射到项目代码表"
   },
   "geometry": {
    "type": "Polygon",
    "coordinates": [
     [
      [
       116.342762854,
       40.002114649
      ],
      [
       116.341829152,
       40.002091338
      ],
      [
       116.341821904,
       40.001931438
      ],
      [
       116.342061981,
       40.00193055
      ],
      [
       116.342158902,
       40.000983209
      ],
      [
       116.342577378,
       40.001001344
      ],
      [
       116.34256354,
       40.000917959
      ],
      [
       116.342618247,
       39.999792508
      ],
      [
       116.342091573,
       39.999762501
      ],
      [
       116.341474193,
       39.999727473
      ],
      [
       116.341433303,
       40.000022191
      ],
      [
       116.341371849,
       40.00001959
      ],
      [
       116.341330887,
       40.000017106
      ],
      [
       116.341313322,
       40.000017006
      ],
      [
       116.341486865,
       40.002674789
      ],
      [
       116.341595184,
       40.002675405
      ],
      [
       116.341570244,
       40.003443032
      ],
      [
       116.341535134,
       40.003440581
      ],
      [
       116.341598937,
       40.004418104
      ],
      [
       116.342389477,
       40.004413586
      ],
      [
       116.34238265,
       40.004514866
      ],
      [
       116.341603884,
       40.004512696
      ],
      [
       116.341690599,
       40.005848341
      ],
      [
       116.342492759,
       40.005855146
      ],
      [
       116.342453847,
       40.006248942
      ],
      [
       116.341710301,
       40.006235715
      ],
      [
       116.341715378,
       40.006316798
      ],
      [
       116.342692988,
       40.006347114
      ],
      [
       116.342787074,
       40.003558012
      ],
      [
       116.341759692,
       40.003531918
      ],
      [
       116.341786217,
       40.002903893
      ],
      [
       116.34281359,
       40.002929987
      ],
      [
       116.342814397,
       40.002540479
      ],
      [
       116.342762854,
       40.002114649
      ]
     ]
    ]
   }
  },
  {
   "type": "Feature",
   "id": "lu-osm-1376112785",
   "properties": {
    "id": "lu-osm-1376112785",
    "layer": "LAND_USE",
    "source_type": "osm",
    "confidence": "low",
    "geometry_role": "existing_condition",
    "land_use_code": "0701",
    "name_zh": "城镇住宅用地",
    "area_sqm_declared": 60565.1,
    "source_id": "osm-landuse-polygons",
    "mapping_note": "OSM landuse=residential 映射到项目代码表"
   },
   "geometry": {
    "type": "Polygon",
    "coordinates": [
     [
      [
       116.351300998,
       39.958363703
      ],
      [
       116.351286253,
       39.95868559
      ],
      [
       116.352421219,
       39.9587122
      ],
      [
       116.353246298,
       39.958712303
      ],
      [
       116.353236419,
       39.958518615
      ],
      [
       116.352575158,
       39.958521679
      ],
      [
       116.35259785,
       39.957976933
      ],
      [
       116.35331198,
       39.957951649
      ],
      [
       116.353274223,
       39.957611455
      ],
      [
       116.353683831,
       39.957611488
      ],
      [
       116.353664114,
       39.957530323
      ],
      [
       116.353664855,
       39.956830098
      ],
      [
       116.349299696,
       39.956825942
      ],
      [
       116.349208107,
       39.956919993
      ],
      [
       116.349172325,
       39.958534146
      ],
      [
       116.350243007,
       39.95855141
      ],
      [
       116.350321319,
       39.957696264
      ],
      [
       116.351313061,
       39.95770632
      ],
      [
       116.351300998,
       39.958363703
      ]
     ]
    ]
   }
  },
  {
   "type": "Feature",
   "id": "lu-osm-388355720",
   "properties": {
    "id": "lu-osm-388355720",
    "layer": "LAND_USE",
    "source_type": "osm",
    "confidence": "low",
    "geometry_role": "existing_condition",
    "land_use_code": "0804",
    "name_zh": "北京电影学院",
    "area_sqm_declared": 64597.7,
    "source_id": "osm-landuse-polygons",
    "mapping_note": "OSM amenity:college 多边形映射到项目代码表"
   },
   "geometry": {
    "type": "Polygon",
    "coordinates": [
     [
      [
       116.349797776,
       39.972195483
      ],
      [
       116.350570281,
       39.972202065
      ],
      [
       116.350613952,
       39.968205834
      ],
      [
       116.35016338,
       39.968198806
      ],
      [
       116.350158109,
       39.968446445
      ],
      [
       116.348613291,
       39.968422014
      ],
      [
       116.348448271,
       39.971933482
      ],
      [
       116.349337886,
       39.971933976
      ],
      [
       116.349809008,
       39.971936619
      ],
      [
       116.349797776,
       39.972195483
      ]
     ],
     [
      [
       116.349250449,
       39.968502145
      ],
      [
       116.349841517,
       39.968505461
      ],
      [
       116.349832814,
       39.969424039
      ],
      [
       116.349830041,
       39.969716723
      ],
      [
       116.349391143,
       39.969712009
      ],
      [
       116.349238985,
       39.969711155
      ],
      [
       116.349250449,
       39.968502145
      ]
     ]
    ]
   }
  },
  {
   "type": "Feature",
   "id": "lu-osm-953938441",
   "properties": {
    "id": "lu-osm-953938441",
    "layer": "LAND_USE",
    "source_type": "osm",
    "confidence": "low",
    "geometry_role": "existing_condition",
    "land_use_code": "0902",
    "name_zh": "中冶集团建筑研究总院",
    "area_sqm_declared": 65377.3,
    "source_id": "osm-landuse-polygons",
    "mapping_note": "OSM landuse=commercial 映射到项目代码表"
   },
   "geometry": {
    "type": "Polygon",
    "coordinates": [
     [
      [
       116.34402277,
       39.960078947
      ],
      [
       116.343899696,
       39.960098515
      ],
      [
       116.343877667,
       39.960260501
      ],
      [
       116.343409551,
       39.96025785
      ],
      [
       116.343242393,
       39.96060364
      ],
      [
       116.343158573,
       39.96110751
      ],
      [
       116.34444253,
       39.96116206
      ],
      [
       116.344459672,
       39.960592518
      ],
      [
       116.347053968,
       39.96069497
      ],
      [
       116.34709489,
       39.958853441
      ],
      [
       116.347115356,
       39.958547347
      ],
      [
       116.344637458,
       39.958519855
      ],
      [
       116.34402277,
       39.960078947
      ]
     ]
    ]
   }
  },
  {
   "type": "Feature",
   "id": "lu-osm-595108678",
   "properties": {
    "id": "lu-osm-595108678",
    "layer": "LAND_USE",
    "source_type": "osm",
    "confidence": "low",
    "geometry_role": "existing_condition",
    "land_use_code": "0701",
    "name_zh": "石科院生活区",
    "area_sqm_declared": 71746.4,
    "source_id": "osm-landuse-polygons",
    "mapping_note": "OSM landuse=residential 映射到项目代码表"
   },
   "geometry": {
    "type": "Polygon",
    "coordinates": [
     [
      [
       116.348239068,
       39.997340822
      ],
      [
       116.348195442,
       39.998234432
      ],
      [
       116.352058753,
       39.998339401
      ],
      [
       116.352084874,
       39.998053604
      ],
      [
       116.35246545,
       39.998053479
      ],
      [
       116.352523068,
       39.997842158
      ],
      [
       116.353731823,
       39.997873671
      ],
      [
       116.353669337,
       39.996738554
      ],
      [
       116.353359109,
       39.996730069
      ],
      [
       116.352167066,
       39.996790957
      ],
      [
       116.35143798,
       39.996807144
      ],
      [
       116.351391271,
       39.996793373
      ],
      [
       116.350193922,
       39.996487213
      ],
      [
       116.349286425,
       39.996486625
      ],
      [
       116.349308284,
       39.996651109
      ],
      [
       116.348359717,
       39.996659288
      ],
      [
       116.34838771,
       39.996486078
      ],
      [
       116.348255769,
       39.996507852
      ],
      [
       116.34824254,
       39.996667636
      ],
      [
       116.347180281,
       39.996625633
      ],
      [
       116.347163522,
       39.996848439
      ],
      [
       116.347143343,
       39.997123012
      ],
      [
       116.347389279,
       39.997119894
      ],
      [
       116.347508655,
       39.997188112
      ],
      [
       116.347498223,
       39.99736142
      ],
      [
       116.348239068,
       39.997340822
      ]
     ],
     [
      [
       116.348291234,
       39.996780486
      ],
      [
       116.348281617,
       39.996868241
      ],
      [
       116.347239546,
       39.996857874
      ],
      [
       116.347240296,
       39.996779074
      ],
      [
       116.348291234,
       39.996780486
      ]
     ],
     [
      [
       116.348897458,
       39.997063082
      ],
      [
       116.348373643,
       39.997042126
      ],
      [
       116.348377961,
       39.996895801
      ],
      [
       116.348913484,
       39.996916823
      ],
      [
       116.348897458,
       39.997063082
      ]
     ],
     [
      [
       116.34746052,
       39.997016725
      ],
      [
       116.348227471,
       39.99702104
      ],
      [
       116.348223345,
       39.997147103
      ],
      [
       116.347459363,
       39.997138301
      ],
      [
       116.34746052,
       39.997016725
      ]
     ],
     [
      [
       116.348420754,
       39.99732158
      ],
      [
       116.348431996,
       39.997062718
      ],
      [
       116.348812395,
       39.997080616
      ],
      [
       116.348810021,
       39.997330522
      ],
      [
       116.348420754,
       39.99732158
      ]
     ],
     [
      [
       116.350103955,
       39.997331031
      ],
      [
       116.350097396,
       39.997405294
      ],
      [
       116.34986913,
       39.997397259
      ],
      [
       116.349866822,
       39.997331952
      ],
      [
       116.350103955,
       39.997331031
      ]
     ],
     [
      [
       116.350656982,
       39.997358897
      ],
      [
       116.350644612,
       39.997428625
      ],
      [
       116.350138422,
       39.997401021
      ],
      [
       116.350150686,
       39.99734255
      ],
      [
       116.350656982,
       39.997358897
      ]
     ],
     [
      [
       116.349002946,
       39.997360876
      ],
      [
       116.349696632,
       39.997373776
      ],
      [
       116.349690201,
       39.997434532
      ],
      [
       116.348999484,
       39.997417145
      ],
      [
       116.349002946,
       39.997360876
      ]
     ],
     [
      [
       116.349832209,
       39.99758618
      ],
      [
       116.349845584,
       39.997410637
      ],
      [
       116.350670723,
       39.997453538
      ],
      [
       116.350651581,
       39.997620044
      ],
      [
       116.349832102,
       39.997597437
      ],
      [
       116.349832209,
       39.99758618
      ]
     ],
     [
      [
       116.34968454,
       39.997722695
      ],
      [
       116.348970359,
       39.997709679
      ],
      [
       116.348968051,
       39.997644372
      ],
      [
       116.349673386,
       39.997664093
      ],
      [
       116.34968454,
       39.997722695
      ]
     ],
     [
      [
       116.349661337,
       39.998008508
      ],
      [
       116.349657961,
       39.998055772
      ],
      [
       116.348908647,
       39.998042558
      ],
      [
       116.348909118,
       39.997993027
      ],
      [
       116.349661337,
       39.998008508
      ]
     ],
     [
      [
       116.353009053,
       39.997529658
      ],
      [
       116.352830401,
       39.997537667
      ],
      [
       116.352853507,
       39.997260858
      ],
      [
       116.35265148,
       39.997264233
      ],
      [
       116.352654896,
       39.997212467
      ],
      [
       116.353038479,
       39.997203351
      ],
      [
       116.353009053,
       39.997529658
      ]
     ],
     [
      [
       116.351724769,
       39.997436924
      ],
      [
       116.351728633,
       39.997337878
      ],
      [
       116.352521636,
       39.997373832
      ],
      [
       116.352526683,
       39.997459419
      ],
      [
       116.351724769,
       39.997436924
      ]
     ],
     [
      [
       116.351605345,
       39.997373213
      ],
      [
       116.351592784,
       39.997463204
      ],
      [
       116.351066038,
       39.997442243
      ],
      [
       116.351066848,
       39.99735669
      ],
      [
       116.351605345,
       39.997373213
      ]
     ],
     [
      [
       116.352642252,
       39.997311464
      ],
      [
       116.352771074,
       39.997309931
      ],
      [
       116.352746948,
       39.997694808
      ],
      [
       116.352609492,
       39.997680531
      ],
      [
       116.352642252,
       39.997311464
      ]
     ],
     [
      [
       116.351528351,
       39.997775805
      ],
      [
       116.351528138,
       39.997798319
      ],
      [
       116.350799403,
       39.997776227
      ],
      [
       116.350802629,
       39.997744724
      ],
      [
       116.351528351,
       39.997775805
      ]
     ],
     [
      [
       116.352453259,
       39.997794486
      ],
      [
       116.352377991,
       39.998014715
      ],
      [
       116.352038484,
       39.998006062
      ],
      [
       116.351986293,
       39.998262444
      ],
      [
       116.351638088,
       39.998244736
      ],
      [
       116.351663849,
       39.997997213
      ],
      [
       116.351680657,
       39.997767651
      ],
      [
       116.351715785,
       39.997767848
      ],
      [
       116.352459284,
       39.997776507
      ],
      [
       116.352453259,
       39.997794486
      ]
     ],
     [
      [
       116.350779025,
       39.998073314
      ],
      [
       116.350779366,
       39.998037292
      ],
      [
       116.351481779,
       39.998056985
      ],
      [
       116.351487292,
       39.99809304
      ],
      [
       116.350779025,
       39.998073314
      ]
     ],
     [
      [
       116.353064863,
       39.997509706
      ],
      [
       116.353673681,
       39.997519857
      ],
      [
       116.353645213,
       39.997744851
      ],
      [
       116.353048165,
       39.997728011
      ],
      [
       116.353064863,
       39.997509706
      ]
     ]
    ]
   }
  },
  {
   "type": "Feature",
   "id": "lu-osm-266512538",
   "properties": {
    "id": "lu-osm-266512538",
    "layer": "LAND_USE",
    "source_type": "osm",
    "confidence": "low",
    "geometry_role": "existing_condition",
    "land_use_code": "0804",
    "name_zh": "北京交通大学主校区",
    "area_sqm_declared": 72115.2,
    "source_id": "osm-landuse-polygons",
    "mapping_note": "OSM amenity:university 多边形映射到项目代码表"
   },
   "geometry": {
    "type": "Polygon",
    "coordinates": [
     [
      [
       116.341038095,
       39.954012131
      ],
      [
       116.341762636,
       39.954117567
      ],
      [
       116.34219541,
       39.954140287
      ],
      [
       116.342562193,
       39.954027539
      ],
      [
       116.34269316,
       39.953487912
      ],
      [
       116.34275002,
       39.953049184
      ],
      [
       116.342783988,
       39.952862498
      ],
      [
       116.342843832,
       39.952723242
      ],
      [
       116.343062721,
       39.952778519
      ],
      [
       116.343144158,
       39.952828515
      ],
      [
       116.343263906,
       39.952849457
      ],
      [
       116.343343064,
       39.952831893
      ],
      [
       116.343454639,
       39.952789746
      ],
      [
       116.343531517,
       39.952704623
      ],
      [
       116.343543778,
       39.952646152
      ],
      [
       116.343606202,
       39.952542934
      ],
      [
       116.343718529,
       39.952421987
      ],
      [
       116.343736813,
       39.952345538
      ],
      [
       116.34369661,
       39.952266507
      ],
      [
       116.343588823,
       39.952218614
      ],
      [
       116.343472217,
       39.952175174
      ],
      [
       116.342872428,
       39.952180782
      ],
      [
       116.342700197,
       39.95214153
      ],
      [
       116.342544894,
       39.952167668
      ],
      [
       116.342389827,
       39.95216904
      ],
      [
       116.341630179,
       39.95206566
      ],
      [
       116.341349688,
       39.952028042
      ],
      [
       116.342103235,
       39.949409274
      ],
      [
       116.340425925,
       39.948908907
      ],
      [
       116.340346194,
       39.951727385
      ],
      [
       116.340533115,
       39.95175997
      ],
      [
       116.340417171,
       39.952256901
      ],
      [
       116.341448384,
       39.952413617
      ],
      [
       116.341038095,
       39.954012131
      ]
     ]
    ]
   }
  },
  {
   "type": "Feature",
   "id": "lu-osm-929515631",
   "properties": {
    "id": "lu-osm-929515631",
    "layer": "LAND_USE",
    "source_type": "osm",
    "confidence": "low",
    "geometry_role": "existing_condition",
    "land_use_code": "1402",
    "name_zh": "防护绿地",
    "area_sqm_declared": 73610.1,
    "source_id": "osm-landuse-polygons",
    "mapping_note": "OSM landuse=forest 映射到项目代码表"
   },
   "geometry": {
    "type": "Polygon",
    "coordinates": [
     [
      [
       116.349211119,
       40.018909102
      ],
      [
       116.350759392,
       40.016835133
      ],
      [
       116.353217025,
       40.013649468
      ],
      [
       116.352507469,
       40.013749075
      ],
      [
       116.350563006,
       40.01623738
      ],
      [
       116.348368922,
       40.015398756
      ],
      [
       116.348000869,
       40.015919038
      ],
      [
       116.348200081,
       40.016217359
      ],
      [
       116.348248103,
       40.016402254
      ],
      [
       116.348661862,
       40.016618474
      ],
      [
       116.348612379,
       40.016895133
      ],
      [
       116.348749018,
       40.016999471
      ],
      [
       116.348534718,
       40.01767147
      ],
      [
       116.349139588,
       40.017807708
      ],
      [
       116.349002474,
       40.018061359
      ],
      [
       116.348592934,
       40.018016279
      ],
      [
       116.348123395,
       40.018121712
      ],
      [
       116.347937074,
       40.019237416
      ],
      [
       116.348329223,
       40.019264388
      ],
      [
       116.348610228,
       40.019277226
      ],
      [
       116.348844787,
       40.019247023
      ],
      [
       116.349211119,
       40.018909102
      ]
     ]
    ]
   }
  },
  {
   "type": "Feature",
   "id": "lu-osm-917665184",
   "properties": {
    "id": "lu-osm-917665184",
    "layer": "LAND_USE",
    "source_type": "osm",
    "confidence": "low",
    "geometry_role": "existing_condition",
    "land_use_code": "0701",
    "name_zh": "北影小区",
    "area_sqm_declared": 74832.7,
    "source_id": "osm-landuse-polygons",
    "mapping_note": "OSM landuse=residential 映射到项目代码表"
   },
   "geometry": {
    "type": "Polygon",
    "coordinates": [
     [
      [
       116.351847107,
       39.971794929
      ],
      [
       116.35187812,
       39.969750708
      ],
      [
       116.350769138,
       39.969742251
      ],
      [
       116.350706885,
       39.97353799
      ],
      [
       116.353208995,
       39.97353847
      ],
      [
       116.353212114,
       39.973207511
      ],
      [
       116.352790751,
       39.973202908
      ],
      [
       116.352801382,
       39.972696372
      ],
      [
       116.354682861,
       39.972718119
      ],
      [
       116.354769106,
       39.971637863
      ],
      [
       116.35476991,
       39.971552309
      ],
      [
       116.354234329,
       39.971558332
      ],
      [
       116.354231913,
       39.971814994
      ],
      [
       116.351847107,
       39.971794929
      ]
     ]
    ]
   }
  },
  {
   "type": "Feature",
   "id": "lu-osm-860342589",
   "properties": {
    "id": "lu-osm-860342589",
    "layer": "LAND_USE",
    "source_type": "osm",
    "confidence": "low",
    "geometry_role": "existing_condition",
    "land_use_code": "0701",
    "name_zh": "静淑苑",
    "area_sqm_declared": 76240.3,
    "source_id": "osm-landuse-polygons",
    "mapping_note": "OSM landuse=residential 映射到项目代码表"
   },
   "geometry": {
    "type": "Polygon",
    "coordinates": [
     [
      [
       116.345299842,
       40.004396291
      ],
      [
       116.344641044,
       40.004401574
      ],
      [
       116.34463704,
       40.00420792
      ],
      [
       116.344681083,
       40.003276039
      ],
      [
       116.344721336,
       40.002434197
      ],
      [
       116.342976878,
       40.002388296
      ],
      [
       116.342778357,
       40.00507774
      ],
      [
       116.342752989,
       40.006196602
      ],
      [
       116.345294433,
       40.006188472
      ],
      [
       116.345299842,
       40.004396291
      ]
     ]
    ]
   }
  },
  {
   "type": "Feature",
   "id": "lu-osm-232724490",
   "properties": {
    "id": "lu-osm-232724490",
    "layer": "LAND_USE",
    "source_type": "osm",
    "confidence": "low",
    "geometry_role": "existing_condition",
    "land_use_code": "1401",
    "name_zh": "元大都城垣遗址公园",
    "area_sqm_declared": 83288.1,
    "source_id": "osm-landuse-polygons",
    "mapping_note": "OSM leisure:park 多边形映射到项目代码表"
   },
   "geometry": {
    "type": "Polygon",
    "coordinates": [
     [
      [
       116.348696878,
       39.975030739
      ],
      [
       116.349220674,
       39.975035932
      ],
      [
       116.34932598,
       39.975041026
      ],
      [
       116.349752994,
       39.975068189
      ],
      [
       116.35134489,
       39.975081612
      ],
      [
       116.354490644,
       39.975108179
      ],
      [
       116.354609864,
       39.973634088
      ],
      [
       116.348403017,
       39.973617375
      ],
      [
       116.348375409,
       39.974675441
      ],
      [
       116.348706193,
       39.974666042
      ],
      [
       116.348696878,
       39.975030739
      ]
     ],
     [
      [
       116.349196706,
       39.974168957
      ],
      [
       116.348907001,
       39.97416733
      ],
      [
       116.348907663,
       39.974097536
      ],
      [
       116.349197368,
       39.974099163
      ],
      [
       116.349196706,
       39.974168957
      ]
     ],
     [
      [
       116.349085421,
       39.974177338
      ],
      [
       116.349196621,
       39.974177963
      ],
      [
       116.349192306,
       39.974324288
      ],
      [
       116.349081106,
       39.974323664
      ],
      [
       116.349085421,
       39.974177338
      ]
     ],
     [
      [
       116.348968368,
       39.974176681
      ],
      [
       116.349082494,
       39.974177322
      ],
      [
       116.34907818,
       39.974323647
      ],
      [
       116.348964053,
       39.974323006
      ],
      [
       116.348968368,
       39.974176681
      ]
     ]
    ]
   }
  },
  {
   "type": "Feature",
   "id": "lu-osm-929518929",
   "properties": {
    "id": "lu-osm-929518929",
    "layer": "LAND_USE",
    "source_type": "osm",
    "confidence": "low",
    "geometry_role": "existing_condition",
    "land_use_code": "0701",
    "name_zh": "逸城东苑",
    "area_sqm_declared": 88419.2,
    "source_id": "osm-landuse-polygons",
    "mapping_note": "OSM landuse=residential 映射到项目代码表"
   },
   "geometry": {
    "type": "Polygon",
    "coordinates": [
     [
      [
       116.345553342,
       40.013721269
      ],
      [
       116.345623861,
       40.01277603
      ],
      [
       116.345574085,
       40.012775748
      ],
      [
       116.345581683,
       40.012593418
      ],
      [
       116.345640264,
       40.012591498
      ],
      [
       116.34570047,
       40.011806057
      ],
      [
       116.345742355,
       40.011099317
      ],
      [
       116.343045615,
       40.011099821
      ],
      [
       116.34195323,
       40.011122893
      ],
      [
       116.341950324,
       40.011120625
      ],
      [
       116.342020942,
       40.01260928
      ],
      [
       116.34202388,
       40.012609502
      ],
      [
       116.34202387,
       40.012609297
      ],
      [
       116.342149686,
       40.012619017
      ],
      [
       116.342060483,
       40.013370518
      ],
      [
       116.34207255,
       40.013638517
      ],
      [
       116.345553342,
       40.013721269
      ]
     ]
    ]
   }
  },
  {
   "type": "Feature",
   "id": "lu-osm-378420724",
   "properties": {
    "id": "lu-osm-378420724",
    "layer": "LAND_USE",
    "source_type": "osm",
    "confidence": "low",
    "geometry_role": "existing_condition",
    "land_use_code": "0804",
    "name_zh": "中国政法大学（学院路校区）",
    "area_sqm_declared": 93240.9,
    "source_id": "osm-landuse-polygons",
    "mapping_note": "OSM amenity:university 多边形映射到项目代码表"
   },
   "geometry": {
    "type": "Polygon",
    "coordinates": [
     [
      [
       116.343674352,
       39.963470044
      ],
      [
       116.343217961,
       39.963462956
      ],
      [
       116.34314865,
       39.964590583
      ],
      [
       116.343098658,
       39.965533694
      ],
      [
       116.344037823,
       39.965545767
      ],
      [
       116.344069557,
       39.96528702
      ],
      [
       116.345675468,
       39.965341126
      ],
      [
       116.345724887,
       39.965375178
      ],
      [
       116.346526574,
       39.965381952
      ],
      [
       116.346700929,
       39.964894351
      ],
      [
       116.346890201,
       39.962531303
      ],
      [
       116.3456148,
       39.962497092
      ],
      [
       116.345500114,
       39.962557236
      ],
      [
       116.345093446,
       39.962552687
      ],
      [
       116.344625465,
       39.962534282
      ],
      [
       116.343909048,
       39.96248745
      ],
      [
       116.343727647,
       39.962486423
      ],
      [
       116.343084226,
       39.96245576
      ],
      [
       116.343133874,
       39.962771257
      ],
      [
       116.343663514,
       39.962767502
      ],
      [
       116.343674352,
       39.963470044
      ]
     ],
     [
      [
       116.343668399,
       39.96256264
      ],
      [
       116.34366687,
       39.962722491
      ],
      [
       116.343225092,
       39.962717737
      ],
      [
       116.343225717,
       39.962652446
      ],
      [
       116.343346559,
       39.962560817
      ],
      [
       116.343668399,
       39.96256264
      ]
     ],
     [
      [
       116.34404813,
       39.964467339
      ],
      [
       116.344031714,
       39.964654124
      ],
      [
       116.34327711,
       39.964620581
      ],
      [
       116.343290601,
       39.96443378
      ],
      [
       116.34404813,
       39.964467339
      ]
     ]
    ]
   }
  },
  {
   "type": "Feature",
   "id": "lu-osm-265943738",
   "properties": {
    "id": "lu-osm-265943738",
    "layer": "LAND_USE",
    "source_type": "osm",
    "confidence": "low",
    "geometry_role": "existing_condition",
    "land_use_code": "16",
    "name_zh": "北京北站",
    "area_sqm_declared": 106598.3,
    "source_id": "osm-landuse-polygons",
    "mapping_note": "OSM landuse=railway；项目代码表子集内无对应类目，按现状未定型计入留白用地，待现场调查与官方控规确认"
   },
   "geometry": {
    "type": "Polygon",
    "coordinates": [
     [
      [
       116.347427859,
       39.940750655
      ],
      [
       116.347257118,
       39.941172985
      ],
      [
       116.347086717,
       39.941559292
      ],
      [
       116.34703872,
       39.941685108
      ],
      [
       116.346921102,
       39.94174974
      ],
      [
       116.346798118,
       39.942071018
      ],
      [
       116.346488535,
       39.942328202
      ],
      [
       116.34564036,
       39.944773099
      ],
      [
       116.345610209,
       39.944867494
      ],
      [
       116.345583025,
       39.944957402
      ],
      [
       116.345558766,
       39.945047327
      ],
      [
       116.345534486,
       39.945139503
      ],
      [
       116.345507088,
       39.945251926
      ],
      [
       116.345485539,
       39.945364382
      ],
      [
       116.345457905,
       39.94550157
      ],
      [
       116.345439067,
       39.945636556
      ],
      [
       116.345426379,
       39.945740056
      ],
      [
       116.345419542,
       39.945843588
      ],
      [
       116.34540978,
       39.945947104
      ],
      [
       116.345408814,
       39.946048418
      ],
      [
       116.345407462,
       39.946190258
      ],
      [
       116.345411982,
       39.946329879
      ],
      [
       116.345435519,
       39.946622713
      ],
      [
       116.345519976,
       39.947276137
      ],
      [
       116.345609942,
       39.947965618
      ],
      [
       116.34567753,
       39.948240687
      ],
      [
       116.345718384,
       39.948558386
      ],
      [
       116.345738011,
       39.948954768
      ],
      [
       116.345727519,
       39.949134832
      ],
      [
       116.345699862,
       39.949274272
      ],
      [
       116.346049821,
       39.949388824
      ],
      [
       116.346204796,
       39.948781781
      ],
      [
       116.346335242,
       39.94798547
      ],
      [
       116.34638781,
       39.947994773
      ],
      [
       116.346436606,
       39.947785654
      ],
      [
       116.346550581,
       39.947797554
      ],
      [
       116.346662412,
       39.947419925
      ],
      [
       116.346716145,
       39.946999189
      ],
      [
       116.346779916,
       39.946445669
      ],
      [
       116.346814683,
       39.946173428
      ],
      [
       116.346836529,
       39.946029452
      ],
      [
       116.346867129,
       39.945887777
      ],
      [
       116.346900676,
       39.945743867
      ],
      [
       116.346940051,
       39.945602242
      ],
      [
       116.347145592,
       39.94490542
      ],
      [
       116.34723574,
       39.944653755
      ],
      [
       116.347463489,
       39.944697816
      ],
      [
       116.347789764,
       39.943607653
      ],
      [
       116.347839596,
       39.943596675
      ],
      [
       116.347818658,
       39.943029168
      ],
      [
       116.348346678,
       39.94163843
      ],
      [
       116.348495593,
       39.941666285
      ],
      [
       116.348620447,
       39.940838418
      ],
      [
       116.347636681,
       39.940630247
      ],
      [
       116.347427859,
       39.940750655
      ]
     ]
    ]
   }
  },
  {
   "type": "Feature",
   "id": "lu-osm-609225889",
   "properties": {
    "id": "lu-osm-609225889",
    "layer": "LAND_USE",
    "source_type": "osm",
    "confidence": "low",
    "geometry_role": "existing_condition",
    "land_use_code": "0701",
    "name_zh": "城镇住宅用地",
    "area_sqm_declared": 107280.8,
    "source_id": "osm-landuse-polygons",
    "mapping_note": "OSM landuse=residential 映射到项目代码表"
   },
   "geometry": {
    "type": "Polygon",
    "coordinates": [
     [
      [
       116.349763533,
       40.005752071
      ],
      [
       116.349773597,
       40.005617036
      ],
      [
       116.349691665,
       40.005612074
      ],
      [
       116.349863377,
       40.002942731
      ],
      [
       116.346854632,
       40.002844759
      ],
      [
       116.34674105,
       40.004625073
      ],
      [
       116.346638069,
       40.006214067
      ],
      [
       116.351352293,
       40.006481462
      ],
      [
       116.351612946,
       40.005854745
      ],
      [
       116.349745283,
       40.005824018
      ],
      [
       116.349763533,
       40.005752071
      ]
     ],
     [
      [
       116.349647557,
       40.005015173
      ],
      [
       116.349651254,
       40.005242597
      ],
      [
       116.349384796,
       40.005245605
      ],
      [
       116.349384048,
       40.005015945
      ],
      [
       116.349647557,
       40.005015173
      ]
     ]
    ]
   }
  },
  {
   "type": "Feature",
   "id": "lu-osm-917665173",
   "properties": {
    "id": "lu-osm-917665173",
    "layer": "LAND_USE",
    "source_type": "osm",
    "confidence": "low",
    "geometry_role": "existing_condition",
    "land_use_code": "0902",
    "name_zh": "北京电影制片厂",
    "area_sqm_declared": 112917.3,
    "source_id": "osm-landuse-polygons",
    "mapping_note": "OSM landuse=commercial 映射到项目代码表"
   },
   "geometry": {
    "type": "Polygon",
    "coordinates": [
     [
      [
       116.354108788,
       39.96966184
      ],
      [
       116.354817059,
       39.969650023
      ],
      [
       116.354825748,
       39.969348366
      ],
      [
       116.354734389,
       39.968483267
      ],
      [
       116.354637871,
       39.968478227
      ],
      [
       116.354679046,
       39.966900129
      ],
      [
       116.352689125,
       39.9669138
      ],
      [
       116.350810689,
       39.966896541
      ],
      [
       116.350769138,
       39.969742251
      ],
      [
       116.35187812,
       39.969750708
      ],
      [
       116.351847107,
       39.971794929
      ],
      [
       116.354231913,
       39.971814994
      ],
      [
       116.354234329,
       39.971558332
      ],
      [
       116.354099765,
       39.97155308
      ],
      [
       116.354108788,
       39.96966184
      ]
     ],
     [
      [
       116.354029846,
       39.969654645
      ],
      [
       116.354062379,
       39.97086165
      ],
      [
       116.354050126,
       39.971541545
      ],
      [
       116.353178009,
       39.97154794
      ],
      [
       116.353202251,
       39.970838841
      ],
      [
       116.351885556,
       39.970822481
      ],
      [
       116.351893482,
       39.96936353
      ],
      [
       116.354257891,
       39.969365468
      ],
      [
       116.354249539,
       39.969631102
      ],
      [
       116.354029846,
       39.969654645
      ]
     ]
    ]
   }
  },
  {
   "type": "Feature",
   "id": "lu-osm-365816823",
   "properties": {
    "id": "lu-osm-365816823",
    "layer": "LAND_USE",
    "source_type": "osm",
    "confidence": "low",
    "geometry_role": "existing_condition",
    "land_use_code": "0902",
    "name_zh": "中国石油勘探开发研究院",
    "area_sqm_declared": 124206.3,
    "source_id": "osm-landuse-polygons",
    "mapping_note": "OSM landuse=commercial 映射到项目代码表"
   },
   "geometry": {
    "type": "Polygon",
    "coordinates": [
     [
      [
       116.351315233,
       39.995547854
      ],
      [
       116.351330116,
       39.99521246
      ],
      [
       116.351392738,
       39.992306089
      ],
      [
       116.349153982,
       39.992244005
      ],
      [
       116.347392238,
       39.992195823
      ],
      [
       116.347183355,
       39.995380556
      ],
      [
       116.351315233,
       39.995547854
      ]
     ]
    ]
   }
  },
  {
   "type": "Feature",
   "id": "lu-osm-256753335",
   "properties": {
    "id": "lu-osm-256753335",
    "layer": "LAND_USE",
    "source_type": "osm",
    "confidence": "low",
    "geometry_role": "existing_condition",
    "land_use_code": "0804",
    "name_zh": "北京语言大学",
    "area_sqm_declared": 125074.1,
    "source_id": "osm-landuse-polygons",
    "mapping_note": "OSM amenity:university 多边形映射到项目代码表"
   },
   "geometry": {
    "type": "Polygon",
    "coordinates": [
     [
      [
       116.340793567,
       39.991960345
      ],
      [
       116.340875135,
       39.993219412
      ],
      [
       116.34188777,
       39.993240928
      ],
      [
       116.341861003,
       39.993589762
      ],
      [
       116.341141229,
       39.993554151
      ],
      [
       116.340892941,
       39.993498703
      ],
      [
       116.340989739,
       39.995001021
      ],
      [
       116.346278084,
       39.99514805
      ],
      [
       116.346277676,
       39.995190826
      ],
      [
       116.346541082,
       39.995196815
      ],
      [
       116.346517425,
       39.992150366
      ],
      [
       116.340793567,
       39.991960345
      ]
     ],
     [
      [
       116.343494148,
       39.992702917
      ],
      [
       116.342130182,
       39.992688428
      ],
      [
       116.342144784,
       39.992386807
      ],
      [
       116.3423672,
       39.992392572
      ],
      [
       116.34276819,
       39.992397098
      ],
      [
       116.342960257,
       39.992515266
      ],
      [
       116.343239841,
       39.992359244
      ],
      [
       116.343208009,
       39.992320788
      ],
      [
       116.343144303,
       39.992248378
      ],
      [
       116.343139204,
       39.992169546
      ],
      [
       116.343437659,
       39.992182494
      ],
      [
       116.343439379,
       39.99230859
      ],
      [
       116.34350315,
       39.992374245
      ],
      [
       116.343494148,
       39.992702917
      ]
     ],
     [
      [
       116.343032688,
       39.993204644
      ],
      [
       116.343045805,
       39.992752162
      ],
      [
       116.343958847,
       39.992779849
      ],
      [
       116.343910654,
       39.99322763
      ],
      [
       116.343032688,
       39.993204644
      ]
     ],
     [
      [
       116.342972218,
       39.993710895
      ],
      [
       116.343563438,
       39.993720999
      ],
      [
       116.343495901,
       39.994965711
      ],
      [
       116.342896018,
       39.994942047
      ],
      [
       116.342972218,
       39.993710895
      ]
     ],
     [
      [
       116.345887854,
       39.993707123
      ],
      [
       116.344374732,
       39.993676058
      ],
      [
       116.344385343,
       39.993484738
      ],
      [
       116.344771661,
       39.993493677
      ],
      [
       116.344779387,
       39.993297838
      ],
      [
       116.34548177,
       39.993315316
      ],
      [
       116.345465157,
       39.993522363
      ],
      [
       116.345904186,
       39.993529344
      ],
      [
       116.345887854,
       39.993707123
      ]
     ],
     [
      [
       116.346031011,
       39.994043408
      ],
      [
       116.346017971,
       39.994182929
      ],
      [
       116.345005299,
       39.994163701
      ],
      [
       116.345011969,
       39.993771973
      ],
      [
       116.345696794,
       39.993789351
      ],
      [
       116.346031011,
       39.994043408
      ]
     ],
     [
      [
       116.344004638,
       39.994113011
      ],
      [
       116.344005866,
       39.993984681
      ],
      [
       116.344629158,
       39.994008471
      ],
      [
       116.344565234,
       39.994877199
      ],
      [
       116.343930268,
       39.994848839
      ],
      [
       116.343940838,
       39.994662023
      ],
      [
       116.343773967,
       39.994663329
      ],
      [
       116.343639359,
       39.994658064
      ],
      [
       116.343662246,
       39.994102067
      ],
      [
       116.344004638,
       39.994113011
      ]
     ],
     [
      [
       116.346229394,
       39.995035199
      ],
      [
       116.345014969,
       39.994990066
      ],
      [
       116.345038836,
       39.994636711
      ],
      [
       116.346250328,
       39.994681827
      ],
      [
       116.346229394,
       39.995035199
      ]
     ]
    ]
   }
  },
  {
   "type": "Feature",
   "id": "lu-osm-1003833559",
   "properties": {
    "id": "lu-osm-1003833559",
    "layer": "LAND_USE",
    "source_type": "osm",
    "confidence": "low",
    "geometry_role": "existing_condition",
    "land_use_code": "0804",
    "name_zh": "中国矿业大学（北京）",
    "area_sqm_declared": 128385.9,
    "source_id": "osm-landuse-polygons",
    "mapping_note": "OSM amenity:university 多边形映射到项目代码表"
   },
   "geometry": {
    "type": "Polygon",
    "coordinates": [
     [
      [
       116.341129627,
       39.996589142
      ],
      [
       116.341726661,
       39.996606043
      ],
      [
       116.341867127,
       39.996611344
      ],
      [
       116.341863487,
       39.996685624
      ],
      [
       116.341849681,
       39.996903943
      ],
      [
       116.341974668,
       39.996996966
      ],
      [
       116.341898122,
       39.998261888
      ],
      [
       116.341894957,
       39.998286636
      ],
      [
       116.342544719,
       39.998301582
      ],
      [
       116.342543609,
       39.998722611
      ],
      [
       116.342522482,
       39.999093992
      ],
      [
       116.342522028,
       39.999141272
      ],
      [
       116.3425747,
       39.999143822
      ],
      [
       116.344359994,
       39.999196714
      ],
      [
       116.344415659,
       39.998580112
      ],
      [
       116.344493277,
       39.998422944
      ],
      [
       116.345242485,
       39.998447443
      ],
      [
       116.34531791,
       39.996680422
      ],
      [
       116.346485594,
       39.996718533
      ],
      [
       116.346505767,
       39.996137753
      ],
      [
       116.346541082,
       39.995196815
      ],
      [
       116.346277676,
       39.995190826
      ],
      [
       116.341050713,
       39.995053153
      ],
      [
       116.340994988,
       39.995064094
      ],
      [
       116.341091573,
       39.996588925
      ],
      [
       116.341129627,
       39.996589142
      ]
     ],
     [
      [
       116.342426469,
       39.998116286
      ],
      [
       116.34193769,
       39.998104506
      ],
      [
       116.34194993,
       39.997744331
      ],
      [
       116.342438706,
       39.997756112
      ],
      [
       116.342426469,
       39.998116286
      ]
     ],
     [
      [
       116.343203933,
       39.996107831
      ],
      [
       116.343856624,
       39.996120534
      ],
      [
       116.343848054,
       39.996404178
      ],
      [
       116.343195339,
       39.996393726
      ],
      [
       116.343203933,
       39.996107831
      ]
     ],
     [
      [
       116.344641903,
       39.996962545
      ],
      [
       116.344652945,
       39.996726197
      ],
      [
       116.345220708,
       39.996742915
      ],
      [
       116.345209668,
       39.996979263
      ],
      [
       116.344641903,
       39.996962545
      ]
     ],
     [
      [
       116.342574295,
       39.998270228
      ],
      [
       116.342548078,
       39.99825657
      ],
      [
       116.342454403,
       39.998256039
      ],
      [
       116.34248699,
       39.997605533
      ],
      [
       116.342718205,
       39.997611348
      ],
      [
       116.344518031,
       39.997671075
      ],
      [
       116.344497173,
       39.998321647
      ],
      [
       116.344364753,
       39.998392947
      ],
      [
       116.344355304,
       39.998462691
      ],
      [
       116.342584601,
       39.998416636
      ],
      [
       116.3425916,
       39.998297345
      ],
      [
       116.342574295,
       39.998270228
      ]
     ]
    ]
   }
  },
  {
   "type": "Feature",
   "id": "lu-osm-232724492",
   "properties": {
    "id": "lu-osm-232724492",
    "layer": "LAND_USE",
    "source_type": "osm",
    "confidence": "low",
    "geometry_role": "existing_condition",
    "land_use_code": "1401",
    "name_zh": "元大都城垣遗址公园",
    "area_sqm_declared": 137735.1,
    "source_id": "osm-landuse-polygons",
    "mapping_note": "OSM leisure:park 多边形映射到项目代码表"
   },
   "geometry": {
    "type": "Polygon",
    "coordinates": [
     [
      [
       116.347621109,
       39.958590722
      ],
      [
       116.347497369,
       39.958988548
      ],
      [
       116.347487858,
       39.959373507
      ],
      [
       116.347434092,
       39.960104955
      ],
      [
       116.347510053,
       39.96011664
      ],
      [
       116.347476281,
       39.960591525
      ],
      [
       116.347399912,
       39.960622617
      ],
      [
       116.34727476,
       39.963629968
      ],
      [
       116.34729684,
       39.963769687
      ],
      [
       116.347425493,
       39.963779418
      ],
      [
       116.347676113,
       39.963886651
      ],
      [
       116.347665767,
       39.964359416
      ],
      [
       116.347736684,
       39.964902435
      ],
      [
       116.347703012,
       39.965674523
      ],
      [
       116.347623213,
       39.966065841
      ],
      [
       116.347574438,
       39.966887378
      ],
      [
       116.347614882,
       39.967250103
      ],
      [
       116.347664533,
       39.967567849
      ],
      [
       116.347652759,
       39.967882998
      ],
      [
       116.347526091,
       39.968587016
      ],
      [
       116.347407571,
       39.970587964
      ],
      [
       116.3473811,
       39.970909784
      ],
      [
       116.347278888,
       39.972118283
      ],
      [
       116.347191547,
       39.972993638
      ],
      [
       116.347141111,
       39.973988532
      ],
      [
       116.347183956,
       39.974099099
      ],
      [
       116.347253352,
       39.9741873
      ],
      [
       116.347334411,
       39.974280069
      ],
      [
       116.347436062,
       39.974361696
      ],
      [
       116.347596581,
       39.974407631
      ],
      [
       116.347891948,
       39.974429557
      ],
      [
       116.347963488,
       39.972752566
      ],
      [
       116.348026305,
       39.971377232
      ],
      [
       116.347974617,
       39.97127337
      ],
      [
       116.347987589,
       39.970832142
      ],
      [
       116.348061021,
       39.970803285
      ],
      [
       116.348250529,
       39.967796299
      ],
      [
       116.348198202,
       39.96775998
      ],
      [
       116.348206641,
       39.967487592
      ],
      [
       116.348244936,
       39.967460789
      ],
      [
       116.348313657,
       39.966078731
      ],
      [
       116.348383311,
       39.965214532
      ],
      [
       116.348348456,
       39.965187318
      ],
      [
       116.348362939,
       39.9648947
      ],
      [
       116.348398306,
       39.96486788
      ],
      [
       116.348440964,
       39.963764866
      ],
      [
       116.348781057,
       39.957217049
      ],
      [
       116.348769504,
       39.956892762
      ],
      [
       116.348532489,
       39.956895934
      ],
      [
       116.347880581,
       39.958072076
      ],
      [
       116.347621109,
       39.958590722
      ]
     ]
    ]
   }
  },
  {
   "type": "Feature",
   "id": "lu-osm-18849854",
   "properties": {
    "id": "lu-osm-18849854",
    "layer": "LAND_USE",
    "source_type": "osm",
    "confidence": "low",
    "geometry_role": "existing_condition",
    "land_use_code": "0804",
    "name_zh": "北航学院路校区教学区",
    "area_sqm_declared": 160430.1,
    "source_id": "osm-landuse-polygons",
    "mapping_note": "OSM amenity:college 多边形映射到项目代码表"
   },
   "geometry": {
    "type": "Polygon",
    "coordinates": [
     [
      [
       116.347065682,
       39.98283663
      ],
      [
       116.347215613,
       39.980306753
      ],
      [
       116.346688893,
       39.980297031
      ],
      [
       116.346653774,
       39.980296833
      ],
      [
       116.34665059,
       39.980323833
      ],
      [
       116.346290685,
       39.98031505
      ],
      [
       116.345898588,
       39.980306083
      ],
      [
       116.345802011,
       39.980305538
      ],
      [
       116.345779405,
       39.98083452
      ],
      [
       116.344919135,
       39.980813901
      ],
      [
       116.344907087,
       39.981156065
      ],
      [
       116.344898976,
       39.98139243
      ],
      [
       116.344831642,
       39.981394301
      ],
      [
       116.344135235,
       39.981376854
      ],
      [
       116.344088409,
       39.981376589
      ],
      [
       116.343927466,
       39.981373426
      ],
      [
       116.343927186,
       39.981402695
      ],
      [
       116.343772096,
       39.981399565
      ],
      [
       116.343634567,
       39.981396535
      ],
      [
       116.343635795,
       39.981268205
      ],
      [
       116.343468956,
       39.981269511
      ],
      [
       116.343290389,
       39.981273003
      ],
      [
       116.343275756,
       39.98127292
      ],
      [
       116.343138205,
       39.98127214
      ],
      [
       116.343145416,
       39.981130335
      ],
      [
       116.342615807,
       39.981116075
      ],
      [
       116.342109611,
       39.981101945
      ],
      [
       116.342108294,
       39.981239281
      ],
      [
       116.341926865,
       39.981235999
      ],
      [
       116.341891768,
       39.981233549
      ],
      [
       116.341861809,
       39.981915592
      ],
      [
       116.3417777,
       39.983360597
      ],
      [
       116.341777246,
       39.983407877
      ],
      [
       116.341720177,
       39.984474778
      ],
      [
       116.342188479,
       39.984475185
      ],
      [
       116.342220347,
       39.983898974
      ],
      [
       116.342454421,
       39.983907057
      ],
      [
       116.343226862,
       39.983933952
      ],
      [
       116.343320496,
       39.983936734
      ],
      [
       116.34327589,
       39.984927154
      ],
      [
       116.343268786,
       39.985057703
      ],
      [
       116.344573744,
       39.985105617
      ],
      [
       116.344586419,
       39.98500437
      ],
      [
       116.345048721,
       39.985020492
      ],
      [
       116.345067289,
       39.984608567
      ],
      [
       116.345362892,
       39.984610237
      ],
      [
       116.345357073,
       39.983993285
      ],
      [
       116.346480833,
       39.984010884
      ],
      [
       116.346502962,
       39.983531433
      ],
      [
       116.347026759,
       39.983543391
      ],
      [
       116.347065682,
       39.98283663
      ]
     ],
     [
      [
       116.343824029,
       39.98331366
      ],
      [
       116.343262209,
       39.983299221
      ],
      [
       116.343318202,
       39.982036429
      ],
      [
       116.343880011,
       39.982050868
      ],
      [
       116.343824029,
       39.98331366
      ]
     ],
     [
      [
       116.344432009,
       39.984010572
      ],
      [
       116.344399901,
       39.9846138
      ],
      [
       116.343677163,
       39.984591698
      ],
      [
       116.34368037,
       39.984562446
      ],
      [
       116.343709278,
       39.983988469
      ],
      [
       116.344432009,
       39.984010572
      ]
     ]
    ]
   }
  },
  {
   "type": "Feature",
   "id": "lu-osm-546295836",
   "properties": {
    "id": "lu-osm-546295836",
    "layer": "LAND_USE",
    "source_type": "osm",
    "confidence": "low",
    "geometry_role": "existing_condition",
    "land_use_code": "16",
    "name_zh": "明光村棚户区改造",
    "area_sqm_declared": 161387.7,
    "source_id": "osm-landuse-polygons",
    "mapping_note": "OSM landuse=construction；项目代码表子集内无对应类目，按现状未定型计入留白用地，待现场调查与官方控规确认"
   },
   "geometry": {
    "type": "Polygon",
    "coordinates": [
     [
      [
       116.342857677,
       39.961974899
      ],
      [
       116.342864052,
       39.961614689
      ],
      [
       116.342893854,
       39.96125236
      ],
      [
       116.343031029,
       39.960676743
      ],
      [
       116.343155035,
       39.960254157
      ],
      [
       116.343860285,
       39.96024239
      ],
      [
       116.343879302,
       39.960089393
      ],
      [
       116.344005323,
       39.960067591
      ],
      [
       116.344602243,
       39.958530914
      ],
      [
       116.344535763,
       39.957526351
      ],
      [
       116.344453606,
       39.956938235
      ],
      [
       116.342288158,
       39.956980006
      ],
      [
       116.341077385,
       39.958758602
      ],
      [
       116.340586282,
       39.959627155
      ],
      [
       116.340253329,
       39.960478594
      ],
      [
       116.340086982,
       39.961042783
      ],
      [
       116.340037633,
       39.962827972
      ],
      [
       116.341353976,
       39.962864728
      ],
      [
       116.341757763,
       39.96286477
      ],
      [
       116.342298829,
       39.961973981
      ],
      [
       116.342857677,
       39.961974899
      ]
     ]
    ]
   }
  },
  {
   "type": "Feature",
   "id": "lu-osm-543831707",
   "properties": {
    "id": "lu-osm-543831707",
    "layer": "LAND_USE",
    "source_type": "osm",
    "confidence": "low",
    "geometry_role": "existing_condition",
    "land_use_code": "0804",
    "name_zh": "北京大学医学部",
    "area_sqm_declared": 173023.0,
    "source_id": "osm-landuse-polygons",
    "mapping_note": "OSM amenity:university 多边形映射到项目代码表"
   },
   "geometry": {
    "type": "Polygon",
    "coordinates": [
     [
      [
       116.352106368,
       39.981527506
      ],
      [
       116.352210693,
       39.98039782
      ],
      [
       116.352160963,
       39.98039529
      ],
      [
       116.352079061,
       39.98039033
      ],
      [
       116.352032257,
       39.980387816
      ],
      [
       116.351951766,
       39.981472605
      ],
      [
       116.350301615,
       39.981413833
      ],
      [
       116.350315454,
       39.981188758
      ],
      [
       116.350751414,
       39.981202458
      ],
      [
       116.350864847,
       39.980349763
      ],
      [
       116.349884655,
       39.980321754
      ],
      [
       116.349874958,
       39.980418516
      ],
      [
       116.349757937,
       39.980413356
      ],
      [
       116.34972372,
       39.980935519
      ],
      [
       116.347927125,
       39.980889402
      ],
      [
       116.347838585,
       39.982813963
      ],
      [
       116.347819906,
       39.983239397
      ],
      [
       116.348494743,
       39.984605368
      ],
      [
       116.350007625,
       39.98464088
      ],
      [
       116.349984602,
       39.985217143
      ],
      [
       116.351830897,
       39.985281519
      ],
      [
       116.353671385,
       39.98534133
      ],
      [
       116.353721248,
       39.984708929
      ],
      [
       116.353612957,
       39.984708325
      ],
      [
       116.353626744,
       39.984487751
      ],
      [
       116.353627062,
       39.98445398
      ],
      [
       116.353741172,
       39.984459007
      ],
      [
       116.353774292,
       39.984049526
      ],
      [
       116.353654316,
       39.984046605
      ],
      [
       116.352998832,
       39.98403169
      ],
      [
       116.353010649,
       39.983709788
      ],
      [
       116.35296677,
       39.983707291
      ],
      [
       116.352988493,
       39.983266112
      ],
      [
       116.352924317,
       39.983243239
      ],
      [
       116.352935051,
       39.983036158
      ],
      [
       116.353002535,
       39.983018522
      ],
      [
       116.353027376,
       39.982557097
      ],
      [
       116.353156107,
       39.982562319
      ],
      [
       116.353253707,
       39.98245479
      ],
      [
       116.353353935,
       39.982378797
      ],
      [
       116.353462583,
       39.982341127
      ],
      [
       116.353568176,
       39.982316949
      ],
      [
       116.353670716,
       39.982306263
      ],
      [
       116.35381126,
       39.982300292
      ],
      [
       116.353913523,
       39.982318875
      ],
      [
       116.35391681,
       39.982280617
      ],
      [
       116.35381741,
       39.982268805
      ],
      [
       116.35325848,
       39.982258933
      ],
      [
       116.352041178,
       39.982231871
      ],
      [
       116.352106368,
       39.981527506
      ]
     ],
     [
      [
       116.349974857,
       39.981303928
      ],
      [
       116.349976222,
       39.981159837
      ],
      [
       116.35024545,
       39.981163598
      ],
      [
       116.350241158,
       39.981307672
      ],
      [
       116.349974857,
       39.981303928
      ]
     ],
     [
      [
       116.348711572,
       39.982731062
      ],
      [
       116.348727828,
       39.982868496
      ],
      [
       116.348706293,
       39.9829787
      ],
      [
       116.34864135,
       39.983036875
      ],
      [
       116.348126401,
       39.98301822
      ],
      [
       116.348054475,
       39.982887226
      ],
      [
       116.348061527,
       39.98276118
      ],
      [
       116.348132687,
       39.982664765
      ],
      [
       116.348226405,
       39.982658537
      ],
      [
       116.34845176,
       39.982659804
      ],
      [
       116.348656456,
       39.982678967
      ],
      [
       116.348711572,
       39.982731062
      ]
     ],
     [
      [
       116.348129024,
       39.983358215
      ],
      [
       116.348137017,
       39.983133107
      ],
      [
       116.348581854,
       39.98313786
      ],
      [
       116.34878636,
       39.983177285
      ],
      [
       116.348925944,
       39.983272633
      ],
      [
       116.348968862,
       39.983376445
      ],
      [
       116.348129024,
       39.983358215
      ]
     ],
     [
      [
       116.351435177,
       39.982557205
      ],
      [
       116.351072333,
       39.98254842
      ],
      [
       116.351077092,
       39.982354814
      ],
      [
       116.351442883,
       39.982361365
      ],
      [
       116.351435177,
       39.982557205
      ]
     ],
     [
      [
       116.349842104,
       39.982649599
      ],
      [
       116.34991025,
       39.982562171
      ],
      [
       116.350518914,
       39.98257459
      ],
      [
       116.350523141,
       39.98243727
      ],
      [
       116.350684065,
       39.982442675
      ],
      [
       116.350684321,
       39.982415658
      ],
      [
       116.35069222,
       39.982199555
      ],
      [
       116.350803434,
       39.982200178
      ],
      [
       116.350787742,
       39.982621126
      ],
      [
       116.350980797,
       39.982633465
      ],
      [
       116.350981636,
       39.98285412
      ],
      [
       116.351174755,
       39.982859704
      ],
      [
       116.351173264,
       39.983017303
      ],
      [
       116.350959572,
       39.98302061
      ],
      [
       116.35095725,
       39.983266013
      ],
      [
       116.350901621,
       39.983267954
      ],
      [
       116.350891784,
       39.983688935
      ],
      [
       116.350689861,
       39.983685552
      ],
      [
       116.350572813,
       39.983682645
      ],
      [
       116.35058808,
       39.983306725
      ],
      [
       116.349815578,
       39.983286633
      ],
      [
       116.349834821,
       39.982800411
      ],
      [
       116.349842104,
       39.982649599
      ]
     ],
     [
      [
       116.351558726,
       39.984658574
      ],
      [
       116.350396949,
       39.984636308
      ],
      [
       116.350358986,
       39.984627089
      ],
      [
       116.350371072,
       39.98427817
      ],
      [
       116.350418113,
       39.984255918
      ],
      [
       116.351606161,
       39.984285086
      ],
      [
       116.351796378,
       39.984288401
      ],
      [
       116.35178347,
       39.984725126
      ],
      [
       116.351692719,
       39.98472687
      ],
      [
       116.351558088,
       39.984726117
      ],
      [
       116.351558726,
       39.984658574
      ]
     ]
    ]
   }
  },
  {
   "type": "Feature",
   "id": "lu-osm-245164271",
   "properties": {
    "id": "lu-osm-245164271",
    "layer": "LAND_USE",
    "source_type": "osm",
    "confidence": "low",
    "geometry_role": "existing_condition",
    "land_use_code": "0804",
    "name_zh": "中国地质大学（北京）",
    "area_sqm_declared": 174867.7,
    "source_id": "osm-landuse-polygons",
    "mapping_note": "OSM amenity:university 多边形映射到项目代码表"
   },
   "geometry": {
    "type": "Polygon",
    "coordinates": [
     [
      [
       116.346415462,
       39.991791798
      ],
      [
       116.346627584,
       39.991648897
      ],
      [
       116.346790851,
       39.987723152
      ],
      [
       116.342246269,
       39.987605138
      ],
      [
       116.3421672,
       39.987609193
      ],
      [
       116.340689273,
       39.987585034
      ],
      [
       116.340510755,
       39.987581767
      ],
      [
       116.340773267,
       39.99163601
      ],
      [
       116.341033689,
       39.991646497
      ],
      [
       116.342131034,
       39.991684252
      ],
      [
       116.34460705,
       39.99172755
      ],
      [
       116.346415462,
       39.991791798
      ]
     ],
     [
      [
       116.342452697,
       39.987750407
      ],
      [
       116.343924688,
       39.987783516
      ],
      [
       116.3439288,
       39.987659705
      ],
      [
       116.344487728,
       39.987674125
      ],
      [
       116.344472664,
       39.988025278
      ],
      [
       116.344847243,
       39.988034151
      ],
      [
       116.344843693,
       39.988099425
      ],
      [
       116.345028067,
       39.988102719
      ],
      [
       116.344983331,
       39.989108899
      ],
      [
       116.344957316,
       39.989687395
      ],
      [
       116.343845301,
       39.989656338
      ],
      [
       116.343844805,
       39.98970812
      ],
      [
       116.342372794,
       39.989672759
      ],
      [
       116.342452697,
       39.987750407
      ]
     ],
     [
      [
       116.341091371,
       39.988994526
      ],
      [
       116.341638645,
       39.98900439
      ],
      [
       116.341630933,
       39.989197978
      ],
      [
       116.341614534,
       39.989686466
      ],
      [
       116.341070182,
       39.989676618
      ],
      [
       116.341091371,
       39.988994526
      ]
     ],
     [
      [
       116.346287787,
       39.989217582
      ],
      [
       116.346268702,
       39.989377333
      ],
      [
       116.34586209,
       39.989350272
      ],
      [
       116.346048378,
       39.989153189
      ],
      [
       116.346234665,
       39.988956105
      ],
      [
       116.346659008,
       39.988965253
      ],
      [
       116.346650688,
       39.989224132
      ],
      [
       116.346287787,
       39.989217582
      ]
     ],
     [
      [
       116.345289157,
       39.989268234
      ],
      [
       116.345602299,
       39.989274505
      ],
      [
       116.345477132,
       39.989507957
      ],
      [
       116.345280079,
       39.989605912
      ],
      [
       116.345289157,
       39.989268234
      ]
     ],
     [
      [
       116.344629066,
       39.990649193
      ],
      [
       116.344140296,
       39.990641925
      ],
      [
       116.344153126,
       39.99021871
      ],
      [
       116.344638965,
       39.990225962
      ],
      [
       116.344629066,
       39.990649193
      ]
     ],
     [
      [
       116.345863817,
       39.99070345
      ],
      [
       116.345844736,
       39.991169409
      ],
      [
       116.34480583,
       39.991143277
      ],
      [
       116.344824918,
       39.990677318
      ],
      [
       116.345863817,
       39.99070345
      ]
     ],
     [
      [
       116.345306469,
       39.991747263
      ],
      [
       116.345310642,
       39.991616698
      ],
      [
       116.345620868,
       39.991622953
      ],
      [
       116.345616716,
       39.991751267
      ],
      [
       116.345306469,
       39.991747263
      ]
     ]
    ]
   }
  },
  {
   "type": "Feature",
   "id": "lu-osm-55816439",
   "properties": {
    "id": "lu-osm-55816439",
    "layer": "LAND_USE",
    "source_type": "osm",
    "confidence": "low",
    "geometry_role": "existing_condition",
    "land_use_code": "0804",
    "name_zh": "中国农业大学东校区",
    "area_sqm_declared": 235572.6,
    "source_id": "osm-landuse-polygons",
    "mapping_note": "OSM amenity:university 多边形映射到项目代码表"
   },
   "geometry": {
    "type": "Polygon",
    "coordinates": [
     [
      [
       116.352033585,
       40.000072935
      ],
      [
       116.349847225,
       40.00001566
      ],
      [
       116.348407212,
       39.999978303
      ],
      [
       116.348382238,
       40.001065649
      ],
      [
       116.347029813,
       40.001051282
      ],
      [
       116.346964893,
       40.001719619
      ],
      [
       116.3471405,
       40.001725111
      ],
      [
       116.347140886,
       40.001684586
      ],
      [
       116.347776237,
       40.001679157
      ],
      [
       116.347740913,
       40.002622347
      ],
      [
       116.346778098,
       40.0025809
      ],
      [
       116.346767921,
       40.002727191
      ],
      [
       116.346861559,
       40.002732222
      ],
      [
       116.346854632,
       40.002844759
      ],
      [
       116.346626293,
       40.006220755
      ],
      [
       116.352247361,
       40.006572026
      ],
      [
       116.352872292,
       40.005814502
      ],
      [
       116.353357741,
       40.005254331
      ],
      [
       116.354023443,
       40.004517293
      ],
      [
       116.354091436,
       40.004447875
      ],
      [
       116.354036683,
       40.003423127
      ],
      [
       116.353802562,
       40.003412815
      ],
      [
       116.353902636,
       40.001803534
      ],
      [
       116.353946527,
       40.00180603
      ],
      [
       116.3539366,
       40.001616847
      ],
      [
       116.35357656,
       40.001610336
      ],
      [
       116.353593599,
       40.001045299
      ],
      [
       116.353903869,
       40.001051532
      ],
      [
       116.353934245,
       40.001556043
      ],
      [
       116.353854148,
       40.00011462
      ],
      [
       116.35295844,
       40.000100617
      ],
      [
       116.352346756,
       40.00008144
      ],
      [
       116.352177008,
       40.000075988
      ],
      [
       116.352033585,
       40.000072935
      ]
     ],
     [
      [
       116.349863377,
       40.002942731
      ],
      [
       116.349691665,
       40.005612074
      ],
      [
       116.349773597,
       40.005617036
      ],
      [
       116.349763533,
       40.005752071
      ],
      [
       116.349745283,
       40.005824018
      ],
      [
       116.351612946,
       40.005854745
      ],
      [
       116.351352293,
       40.006481462
      ],
      [
       116.346638069,
       40.006214067
      ],
      [
       116.34674105,
       40.004625073
      ],
      [
       116.346854632,
       40.002844759
      ],
      [
       116.349863377,
       40.002942731
      ]
     ],
     [
      [
       116.348596143,
       40.00042967
      ],
      [
       116.3484293,
       40.00042648
      ],
      [
       116.348442041,
       40.00001002
      ],
      [
       116.349258664,
       40.000028117
      ],
      [
       116.349222228,
       40.001090632
      ],
      [
       116.348572416,
       40.001077975
      ],
      [
       116.348596143,
       40.00042967
      ]
     ],
     [
      [
       116.347959806,
       40.00207871
      ],
      [
       116.348398826,
       40.002092437
      ],
      [
       116.348391751,
       40.002220734
      ],
      [
       116.347841528,
       40.002201878
      ],
      [
       116.347865726,
       40.001812501
      ],
      [
       116.347976928,
       40.001817629
      ],
      [
       116.347959806,
       40.00207871
      ]
     ],
     [
      [
       116.350276017,
       40.005122268
      ],
      [
       116.350277553,
       40.004960167
      ],
      [
       116.349993573,
       40.004958574
      ],
      [
       116.349995665,
       40.004737937
      ],
      [
       116.350525544,
       40.004743159
      ],
      [
       116.350510493,
       40.005713481
      ],
      [
       116.349968896,
       40.005708193
      ],
      [
       116.349970989,
       40.005487555
      ],
      [
       116.350249095,
       40.005491367
      ],
      [
       116.350250547,
       40.005338271
      ],
      [
       116.350057322,
       40.005337188
      ],
      [
       116.350059371,
       40.005121053
      ],
      [
       116.350276017,
       40.005122268
      ]
     ],
     [
      [
       116.35095016,
       40.000096142
      ],
      [
       116.351316067,
       40.000100442
      ],
      [
       116.35129901,
       40.000665479
      ],
      [
       116.350936027,
       40.000661196
      ],
      [
       116.35095016,
       40.000096142
      ]
     ],
     [
      [
       116.351905322,
       40.000324388
      ],
      [
       116.351896678,
       40.00061929
      ],
      [
       116.351311252,
       40.00060926
      ],
      [
       116.351319898,
       40.000314359
      ],
      [
       116.351905322,
       40.000324388
      ]
     ],
     [
      [
       116.351008937,
       40.001618502
      ],
      [
       116.351974371,
       40.001691449
      ],
      [
       116.351947226,
       40.002085314
      ],
      [
       116.35011238,
       40.00200074
      ],
      [
       116.350133958,
       40.001577574
      ],
      [
       116.351008937,
       40.001618502
      ]
     ],
     [
      [
       116.351952506,
       40.002146135
      ],
      [
       116.351892679,
       40.002900061
      ],
      [
       116.350066339,
       40.002842551
      ],
      [
       116.350114667,
       40.002068298
      ],
      [
       116.351952506,
       40.002146135
      ]
     ],
     [
      [
       116.350749339,
       40.004298612
      ],
      [
       116.350740263,
       40.004638541
      ],
      [
       116.349999639,
       40.004627635
      ],
      [
       116.350008719,
       40.004287706
      ],
      [
       116.350749339,
       40.004298612
      ]
     ],
     [
      [
       116.351304242,
       40.004443565
      ],
      [
       116.351311951,
       40.004247726
      ],
      [
       116.350978246,
       40.004241354
      ],
      [
       116.350985743,
       40.004068029
      ],
      [
       116.351705826,
       40.004083317
      ],
      [
       116.351673439,
       40.005031027
      ],
      [
       116.35105872,
       40.00501858
      ],
      [
       116.351066494,
       40.004815987
      ],
      [
       116.351291879,
       40.004821752
      ],
      [
       116.351304242,
       40.004443565
      ]
     ],
     [
      [
       116.351629598,
       40.005332485
      ],
      [
       116.351624775,
       40.005532844
      ],
      [
       116.351165175,
       40.005525769
      ],
      [
       116.351169999,
       40.00532541
      ],
      [
       116.351629598,
       40.005332485
      ]
     ],
     [
      [
       116.352669306,
       40.000956833
      ],
      [
       116.353333756,
       40.000969549
      ],
      [
       116.353310201,
       40.001604347
      ],
      [
       116.352648673,
       40.001591648
      ],
      [
       116.352669306,
       40.000956833
      ]
     ]
    ]
   }
  },
  {
   "type": "Feature",
   "id": "lu-osm-279303636",
   "properties": {
    "id": "lu-osm-279303636",
    "layer": "LAND_USE",
    "source_type": "osm",
    "confidence": "low",
    "geometry_role": "existing_condition",
    "land_use_code": "0804",
    "name_zh": "北京邮电大学",
    "area_sqm_declared": 241762.9,
    "source_id": "osm-landuse-polygons",
    "mapping_note": "OSM amenity:university 多边形映射到项目代码表"
   },
   "geometry": {
    "type": "Polygon",
    "coordinates": [
     [
      [
       116.351833483,
       39.95681537
      ],
      [
       116.349305697,
       39.956810215
      ],
      [
       116.349211331,
       39.956888489
      ],
      [
       116.349208107,
       39.956919993
      ],
      [
       116.348867416,
       39.963535354
      ],
      [
       116.354685761,
       39.963696227
      ],
      [
       116.354966507,
       39.956862115
      ],
      [
       116.354911429,
       39.956807771
      ],
      [
       116.351833483,
       39.95681537
      ]
     ],
     [
      [
       116.349299696,
       39.956825942
      ],
      [
       116.353664855,
       39.956830098
      ],
      [
       116.353664114,
       39.957530323
      ],
      [
       116.353683831,
       39.957611488
      ],
      [
       116.353274223,
       39.957611455
      ],
      [
       116.35331198,
       39.957951649
      ],
      [
       116.35259785,
       39.957976933
      ],
      [
       116.352575158,
       39.958521679
      ],
      [
       116.353236419,
       39.958518615
      ],
      [
       116.353246298,
       39.958712303
      ],
      [
       116.352421219,
       39.9587122
      ],
      [
       116.351286253,
       39.95868559
      ],
      [
       116.351300998,
       39.958363703
      ],
      [
       116.351313061,
       39.95770632
      ],
      [
       116.350321319,
       39.957696264
      ],
      [
       116.350243007,
       39.95855141
      ],
      [
       116.349172325,
       39.958534146
      ],
      [
       116.349208107,
       39.956919993
      ],
      [
       116.349299696,
       39.956825942
      ]
     ],
     [
      [
       116.350817402,
       39.95876177
      ],
      [
       116.350821627,
       39.958624449
      ],
      [
       116.35045893,
       39.958613412
      ],
      [
       116.350455408,
       39.958676435
      ],
      [
       116.350689397,
       39.9586845
      ],
      [
       116.35068579,
       39.95875653
      ],
      [
       116.350343552,
       39.958747857
      ],
      [
       116.3503548,
       39.958486742
      ],
      [
       116.350565404,
       39.958492425
      ],
      [
       116.35056882,
       39.958440659
      ],
      [
       116.350691654,
       39.95844585
      ],
      [
       116.35081451,
       39.958448789
      ],
      [
       116.350811159,
       39.958493801
      ],
      [
       116.350980826,
       39.958497003
      ],
      [
       116.350969516,
       39.958764873
      ],
      [
       116.350817402,
       39.95876177
      ]
     ],
     [
      [
       116.349137988,
       39.95906982
      ],
      [
       116.349144693,
       39.958979796
      ],
      [
       116.349320169,
       39.958987536
      ],
      [
       116.349313464,
       39.95907756
      ],
      [
       116.349137988,
       39.95906982
      ]
     ],
     [
      [
       116.349420866,
       39.959785146
      ],
      [
       116.349426736,
       39.959474466
      ],
      [
       116.349427184,
       39.959427187
      ],
      [
       116.34988355,
       39.95943425
      ],
      [
       116.350126361,
       39.959437863
      ],
      [
       116.35012205,
       39.959584189
      ],
      [
       116.350117568,
       39.959748526
      ],
      [
       116.350111567,
       39.959764253
      ],
      [
       116.350087949,
       39.959786636
      ],
      [
       116.350058628,
       39.959793226
      ],
      [
       116.349997188,
       39.959792882
      ],
      [
       116.34949986,
       39.959785589
      ],
      [
       116.349420866,
       39.959785146
      ]
     ],
     [
      [
       116.350212704,
       39.9595892
      ],
      [
       116.350217078,
       39.95943612
      ],
      [
       116.350810973,
       39.959441699
      ],
      [
       116.350892892,
       39.959442158
      ],
      [
       116.350880581,
       39.959815844
      ],
      [
       116.350816215,
       39.959815484
      ],
      [
       116.350310089,
       39.959810397
      ],
      [
       116.350277906,
       39.959810216
      ],
      [
       116.35024583,
       39.959798779
      ],
      [
       116.350222638,
       39.959776134
      ],
      [
       116.35020536,
       39.959746767
      ],
      [
       116.350212704,
       39.9595892
      ]
     ],
     [
      [
       116.349393319,
       39.959913329
      ],
      [
       116.349394471,
       39.959791752
      ],
      [
       116.349485146,
       39.959794513
      ],
      [
       116.34948109,
       39.959913822
      ],
      [
       116.349393319,
       39.959913329
      ]
     ],
     [
      [
       116.350586967,
       39.959924525
      ],
      [
       116.350590808,
       39.95982773
      ],
      [
       116.350693187,
       39.959830556
      ],
      [
       116.350689345,
       39.95992735
      ],
      [
       116.350586967,
       39.959924525
      ]
     ],
     [
      [
       116.349521965,
       39.959923057
      ],
      [
       116.349987068,
       39.959934672
      ],
      [
       116.35001925,
       39.959934853
      ],
      [
       116.350057178,
       39.959946323
      ],
      [
       116.350077488,
       39.959964449
      ],
      [
       116.35008319,
       39.959980242
      ],
      [
       116.350075718,
       39.960151317
      ],
      [
       116.350071087,
       39.960331414
      ],
      [
       116.349395351,
       39.960316366
      ],
      [
       116.349395543,
       39.960296103
      ],
      [
       116.349410809,
       39.959920182
      ],
      [
       116.349489782,
       39.959922877
      ],
      [
       116.349521965,
       39.959923057
      ]
     ],
     [
      [
       116.350294204,
       39.959943149
      ],
      [
       116.350812034,
       39.959948301
      ],
      [
       116.350876378,
       39.959950913
      ],
      [
       116.350870046,
       39.960311124
      ],
      [
       116.350866843,
       39.960340376
      ],
      [
       116.350193947,
       39.960334355
      ],
      [
       116.35019862,
       39.960149754
      ],
      [
       116.350203144,
       39.959980914
      ],
      [
       116.350223816,
       39.959960766
      ],
      [
       116.350247349,
       39.959947389
      ],
      [
       116.350279575,
       39.959943067
      ],
      [
       116.350294204,
       39.959943149
      ]
     ],
     [
      [
       116.349326849,
       39.961369702
      ],
      [
       116.349331396,
       39.961198611
      ],
      [
       116.35000129,
       39.961213626
      ],
      [
       116.34999384,
       39.96138245
      ],
      [
       116.349326849,
       39.961369702
      ]
     ],
     [
      [
       116.350855402,
       39.961240928
      ],
      [
       116.350851049,
       39.961391756
      ],
      [
       116.350172397,
       39.961374445
      ],
      [
       116.350179677,
       39.961223633
      ],
      [
       116.350855402,
       39.961240928
      ]
     ],
     [
      [
       116.349324695,
       39.961905556
      ],
      [
       116.349332574,
       39.961691704
      ],
      [
       116.349344277,
       39.96169177
      ],
      [
       116.349967363,
       39.961706523
      ],
      [
       116.350008324,
       39.961706753
      ],
      [
       116.349996818,
       39.961994885
      ],
      [
       116.349408839,
       39.961980329
      ],
      [
       116.349412469,
       39.961906049
      ],
      [
       116.349324695,
       39.961905556
      ]
     ],
     [
      [
       116.350125292,
       39.961714163
      ],
      [
       116.350877071,
       39.961734136
      ],
      [
       116.350865653,
       39.962013263
      ],
      [
       116.350113872,
       39.96199329
      ],
      [
       116.350125292,
       39.961714163
      ]
     ],
     [
      [
       116.352915044,
       39.960642276
      ],
      [
       116.352844826,
       39.960641884
      ],
      [
       116.352853521,
       39.960340226
      ],
      [
       116.352920813,
       39.960340602
      ],
      [
       116.352915044,
       39.960642276
      ]
     ],
     [
      [
       116.352911439,
       39.960714305
      ],
      [
       116.352903465,
       39.960939414
      ],
      [
       116.352619624,
       39.960942333
      ],
      [
       116.352593462,
       39.960924174
      ],
      [
       116.352579067,
       39.960899327
      ],
      [
       116.352583734,
       39.960714727
      ],
      [
       116.352911439,
       39.960714305
      ]
     ],
     [
      [
       116.352013142,
       39.961029006
      ],
      [
       116.352273535,
       39.961030461
      ],
      [
       116.352270354,
       39.961057462
      ],
      [
       116.352012951,
       39.961049268
      ],
      [
       116.352013142,
       39.961029006
      ]
     ],
     [
      [
       116.351471961,
       39.961016973
      ],
      [
       116.351802551,
       39.961021074
      ],
      [
       116.351802296,
       39.961048091
      ],
      [
       116.351594588,
       39.961044678
      ],
      [
       116.351580737,
       39.961272006
      ],
      [
       116.351460823,
       39.961266832
      ],
      [
       116.351471961,
       39.961016973
      ]
     ],
     [
      [
       116.351923499,
       39.96122664
      ],
      [
       116.351919553,
       39.961334692
      ],
      [
       116.351793766,
       39.961331737
      ],
      [
       116.351797733,
       39.961221434
      ],
      [
       116.351923499,
       39.96122664
      ]
     ],
     [
      [
       116.351252051,
       39.961375989
      ],
      [
       116.351247806,
       39.961515561
      ],
      [
       116.351121997,
       39.961514857
      ],
      [
       116.351126264,
       39.961373033
      ],
      [
       116.351252051,
       39.961375989
      ]
     ],
     [
      [
       116.35173838,
       39.961619624
      ],
      [
       116.351741965,
       39.961549847
      ],
      [
       116.351908713,
       39.961553031
      ],
      [
       116.351905129,
       39.961622808
      ],
      [
       116.35173838,
       39.961619624
      ]
     ],
     [
      [
       116.35132894,
       39.961599322
      ],
      [
       116.351551279,
       39.961602817
      ],
      [
       116.351548748,
       39.961870736
      ],
      [
       116.351317631,
       39.961867192
      ],
      [
       116.35132894,
       39.961599322
      ]
     ],
     [
      [
       116.351068832,
       39.961877057
      ],
      [
       116.351082898,
       39.961627215
      ],
      [
       116.351305194,
       39.961635213
      ],
      [
       116.351294076,
       39.96188282
      ],
      [
       116.351068832,
       39.961877057
      ]
     ],
     [
      [
       116.351560472,
       39.96186855
      ],
      [
       116.35156111,
       39.961801008
      ],
      [
       116.351847796,
       39.961807114
      ],
      [
       116.351847285,
       39.961861148
      ],
      [
       116.351814974,
       39.961874477
      ],
      [
       116.351560472,
       39.96186855
      ]
     ],
     [
      [
       116.352242225,
       39.961867859
      ],
      [
       116.352227469,
       39.961881285
      ],
      [
       116.351952487,
       39.961875245
      ],
      [
       116.351937943,
       39.961866158
      ],
      [
       116.351938495,
       39.961807621
      ],
      [
       116.352242735,
       39.961813825
      ],
      [
       116.352242225,
       39.961867859
      ]
     ],
     [
      [
       116.351008559,
       39.962372058
      ],
      [
       116.351008644,
       39.962363052
      ],
      [
       116.351029903,
       39.961971403
      ],
      [
       116.351193726,
       39.961974572
      ],
      [
       116.351185896,
       39.962183921
      ],
      [
       116.351178022,
       39.962397773
      ],
      [
       116.351049286,
       39.962397053
      ],
      [
       116.351034678,
       39.962394719
      ],
      [
       116.351023018,
       39.962390151
      ],
      [
       116.351014325,
       39.962381096
      ],
      [
       116.351008559,
       39.962372058
      ]
     ],
     [
      [
       116.354240539,
       39.956903104
      ],
      [
       116.354238481,
       39.956810779
      ],
      [
       116.354656861,
       39.956810857
      ],
      [
       116.354655993,
       39.956903166
      ],
      [
       116.354240539,
       39.956903104
      ]
     ],
     [
      [
       116.354357371,
       39.956924018
      ],
      [
       116.354439246,
       39.956928977
      ],
      [
       116.35450628,
       39.956956369
      ],
      [
       116.354587837,
       39.956995099
      ],
      [
       116.354619785,
       39.957020044
      ],
      [
       116.354601073,
       39.957454488
      ],
      [
       116.354593761,
       39.957609803
      ],
      [
       116.354569298,
       39.957722244
      ],
      [
       116.354527852,
       39.957773799
      ],
      [
       116.354466224,
       39.957793719
      ],
      [
       116.354372582,
       39.957795449
      ],
      [
       116.354276164,
       39.957781403
      ],
      [
       116.354226598,
       39.957763115
      ],
      [
       116.354162658,
       39.957717728
      ],
      [
       116.354139549,
       39.957686077
      ],
      [
       116.354154871,
       39.956990437
      ],
      [
       116.354201934,
       39.95696368
      ],
      [
       116.354263541,
       39.956946011
      ],
      [
       116.354357371,
       39.956924018
      ]
     ],
     [
      [
       116.353938428,
       39.958538291
      ],
      [
       116.353961622,
       39.958560935
      ],
      [
       116.353981868,
       39.958585815
      ],
      [
       116.353984688,
       39.958597089
      ],
      [
       116.353993253,
       39.958619652
      ],
      [
       116.353992978,
       39.95864892
      ],
      [
       116.353761914,
       39.958640878
      ],
      [
       116.353938428,
       39.958538291
      ]
     ],
     [
      [
       116.354282533,
       39.95865954
      ],
      [
       116.354054416,
       39.958649263
      ],
      [
       116.354057617,
       39.95862001
      ],
      [
       116.354069617,
       39.958588556
      ],
      [
       116.354093255,
       39.95856392
      ],
      [
       116.354119777,
       39.958543804
      ],
      [
       116.354282533,
       39.95865954
      ]
     ],
     [
      [
       116.35437498,
       39.959718278
      ],
      [
       116.353596933,
       39.959693679
      ],
      [
       116.353643785,
       39.958757299
      ],
      [
       116.354421843,
       39.958779647
      ],
      [
       116.35437498,
       39.959718278
      ]
     ],
     [
      [
       116.353636748,
       39.960436909
      ],
      [
       116.353689412,
       39.960437202
      ],
      [
       116.353742075,
       39.960437496
      ],
      [
       116.353748901,
       39.960333963
      ],
      [
       116.353980034,
       39.960335252
      ],
      [
       116.354193613,
       39.960336442
      ],
      [
       116.3541923,
       39.96047603
      ],
      [
       116.354309266,
       39.960483436
      ],
      [
       116.354329742,
       39.960172838
      ],
      [
       116.354695395,
       39.960181628
      ],
      [
       116.354674184,
       39.960881739
      ],
      [
       116.354451847,
       39.96087825
      ],
      [
       116.354299729,
       39.960875151
      ],
      [
       116.35430047,
       39.960796351
      ],
      [
       116.354168854,
       39.960791115
      ],
      [
       116.354159356,
       39.960867614
      ],
      [
       116.353945776,
       39.960866424
      ],
      [
       116.353726366,
       39.96086295
      ],
      [
       116.353727277,
       39.960766138
      ],
      [
       116.353665837,
       39.960765796
      ],
      [
       116.353610247,
       39.960765486
      ],
      [
       116.353606919,
       39.960808247
      ],
      [
       116.353314407,
       39.960799861
      ],
      [
       116.353305969,
       39.960763789
      ],
      [
       116.353262104,
       39.960761293
      ],
      [
       116.353230366,
       39.960713833
      ],
      [
       116.353213279,
       39.960664204
      ],
      [
       116.353207894,
       39.96061464
      ],
      [
       116.353208148,
       39.960587623
      ],
      [
       116.353208382,
       39.960562857
      ],
      [
       116.353220594,
       39.960508889
      ],
      [
       116.353238488,
       39.960472964
      ],
      [
       116.353265095,
       39.960443842
      ],
      [
       116.353317886,
       39.960430627
      ],
      [
       116.353321342,
       39.960374358
      ],
      [
       116.353634331,
       39.960382858
      ],
      [
       116.353636748,
       39.960436909
      ]
     ],
     [
      [
       116.354046974,
       39.961616751
      ],
      [
       116.353675484,
       39.961605674
      ],
      [
       116.352563919,
       39.961574704
      ],
      [
       116.352571278,
       39.961414886
      ],
      [
       116.352592464,
       39.961029991
      ],
      [
       116.353701094,
       39.961060944
      ],
      [
       116.353730352,
       39.961061107
      ],
      [
       116.354084285,
       39.961072086
      ],
      [
       116.354046974,
       39.961616751
      ]
     ],
     [
      [
       116.354569129,
       39.963652799
      ],
      [
       116.35248913,
       39.963609678
      ],
      [
       116.352501688,
       39.963208974
      ],
      [
       116.352940503,
       39.963218179
      ],
      [
       116.352941182,
       39.963146133
      ],
      [
       116.353339034,
       39.963155108
      ],
      [
       116.35339075,
       39.961703154
      ],
      [
       116.354189385,
       39.961718863
      ],
      [
       116.354176773,
       39.962126322
      ],
      [
       116.354621433,
       39.962135553
      ],
      [
       116.354569129,
       39.963652799
      ]
     ]
    ]
   }
  },
  {
   "type": "Feature",
   "id": "lu-osm-18849853",
   "properties": {
    "id": "lu-osm-18849853",
    "layer": "LAND_USE",
    "source_type": "osm",
    "confidence": "low",
    "geometry_role": "existing_condition",
    "land_use_code": "0804",
    "name_zh": "北京航空航天大学(学院路校区)",
    "area_sqm_declared": 280928.8,
    "source_id": "osm-landuse-polygons",
    "mapping_note": "OSM amenity:university 多边形映射到项目代码表"
   },
   "geometry": {
    "type": "Polygon",
    "coordinates": [
     [
      [
       116.347226428,
       39.980092919
      ],
      [
       116.34723004,
       39.98002089
      ],
      [
       116.347280853,
       39.978679263
      ],
      [
       116.347316373,
       39.978022016
      ],
      [
       116.345780421,
       39.977966074
      ],
      [
       116.344153557,
       39.977929862
      ],
      [
       116.344216478,
       39.97655228
      ],
      [
       116.344318881,
       39.976555111
      ],
      [
       116.344354514,
       39.975888859
      ],
      [
       116.344196489,
       39.975887965
      ],
      [
       116.342016696,
       39.975837336
      ],
      [
       116.341958233,
       39.975830249
      ],
      [
       116.341247575,
       39.975778931
      ],
      [
       116.339963153,
       39.975744606
      ],
      [
       116.339910571,
       39.976647171
      ],
      [
       116.339805242,
       39.976644319
      ],
      [
       116.339904642,
       39.978175927
      ],
      [
       116.340077848,
       39.980858487
      ],
      [
       116.34008368,
       39.980860772
      ],
      [
       116.340115634,
       39.980885721
      ],
      [
       116.34013289,
       39.980917341
      ],
      [
       116.340138527,
       39.980939888
      ],
      [
       116.340097533,
       39.980941906
      ],
      [
       116.340091875,
       39.98092161
      ],
      [
       116.340086195,
       39.980903565
      ],
      [
       116.340080407,
       39.980896778
      ],
      [
       116.340085307,
       39.980995873
      ],
      [
       116.340094173,
       39.980986918
      ],
      [
       116.340100395,
       39.980948677
      ],
      [
       116.34013844,
       39.980948894
      ],
      [
       116.340132197,
       39.980989386
      ],
      [
       116.340117261,
       39.981020822
      ],
      [
       116.34009361,
       39.981045454
      ],
      [
       116.340090662,
       39.981047689
      ],
      [
       116.340235867,
       39.983295543
      ],
      [
       116.340307117,
       39.984408204
      ],
      [
       116.340418291,
       39.98441334
      ],
      [
       116.340675801,
       39.984419308
      ],
      [
       116.341325411,
       39.984436511
      ],
      [
       116.341305861,
       39.98464354
      ],
      [
       116.340776204,
       39.984631523
      ],
      [
       116.34075689,
       39.984813787
      ],
      [
       116.340332487,
       39.984813624
      ],
      [
       116.340332466,
       39.984815875
      ],
      [
       116.341491336,
       39.984835974
      ],
      [
       116.341590652,
       39.984856802
      ],
      [
       116.341733956,
       39.984868874
      ],
      [
       116.341747608,
       39.984666314
      ],
      [
       116.34221873,
       39.984677994
      ],
      [
       116.342229691,
       39.984450652
      ],
      [
       116.342242715,
       39.984313383
      ],
      [
       116.342441712,
       39.984316763
      ],
      [
       116.342454421,
       39.983907057
      ],
      [
       116.342220347,
       39.983898974
      ],
      [
       116.342188479,
       39.984475185
      ],
      [
       116.341720177,
       39.984474778
      ],
      [
       116.341777246,
       39.983407877
      ],
      [
       116.3417777,
       39.983360597
      ],
      [
       116.341861809,
       39.981915592
      ],
      [
       116.341891768,
       39.981233549
      ],
      [
       116.341926865,
       39.981235999
      ],
      [
       116.342108294,
       39.981239281
      ],
      [
       116.342109611,
       39.981101945
      ],
      [
       116.342615807,
       39.981116075
      ],
      [
       116.343145416,
       39.981130335
      ],
      [
       116.343138205,
       39.98127214
      ],
      [
       116.343275756,
       39.98127292
      ],
      [
       116.343290389,
       39.981273003
      ],
      [
       116.343468956,
       39.981269511
      ],
      [
       116.343635795,
       39.981268205
      ],
      [
       116.343634567,
       39.981396535
      ],
      [
       116.343772096,
       39.981399565
      ],
      [
       116.343927186,
       39.981402695
      ],
      [
       116.343927466,
       39.981373426
      ],
      [
       116.344088409,
       39.981376589
      ],
      [
       116.344135235,
       39.981376854
      ],
      [
       116.344831642,
       39.981394301
      ],
      [
       116.344898976,
       39.98139243
      ],
      [
       116.344907087,
       39.981156065
      ],
      [
       116.344919135,
       39.980813901
      ],
      [
       116.345779405,
       39.98083452
      ],
      [
       116.345802011,
       39.980305538
      ],
      [
       116.345898588,
       39.980306083
      ],
      [
       116.346290685,
       39.98031505
      ],
      [
       116.34665059,
       39.980323833
      ],
      [
       116.346653774,
       39.980296833
      ],
      [
       116.346688893,
       39.980297031
      ],
      [
       116.347215613,
       39.980306753
      ],
      [
       116.347222837,
       39.980162696
      ],
      [
       116.347226428,
       39.980092919
      ]
     ],
     [
      [
       116.339922179,
       39.978178279
      ],
      [
       116.339986388,
       39.978196657
      ],
      [
       116.34007091,
       39.978233162
      ],
      [
       116.340134925,
       39.978271803
      ],
      [
       116.340181142,
       39.978335109
      ],
      [
       116.34021845,
       39.978411873
      ],
      [
       116.340241256,
       39.978475046
      ],
      [
       116.340168146,
       39.979381997
      ],
      [
       116.340123663,
       39.979442535
      ],
      [
       116.340020368,
       39.979532008
      ],
      [
       116.339993921,
       39.979543115
      ],
      [
       116.339904642,
       39.978175927
      ],
      [
       116.339922179,
       39.978178279
      ]
     ],
     [
      [
       116.340146796,
       39.981905842
      ],
      [
       116.34086378,
       39.981914424
      ],
      [
       116.341504413,
       39.981949587
      ],
      [
       116.341634686,
       39.982098928
      ],
      [
       116.341591817,
       39.98321094
      ],
      [
       116.341518628,
       39.983212776
      ],
      [
       116.341519427,
       39.983129474
      ],
      [
       116.341308748,
       39.983123774
      ],
      [
       116.341301317,
       39.983288093
      ],
      [
       116.341435924,
       39.98329111
      ],
      [
       116.341432629,
       39.983329367
      ],
      [
       116.340627959,
       39.98330678
      ],
      [
       116.340235867,
       39.983295543
      ],
      [
       116.340146796,
       39.981905842
      ]
     ],
     [
      [
       116.344046421,
       39.9768913
      ],
      [
       116.342094707,
       39.976857723
      ],
      [
       116.342121204,
       39.975925739
      ],
      [
       116.343148259,
       39.975942821
      ],
      [
       116.343144363,
       39.976044118
      ],
      [
       116.344068996,
       39.976060612
      ],
      [
       116.344046421,
       39.9768913
      ]
     ],
     [
      [
       116.340488333,
       39.978041906
      ],
      [
       116.340543936,
       39.978042223
      ],
      [
       116.341211022,
       39.978061777
      ],
      [
       116.341807851,
       39.97808318
      ],
      [
       116.34172988,
       39.97949895
      ],
      [
       116.341726197,
       39.979577733
      ],
      [
       116.341220035,
       39.979561348
      ],
      [
       116.341129333,
       39.979558581
      ],
      [
       116.341127841,
       39.979713928
      ],
      [
       116.340817713,
       39.979703159
      ],
      [
       116.340463687,
       39.979692139
      ],
      [
       116.340393472,
       39.979689488
      ],
      [
       116.340340794,
       39.979689188
      ],
      [
       116.340429825,
       39.978039322
      ],
      [
       116.340488333,
       39.978041906
      ]
     ],
     [
      [
       116.342158492,
       39.978751624
      ],
      [
       116.342685091,
       39.978772623
      ],
      [
       116.342640509,
       39.979454585
      ],
      [
       116.342257262,
       39.979438901
      ],
      [
       116.342110978,
       39.979433568
      ],
      [
       116.342158492,
       39.978751624
      ]
     ],
     [
      [
       116.340812061,
       39.97998682
      ],
      [
       116.340870549,
       39.979991655
      ],
      [
       116.340864312,
       39.980336104
      ],
      [
       116.340802876,
       39.980333503
      ],
      [
       116.340812061,
       39.97998682
      ]
     ],
     [
      [
       116.341157878,
       39.980243209
      ],
      [
       116.341154,
       39.980342254
      ],
      [
       116.340960868,
       39.980338905
      ],
      [
       116.34096182,
       39.980239843
      ],
      [
       116.341157878,
       39.980243209
      ]
     ],
     [
      [
       116.341516745,
       39.980360076
      ],
      [
       116.341508052,
       39.980351021
      ],
      [
       116.341478786,
       39.980350854
      ],
      [
       116.341469941,
       39.980357559
      ],
      [
       116.341440675,
       39.980357392
      ],
      [
       116.341429034,
       39.980350572
      ],
      [
       116.341402695,
       39.980350422
      ],
      [
       116.341390924,
       39.98035711
      ],
      [
       116.341303148,
       39.980354359
      ],
      [
       116.341304207,
       39.98024404
      ],
      [
       116.341629014,
       39.980250389
      ],
      [
       116.341630881,
       39.980360725
      ],
      [
       116.341516745,
       39.980360076
      ]
     ],
     [
      [
       116.340424417,
       39.980428166
      ],
      [
       116.340456609,
       39.980428349
      ],
      [
       116.34048891,
       39.980417275
      ],
      [
       116.340518414,
       39.980392676
      ],
      [
       116.34052741,
       39.980370212
      ],
      [
       116.340600574,
       39.980370629
      ],
      [
       116.34059663,
       39.980476428
      ],
      [
       116.340151833,
       39.980469394
      ],
      [
       116.340155756,
       39.980365846
      ],
      [
       116.340334256,
       39.980369113
      ],
      [
       116.340363197,
       39.980403051
      ],
      [
       116.340389363,
       39.980421212
      ],
      [
       116.340424417,
       39.980428166
      ]
     ],
     [
      [
       116.340860932,
       39.980383367
      ],
      [
       116.340857183,
       39.980468904
      ],
      [
       116.340690389,
       39.980465704
      ],
      [
       116.340694138,
       39.980380167
      ],
      [
       116.340860932,
       39.980383367
      ]
     ],
     [
      [
       116.340987041,
       39.980661022
      ],
      [
       116.340982297,
       39.980850124
      ],
      [
       116.34079209,
       39.980846791
      ],
      [
       116.340796293,
       39.980713974
      ],
      [
       116.340720223,
       39.98071129
      ],
      [
       116.340719899,
       39.980745061
      ],
      [
       116.340228274,
       39.980737761
      ],
      [
       116.340227343,
       39.980834572
      ],
      [
       116.340145398,
       39.980834105
      ],
      [
       116.340150101,
       39.980649506
      ],
      [
       116.340987041,
       39.980661022
      ]
     ],
     [
      [
       116.340265367,
       39.98083704
      ],
      [
       116.340265973,
       39.980774
      ],
      [
       116.340704941,
       39.980778749
      ],
      [
       116.340704335,
       39.980841789
      ],
      [
       116.340265367,
       39.98083704
      ]
     ],
     [
      [
       116.340165538,
       39.980870244
      ],
      [
       116.340984921,
       39.98088166
      ],
      [
       116.34098464,
       39.980910929
      ],
      [
       116.340165278,
       39.980897261
      ],
      [
       116.340165538,
       39.980870244
      ]
     ],
     [
      [
       116.343078203,
       39.97928595
      ],
      [
       116.342841196,
       39.979280103
      ],
      [
       116.342848408,
       39.979138298
      ],
      [
       116.342859323,
       39.978915458
      ],
      [
       116.343081695,
       39.978921221
      ],
      [
       116.343092156,
       39.978745661
      ],
      [
       116.343703646,
       39.978764886
      ],
      [
       116.343696092,
       39.978942714
      ],
      [
       116.343895052,
       39.978948343
      ],
      [
       116.343884292,
       39.979155423
      ],
      [
       116.343877017,
       39.979303983
      ],
      [
       116.343657592,
       39.979295987
      ],
      [
       116.343647175,
       39.979467044
      ],
      [
       116.343348732,
       39.979458599
      ],
      [
       116.343070776,
       39.979450269
      ],
      [
       116.343078203,
       39.97928595
      ]
     ],
     [
      [
       116.343800915,
       39.980834594
      ],
      [
       116.34389745,
       39.980839644
      ],
      [
       116.343883332,
       39.981091735
      ],
      [
       116.343687292,
       39.981086122
      ],
      [
       116.343701432,
       39.980831779
      ],
      [
       116.343800915,
       39.980834594
      ]
     ]
    ]
   }
  },
  {
   "type": "Feature",
   "id": "lu-osm-277989175",
   "properties": {
    "id": "lu-osm-277989175",
    "layer": "LAND_USE",
    "source_type": "osm",
    "confidence": "low",
    "geometry_role": "existing_condition",
    "land_use_code": "0804",
    "name_zh": "北京科技大学",
    "area_sqm_declared": 289390.0,
    "source_id": "osm-landuse-polygons",
    "mapping_note": "OSM amenity:university 多边形映射到项目代码表"
   },
   "geometry": {
    "type": "MultiPolygon",
    "coordinates": [
     [
      [
       [
        116.349958143,
        39.986155882
       ],
       [
        116.349905033,
        39.986200615
       ],
       [
        116.349891533,
        39.986389668
       ],
       [
        116.349718892,
        39.986384196
       ],
       [
        116.349743222,
        39.985979057
       ],
       [
        116.349796225,
        39.985945582
       ],
       [
        116.34960203,
        39.986052566
       ],
       [
        116.34784647,
        39.985986413
       ],
       [
        116.347693504,
        39.986066607
       ],
       [
        116.347624288,
        39.986881271
       ],
       [
        116.347574517,
        39.98749791
       ],
       [
        116.347572482,
        39.987711794
       ],
       [
        116.347462599,
        39.988800915
       ],
       [
        116.347354988,
        39.991803847
       ],
       [
        116.349096146,
        39.991860921
       ],
       [
        116.349102749,
        39.991782154
       ],
       [
        116.349199299,
        39.9917872
       ],
       [
        116.34920338,
        39.99166564
       ],
       [
        116.34980627,
        39.99167803
       ],
       [
        116.349792128,
        39.991934625
       ],
       [
        116.353409383,
        39.992020155
       ],
       [
        116.35329951,
        39.990013431
       ],
       [
        116.35313564,
        39.990008013
       ],
       [
        116.352316251,
        39.989985425
       ],
       [
        116.351818769,
        39.989971386
       ],
       [
        116.351833285,
        39.989674266
       ],
       [
        116.351847866,
        39.989370391
       ],
       [
        116.351885583,
        39.988476745
       ],
       [
        116.351911455,
        39.987907253
       ],
       [
        116.353462424,
        39.987947377
       ],
       [
        116.353614966,
        39.986047996
       ],
       [
        116.351961798,
        39.98598698
       ],
       [
        116.35026456,
        39.985943705
       ],
       [
        116.35025845,
        39.985970689
       ],
       [
        116.349963011,
        39.98595102
       ],
       [
        116.349958143,
        39.986155882
       ]
      ],
      [
       [
        116.349931826,
        39.986461943
       ],
       [
        116.349935051,
        39.986430439
       ],
       [
        116.350350557,
        39.986444027
       ],
       [
        116.350350429,
        39.986457535
       ],
       [
        116.350311259,
        39.987193566
       ],
       [
        116.350207901,
        39.987289802
       ],
       [
        116.350243228,
        39.986650566
       ],
       [
        116.350070608,
        39.986642843
       ],
       [
        116.350041318,
        39.986644931
       ],
       [
        116.350034482,
        39.986748463
       ],
       [
        116.349917451,
        39.986743303
       ],
       [
        116.349924756,
        39.98659024
       ],
       [
        116.349928237,
        39.98653172
       ],
       [
        116.34992828,
        39.986527217
       ],
       [
        116.349931826,
        39.986461943
       ]
      ],
      [
       [
        116.349975284,
        39.986817928
       ],
       [
        116.349963473,
        39.987137579
       ],
       [
        116.349866908,
        39.987134786
       ],
       [
        116.349878719,
        39.986815135
       ],
       [
        116.349975284,
        39.986817928
       ]
      ],
      [
       [
        116.349609307,
        39.988371682
       ],
       [
        116.349594717,
        39.988675556
       ],
       [
        116.349425018,
        39.988667849
       ],
       [
        116.349258247,
        39.988660158
       ],
       [
        116.349088912,
        39.988614177
       ],
       [
        116.348989289,
        39.988624875
       ],
       [
        116.348936348,
        39.988651596
       ],
       [
        116.348795876,
        39.988648555
       ],
       [
        116.348820982,
        39.988162366
       ],
       [
        116.349309713,
        39.988171866
       ],
       [
        116.349302022,
        39.988365454
       ],
       [
        116.349609307,
        39.988371682
       ]
      ],
      [
       [
        116.347598438,
        39.988675594
       ],
       [
        116.34749309,
        39.98867275
       ],
       [
        116.347501128,
        39.988443139
       ],
       [
        116.347602564,
        39.988549532
       ],
       [
        116.347598438,
        39.988675594
       ]
      ],
      [
       [
        116.347909629,
        39.988886738
       ],
       [
        116.347907323,
        39.98882143
       ],
       [
        116.34791681,
        39.988747183
       ],
       [
        116.34831184,
        39.988760663
       ],
       [
        116.348301733,
        39.988900201
       ],
       [
        116.347909629,
        39.988886738
       ]
      ],
      [
       [
        116.348667452,
        39.988918017
       ],
       [
        116.348515272,
        39.98891491
       ],
       [
        116.348519632,
        39.988764082
       ],
       [
        116.348671812,
        39.988767189
       ],
       [
        116.348667452,
        39.988918017
       ]
      ],
      [
       [
        116.347459557,
        39.989120615
       ],
       [
        116.347470416,
        39.988902278
       ],
       [
        116.347602086,
        39.988907522
       ],
       [
        116.347598195,
        39.989008819
       ],
       [
        116.347459557,
        39.989120615
       ]
      ],
      [
       [
        116.350224717,
        39.988913249
       ],
       [
        116.350242193,
        39.988922353
       ],
       [
        116.350274496,
        39.988911276
       ],
       [
        116.350429561,
        39.9889189
       ],
       [
        116.35041837,
        39.98917326
       ],
       [
        116.350307167,
        39.989170385
       ],
       [
        116.350306441,
        39.989246933
       ],
       [
        116.350174749,
        39.989243943
       ],
       [
        116.350171054,
        39.989324977
       ],
       [
        116.350062757,
        39.98932437
       ],
       [
        116.350078391,
        39.988910177
       ],
       [
        116.350224717,
        39.988913249
       ]
      ],
      [
       [
        116.349357037,
        39.989045724
       ],
       [
        116.349576558,
        39.989046956
       ],
       [
        116.349568655,
        39.989263059
       ],
       [
        116.349343321,
        39.989257291
       ],
       [
        116.349240899,
        39.989254464
       ],
       [
        116.349233336,
        39.989434544
       ],
       [
        116.348768076,
        39.989418422
       ],
       [
        116.348783375,
        39.989040251
       ],
       [
        116.348909213,
        39.989043209
       ],
       [
        116.348946857,
        39.9890862
       ],
       [
        116.348984758,
        39.989102174
       ],
       [
        116.349075515,
        39.989100432
       ],
       [
        116.349131405,
        39.989071476
       ],
       [
        116.349260426,
        39.989047433
       ],
       [
        116.349357037,
        39.989045724
       ]
      ],
      [
       [
        116.350836768,
        39.987027645
       ],
       [
        116.350833245,
        39.987090669
       ],
       [
        116.350549381,
        39.987084575
       ],
       [
        116.35056072,
        39.986814455
       ],
       [
        116.350870924,
        39.986820696
       ],
       [
        116.350866506,
        39.986978278
       ],
       [
        116.350837237,
        39.986978114
       ],
       [
        116.350836768,
        39.987027645
       ]
      ],
      [
       [
        116.35284068,
        39.986833963
       ],
       [
        116.352844213,
        39.98739011
       ],
       [
        116.352367152,
        39.987385194
       ],
       [
        116.352317778,
        39.98734439
       ],
       [
        116.352316368,
        39.986873813
       ],
       [
        116.352378343,
        39.986820122
       ],
       [
        116.35284068,
        39.986833963
       ]
      ],
      [
       [
        116.350485204,
        39.98829779
       ],
       [
        116.35043003,
        39.988869369
       ],
       [
        116.350292442,
        39.988870849
       ],
       [
        116.350263322,
        39.988854925
       ],
       [
        116.35022525,
        39.988856963
       ],
       [
        116.350195853,
        39.988870308
       ],
       [
        116.350078796,
        39.9888674
       ],
       [
        116.350101841,
        39.988288886
       ],
       [
        116.350485204,
        39.98829779
       ]
      ]
     ],
     [
      [
       [
        116.353109429,
        39.989683647
       ],
       [
        116.352851897,
        39.989677706
       ],
       [
        116.352906854,
        39.988196507
       ],
       [
        116.352707866,
        39.988190893
       ],
       [
        116.352693268,
        39.988497019
       ],
       [
        116.352745889,
        39.988504068
       ],
       [
        116.352696496,
        39.989395397
       ],
       [
        116.352678907,
        39.989708262
       ],
       [
        116.353150046,
        39.98972215
       ],
       [
        116.353146439,
        39.989794178
       ],
       [
        116.353316162,
        39.989799629
       ],
       [
        116.353316332,
        39.989781617
       ],
       [
        116.353292916,
        39.989781487
       ],
       [
        116.353109429,
        39.989683647
       ]
      ]
     ]
    ]
   }
  },
  {
   "type": "Feature",
   "id": "lu-residual-001",
   "properties": {
    "id": "lu-residual-001",
    "layer": "LAND_USE",
    "source_type": "agent_inferred_from_public_data",
    "confidence": "unknown",
    "geometry_role": "existing_condition",
    "land_use_code": "16",
    "name_zh": "现状未标注地块（留白用地）",
    "area_sqm_declared": 5292259.1,
    "mapping_note": "该范围内 OSM 无用地标注，本方案不推测其用途，按 16 留白用地记录；正式编制须以官方地籍与控规条件替换"
   },
   "geometry": {
    "type": "Polygon",
    "coordinates": [
     [
      [
       116.339910571,
       39.976647171
      ],
      [
       116.339963153,
       39.975744606
      ],
      [
       116.341247575,
       39.975778931
      ],
      [
       116.341958233,
       39.975830249
      ],
      [
       116.342016696,
       39.975837336
      ],
      [
       116.344196489,
       39.975887965
      ],
      [
       116.344354514,
       39.975888859
      ],
      [
       116.344389092,
       39.975332926
      ],
      [
       116.346530914,
       39.97537429
      ],
      [
       116.346532961,
       39.975466615
      ],
      [
       116.347056803,
       39.975467315
      ],
      [
       116.347055753,
       39.975577635
      ],
      [
       116.347233641,
       39.975643931
      ],
      [
       116.347364022,
       39.975782009
      ],
      [
       116.347432092,
       39.976009797
      ],
      [
       116.347464961,
       39.976246393
      ],
      [
       116.347472112,
       39.97641755
      ],
      [
       116.347458565,
       39.976611105
      ],
      [
       116.347408515,
       39.977565473
      ],
      [
       116.347398151,
       39.977732028
      ],
      [
       116.347327915,
       39.977731633
      ],
      [
       116.347316373,
       39.978022016
      ],
      [
       116.347280853,
       39.978679263
      ],
      [
       116.34723004,
       39.98002089
      ],
      [
       116.347226428,
       39.980092919
      ],
      [
       116.347222837,
       39.980162696
      ],
      [
       116.347215613,
       39.980306753
      ],
      [
       116.347065682,
       39.98283663
      ],
      [
       116.347026759,
       39.983543391
      ],
      [
       116.346957496,
       39.984977225
      ],
      [
       116.346769261,
       39.985072981
      ],
      [
       116.345048721,
       39.985020492
      ],
      [
       116.344586419,
       39.98500437
      ],
      [
       116.344573744,
       39.985105617
      ],
      [
       116.343268786,
       39.985057703
      ],
      [
       116.34327589,
       39.984927154
      ],
      [
       116.341733956,
       39.984868874
      ],
      [
       116.341590652,
       39.984856802
      ],
      [
       116.341491336,
       39.984835974
      ],
      [
       116.340335394,
       39.984815926
      ],
      [
       116.340388627,
       39.985671776
      ],
      [
       116.340666586,
       39.985682363
      ],
      [
       116.34183111,
       39.985725006
      ],
      [
       116.342284635,
       39.98574109
      ],
      [
       116.34226469,
       39.986294853
      ],
      [
       116.341313599,
       39.986275943
      ],
      [
       116.341305642,
       39.98710446
      ],
      [
       116.340480352,
       39.987090761
      ],
      [
       116.340513681,
       39.987581784
      ],
      [
       116.340689273,
       39.987585034
      ],
      [
       116.3421672,
       39.987609193
      ],
      [
       116.342246269,
       39.987605138
      ],
      [
       116.346790851,
       39.987723152
      ],
      [
       116.346627584,
       39.991648897
      ],
      [
       116.346415462,
       39.991791798
      ],
      [
       116.34460705,
       39.99172755
      ],
      [
       116.342131034,
       39.991684252
      ],
      [
       116.341033689,
       39.991646497
      ],
      [
       116.340773267,
       39.99163601
      ],
      [
       116.340793567,
       39.991960345
      ],
      [
       116.346517425,
       39.992150366
      ],
      [
       116.346541082,
       39.995196815
      ],
      [
       116.346505767,
       39.996137753
      ],
      [
       116.346485594,
       39.996718533
      ],
      [
       116.34531791,
       39.996680422
      ],
      [
       116.345242485,
       39.998447443
      ],
      [
       116.344493277,
       39.998422944
      ],
      [
       116.344415659,
       39.998580112
      ],
      [
       116.344359994,
       39.999196714
      ],
      [
       116.3425747,
       39.999143822
      ],
      [
       116.342561133,
       39.999337376
      ],
      [
       116.341267465,
       39.999305264
      ],
      [
       116.341313322,
       40.000017006
      ],
      [
       116.34131625,
       40.000017022
      ],
      [
       116.341330887,
       40.000017106
      ],
      [
       116.341371849,
       40.00001959
      ],
      [
       116.341433303,
       40.000022191
      ],
      [
       116.341474193,
       39.999727473
      ],
      [
       116.342091573,
       39.999762501
      ],
      [
       116.342618247,
       39.999792508
      ],
      [
       116.34256354,
       40.000917959
      ],
      [
       116.342577378,
       40.001001344
      ],
      [
       116.342743873,
       40.001956934
      ],
      [
       116.342762854,
       40.002114649
      ],
      [
       116.342814397,
       40.002540479
      ],
      [
       116.34281359,
       40.002929987
      ],
      [
       116.342787074,
       40.003558012
      ],
      [
       116.342692988,
       40.006347114
      ],
      [
       116.341715378,
       40.006316798
      ],
      [
       116.341722626,
       40.006476697
      ],
      [
       116.341725553,
       40.006476714
      ],
      [
       116.341728481,
       40.006476731
      ],
      [
       116.341883649,
       40.006477612
      ],
      [
       116.341878417,
       40.00702245
      ],
      [
       116.341880826,
       40.0070765
      ],
      [
       116.341875637,
       40.007616836
      ],
      [
       116.341878327,
       40.007641618
      ],
      [
       116.341880671,
       40.007702422
      ],
      [
       116.341878842,
       40.008197746
      ],
      [
       116.341875482,
       40.008242758
      ],
      [
       116.341878699,
       40.008517462
      ],
      [
       116.343055517,
       40.008539899
      ],
      [
       116.343037827,
       40.00916347
      ],
      [
       116.342994657,
       40.009390629
      ],
      [
       116.342996164,
       40.011065768
      ],
      [
       116.342047204,
       40.011094157
      ],
      [
       116.341947677,
       40.01109134
      ],
      [
       116.341950324,
       40.011120625
      ],
      [
       116.34195323,
       40.011122893
      ],
      [
       116.343045615,
       40.011099821
      ],
      [
       116.345742355,
       40.011099317
      ],
      [
       116.34570047,
       40.011806057
      ],
      [
       116.345640264,
       40.012591498
      ],
      [
       116.345581683,
       40.012593418
      ],
      [
       116.345574085,
       40.012775748
      ],
      [
       116.345623861,
       40.01277603
      ],
      [
       116.345553342,
       40.013721269
      ],
      [
       116.34207255,
       40.013638517
      ],
      [
       116.342087048,
       40.013958315
      ],
      [
       116.343512754,
       40.013991167
      ],
      [
       116.343345572,
       40.015242064
      ],
      [
       116.342148359,
       40.015196998
      ],
      [
       116.342160405,
       40.015467249
      ],
      [
       116.343135455,
       40.01547278
      ],
      [
       116.34336199,
       40.015667694
      ],
      [
       116.343331983,
       40.016354237
      ],
      [
       116.342204659,
       40.016347843
      ],
      [
       116.342273245,
       40.017744173
      ],
      [
       116.342341401,
       40.019185531
      ],
      [
       116.342285616,
       40.017980653
      ],
      [
       116.343899564,
       40.017935765
      ],
      [
       116.344045973,
       40.017936594
      ],
      [
       116.344081443,
       40.019125596
      ],
      [
       116.343965861,
       40.019269038
      ],
      [
       116.342346479,
       40.019266614
      ],
      [
       116.342353989,
       40.019399496
      ],
      [
       116.344283919,
       40.019387917
      ],
      [
       116.344345841,
       40.019649444
      ],
      [
       116.344331607,
       40.019912791
      ],
      [
       116.344288951,
       40.020085916
      ],
      [
       116.344205257,
       40.020263312
      ],
      [
       116.344103453,
       40.020496894
      ],
      [
       116.343885267,
       40.020957219
      ],
      [
       116.343213007,
       40.020822823
      ],
      [
       116.342585409,
       40.020612125
      ],
      [
       116.342405129,
       40.020478262
      ],
      [
       116.342461674,
       40.021604341
      ],
      [
       116.342483621,
       40.022063775
      ],
      [
       116.343610996,
       40.022074669
      ],
      [
       116.34364962,
       40.022322555
      ],
      [
       116.343706678,
       40.022480484
      ],
      [
       116.343850681,
       40.022733469
      ],
      [
       116.344024121,
       40.02297086
      ],
      [
       116.344099889,
       40.023315771
      ],
      [
       116.344103611,
       40.023538692
      ],
      [
       116.343995988,
       40.023767737
      ],
      [
       116.34419477,
       40.024417298
      ],
      [
       116.344163136,
       40.024662534
      ],
      [
       116.344012425,
       40.024803527
      ],
      [
       116.343391674,
       40.024791005
      ],
      [
       116.342701266,
       40.024712791
      ],
      [
       116.342610613,
       40.024698767
      ],
      [
       116.34266215,
       40.025737008
      ],
      [
       116.342698753,
       40.026500479
      ],
      [
       116.355301005,
       40.02649923
      ],
      [
       116.355288419,
       40.026280763
      ],
      [
       116.35515379,
       40.026271007
      ],
      [
       116.355080598,
       40.026268349
      ],
      [
       116.354998938,
       40.02623187
      ],
      [
       116.355008253,
       40.026175634
      ],
      [
       116.355029283,
       40.026119463
      ],
      [
       116.355073826,
       40.026054417
      ],
      [
       116.355156419,
       40.025991834
      ],
      [
       116.355261804,
       40.025996924
      ],
      [
       116.355273412,
       40.026008246
      ],
      [
       116.355243462,
       40.025456458
      ],
      [
       116.355133305,
       40.023470009
      ],
      [
       116.355092328,
       40.023467529
      ],
      [
       116.35471212,
       40.023413628
      ],
      [
       116.354586622,
       40.023367898
      ],
      [
       116.354299425,
       40.023078104
      ],
      [
       116.354208072,
       40.022827677
      ],
      [
       116.354199627,
       40.022480897
      ],
      [
       116.354274302,
       40.022325958
      ],
      [
       116.354405951,
       40.022340201
      ],
      [
       116.354493293,
       40.022394724
      ],
      [
       116.354620106,
       40.022611576
      ],
      [
       116.354871142,
       40.022698531
      ],
      [
       116.354877889,
       40.022604005
      ],
      [
       116.354951523,
       40.022559385
      ],
      [
       116.355085996,
       40.0225849
      ],
      [
       116.355008338,
       40.021190779
      ],
      [
       116.354669055,
       40.021146111
      ],
      [
       116.352757049,
       40.021115184
      ],
      [
       116.351931687,
       40.021065541
      ],
      [
       116.351569299,
       40.020986962
      ],
      [
       116.351163308,
       40.020874365
      ],
      [
       116.350648006,
       40.020554015
      ],
      [
       116.350193004,
       40.020051628
      ],
      [
       116.350663129,
       40.019885399
      ],
      [
       116.350269694,
       40.019993518
      ],
      [
       116.350111373,
       40.019704436
      ],
      [
       116.350083819,
       40.019213451
      ],
      [
       116.350894557,
       40.01802244
      ],
      [
       116.351299742,
       40.018218339
      ],
      [
       116.351053097,
       40.018597465
      ],
      [
       116.351250852,
       40.018742669
      ],
      [
       116.350746678,
       40.019721507
      ],
      [
       116.3505075,
       40.0196211
      ],
      [
       116.350677813,
       40.019880979
      ],
      [
       116.350974592,
       40.019774568
      ],
      [
       116.351062754,
       40.019432832
      ],
      [
       116.351827952,
       40.020267924
      ],
      [
       116.352765132,
       40.020259653
      ],
      [
       116.354955896,
       40.020229089
      ],
      [
       116.354791002,
       40.017215641
      ],
      [
       116.353957489,
       40.018345762
      ],
      [
       116.353513102,
       40.018268984
      ],
      [
       116.353384788,
       40.018522689
      ],
      [
       116.35304537,
       40.018493777
      ],
      [
       116.353083102,
       40.018219302
      ],
      [
       116.352887232,
       40.018184436
      ],
      [
       116.352978189,
       40.017545513
      ],
      [
       116.353355413,
       40.017601655
      ],
      [
       116.353496327,
       40.017564165
      ],
      [
       116.35360771,
       40.01693211
      ],
      [
       116.353672023,
       40.016943726
      ],
      [
       116.353739079,
       40.016354203
      ],
      [
       116.354746141,
       40.01638233
      ],
      [
       116.354481133,
       40.011564854
      ],
      [
       116.354236609,
       40.012034059
      ],
      [
       116.354024522,
       40.012789388
      ],
      [
       116.353591664,
       40.013356609
      ],
      [
       116.353510881,
       40.013360593
      ],
      [
       116.353468115,
       40.013416711
      ],
      [
       116.353128404,
       40.01342157
      ],
      [
       116.353075449,
       40.013387538
      ],
      [
       116.352592601,
       40.013416326
      ],
      [
       116.352239392,
       40.013358151
      ],
      [
       116.352199952,
       40.013445653
      ],
      [
       116.350088377,
       40.013794073
      ],
      [
       116.350214471,
       40.013466058
      ],
      [
       116.350359608,
       40.013291254
      ],
      [
       116.350354648,
       40.013196662
      ],
      [
       116.350396558,
       40.013100082
      ],
      [
       116.350446953,
       40.01303507
      ],
      [
       116.350496899,
       40.013017338
      ],
      [
       116.350719719,
       40.012678607
      ],
      [
       116.352576666,
       40.012623702
      ],
      [
       116.352525805,
       40.012738245
      ],
      [
       116.352866045,
       40.012677103
      ],
      [
       116.35394259,
       40.01092017
      ],
      [
       116.35444379,
       40.010866675
      ],
      [
       116.354416355,
       40.01035993
      ],
      [
       116.354125774,
       40.010745572
      ],
      [
       116.351852875,
       40.010514485
      ],
      [
       116.351569362,
       40.010461114
      ],
      [
       116.352824831,
       40.008049999
      ],
      [
       116.354308913,
       40.008400508
      ],
      [
       116.354306113,
       40.008386983
      ],
      [
       116.354231306,
       40.007004132
      ],
      [
       116.353459916,
       40.006837722
      ],
      [
       116.353507757,
       40.006732167
      ],
      [
       116.354223901,
       40.006857742
      ],
      [
       116.354221165,
       40.006837463
      ],
      [
       116.353499165,
       40.006711855
      ],
      [
       116.353750571,
       40.006132365
      ],
      [
       116.354088761,
       40.005663682
      ],
      [
       116.354153785,
       40.00559875
      ],
      [
       116.354091436,
       40.004447875
      ],
      [
       116.354023443,
       40.004517293
      ],
      [
       116.353357741,
       40.005254331
      ],
      [
       116.352872292,
       40.005814502
      ],
      [
       116.352247361,
       40.006572026
      ],
      [
       116.346626293,
       40.006220755
      ],
      [
       116.346854632,
       40.002844759
      ],
      [
       116.346861559,
       40.002732222
      ],
      [
       116.346767921,
       40.002727191
      ],
      [
       116.346778098,
       40.0025809
      ],
      [
       116.34679204,
       40.00234682
      ],
      [
       116.346914953,
       40.002352015
      ],
      [
       116.346964893,
       40.001719619
      ],
      [
       116.347029813,
       40.001051282
      ],
      [
       116.348382238,
       40.001065649
      ],
      [
       116.348407212,
       39.999978303
      ],
      [
       116.349847225,
       40.00001566
      ],
      [
       116.352033585,
       40.000072935
      ],
      [
       116.352177008,
       40.000075988
      ],
      [
       116.352346756,
       40.00008144
      ],
      [
       116.35295844,
       40.000100617
      ],
      [
       116.353854148,
       40.00011462
      ],
      [
       116.353731823,
       39.997873671
      ],
      [
       116.352523068,
       39.997842158
      ],
      [
       116.35246545,
       39.998053479
      ],
      [
       116.352084874,
       39.998053604
      ],
      [
       116.352058753,
       39.998339401
      ],
      [
       116.348195442,
       39.998234432
      ],
      [
       116.348239068,
       39.997340822
      ],
      [
       116.347498223,
       39.99736142
      ],
      [
       116.347508655,
       39.997188112
      ],
      [
       116.347389279,
       39.997119894
      ],
      [
       116.347143343,
       39.997123012
      ],
      [
       116.347163522,
       39.996848439
      ],
      [
       116.347180281,
       39.996625633
      ],
      [
       116.34824254,
       39.996667636
      ],
      [
       116.348255769,
       39.996507852
      ],
      [
       116.34838771,
       39.996486078
      ],
      [
       116.348359717,
       39.996659288
      ],
      [
       116.349308284,
       39.996651109
      ],
      [
       116.349286425,
       39.996486625
      ],
      [
       116.350193922,
       39.996487213
      ],
      [
       116.351391271,
       39.996793373
      ],
      [
       116.35143798,
       39.996807144
      ],
      [
       116.352167066,
       39.996790957
      ],
      [
       116.353359109,
       39.996730069
      ],
      [
       116.353669337,
       39.996738554
      ],
      [
       116.353581806,
       39.995155243
      ],
      [
       116.353508668,
       39.995150332
      ],
      [
       116.353551944,
       39.994596698
      ],
      [
       116.353409383,
       39.992020155
      ],
      [
       116.349792128,
       39.991934625
      ],
      [
       116.34980627,
       39.99167803
      ],
      [
       116.34920338,
       39.99166564
      ],
      [
       116.349199299,
       39.9917872
      ],
      [
       116.349102749,
       39.991782154
      ],
      [
       116.349096146,
       39.991860921
      ],
      [
       116.347354988,
       39.991803847
      ],
      [
       116.347462599,
       39.988800915
      ],
      [
       116.347572482,
       39.987711794
      ],
      [
       116.347574517,
       39.98749791
      ],
      [
       116.347624288,
       39.986881271
      ],
      [
       116.347693504,
       39.986066607
      ],
      [
       116.34784647,
       39.985986413
      ],
      [
       116.34960203,
       39.986052566
      ],
      [
       116.349796225,
       39.985945582
      ],
      [
       116.349963011,
       39.98595102
      ],
      [
       116.35025845,
       39.985970689
      ],
      [
       116.35026456,
       39.985943705
      ],
      [
       116.351961798,
       39.98598698
      ],
      [
       116.353614966,
       39.986047996
      ],
      [
       116.353671385,
       39.98534133
      ],
      [
       116.351830897,
       39.985281519
      ],
      [
       116.349984602,
       39.985217143
      ],
      [
       116.348474741,
       39.985170389
      ],
      [
       116.348494743,
       39.984605368
      ],
      [
       116.347819906,
       39.983239397
      ],
      [
       116.347838585,
       39.982813963
      ],
      [
       116.347927125,
       39.980889402
      ],
      [
       116.34972372,
       39.980935519
      ],
      [
       116.349757937,
       39.980413356
      ],
      [
       116.349874958,
       39.980418516
      ],
      [
       116.349884655,
       39.980321754
      ],
      [
       116.350864847,
       39.980349763
      ],
      [
       116.352032257,
       39.980387816
      ],
      [
       116.352079061,
       39.98039033
      ],
      [
       116.352160963,
       39.98039529
      ],
      [
       116.352210693,
       39.98039782
      ],
      [
       116.35265844,
       39.980402573
      ],
      [
       116.353185183,
       39.980410017
      ],
      [
       116.354066023,
       39.980421683
      ],
      [
       116.354258526,
       39.97800461
      ],
      [
       116.353766898,
       39.977999618
      ],
      [
       116.353783821,
       39.977135124
      ],
      [
       116.354328119,
       39.977140409
      ],
      [
       116.354331491,
       39.977093145
      ],
      [
       116.354191042,
       39.977090111
      ],
      [
       116.354212387,
       39.975444359
      ],
      [
       116.354464034,
       39.975448012
      ],
      [
       116.354490644,
       39.975108179
      ],
      [
       116.35134489,
       39.975081612
      ],
      [
       116.349752994,
       39.975068189
      ],
      [
       116.34932598,
       39.975041026
      ],
      [
       116.349220674,
       39.975035932
      ],
      [
       116.348696878,
       39.975030739
      ],
      [
       116.348706193,
       39.974666042
      ],
      [
       116.348375409,
       39.974675441
      ],
      [
       116.348403017,
       39.973617375
      ],
      [
       116.354609864,
       39.973634088
      ],
      [
       116.354642981,
       39.973224493
      ],
      [
       116.353814759,
       39.973228885
      ],
      [
       116.353796862,
       39.97326481
      ],
      [
       116.353319941,
       39.973255395
      ],
      [
       116.353320387,
       39.973208116
      ],
      [
       116.353276492,
       39.973207871
      ],
      [
       116.353212114,
       39.973207511
      ],
      [
       116.353208995,
       39.97353847
      ],
      [
       116.350706885,
       39.97353799
      ],
      [
       116.350769138,
       39.969742251
      ],
      [
       116.350810689,
       39.966896541
      ],
      [
       116.352689125,
       39.9669138
      ],
      [
       116.352691269,
       39.966686407
      ],
      [
       116.353086258,
       39.966690864
      ],
      [
       116.353800203,
       39.966694846
      ],
      [
       116.354683983,
       39.96668626
      ],
      [
       116.354679046,
       39.966900129
      ],
      [
       116.354637871,
       39.968478227
      ],
      [
       116.354734389,
       39.968483267
      ],
      [
       116.354825748,
       39.969348366
      ],
      [
       116.354817059,
       39.969650023
      ],
      [
       116.354108788,
       39.96966184
      ],
      [
       116.354099765,
       39.97155308
      ],
      [
       116.354234329,
       39.971558332
      ],
      [
       116.35476991,
       39.971552309
      ],
      [
       116.354769148,
       39.971633356
      ],
      [
       116.354789034,
       39.971385801
      ],
      [
       116.354750993,
       39.97138559
      ],
      [
       116.354753957,
       39.971070391
      ],
      [
       116.354815428,
       39.971068482
      ],
      [
       116.354994689,
       39.968808937
      ],
      [
       116.355004477,
       39.968390206
      ],
      [
       116.354858237,
       39.968382637
      ],
      [
       116.354892687,
       39.966896815
      ],
      [
       116.355147251,
       39.966898231
      ],
      [
       116.355150303,
       39.966884739
      ],
      [
       116.355018633,
       39.966884006
      ],
      [
       116.354903201,
       39.966712247
      ],
      [
       116.355163636,
       39.966711445
      ],
      [
       116.355299676,
       39.965001032
      ],
      [
       116.355300534,
       39.963663623
      ],
      [
       116.354996306,
       39.963655176
      ],
      [
       116.355120774,
       39.961307514
      ],
      [
       116.355141691,
       39.960949635
      ],
      [
       116.355180719,
       39.958975252
      ],
      [
       116.355213978,
       39.957926219
      ],
      [
       116.355300172,
       39.95684821
      ],
      [
       116.355301352,
       39.948621079
      ],
      [
       116.354336952,
       39.948205931
      ],
      [
       116.354733649,
       39.947706045
      ],
      [
       116.355123807,
       39.947901849
      ],
      [
       116.355301453,
       39.947675431
      ],
      [
       116.355301321,
       39.945196479
      ],
      [
       116.354462957,
       39.946004621
      ],
      [
       116.353611831,
       39.945990873
      ],
      [
       116.353561849,
       39.9457069
      ],
      [
       116.353191231,
       39.944991092
      ],
      [
       116.353167047,
       39.944763551
      ],
      [
       116.353232163,
       39.944061432
      ],
      [
       116.354930159,
       39.944536963
      ],
      [
       116.355300521,
       39.944658355
      ],
      [
       116.355301029,
       39.94460432
      ],
      [
       116.353290812,
       39.944045999
      ],
      [
       116.3512723,
       39.943440313
      ],
      [
       116.350993233,
       39.943564838
      ],
      [
       116.350734713,
       39.943991184
      ],
      [
       116.35078976,
       39.946213768
      ],
      [
       116.351386826,
       39.946181085
      ],
      [
       116.353450229,
       39.946066524
      ],
      [
       116.354250676,
       39.946181311
      ],
      [
       116.354082779,
       39.946304211
      ],
      [
       116.353873696,
       39.946451648
      ],
      [
       116.353437405,
       39.946496498
      ],
      [
       116.350850218,
       39.946626139
      ],
      [
       116.350654915,
       39.946552996
      ],
      [
       116.35048816,
       39.946554313
      ],
      [
       116.35049998,
       39.946232409
      ],
      [
       116.35053871,
       39.946158325
      ],
      [
       116.350547809,
       39.945505428
      ],
      [
       116.35047948,
       39.945306909
      ],
      [
       116.350476091,
       39.944737249
      ],
      [
       116.35049297,
       39.943571043
      ],
      [
       116.350470996,
       39.943420066
      ],
      [
       116.350477357,
       39.943366065
      ],
      [
       116.35058686,
       39.943231585
      ],
      [
       116.350678514,
       39.943128527
      ],
      [
       116.350836932,
       39.943079881
      ],
      [
       116.351027078,
       39.943078694
      ],
      [
       116.352672702,
       39.94352019
      ],
      [
       116.352727386,
       39.943615061
      ],
      [
       116.353675962,
       39.943838753
      ],
      [
       116.35392724,
       39.943869423
      ],
      [
       116.355298665,
       39.944232802
      ],
      [
       116.355301494,
       39.944554789
      ],
      [
       116.355300655,
       39.94339749
      ],
      [
       116.355300974,
       39.939000219
      ],
      [
       116.341182119,
       39.938999653
      ],
      [
       116.341182075,
       39.939004156
      ],
      [
       116.341139938,
       39.939737921
      ],
      [
       116.341681143,
       39.939729738
      ],
      [
       116.341691002,
       39.940837555
      ],
      [
       116.34097709,
       39.940858266
      ],
      [
       116.340649956,
       39.940809123
      ],
      [
       116.340623481,
       39.941738861
      ],
      [
       116.340851583,
       39.941744661
      ],
      [
       116.340882698,
       39.941855164
      ],
      [
       116.340987974,
       39.941858014
      ],
      [
       116.341771987,
       39.941848959
      ],
      [
       116.343137635,
       39.941582015
      ],
      [
       116.343345821,
       39.941529158
      ],
      [
       116.343536329,
       39.941489709
      ],
      [
       116.343908396,
       39.941428772
      ],
      [
       116.344238934,
       39.94142839
      ],
      [
       116.345132586,
       39.94157754
      ],
      [
       116.344944795,
       39.941945733
      ],
      [
       116.344790894,
       39.942133993
      ],
      [
       116.34445605,
       39.941972241
      ],
      [
       116.344050386,
       39.941875381
      ],
      [
       116.343660465,
       39.941967739
      ],
      [
       116.341847996,
       39.942464062
      ],
      [
       116.341103306,
       39.942642208
      ],
      [
       116.34060086,
       39.942571805
      ],
      [
       116.340600471,
       39.94261233
      ],
      [
       116.340551696,
       39.944341239
      ],
      [
       116.341338371,
       39.944057514
      ],
      [
       116.341942933,
       39.943851553
      ],
      [
       116.342048935,
       39.945000443
      ],
      [
       116.341894756,
       39.946132095
      ],
      [
       116.342616679,
       39.946196982
      ],
      [
       116.342530616,
       39.946631042
      ],
      [
       116.34178804,
       39.946584049
      ],
      [
       116.34177227,
       39.946703291
      ],
      [
       116.341655372,
       39.94669137
      ],
      [
       116.341548924,
       39.947420266
      ],
      [
       116.340467431,
       39.947328559
      ],
      [
       116.340440453,
       39.948310079
      ],
      [
       116.342254307,
       39.948908037
      ],
      [
       116.342103235,
       39.949409274
      ],
      [
       116.341349688,
       39.952028042
      ],
      [
       116.341630179,
       39.95206566
      ],
      [
       116.341834552,
       39.951193222
      ],
      [
       116.342640781,
       39.95131938
      ],
      [
       116.342573621,
       39.9516117
      ],
      [
       116.342853959,
       39.951665074
      ],
      [
       116.342794607,
       39.952058758
      ],
      [
       116.342761975,
       39.952105855
      ],
      [
       116.342700197,
       39.95214153
      ],
      [
       116.342872428,
       39.952180782
      ],
      [
       116.343472217,
       39.952175174
      ],
      [
       116.343588823,
       39.952218614
      ],
      [
       116.34369661,
       39.952266507
      ],
      [
       116.343736813,
       39.952345538
      ],
      [
       116.343718529,
       39.952421987
      ],
      [
       116.343606202,
       39.952542934
      ],
      [
       116.343543778,
       39.952646152
      ],
      [
       116.343531517,
       39.952704623
      ],
      [
       116.343454639,
       39.952789746
      ],
      [
       116.343343064,
       39.952831893
      ],
      [
       116.343263906,
       39.952849457
      ],
      [
       116.343144158,
       39.952828515
      ],
      [
       116.343062721,
       39.952778519
      ],
      [
       116.342843832,
       39.952723242
      ],
      [
       116.342783988,
       39.952862498
      ],
      [
       116.34275002,
       39.953049184
      ],
      [
       116.34269316,
       39.953487912
      ],
      [
       116.342562193,
       39.954027539
      ],
      [
       116.34219541,
       39.954140287
      ],
      [
       116.341762636,
       39.954117567
      ],
      [
       116.341038095,
       39.954012131
      ],
      [
       116.341448384,
       39.952413617
      ],
      [
       116.340417171,
       39.952256901
      ],
      [
       116.340533115,
       39.95175997
      ],
      [
       116.340346194,
       39.951727385
      ],
      [
       116.340252335,
       39.955101911
      ],
      [
       116.340386843,
       39.955109431
      ],
      [
       116.340331724,
       39.955669751
      ],
      [
       116.34023815,
       39.955664715
      ],
      [
       116.340087025,
       39.96103828
      ],
      [
       116.340253329,
       39.960478594
      ],
      [
       116.340586282,
       39.959627155
      ],
      [
       116.341077385,
       39.958758602
      ],
      [
       116.342288158,
       39.956980006
      ],
      [
       116.344453606,
       39.956938235
      ],
      [
       116.344535763,
       39.957526351
      ],
      [
       116.344602243,
       39.958530914
      ],
      [
       116.344005323,
       39.960067591
      ],
      [
       116.343879302,
       39.960089393
      ],
      [
       116.343860285,
       39.96024239
      ],
      [
       116.343155035,
       39.960254157
      ],
      [
       116.343031029,
       39.960676743
      ],
      [
       116.342893854,
       39.96125236
      ],
      [
       116.342864052,
       39.961614689
      ],
      [
       116.342857677,
       39.961974899
      ],
      [
       116.342298829,
       39.961973981
      ],
      [
       116.341757763,
       39.96286477
      ],
      [
       116.341353976,
       39.962864728
      ],
      [
       116.340037633,
       39.962827972
      ],
      [
       116.339885343,
       39.968318603
      ],
      [
       116.341082039,
       39.968332166
      ],
      [
       116.341075027,
       39.968757666
      ],
      [
       116.339875376,
       39.968746349
      ],
      [
       116.339866925,
       39.969016474
      ],
      [
       116.340092234,
       39.969017757
      ],
      [
       116.340089866,
       39.970481241
      ],
      [
       116.339826512,
       39.970479741
      ],
      [
       116.339808677,
       39.971116824
      ],
      [
       116.342202383,
       39.971121426
      ],
      [
       116.342198134,
       39.97217512
      ],
      [
       116.341601162,
       39.972173983
      ],
      [
       116.341601657,
       39.972732366
      ],
      [
       116.339763905,
       39.972728668
      ],
      [
       116.339701076,
       39.975000107
      ],
      [
       116.339808168,
       39.976644336
      ],
      [
       116.339910571,
       39.976647171
      ]
     ],
     [
      [
       116.342207349,
       40.016372625
      ],
      [
       116.342274696,
       40.016373008
      ],
      [
       116.343349444,
       40.016365593
      ],
      [
       116.343361034,
       40.016072962
      ],
      [
       116.343419963,
       40.01603502
      ],
      [
       116.343808982,
       40.016692415
      ],
      [
       116.343991919,
       40.017159515
      ],
      [
       116.344046581,
       40.017567349
      ],
      [
       116.343849078,
       40.017703573
      ],
      [
       116.343316042,
       40.017711811
      ],
      [
       116.342279101,
       40.017744206
      ],
      [
       116.342273245,
       40.017744173
      ],
      [
       116.342207349,
       40.016372625
      ]
     ],
     [
      [
       116.342415286,
       40.020640429
      ],
      [
       116.342578256,
       40.020747175
      ],
      [
       116.342942868,
       40.020897843
      ],
      [
       116.344027224,
       40.02111788
      ],
      [
       116.343756778,
       40.021530628
      ],
      [
       116.343091721,
       40.021560633
      ],
      [
       116.342713533,
       40.021603518
      ],
      [
       116.342461674,
       40.021604341
      ],
      [
       116.342415286,
       40.020640429
      ]
     ],
     [
      [
       116.342884415,
       40.02576979
      ],
      [
       116.343056053,
       40.025890093
      ],
      [
       116.342699034,
       40.02647121
      ],
      [
       116.34266215,
       40.025737008
      ],
      [
       116.342884415,
       40.02576979
      ]
     ],
     [
      [
       116.355255646,
       40.025717702
      ],
      [
       116.355182179,
       40.025744311
      ],
      [
       116.355111746,
       40.02575968
      ],
      [
       116.355082354,
       40.025770774
      ],
      [
       116.355064508,
       40.025799944
      ],
      [
       116.35507879,
       40.025838299
      ],
      [
       116.355081358,
       40.025876589
      ],
      [
       116.355054492,
       40.025930476
      ],
      [
       116.355039617,
       40.02595516
      ],
      [
       116.355018841,
       40.025984314
      ],
      [
       116.354962987,
       40.026006518
      ],
      [
       116.354939516,
       40.026010891
      ],
      [
       116.354922263,
       40.025977022
      ],
      [
       116.354943145,
       40.025936611
      ],
      [
       116.354928778,
       40.025907261
      ],
      [
       116.354911418,
       40.025884649
      ],
      [
       116.35491753,
       40.025857665
      ],
      [
       116.35495299,
       40.02582409
      ],
      [
       116.354979644,
       40.025792717
      ],
      [
       116.354988684,
       40.025765749
      ],
      [
       116.354959674,
       40.025736318
      ],
      [
       116.354892509,
       40.025715681
      ],
      [
       116.354810468,
       40.025719727
      ],
      [
       116.35471684,
       40.025710199
      ],
      [
       116.354626141,
       40.025700688
      ],
      [
       116.354488819,
       40.025666151
      ],
      [
       116.354530561,
       40.02558758
      ],
      [
       116.354562859,
       40.025578754
      ],
      [
       116.354600739,
       40.025599229
      ],
      [
       116.3546595,
       40.025579292
      ],
      [
       116.354697762,
       40.025559242
      ],
      [
       116.354806011,
       40.025571102
      ],
      [
       116.354934866,
       40.025571819
      ],
      [
       116.354978497,
       40.025603584
      ],
      [
       116.355037131,
       40.025597155
      ],
      [
       116.355110746,
       40.025554786
      ],
      [
       116.355137506,
       40.025512156
      ],
      [
       116.355211227,
       40.02545853
      ],
      [
       116.355243462,
       40.025456458
      ],
      [
       116.355255646,
       40.025717702
      ]
     ],
     [
      [
       116.352883451,
       40.008043571
      ],
      [
       116.353251003,
       40.007257591
      ],
      [
       116.354256128,
       40.00747709
      ],
      [
       116.354306113,
       40.008386983
      ],
      [
       116.352883451,
       40.008043571
      ]
     ],
     [
      [
       116.348725099,
       39.998257673
      ],
      [
       116.348659896,
       39.99926599
      ],
      [
       116.347123167,
       39.999241583
      ],
      [
       116.34718407,
       39.997764926
      ],
      [
       116.348138164,
       39.997792811
      ],
      [
       116.348113498,
       39.99823172
      ],
      [
       116.348195442,
       39.998234432
      ],
      [
       116.348725099,
       39.998257673
      ]
     ],
     [
      [
       116.351364382,
       39.94607964
      ],
      [
       116.351360084,
       39.945915253
      ],
      [
       116.351422319,
       39.945830043
      ],
      [
       116.35138261,
       39.945388518
      ],
      [
       116.351535374,
       39.945319574
      ],
      [
       116.35154835,
       39.945184554
      ],
      [
       116.351548677,
       39.94484007
      ],
      [
       116.352016624,
       39.944849441
      ],
      [
       116.352014506,
       39.94476387
      ],
      [
       116.351880017,
       39.944756364
      ],
      [
       116.35183187,
       39.944278767
      ],
      [
       116.35183648,
       39.943790207
      ],
      [
       116.351871814,
       39.943765638
      ],
      [
       116.351927347,
       39.943770451
      ],
      [
       116.353082286,
       39.944134897
      ],
      [
       116.353085081,
       39.944769849
      ],
      [
       116.352897919,
       39.944764301
      ],
      [
       116.352879563,
       39.944849757
      ],
      [
       116.353081457,
       39.94484413
      ],
      [
       116.353120118,
       39.945087512
      ],
      [
       116.353438337,
       39.945776009
      ],
      [
       116.353453281,
       39.946053032
      ],
      [
       116.351386826,
       39.946181085
      ],
      [
       116.351364382,
       39.94607964
      ]
     ],
     [
      [
       116.355298817,
       39.943593364
      ],
      [
       116.355222978,
       39.943570427
      ],
      [
       116.355300655,
       39.94339749
      ],
      [
       116.355298817,
       39.943593364
      ]
     ],
     [
      [
       116.341108897,
       39.942669258
      ],
      [
       116.341853674,
       39.942482107
      ],
      [
       116.342290571,
       39.942372009
      ],
      [
       116.343196279,
       39.942179007
      ],
      [
       116.34358508,
       39.942816145
      ],
      [
       116.340568929,
       39.943764942
      ],
      [
       116.340600471,
       39.94261233
      ],
      [
       116.341108897,
       39.942669258
      ]
     ],
     [
      [
       116.342602712,
       39.944294348
      ],
      [
       116.342532144,
       39.944332224
      ],
      [
       116.342424198,
       39.944302341
      ],
      [
       116.342367228,
       39.944142158
      ],
      [
       116.342379424,
       39.944090442
      ],
      [
       116.342461605,
       39.944061638
      ],
      [
       116.342569896,
       39.944055498
      ],
      [
       116.342624976,
       39.944107596
      ],
      [
       116.342658891,
       39.944231623
      ],
      [
       116.342602712,
       39.944294348
      ]
     ],
     [
      [
       116.341413723,
       39.956637311
      ],
      [
       116.340231967,
       39.956612579
      ],
      [
       116.340757056,
       39.954944923
      ],
      [
       116.340966719,
       39.955047434
      ],
      [
       116.341272018,
       39.955245054
      ],
      [
       116.341584518,
       39.955607075
      ],
      [
       116.341761368,
       39.956080903
      ],
      [
       116.341413723,
       39.956637311
      ]
     ],
     [
      [
       116.343475885,
       39.956381074
      ],
      [
       116.343121871,
       39.956381321
      ],
      [
       116.34314724,
       39.955870365
      ],
      [
       116.343474749,
       39.955887981
      ],
      [
       116.343475885,
       39.956381074
      ]
     ],
     [
      [
       116.342486554,
       39.970783057
      ],
      [
       116.343630622,
       39.970796295
      ],
      [
       116.343608042,
       39.971933193
      ],
      [
       116.342463955,
       39.971919954
      ],
      [
       116.342475826,
       39.971291843
      ],
      [
       116.342485713,
       39.970870862
      ],
      [
       116.342486554,
       39.970783057
      ]
     ],
     [
      [
       116.341444988,
       39.972895838
      ],
      [
       116.342114972,
       39.972913152
      ],
      [
       116.342088595,
       39.973527671
      ],
      [
       116.341418605,
       39.973510357
      ],
      [
       116.341444988,
       39.972895838
      ]
     ],
     [
      [
       116.343838984,
       39.974406685
      ],
      [
       116.343376624,
       39.974404066
      ],
      [
       116.34283214,
       39.974115036
      ],
      [
       116.342223531,
       39.974104829
      ],
      [
       116.342301157,
       39.972112662
      ],
      [
       116.343913659,
       39.972106039
      ],
      [
       116.343838984,
       39.974406685
      ]
     ],
     [
      [
       116.344412479,
       39.939794749
      ],
      [
       116.344792517,
       39.939817161
      ],
      [
       116.344776346,
       39.939979181
      ],
      [
       116.344744194,
       39.939976748
      ],
      [
       116.344731077,
       39.940125276
      ],
      [
       116.344380265,
       39.94010528
      ],
      [
       116.344412479,
       39.939794749
      ]
     ],
     [
      [
       116.343904803,
       39.940273708
      ],
      [
       116.343875576,
       39.940271291
      ],
      [
       116.343928868,
       39.939897836
      ],
      [
       116.344244495,
       39.93992664
      ],
      [
       116.344188301,
       39.940297827
      ],
      [
       116.344229249,
       39.940298059
      ],
      [
       116.344191313,
       39.940595048
      ],
      [
       116.343869769,
       39.940572965
      ],
      [
       116.343904803,
       39.940273708
      ]
     ],
     [
      [
       116.344564539,
       39.940718743
      ],
      [
       116.344465157,
       39.940711426
      ],
      [
       116.344497199,
       39.940418906
      ],
      [
       116.344599505,
       39.940426239
      ],
      [
       116.344564539,
       39.940718743
      ]
     ],
     [
      [
       116.347723118,
       39.939536481
      ],
      [
       116.346696708,
       39.941969127
      ],
      [
       116.346129783,
       39.941911894
      ],
      [
       116.346063067,
       39.941852978
      ],
      [
       116.345897138,
       39.941768735
      ],
      [
       116.346248386,
       39.939285008
      ],
      [
       116.347586527,
       39.939443399
      ],
      [
       116.347723118,
       39.939536481
      ]
     ],
     [
      [
       116.346798118,
       39.942071018
      ],
      [
       116.346921102,
       39.94174974
      ],
      [
       116.34703872,
       39.941685108
      ],
      [
       116.347086717,
       39.941559292
      ],
      [
       116.347257118,
       39.941172985
      ],
      [
       116.347427859,
       39.940750655
      ],
      [
       116.347636681,
       39.940630247
      ],
      [
       116.348620447,
       39.940838418
      ],
      [
       116.348495593,
       39.941666285
      ],
      [
       116.348346678,
       39.94163843
      ],
      [
       116.347818658,
       39.943029168
      ],
      [
       116.347839596,
       39.943596675
      ],
      [
       116.347789764,
       39.943607653
      ],
      [
       116.347463489,
       39.944697816
      ],
      [
       116.34723574,
       39.944653755
      ],
      [
       116.347145592,
       39.94490542
      ],
      [
       116.346940051,
       39.945602242
      ],
      [
       116.346900676,
       39.945743867
      ],
      [
       116.346867129,
       39.945887777
      ],
      [
       116.346836529,
       39.946029452
      ],
      [
       116.346814683,
       39.946173428
      ],
      [
       116.346779916,
       39.946445669
      ],
      [
       116.346716145,
       39.946999189
      ],
      [
       116.346662412,
       39.947419925
      ],
      [
       116.346550581,
       39.947797554
      ],
      [
       116.346436606,
       39.947785654
      ],
      [
       116.34638781,
       39.947994773
      ],
      [
       116.346335242,
       39.94798547
      ],
      [
       116.346204796,
       39.948781781
      ],
      [
       116.346049821,
       39.949388824
      ],
      [
       116.345699862,
       39.949274272
      ],
      [
       116.345727519,
       39.949134832
      ],
      [
       116.345738011,
       39.948954768
      ],
      [
       116.345718384,
       39.948558386
      ],
      [
       116.34567753,
       39.948240687
      ],
      [
       116.345609942,
       39.947965618
      ],
      [
       116.345519976,
       39.947276137
      ],
      [
       116.345435519,
       39.946622713
      ],
      [
       116.345411982,
       39.946329879
      ],
      [
       116.345407462,
       39.946190258
      ],
      [
       116.345408814,
       39.946048418
      ],
      [
       116.34540978,
       39.945947104
      ],
      [
       116.345419542,
       39.945843588
      ],
      [
       116.345426379,
       39.945740056
      ],
      [
       116.345439067,
       39.945636556
      ],
      [
       116.345457905,
       39.94550157
      ],
      [
       116.345485539,
       39.945364382
      ],
      [
       116.345507088,
       39.945251926
      ],
      [
       116.345534486,
       39.945139503
      ],
      [
       116.345558766,
       39.945047327
      ],
      [
       116.345583025,
       39.944957402
      ],
      [
       116.345610209,
       39.944867494
      ],
      [
       116.34564036,
       39.944773099
      ],
      [
       116.346488535,
       39.942328202
      ],
      [
       116.346798118,
       39.942071018
      ]
     ],
     [
      [
       116.345593538,
       39.950915047
      ],
      [
       116.345647281,
       39.950494312
      ],
      [
       116.345746068,
       39.950258457
      ],
      [
       116.346000637,
       39.949638468
      ],
      [
       116.34702187,
       39.949918913
      ],
      [
       116.347113174,
       39.950777265
      ],
      [
       116.346800165,
       39.950775501
      ],
      [
       116.346778424,
       39.95090822
      ],
      [
       116.346994791,
       39.950920697
      ],
      [
       116.347015325,
       39.951222519
      ],
      [
       116.346290162,
       39.951184659
      ],
      [
       116.346265967,
       39.95126783
      ],
      [
       116.345794944,
       39.951269676
      ],
      [
       116.345585199,
       39.951176179
      ],
      [
       116.345593538,
       39.950915047
      ]
     ],
     [
      [
       116.345642627,
       39.952824632
      ],
      [
       116.344955071,
       39.952829755
      ],
      [
       116.344945809,
       39.951960608
      ],
      [
       116.345633357,
       39.951955484
      ],
      [
       116.345642627,
       39.952824632
      ]
     ],
     [
      [
       116.344948842,
       39.953482667
      ],
      [
       116.344966927,
       39.953120271
      ],
      [
       116.345455923,
       39.953075751
      ],
      [
       116.345478775,
       39.953440629
      ],
      [
       116.345297355,
       39.953444108
      ],
      [
       116.345285117,
       39.953500328
      ],
      [
       116.344948842,
       39.953482667
      ]
     ],
     [
      [
       116.348106799,
       39.955508843
      ],
      [
       116.347761972,
       39.955466376
      ],
      [
       116.347816312,
       39.955905732
      ],
      [
       116.346973521,
       39.955925755
      ],
      [
       116.346990459,
       39.956605815
      ],
      [
       116.345835138,
       39.956570032
      ],
      [
       116.345853292,
       39.956507091
      ],
      [
       116.346456439,
       39.954308486
      ],
      [
       116.34693927,
       39.954297697
      ],
      [
       116.346935604,
       39.954068019
      ],
      [
       116.34692376,
       39.953775252
      ],
      [
       116.347054128,
       39.953602618
      ],
      [
       116.347806395,
       39.953561822
      ],
      [
       116.347801732,
       39.953766685
      ],
      [
       116.348155502,
       39.953768675
      ],
      [
       116.347904952,
       39.952733809
      ],
      [
       116.3482992,
       39.952499614
      ],
      [
       116.348278575,
       39.952206797
      ],
      [
       116.348711681,
       39.95219347
      ],
      [
       116.348530617,
       39.955243292
      ],
      [
       116.348124163,
       39.955220744
      ],
      [
       116.348106799,
       39.955508843
      ]
     ],
     [
      [
       116.345704942,
       39.953653551
      ],
      [
       116.34628418,
       39.953656819
      ],
      [
       116.34622882,
       39.954554872
      ],
      [
       116.346014763,
       39.955220121
      ],
      [
       116.345366158,
       39.955126398
      ],
      [
       116.345704942,
       39.953653551
      ]
     ],
     [
      [
       116.343835301,
       39.962243866
      ],
      [
       116.343696669,
       39.962360162
      ],
      [
       116.342900934,
       39.962346648
      ],
      [
       116.342912405,
       39.96206527
      ],
      [
       116.342998331,
       39.96195318
      ],
      [
       116.343068926,
       39.961302886
      ],
      [
       116.343096873,
       39.961134179
      ],
      [
       116.344456965,
       39.961182406
      ],
      [
       116.344427687,
       39.961490701
      ],
      [
       116.344094235,
       39.961479809
      ],
      [
       116.343982604,
       39.961526459
      ],
      [
       116.343977515,
       39.96153224
      ],
      [
       116.34455881,
       39.961547731
      ],
      [
       116.344582945,
       39.961165106
      ],
      [
       116.34444253,
       39.96116206
      ],
      [
       116.343158573,
       39.96110751
      ],
      [
       116.343242393,
       39.96060364
      ],
      [
       116.343409551,
       39.96025785
      ],
      [
       116.343877667,
       39.960260501
      ],
      [
       116.343899696,
       39.960098515
      ],
      [
       116.34402277,
       39.960078947
      ],
      [
       116.344637458,
       39.958519855
      ],
      [
       116.347115356,
       39.958547347
      ],
      [
       116.34709489,
       39.958853441
      ],
      [
       116.347053968,
       39.96069497
      ],
      [
       116.346920594,
       39.962412142
      ],
      [
       116.344624517,
       39.962327135
      ],
      [
       116.34462783,
       39.962286626
      ],
      [
       116.344075045,
       39.962263236
      ],
      [
       116.344068742,
       39.962310482
      ],
      [
       116.344045357,
       39.962308098
      ],
      [
       116.344038774,
       39.962384613
      ],
      [
       116.343784163,
       39.962389927
      ],
      [
       116.343796921,
       39.962279674
      ],
      [
       116.343882135,
       39.96224188
      ],
      [
       116.343897174,
       39.961892977
      ],
      [
       116.343914063,
       39.961580667
      ],
      [
       116.343897111,
       39.961593522
      ],
      [
       116.343835301,
       39.962243866
      ]
     ],
     [
      [
       116.343133874,
       39.962771257
      ],
      [
       116.343084226,
       39.96245576
      ],
      [
       116.343727647,
       39.962486423
      ],
      [
       116.343909048,
       39.96248745
      ],
      [
       116.344625465,
       39.962534282
      ],
      [
       116.345093446,
       39.962552687
      ],
      [
       116.345500114,
       39.962557236
      ],
      [
       116.3456148,
       39.962497092
      ],
      [
       116.346890201,
       39.962531303
      ],
      [
       116.346700929,
       39.964894351
      ],
      [
       116.346526574,
       39.965381952
      ],
      [
       116.345724887,
       39.965375178
      ],
      [
       116.345675468,
       39.965341126
      ],
      [
       116.344069557,
       39.96528702
      ],
      [
       116.344037823,
       39.965545767
      ],
      [
       116.343098658,
       39.965533694
      ],
      [
       116.34314865,
       39.964590583
      ],
      [
       116.343217961,
       39.963462956
      ],
      [
       116.343674352,
       39.963470044
      ],
      [
       116.343663514,
       39.962767502
      ],
      [
       116.343133874,
       39.962771257
      ]
     ],
     [
      [
       116.344452782,
       39.968360283
      ],
      [
       116.344451985,
       39.968137377
      ],
      [
       116.344826499,
       39.968141746
      ],
      [
       116.344824694,
       39.968330865
      ],
      [
       116.344564295,
       39.968327141
      ],
      [
       116.344563951,
       39.968363164
      ],
      [
       116.344452782,
       39.968360283
      ]
     ],
     [
      [
       116.345473601,
       39.969939875
      ],
      [
       116.344695248,
       39.969935478
      ],
      [
       116.344705398,
       39.969179019
      ],
      [
       116.345483742,
       39.969183417
      ],
      [
       116.345473601,
       39.969939875
      ]
     ],
     [
      [
       116.344979696,
       39.970792669
      ],
      [
       116.34591024,
       39.970795672
      ],
      [
       116.345902715,
       39.971892127
      ],
      [
       116.344972156,
       39.971889124
      ],
      [
       116.344976389,
       39.971445595
      ],
      [
       116.344979696,
       39.970792669
      ]
     ],
     [
      [
       116.345390975,
       39.972159422
      ],
      [
       116.345371032,
       39.973636316
      ],
      [
       116.344142032,
       39.973624866
      ],
      [
       116.34416198,
       39.972150224
      ],
      [
       116.345390975,
       39.972159422
      ]
     ],
     [
      [
       116.345335614,
       39.974894724
      ],
      [
       116.345189038,
       39.974920914
      ],
      [
       116.345149519,
       39.973848961
      ],
      [
       116.346527486,
       39.97389051
      ],
      [
       116.346693236,
       39.974616439
      ],
      [
       116.346353897,
       39.974909476
      ],
      [
       116.345507452,
       39.974981252
      ],
      [
       116.345335614,
       39.974894724
      ]
     ],
     [
      [
       116.342892529,
       40.001108953
      ],
      [
       116.342899516,
       39.999769336
      ],
      [
       116.345270567,
       39.999798516
      ],
      [
       116.345216096,
       40.000903706
      ],
      [
       116.344118472,
       40.000879488
      ],
      [
       116.344100046,
       40.000969444
      ],
      [
       116.344066336,
       40.00112686
      ],
      [
       116.342892529,
       40.001108953
      ]
     ],
     [
      [
       116.34549861,
       40.001977027
      ],
      [
       116.345476444,
       40.002458728
      ],
      [
       116.344920343,
       40.002442077
      ],
      [
       116.344930804,
       40.002266517
      ],
      [
       116.345044956,
       40.002269414
      ],
      [
       116.34505957,
       40.001965541
      ],
      [
       116.34549861,
       40.001977027
      ]
     ],
     [
      [
       116.344641044,
       40.004401574
      ],
      [
       116.345299842,
       40.004396291
      ],
      [
       116.345294433,
       40.006188472
      ],
      [
       116.342752989,
       40.006196602
      ],
      [
       116.342778357,
       40.00507774
      ],
      [
       116.342976878,
       40.002388296
      ],
      [
       116.344721336,
       40.002434197
      ],
      [
       116.344681083,
       40.003276039
      ],
      [
       116.34463704,
       40.00420792
      ],
      [
       116.344641044,
       40.004401574
      ]
     ],
     [
      [
       116.345742304,
       40.006197756
      ],
      [
       116.345341341,
       40.006181983
      ],
      [
       116.345338001,
       40.005918536
      ],
      [
       116.345961746,
       40.005906297
      ],
      [
       116.345945389,
       40.006086326
      ],
      [
       116.345742304,
       40.006197756
      ]
     ],
     [
      [
       116.345733569,
       40.006499411
      ],
      [
       116.345736673,
       40.006787623
      ],
      [
       116.343239726,
       40.006732972
      ],
      [
       116.343239733,
       40.006426765
      ],
      [
       116.345733569,
       40.006499411
      ]
     ],
     [
      [
       116.343214953,
       40.00748484
      ],
      [
       116.343213133,
       40.007063795
      ],
      [
       116.345204004,
       40.007072809
      ],
      [
       116.345197075,
       40.007491553
      ],
      [
       116.343214953,
       40.00748484
      ]
     ],
     [
      [
       116.343019415,
       40.011083912
      ],
      [
       116.343018194,
       40.009989667
      ],
      [
       116.345100107,
       40.009978935
      ],
      [
       116.345128481,
       40.009767453
      ],
      [
       116.345240061,
       40.00973431
      ],
      [
       116.345705759,
       40.009718928
      ],
      [
       116.345660796,
       40.010441412
      ],
      [
       116.345675142,
       40.011085428
      ],
      [
       116.343019415,
       40.011083912
      ]
     ],
     [
      [
       116.344053841,
       40.015279848
      ],
      [
       116.343681998,
       40.015275491
      ],
      [
       116.343714248,
       40.014048596
      ],
      [
       116.345230596,
       40.01409545
      ],
      [
       116.345207131,
       40.014406027
      ],
      [
       116.344076845,
       40.014406389
      ],
      [
       116.344053841,
       40.015279848
      ]
     ],
     [
      [
       116.344383643,
       40.017535483
      ],
      [
       116.344304585,
       40.01722883
      ],
      [
       116.344369716,
       40.017154898
      ],
      [
       116.344296601,
       40.016839272
      ],
      [
       116.344085415,
       40.01626394
      ],
      [
       116.343980542,
       40.016207058
      ],
      [
       116.343769981,
       40.015872642
      ],
      [
       116.343671095,
       40.015802285
      ],
      [
       116.343655079,
       40.015640085
      ],
      [
       116.343726065,
       40.015566187
      ],
      [
       116.34406006,
       40.015547814
      ],
      [
       116.344140658,
       40.014469793
      ],
      [
       116.345221254,
       40.014460143
      ],
      [
       116.345171868,
       40.01503175
      ],
      [
       116.345026887,
       40.015188536
      ],
      [
       116.345025187,
       40.015672603
      ],
      [
       116.345208473,
       40.015797472
      ],
      [
       116.345316727,
       40.01580709
      ],
      [
       116.345249219,
       40.017661959
      ],
      [
       116.344534982,
       40.017633155
      ],
      [
       116.344383643,
       40.017535483
      ]
     ],
     [
      [
       116.344426659,
       40.017936497
      ],
      [
       116.34556482,
       40.018037494
      ],
      [
       116.345524753,
       40.018246659
      ],
      [
       116.345458574,
       40.019043322
      ],
      [
       116.34432537,
       40.019034664
      ],
      [
       116.344335792,
       40.018863608
      ],
      [
       116.344305179,
       40.018390616
      ],
      [
       116.344426659,
       40.017936497
      ]
     ],
     [
      [
       116.34551477,
       40.0189851
      ],
      [
       116.345406999,
       40.020763189
      ],
      [
       116.345262802,
       40.020836674
      ],
      [
       116.344923505,
       40.021100435
      ],
      [
       116.344514402,
       40.021008061
      ],
      [
       116.345273948,
       40.019670452
      ],
      [
       116.345058097,
       40.019581423
      ],
      [
       116.34551477,
       40.0189851
      ]
     ],
     [
      [
       116.344378378,
       40.022063253
      ],
      [
       116.344453934,
       40.022124471
      ],
      [
       116.344536314,
       40.022390616
      ],
      [
       116.344762294,
       40.022646315
      ],
      [
       116.344904105,
       40.022822735
      ],
      [
       116.345062992,
       40.023051036
      ],
      [
       116.345134244,
       40.023256327
      ],
      [
       116.345157802,
       40.023855363
      ],
      [
       116.345093614,
       40.024136439
      ],
      [
       116.344983926,
       40.024275413
      ],
      [
       116.344557812,
       40.024734564
      ],
      [
       116.344497197,
       40.024641909
      ],
      [
       116.344564726,
       40.024318073
      ],
      [
       116.344528682,
       40.024106227
      ],
      [
       116.344627432,
       40.023886137
      ],
      [
       116.344582171,
       40.023719269
      ],
      [
       116.344472075,
       40.023594813
      ],
      [
       116.344392062,
       40.023387221
      ],
      [
       116.344373007,
       40.023236262
      ],
      [
       116.34430824,
       40.022965713
      ],
      [
       116.344187446,
       40.022735375
      ],
      [
       116.344005933,
       40.022423639
      ],
      [
       116.343934772,
       40.022209342
      ],
      [
       116.343936411,
       40.022038236
      ],
      [
       116.344378378,
       40.022063253
      ]
     ],
     [
      [
       116.349771677,
       39.945604648
      ],
      [
       116.349338677,
       39.945611225
      ],
      [
       116.34932189,
       39.947383097
      ],
      [
       116.348178103,
       39.947381175
      ],
      [
       116.348256554,
       39.946512519
      ],
      [
       116.348453864,
       39.946065571
      ],
      [
       116.348522509,
       39.945613396
      ],
      [
       116.348519565,
       39.944690246
      ],
      [
       116.34892617,
       39.944690279
      ],
      [
       116.348949014,
       39.944440486
      ],
      [
       116.348542368,
       39.944444956
      ],
      [
       116.348540532,
       39.943713193
      ],
      [
       116.349663698,
       39.943724002
      ],
      [
       116.349719837,
       39.9442827
      ],
      [
       116.349576446,
       39.944288651
      ],
      [
       116.349579039,
       39.944941613
      ],
      [
       116.349775019,
       39.944942713
      ],
      [
       116.349771677,
       39.945604648
      ]
     ],
     [
      [
       116.34800731,
       39.947499546
      ],
      [
       116.347928972,
       39.949280077
      ],
      [
       116.347571834,
       39.949305086
      ],
      [
       116.347710349,
       39.946117679
      ],
      [
       116.347808429,
       39.945030734
      ],
      [
       116.34779224,
       39.943654949
      ],
      [
       116.348392083,
       39.943635806
      ],
      [
       116.34837869,
       39.94504745
      ],
      [
       116.348334853,
       39.945968086
      ],
      [
       116.348176851,
       39.946280162
      ],
      [
       116.348098423,
       39.946838104
      ],
      [
       116.34800731,
       39.947499546
      ]
     ],
     [
      [
       116.349355481,
       39.945690124
      ],
      [
       116.349767899,
       39.945694689
      ],
      [
       116.349743094,
       39.947387712
      ],
      [
       116.349365725,
       39.947387846
      ],
      [
       116.349355481,
       39.945690124
      ]
     ],
     [
      [
       116.350837227,
       39.947691047
      ],
      [
       116.35067876,
       39.947125022
      ],
      [
       116.350781855,
       39.946740585
      ],
      [
       116.35379315,
       39.946617813
      ],
      [
       116.352327617,
       39.948784627
      ],
      [
       116.350879018,
       39.948531107
      ],
      [
       116.350970775,
       39.948108331
      ],
      [
       116.350837227,
       39.947691047
      ]
     ],
     [
      [
       116.350398021,
       39.946805981
      ],
      [
       116.350468246,
       39.946804123
      ],
      [
       116.35051564,
       39.94736052
      ],
      [
       116.350665501,
       39.947908485
      ],
      [
       116.350640865,
       39.948038937
      ],
      [
       116.350681626,
       39.948059429
      ],
      [
       116.350704262,
       39.948140611
      ],
      [
       116.350639503,
       39.948183028
      ],
      [
       116.350656394,
       39.94825292
      ],
      [
       116.350584315,
       39.948450653
      ],
      [
       116.350130143,
       39.949765261
      ],
      [
       116.349888117,
       39.94999131
      ],
      [
       116.349809625,
       39.949939084
      ],
      [
       116.349836421,
       39.9498897
      ],
      [
       116.350209297,
       39.948820056
      ],
      [
       116.350315259,
       39.948442391
      ],
      [
       116.350344738,
       39.948109327
      ],
      [
       116.350398021,
       39.946805981
      ]
     ],
     [
      [
       116.35052072,
       39.950535226
      ],
      [
       116.34992101,
       39.950534116
      ],
      [
       116.349809741,
       39.95054475
      ],
      [
       116.349795861,
       39.950465868
      ],
      [
       116.350184558,
       39.950197862
      ],
      [
       116.350532541,
       39.950213321
      ],
      [
       116.35052072,
       39.950535226
      ]
     ],
     [
      [
       116.351933002,
       39.950921389
      ],
      [
       116.351702196,
       39.951818464
      ],
      [
       116.351153982,
       39.951939232
      ],
      [
       116.350963736,
       39.952257886
      ],
      [
       116.350682431,
       39.952305845
      ],
      [
       116.350621994,
       39.952818858
      ],
      [
       116.34934675,
       39.95278694
      ],
      [
       116.349427836,
       39.951330647
      ],
      [
       116.349559426,
       39.950718966
      ],
      [
       116.350132938,
       39.950706422
      ],
      [
       116.350969069,
       39.950765143
      ],
      [
       116.351933002,
       39.950921389
      ]
     ],
     [
      [
       116.349407083,
       39.953829743
      ],
      [
       116.349408683,
       39.953660886
      ],
      [
       116.349812373,
       39.953665403
      ],
      [
       116.349819508,
       39.953838811
      ],
      [
       116.349407083,
       39.953829743
      ]
     ],
     [
      [
       116.348447734,
       39.95657799
      ],
      [
       116.347519987,
       39.956608797
      ],
      [
       116.347544889,
       39.956451329
      ],
      [
       116.347620424,
       39.956199582
      ],
      [
       116.34768607,
       39.956064859
      ],
      [
       116.347868352,
       39.95597132
      ],
      [
       116.348058918,
       39.955929612
      ],
      [
       116.348374535,
       39.955967411
      ],
      [
       116.348543832,
       39.956008891
      ],
      [
       116.348563926,
       39.956049531
      ],
      [
       116.348582653,
       39.956234263
      ],
      [
       116.348545453,
       39.956454705
      ],
      [
       116.348447734,
       39.95657799
      ]
     ],
     [
      [
       116.347464303,
       39.957234412
      ],
      [
       116.347475241,
       39.957007068
      ],
      [
       116.347545948,
       39.95695568
      ],
      [
       116.348066638,
       39.956965364
      ],
      [
       116.347439367,
       39.958011053
      ],
      [
       116.347464303,
       39.957234412
      ]
     ],
     [
      [
       116.348867416,
       39.963535354
      ],
      [
       116.349208107,
       39.956919993
      ],
      [
       116.349211331,
       39.956888489
      ],
      [
       116.349305697,
       39.956810215
      ],
      [
       116.351833483,
       39.95681537
      ],
      [
       116.354911429,
       39.956807771
      ],
      [
       116.354966507,
       39.956862115
      ],
      [
       116.354685761,
       39.963696227
      ],
      [
       116.348867416,
       39.963535354
      ]
     ],
     [
      [
       116.348736779,
       39.962809625
      ],
      [
       116.34870799,
       39.962759929
      ],
      [
       116.348867929,
       39.95977979
      ],
      [
       116.348881447,
       39.959588485
      ],
      [
       116.348902098,
       39.959570589
      ],
      [
       116.348746411,
       39.962719617
      ],
      [
       116.348736779,
       39.962809625
      ]
     ],
     [
      [
       116.348313657,
       39.966078731
      ],
      [
       116.348244936,
       39.967460789
      ],
      [
       116.348206641,
       39.967487592
      ],
      [
       116.348198202,
       39.96775998
      ],
      [
       116.348250529,
       39.967796299
      ],
      [
       116.348061021,
       39.970803285
      ],
      [
       116.347987589,
       39.970832142
      ],
      [
       116.347974617,
       39.97127337
      ],
      [
       116.348026305,
       39.971377232
      ],
      [
       116.347963488,
       39.972752566
      ],
      [
       116.347891948,
       39.974429557
      ],
      [
       116.347596581,
       39.974407631
      ],
      [
       116.347436062,
       39.974361696
      ],
      [
       116.347334411,
       39.974280069
      ],
      [
       116.347253352,
       39.9741873
      ],
      [
       116.347183956,
       39.974099099
      ],
      [
       116.347141111,
       39.973988532
      ],
      [
       116.347191547,
       39.972993638
      ],
      [
       116.347278888,
       39.972118283
      ],
      [
       116.3473811,
       39.970909784
      ],
      [
       116.347407571,
       39.970587964
      ],
      [
       116.347526091,
       39.968587016
      ],
      [
       116.347652759,
       39.967882998
      ],
      [
       116.347664533,
       39.967567849
      ],
      [
       116.347614882,
       39.967250103
      ],
      [
       116.347574438,
       39.966887378
      ],
      [
       116.347623213,
       39.966065841
      ],
      [
       116.347703012,
       39.965674523
      ],
      [
       116.347736684,
       39.964902435
      ],
      [
       116.347665767,
       39.964359416
      ],
      [
       116.347676113,
       39.963886651
      ],
      [
       116.347425493,
       39.963779418
      ],
      [
       116.34729684,
       39.963769687
      ],
      [
       116.34727476,
       39.963629968
      ],
      [
       116.347399912,
       39.960622617
      ],
      [
       116.347476281,
       39.960591525
      ],
      [
       116.347510053,
       39.96011664
      ],
      [
       116.347434092,
       39.960104955
      ],
      [
       116.347487858,
       39.959373507
      ],
      [
       116.347497369,
       39.958988548
      ],
      [
       116.347621109,
       39.958590722
      ],
      [
       116.347880581,
       39.958072076
      ],
      [
       116.348532489,
       39.956895934
      ],
      [
       116.348769504,
       39.956892762
      ],
      [
       116.348781057,
       39.957217049
      ],
      [
       116.348440964,
       39.963764866
      ],
      [
       116.348398306,
       39.96486788
      ],
      [
       116.348362939,
       39.9648947
      ],
      [
       116.348348456,
       39.965187318
      ],
      [
       116.348383311,
       39.965214532
      ],
      [
       116.348313657,
       39.966078731
      ]
     ],
     [
      [
       116.348961558,
       39.965949531
      ],
      [
       116.348674877,
       39.965941166
      ],
      [
       116.348682267,
       39.965779097
      ],
      [
       116.348767376,
       39.965752557
      ],
      [
       116.348974479,
       39.965821266
      ],
      [
       116.348961558,
       39.965949531
      ]
     ],
     [
      [
       116.349334089,
       39.972951648
      ],
      [
       116.349337886,
       39.971933976
      ],
      [
       116.348448271,
       39.971933482
      ],
      [
       116.348613291,
       39.968422014
      ],
      [
       116.350158109,
       39.968446445
      ],
      [
       116.35016338,
       39.968198806
      ],
      [
       116.350613952,
       39.968205834
      ],
      [
       116.350570281,
       39.972202065
      ],
      [
       116.350548866,
       39.973537105
      ],
      [
       116.34971201,
       39.973525659
      ],
      [
       116.349717451,
       39.972951548
      ],
      [
       116.349334089,
       39.972951648
      ]
     ],
     [
      [
       116.35020378,
       39.9762933
      ],
      [
       116.349756082,
       39.976286286
      ],
      [
       116.349738999,
       39.976853577
      ],
      [
       116.348138432,
       39.976824323
      ],
      [
       116.348158305,
       39.976272809
      ],
      [
       116.348221222,
       39.975503139
      ],
      [
       116.348510676,
       39.975531784
      ],
      [
       116.348558909,
       39.975383454
      ],
      [
       116.349185067,
       39.975395978
      ],
      [
       116.350229654,
       39.975415347
      ],
      [
       116.35020378,
       39.9762933
      ]
     ],
     [
      [
       116.352493373,
       39.979906314
      ],
      [
       116.351264386,
       39.97988143
      ],
      [
       116.351403204,
       39.975723625
      ],
      [
       116.352635044,
       39.975748524
      ],
      [
       116.352493373,
       39.979906314
      ]
     ],
     [
      [
       116.349153982,
       39.992244005
      ],
      [
       116.351392738,
       39.992306089
      ],
      [
       116.351330116,
       39.99521246
      ],
      [
       116.351315233,
       39.995547854
      ],
      [
       116.347183355,
       39.995380556
      ],
      [
       116.347392238,
       39.992195823
      ],
      [
       116.349153982,
       39.992244005
      ]
     ],
     [
      [
       116.348398793,
       39.99993998
      ],
      [
       116.3483657,
       40.000957482
      ],
      [
       116.346855323,
       40.000928717
      ],
      [
       116.346885511,
       39.999911198
      ],
      [
       116.348398793,
       39.99993998
      ]
     ],
     [
      [
       116.349193482,
       40.008126478
      ],
      [
       116.34891248,
       40.008118145
      ],
      [
       116.348922547,
       40.007983111
      ],
      [
       116.349209361,
       40.007995979
      ],
      [
       116.349193482,
       40.008126478
      ]
     ],
     [
      [
       116.347337436,
       40.011173605
      ],
      [
       116.347336576,
       40.010648996
      ],
      [
       116.346407724,
       40.010411855
      ],
      [
       116.34650618,
       40.008991701
      ],
      [
       116.348804143,
       40.009042912
      ],
      [
       116.348866397,
       40.008962207
      ],
      [
       116.349570928,
       40.007536447
      ],
      [
       116.349873102,
       40.006855932
      ],
      [
       116.351301529,
       40.006895457
      ],
      [
       116.351839739,
       40.006950254
      ],
      [
       116.352351069,
       40.007061185
      ],
      [
       116.350524415,
       40.0107322
      ],
      [
       116.349940228,
       40.010582575
      ],
      [
       116.348354225,
       40.010170646
      ],
      [
       116.347864457,
       40.011176572
      ],
      [
       116.347337436,
       40.011173605
      ]
     ],
     [
      [
       116.350372251,
       40.010722341
      ],
      [
       116.350160059,
       40.011175958
      ],
      [
       116.34789083,
       40.011174469
      ],
      [
       116.348354225,
       40.010170646
      ],
      [
       116.350372251,
       40.010722341
      ]
     ],
     [
      [
       116.35091897,
       40.012663963
      ],
      [
       116.350466245,
       40.012544347
      ],
      [
       116.35069652,
       40.012036794
      ],
      [
       116.35114922,
       40.01215866
      ],
      [
       116.35091897,
       40.012663963
      ]
     ],
     [
      [
       116.347242265,
       40.013787083
      ],
      [
       116.347302432,
       40.012389228
      ],
      [
       116.346418449,
       40.012357228
      ],
      [
       116.346313165,
       40.012036918
      ],
      [
       116.34637274,
       40.011316768
      ],
      [
       116.350049868,
       40.011371222
      ],
      [
       116.348509879,
       40.013816731
      ],
      [
       116.347242265,
       40.013787083
      ]
     ],
     [
      [
       116.350018254,
       40.013777919
      ],
      [
       116.350099342,
       40.013872938
      ],
      [
       116.349425941,
       40.013864656
      ],
      [
       116.349446181,
       40.01358333
      ],
      [
       116.350120234,
       40.012596444
      ],
      [
       116.350663618,
       40.012727826
      ],
      [
       116.350511795,
       40.012990403
      ],
      [
       116.350429491,
       40.013023715
      ],
      [
       116.350346377,
       40.013142579
      ],
      [
       116.350330114,
       40.013313604
      ],
      [
       116.350185234,
       40.013461392
      ],
      [
       116.350158156,
       40.013537791
      ],
      [
       116.35007209,
       40.013658891
      ],
      [
       116.350018254,
       40.013777919
      ]
     ],
     [
      [
       116.346536837,
       40.014066799
      ],
      [
       116.348211387,
       40.014105499
      ],
      [
       116.347485757,
       40.015276708
      ],
      [
       116.346221603,
       40.015188528
      ],
      [
       116.346257013,
       40.014853252
      ],
      [
       116.346277969,
       40.014191424
      ],
      [
       116.346536837,
       40.014066799
      ]
     ],
     [
      [
       116.349106486,
       40.014202842
      ],
      [
       116.349420661,
       40.014112294
      ],
      [
       116.349783502,
       40.014139097
      ],
      [
       116.35249302,
       40.013728731
      ],
      [
       116.350551464,
       40.016219303
      ],
      [
       116.348395489,
       40.01537639
      ],
      [
       116.349106486,
       40.014202842
      ]
     ],
     [
      [
       116.346127707,
       40.016129133
      ],
      [
       116.346203817,
       40.016131814
      ],
      [
       116.346223899,
       40.0158685
      ],
      [
       116.346821124,
       40.015883125
      ],
      [
       116.346867676,
       40.015300244
      ],
      [
       116.347163047,
       40.015340184
      ],
      [
       116.3476481,
       40.015448737
      ],
      [
       116.347757704,
       40.015316515
      ],
      [
       116.347509225,
       40.015272337
      ],
      [
       116.348223057,
       40.014110067
      ],
      [
       116.348351847,
       40.014115295
      ],
      [
       116.348304779,
       40.014446003
      ],
      [
       116.348164055,
       40.014771682
      ],
      [
       116.347874741,
       40.015326179
      ],
      [
       116.347693342,
       40.015617856
      ],
      [
       116.347372733,
       40.01607536
      ],
      [
       116.347037329,
       40.016548541
      ],
      [
       116.346740137,
       40.017006176
      ],
      [
       116.346446621,
       40.017385027
      ],
      [
       116.346283939,
       40.017555225
      ],
      [
       116.346100888,
       40.017711798
      ],
      [
       116.346137202,
       40.017281963
      ],
      [
       116.346380175,
       40.017290089
      ],
      [
       116.34665313,
       40.016917876
      ],
      [
       116.346658935,
       40.016616205
      ],
      [
       116.346644389,
       40.016913324
      ],
      [
       116.346362778,
       40.017271978
      ],
      [
       116.346105186,
       40.017261519
      ],
      [
       116.34609119,
       40.017193895
      ],
      [
       116.346101624,
       40.01671438
      ],
      [
       116.346127707,
       40.016129133
      ]
     ],
     [
      [
       116.347937074,
       40.019237416
      ],
      [
       116.348123395,
       40.018121712
      ],
      [
       116.348592934,
       40.018016279
      ],
      [
       116.349002474,
       40.018061359
      ],
      [
       116.349139588,
       40.017807708
      ],
      [
       116.348534718,
       40.01767147
      ],
      [
       116.348749018,
       40.016999471
      ],
      [
       116.348612379,
       40.016895133
      ],
      [
       116.348661862,
       40.016618474
      ],
      [
       116.348248103,
       40.016402254
      ],
      [
       116.348200081,
       40.016217359
      ],
      [
       116.348000869,
       40.015919038
      ],
      [
       116.348368922,
       40.015398756
      ],
      [
       116.350563006,
       40.01623738
      ],
      [
       116.352507469,
       40.013749075
      ],
      [
       116.353217025,
       40.013649468
      ],
      [
       116.350759392,
       40.016835133
      ],
      [
       116.349211119,
       40.018909102
      ],
      [
       116.348844787,
       40.019247023
      ],
      [
       116.348610228,
       40.019277226
      ],
      [
       116.348329223,
       40.019264388
      ],
      [
       116.347937074,
       40.019237416
      ]
     ],
     [
      [
       116.346033856,
       40.019825594
      ],
      [
       116.346564331,
       40.020087511
      ],
      [
       116.346660382,
       40.019227973
      ],
      [
       116.348553349,
       40.019407494
      ],
      [
       116.345993799,
       40.020647172
      ],
      [
       116.34581952,
       40.020497588
      ],
      [
       116.345879242,
       40.018536854
      ],
      [
       116.346103317,
       40.018684467
      ],
      [
       116.346033856,
       40.019825594
      ]
     ],
     [
      [
       116.351076663,
       40.022292335
      ],
      [
       116.351118456,
       40.022517721
      ],
      [
       116.350481071,
       40.022408329
      ],
      [
       116.350957111,
       40.022237629
      ],
      [
       116.351076663,
       40.022292335
      ]
     ],
     [
      [
       116.350840306,
       40.024056199
      ],
      [
       116.35084811,
       40.024159813
      ],
      [
       116.350903772,
       40.024157873
      ],
      [
       116.350789507,
       40.024780903
      ],
      [
       116.349917632,
       40.024690457
      ],
      [
       116.347976446,
       40.024330566
      ],
      [
       116.348209479,
       40.023539344
      ],
      [
       116.349076168,
       40.023249267
      ],
      [
       116.349708,
       40.023018657
      ],
      [
       116.349908371,
       40.022889193
      ],
      [
       116.350182549,
       40.022697101
      ],
      [
       116.350413185,
       40.022464236
      ],
      [
       116.352383828,
       40.022801736
      ],
      [
       116.351999621,
       40.023790255
      ],
      [
       116.35175853,
       40.023890225
      ],
      [
       116.353306105,
       40.024065484
      ],
      [
       116.353122466,
       40.024904274
      ],
      [
       116.351635604,
       40.024810406
      ],
      [
       116.351793511,
       40.02421689
      ],
      [
       116.351685392,
       40.024191518
      ],
      [
       116.350840306,
       40.024056199
      ]
     ],
     [
      [
       116.348367082,
       40.024519639
      ],
      [
       116.348188446,
       40.025441755
      ],
      [
       116.34571775,
       40.025020307
      ],
      [
       116.345758272,
       40.024763863
      ],
      [
       116.345972369,
       40.024425093
      ],
      [
       116.346464086,
       40.02414868
      ],
      [
       116.348367082,
       40.024519639
      ]
     ],
     [
      [
       116.351336295,
       40.02549094
      ],
      [
       116.351269046,
       40.025479306
      ],
      [
       116.351310557,
       40.025425502
      ],
      [
       116.351395953,
       40.025376447
      ],
      [
       116.351516128,
       40.025365862
      ],
      [
       116.351586348,
       40.02537301
      ],
      [
       116.351559395,
       40.025435901
      ],
      [
       116.351482955,
       40.025466995
      ],
      [
       116.351415343,
       40.025493634
      ],
      [
       116.351336295,
       40.02549094
      ]
     ],
     [
      [
       116.354560442,
       39.942479243
      ],
      [
       116.352892404,
       39.94224479
      ],
      [
       116.352969453,
       39.941517971
      ],
      [
       116.353890637,
       39.94154112
      ],
      [
       116.354194428,
       39.941585592
      ],
      [
       116.35459188,
       39.94162383
      ],
      [
       116.354560442,
       39.942479243
      ]
     ],
     [
      [
       116.354058518,
       39.949505772
      ],
      [
       116.354076009,
       39.949823337
      ],
      [
       116.354423737,
       39.949865802
      ],
      [
       116.354432089,
       39.94991088
      ],
      [
       116.354346561,
       39.950295417
      ],
      [
       116.354344275,
       39.950538571
      ],
      [
       116.353507805,
       39.950515897
      ],
      [
       116.353616887,
       39.949494305
      ],
      [
       116.354058518,
       39.949505772
      ]
     ],
     [
      [
       116.354394149,
       39.950212375
      ],
      [
       116.354454941,
       39.949969547
      ],
      [
       116.354732802,
       39.949975597
      ],
      [
       116.354718794,
       39.950220937
      ],
      [
       116.354394149,
       39.950212375
      ]
     ],
     [
      [
       116.353221533,
       39.954508537
      ],
      [
       116.353250387,
       39.953930052
      ],
      [
       116.353484594,
       39.953913346
      ],
      [
       116.353822801,
       39.953726102
      ],
      [
       116.353864308,
       39.953667793
      ],
      [
       116.353903356,
       39.953559937
      ],
      [
       116.354427349,
       39.953526831
      ],
      [
       116.35444113,
       39.95361697
      ],
      [
       116.354553656,
       39.953784211
      ],
      [
       116.354607933,
       39.954234821
      ],
      [
       116.354572637,
       39.954254889
      ],
      [
       116.354567722,
       39.954466506
      ],
      [
       116.354322002,
       39.954462886
      ],
      [
       116.354318569,
       39.954516904
      ],
      [
       116.353221533,
       39.954508537
      ]
     ],
     [
      [
       116.351888907,
       39.964270527
      ],
      [
       116.351836437,
       39.964869143
      ],
      [
       116.350499268,
       39.96486391
      ],
      [
       116.35053918,
       39.963738365
      ],
      [
       116.354433247,
       39.963789386
      ],
      [
       116.354434567,
       39.964271223
      ],
      [
       116.351888907,
       39.964270527
      ]
     ],
     [
      [
       116.353208212,
       39.964307166
      ],
      [
       116.354197293,
       39.964299171
      ],
      [
       116.354173343,
       39.965289714
      ],
      [
       116.351914579,
       39.965270353
      ],
      [
       116.35193237,
       39.964315801
      ],
      [
       116.353208212,
       39.964307166
      ]
     ],
     [
      [
       116.354324757,
       39.965990786
      ],
      [
       116.354329419,
       39.965806186
      ],
      [
       116.354244651,
       39.965796708
      ],
      [
       116.354210617,
       39.965370977
      ],
      [
       116.354202512,
       39.964677458
      ],
      [
       116.354448353,
       39.964672073
      ],
      [
       116.354427145,
       39.965993608
      ],
      [
       116.354324757,
       39.965990786
      ]
     ],
     [
      [
       116.350335473,
       39.975366406
      ],
      [
       116.354186092,
       39.97543971
      ],
      [
       116.354155692,
       39.977114681
      ],
      [
       116.353693334,
       39.977109853
      ],
      [
       116.353690958,
       39.977983434
      ],
      [
       116.353421721,
       39.977981933
      ],
      [
       116.35342005,
       39.97722766
      ],
      [
       116.352638709,
       39.977221047
      ],
      [
       116.352667595,
       39.975710429
      ],
      [
       116.350332445,
       39.975686107
      ],
      [
       116.350335473,
       39.975366406
      ]
     ],
     [
      [
       116.352674958,
       39.978031801
      ],
      [
       116.35405891,
       39.978068792
      ],
      [
       116.353987979,
       39.979696255
      ],
      [
       116.352603972,
       39.979661515
      ],
      [
       116.352674958,
       39.978031801
      ]
     ],
     [
      [
       116.351551794,
       40.012626978
      ],
      [
       116.350963166,
       40.01263494
      ],
      [
       116.351196344,
       40.012129654
      ],
      [
       116.350574357,
       40.011950552
      ],
      [
       116.35142004,
       40.010460279
      ],
      [
       116.352515715,
       40.010707318
      ],
      [
       116.353905037,
       40.010865924
      ],
      [
       116.353512736,
       40.011480653
      ],
      [
       116.352831824,
       40.012580097
      ],
      [
       116.351551794,
       40.012626978
      ]
     ],
     [
      [
       116.352043068,
       40.017339903
      ],
      [
       116.351825649,
       40.017725948
      ],
      [
       116.351606525,
       40.017672937
      ],
      [
       116.35146775,
       40.017793743
      ],
      [
       116.351131627,
       40.017726567
      ],
      [
       116.351270637,
       40.017580997
      ],
      [
       116.351578982,
       40.017179701
      ],
      [
       116.352043068,
       40.017339903
      ]
     ],
     [
      [
       116.353714217,
       40.02240389
      ],
      [
       116.353062102,
       40.022303436
      ],
      [
       116.352056252,
       40.022137959
      ],
      [
       116.35189337,
       40.022639136
      ],
      [
       116.351232492,
       40.022536371
      ],
      [
       116.351161991,
       40.022250034
      ],
      [
       116.351177422,
       40.022166814
      ],
      [
       116.351734878,
       40.022057359
      ],
      [
       116.352101072,
       40.022043646
      ],
      [
       116.35369455,
       40.022005262
      ],
      [
       116.353720671,
       40.022030175
      ],
      [
       116.353726376,
       40.022356676
      ],
      [
       116.353714217,
       40.02240389
      ]
     ],
     [
      [
       116.354439225,
       40.025334902
      ],
      [
       116.354398247,
       40.025332422
      ],
      [
       116.3543804,
       40.025361592
      ],
      [
       116.354289871,
       40.02533407
      ],
      [
       116.354155372,
       40.025310805
      ],
      [
       116.354114436,
       40.025303822
      ],
      [
       116.354076069,
       40.02533513
      ],
      [
       116.35407331,
       40.025317102
      ],
      [
       116.354044407,
       40.025276414
      ],
      [
       116.354015313,
       40.025255988
      ],
      [
       116.353965592,
       40.025248956
      ],
      [
       116.353892571,
       40.025228285
      ],
      [
       116.353936668,
       40.025210519
      ],
      [
       116.354013362,
       40.025152407
      ],
      [
       116.354092516,
       40.025143842
      ],
      [
       116.354142088,
       40.025166634
      ],
      [
       116.354215428,
       40.025153534
      ],
      [
       116.354273807,
       40.025174123
      ],
      [
       116.354349948,
       40.025174547
      ],
      [
       116.354478462,
       40.025211287
      ],
      [
       116.354513456,
       40.025227243
      ],
      [
       116.354560312,
       40.025227504
      ],
      [
       116.354598276,
       40.025238973
      ],
      [
       116.354639318,
       40.025234698
      ],
      [
       116.35467151,
       40.025237129
      ],
      [
       116.354727003,
       40.025253199
      ],
      [
       116.354802954,
       40.025273885
      ],
      [
       116.35486146,
       40.025280965
      ],
      [
       116.354958164,
       40.025274749
      ],
      [
       116.355043155,
       40.025268468
      ],
      [
       116.355095868,
       40.025268761
      ],
      [
       116.355177675,
       40.02528948
      ],
      [
       116.355206897,
       40.025296397
      ],
      [
       116.355224044,
       40.025341523
      ],
      [
       116.355200319,
       40.025372912
      ],
      [
       116.355170801,
       40.025397514
      ],
      [
       116.355120634,
       40.025437763
      ],
      [
       116.35507919,
       40.025484814
      ],
      [
       116.355058372,
       40.025518471
      ],
      [
       116.355022997,
       40.02554304
      ],
      [
       116.354981955,
       40.025547315
      ],
      [
       116.354944097,
       40.025524589
      ],
      [
       116.354778423,
       40.025390827
      ],
      [
       116.3547405,
       40.025374856
      ],
      [
       116.354690822,
       40.025363321
      ],
      [
       116.354632061,
       40.025383258
      ],
      [
       116.354506496,
       40.025344283
      ],
      [
       116.354439225,
       40.025334902
      ]
     ]
    ]
   }
  }
 ]
}