{
  "type": "FeatureCollection",
  "name": "shared_floor_green_and_climate_spaces",
  "features": [
    {
      "type": "Feature",
      "id": "GREEN-SPINE",
      "properties": {
        "id": "GREEN-SPINE",
        "layer": "GREEN_SPACE",
        "source_type": "agent_generated_design",
        "confidence": "low",
        "geometry_role": "design_proposal",
        "land_use_code": "1401",
        "name_zh": "全年气候照护走廊",
        "name_en": "Year-round shared-floor climate corridor",
        "reference_width_m": 68,
        "actual_park_alignment_unverified": true,
        "source_ids": [
          "BEIJING-PARK-PHASE-II",
          "NASA-POWER-1991-2020"
        ],
        "assumption_ids": [
          "A-BND-001",
          "A-CLIMATE-001",
          "A-DRAINAGE-001"
        ],
        "area_sqm_declared": 660688.024
      },
      "geometry": {
        "type": "Polygon",
        "coordinates": [
          [
            [
              116.34770891054849,
              39.93900022946165
            ],
            [
              116.34687629529468,
              40.02649791424539
            ],
            [
              116.34727457848636,
              40.02650015841803
            ],
            [
              116.34767288303513,
              40.02650016366442
            ],
            [
              116.34850448288624,
              39.93900246568109
            ],
            [
              116.34810670731534,
              39.93900022977796
            ],
            [
              116.34770891054849,
              39.93900022946165
            ]
          ]
        ]
      }
    },
    {
      "type": "Feature",
      "id": "CLIMATE-REFUGE-01",
      "properties": {
        "id": "CLIMATE-REFUGE-01",
        "layer": "GREEN_SPACE",
        "source_type": "agent_generated_design",
        "confidence": "low",
        "geometry_role": "design_proposal",
        "land_use_code": "1403",
        "name_zh": "重点区气候庇护环 1",
        "name_en": "Key-area climate refuge ring 1",
        "source_ids": [
          "NASA-POWER-1991-2020"
        ],
        "assumption_ids": [
          "A-CLIMATE-001",
          "A-DRAINAGE-001"
        ],
        "area_sqm_declared": 11188.644
      },
      "geometry": {
        "type": "Polygon",
        "coordinates": [
          [
            [
              116.34931535109523,
              40.0166461539614
            ],
            [
              116.34930437290015,
              40.016592597156645
            ],
            [
              116.34928886256903,
              40.01653970708513
            ],
            [
              116.34926888652942,
              40.01648771022857
            ],
            [
              116.349244530331,
              40.01643682924329
            ],
            [
              116.34921589827921,
              40.01638728200685
            ],
            [
              116.34918311298829,
              40.01633928068512
            ],
            [
              116.34914631485613,
              40.016293030823746
            ],
            [
              116.3491056614631,
              40.016248730468064
            ],
            [
              116.34906132689707,
              40.01620656931514
            ],
            [
              116.34901350100782,
              40.016166727901435
            ],
            [
              116.34896238859415,
              40.01612937682988
            ],
            [
              116.34890820852681,
              40.016094676039344
            ],
            [
              116.34885119281134,
              40.016062774119845
            ],
            [
              116.34879158559448,
              40.0160338076763
            ],
            [
              116.34872964211893,
              40.0160079007437
            ],
            [
              116.34866562763031,
              40.01598516425595
            ],
            [
              116.34859981624147,
              40.015965695571
            ],
            [
              116.34853248975887,
              40.015949578053835
            ],
            [
              116.34846393647587,
              40.015936880719764
            ],
            [
              116.34839444993851,
              40.01592765793873
            ],
            [
              116.34832432768853,
              40.01592194920263
            ],
            [
              116.34825386998949,
              40.01591977895619
            ],
            [
              116.34818337854122,
              40.0159211564923
            ],
            [
              116.34811315518795,
              40.0159260759123
            ],
            [
              116.34804350062613,
              40.015934516151106
            ],
            [
              116.34797471311681,
              40.015946441067534
            ],
            [
              116.34790708720878,
              40.01596179959896
            ],
            [
              116.3478409124773,
              40.015980525979984
            ],
            [
              116.34777647228431,
              40.01600254002399
            ],
            [
              116.34771404256522,
              40.016027747466474
            ],
            [
              116.3476538906474,
              40.016056040368674
            ],
            [
              116.34759627410544,
              40.016087297579716
            ],
            [
              116.34754143965849,
              40.01612138525529
            ],
            [
              116.34748962211368,
              40.01615815743077
            ],
            [
              116.3474410433607,
              40.0161974566462
            ],
            [
              116.34739591142163,
              40.016239114620475
            ],
            [
              116.34735441956029,
              40.016282952971835
            ],
            [
              116.34731674545439,
              40.016328783981706
            ],
            [
              116.34728305043485,
              40.01637641139846
            ],
            [
              116.3472534787948,
              40.016425631277734
            ],
            [
              116.34722815717149,
              40.016476232855666
            ],
            [
              116.34720719400403,
              40.01652799945138
            ],
            [
              116.3471906790689,
              40.01658070939478
            ],
            [
              116.34717868309524,
              40.016634136975775
            ],
            [
              116.34717125746195,
              40.016688053410746
            ],
            [
              116.34716843397736,
              40.016742227822185
            ],
            [
              116.34717022474298,
              40.01679642822737
            ],
            [
              116.34717662210137,
              40.016850422531725
            ],
            [
              116.3471875986689,
              40.01690397952269
            ],
            [
              116.34720310745257,
              40.0169568698598
            ],
            [
              116.34722308205139,
              40.017008867056795
            ],
            [
              116.34724743694026,
              40.017059748451544
            ],
            [
              116.34727606783625,
              40.01710929615946
            ],
            [
              116.34730885214485,
              40.01715729800663
            ],
            [
              116.34734564948491,
              40.017203548438395
            ],
            [
              116.34738630228968,
              40.01724784939966
            ],
            [
              116.34743063648133,
              40.01729001118303
            ],
            [
              116.34747846221651,
              40.017329853241215
            ],
            [
              116.34752957469907,
              40.01736720496027
            ],
            [
              116.34758375505702,
              40.017401906390276
            ],
            [
              116.3476407712799,
              40.01743380893024
            ],
            [
              116.34770037921224,
              40.01746277596462
            ],
            [
              116.34776232359917,
              40.01748868344837
            ],
            [
              116.3478263391794,
              40.01751142043808
            ],
            [
              116.34789215182147,
              40.01753088956729
            ],
            [
              116.34795947969742,
              40.017547007463335
            ],
            [
              116.34802803449007,
              40.01755970510449
            ],
            [
              116.34809752262757,
              40.01756892811551
            ],
            [
              116.34816764654079,
              40.0175746370006
            ],
            [
              116.34823810593768,
              40.01757680731246
            ],
            [
              116.34830859908939,
              40.01757542975707
            ],
            [
              116.34837882412255,
              40.01757051023346
            ],
            [
              116.34844848031196,
              40.017562069808456
            ],
            [
              116.34851726936868,
              40.017550144626426
            ],
            [
              116.34858489671751,
              40.01753478575457
            ],
            [
              116.34865107275851,
              40.01751605896408
            ],
            [
              116.34871551410733,
              40.017494044448604
            ],
            [
              116.34877794480877,
              40.01746883648067
            ],
            [
              116.34883809751871,
              40.017440543008085
            ],
            [
              116.3488957146489,
              40.017409285191455
            ],
            [
              116.34895054947022,
              40.01737519688545
            ],
            [
              116.34900236716909,
              40.017338424065464
            ],
            [
              116.34905094585322,
              40.01729912420252
            ],
            [
              116.34909607750164,
              40.0172574655888
            ],
            [
              116.3491375688556,
              40.017213626616964
            ],
            [
              116.34917524224599,
              40.01716779501625
            ],
            [
              116.34920893635416,
              40.01712016704836
            ],
            [
              116.34923850690261,
              40.01707094666712
            ],
            [
              116.34926382727271,
              40.01702034464495
            ],
            [
              116.34928478904679,
              40.01696857767034
            ],
            [
              116.34930130247227,
              40.01691586741986
            ],
            [
              116.34931329684579,
              40.01686243960887
            ],
            [
              116.34932072081587,
              40.01680852302491
            ],
            [
              116.34932354260259,
              40.01675434854806
            ],
            [
              116.34932175013351,
              40.01670014816214
            ],
            [
              116.34931535109523,
              40.0166461539614
            ]
          ],
          [
            [
              116.34905807051231,
              40.016835144619066
            ],
            [
              116.349048944213,
              40.01687579619345
            ],
            [
              116.34903637951278,
              40.016915901790895
            ],
            [
              116.3490204302101,
              40.016955289671884
            ],
            [
              116.3490011645971,
              40.01699379117007
            ],
            [
              116.34897866516744,
              40.017031241414486
            ],
            [
              116.3489530282631,
              40.01706748003557
            ],
            [
              116.34892436366184,
              40.01710235185194
            ],
            [
              116.34889279410721,
              40.01713570753493
            ],
            [
              116.34885845478304,
              40.01716740424807
            ],
            [
              116.34882149273452,
              40.0171973062588
            ],
            [
              116.3487820662385,
              40.01722528551971
            ],
            [
              116.34874034412591,
              40.01725122221692
            ],
            [
              116.34869650505863,
              40.017275005283174
            ],
            [
              116.34865073676441,
              40.017296532873466
            ],
            [
              116.34860323523313,
              40.01731571280125
            ],
            [
              116.34855420387724,
              40.017332462933204
            ],
            [
              116.34850385266083,
              40.017346711540874
            ],
            [
              116.34845239720039,
              40.017358397608064
            ],
            [
              116.34840005784149,
              40.01736747109196
            ],
            [
              116.34834705871502,
              40.01737389313752
            ],
            [
              116.34829362677742,
              40.01737763624388
            ],
            [
              116.34823999083868,
              40.0173786843821
            ],
            [
              116.34818638058246,
              40.01737703306381
            ],
            [
              116.34813302558243,
              40.017372689360435
            ],
            [
              116.34808015431905,
              40.01736567187298
            ],
            [
              116.3480279932011,
              40.01735601065223
            ],
            [
              116.34797676559616,
              40.01734374707015
            ],
            [
              116.3479266908738,
              40.01732893364269
            ],
            [
              116.34787798346643,
              40.017311633804866
            ],
            [
              116.34783085195059,
              40.01729192163913
            ],
            [
              116.34778549815411,
              40.017269881558015
            ],
            [
              116.34774211629156,
              40.01724560794274
            ],
            [
              116.3477008921326,
              40.01721920473897
            ],
            [
              116.34766200220649,
              40.017190785011636
            ],
            [
              116.34762561304612,
              40.01716047046078
            ],
            [
              116.34759188047492,
              40.01712839090036
            ],
            [
              116.34756094893952,
              40.01709468370231
            ],
            [
              116.34753295089132,
              40.017059493208286
            ],
            [
              116.34750800621931,
              40.017022970111505
            ],
            [
              116.3474862217368,
              40.01698527081141
            ],
            [
              116.34746769072393,
              40.01694655674397
            ],
            [
              116.34745249252855,
              40.01690699369025
            ],
            [
              116.34744069222627,
              40.016866751066615
            ],
            [
              116.34743234034207,
              40.01682600119913
            ],
            [
              116.34742747263391,
              40.016784918585685
            ],
            [
              116.34742610993989,
              40.01674367914869
            ],
            [
              116.34742825808893,
              40.016702459481856
            ],
            [
              116.347433907876,
              40.01666143609387
            ],
            [
              116.34744303510168,
              40.01662078465264
            ],
            [
              116.34745560067587,
              40.016580679232966
            ],
            [
              116.34747155078519,
              40.01654129157132
            ],
            [
              116.34749081712373,
              40.01650279033031
            ],
            [
              116.34751331718535,
              40.01646534037649
            ],
            [
              116.3475389546173,
              40.016429102074476
            ],
            [
              116.34756761963277,
              40.01639423060017
            ],
            [
              116.34759918948114,
              40.016360875276376
            ],
            [
              116.34763352897353,
              40.01632917893345
            ],
            [
              116.34767049106196,
              40.01629927729757
            ],
            [
              116.34770991746878,
              40.01627129840977
            ],
            [
              116.34775163936462,
              40.016245362077534
            ],
            [
              116.34779547809136,
              40.01622157936186
            ],
            [
              116.347841245927,
              40.01620005210177
            ],
            [
              116.3478887468896,
              40.01618087247818
            ],
            [
              116.34793777757636,
              40.01616412261919
            ],
            [
              116.34798812803466,
              40.01614987424857
            ],
            [
              116.34803958266097,
              40.01613818837846
            ],
            [
              116.34809192112405,
              40.016129115048315
            ],
            [
              116.3481449193083,
              40.016122693110546
            ],
            [
              116.34819835027335,
              40.01611895006417
            ],
            [
              116.34825198522594,
              40.01611790193711
            ],
            [
              116.34830559449921,
              40.016119553217536
            ],
            [
              116.34835894853637,
              40.01612389683464
            ],
            [
              116.34841181887342,
              40.01613091418896
            ],
            [
              116.34846397911737,
              40.016140575231944
            ],
            [
              116.34851520591567,
              40.016152838594685
            ],
            [
              116.34856527991249,
              40.01616765176496
            ],
            [
              116.34861398668794,
              40.01618495131216
            ],
            [
              116.34866111767613,
              40.01620466315885
            ],
            [
              116.3487064710584,
              40.0162267028979
            ],
            [
              116.34874985262722,
              40.01625097615397
            ],
            [
              116.34879107661793,
              40.01627737898756
            ],
            [
              116.34882996650417,
              40.016305798340035
            ],
            [
              116.3488663557537,
              40.016336112517784
            ],
            [
              116.34890008854164,
              40.016368191713234
            ],
            [
              116.34893102041762,
              40.016401898560694
            ],
            [
              116.34895901892438,
              40.0164370887245
            ],
            [
              116.34898396416506,
              40.01647361151709
            ],
            [
              116.34900574931672,
              40.01651131054422
            ],
            [
              116.3490242810877,
              40.016550024374624
            ],
            [
              116.3490394801172,
              40.01658958723125
            ],
            [
              116.34905128131531,
              40.01662982970114
            ],
            [
              116.34905963414178,
              40.01667057946082
            ],
            [
              116.34906450282244,
              40.016711662014295
            ],
            [
              116.34906586650261,
              40.01675290144012
            ],
            [
              116.34906371933651,
              40.01679412114483
            ],
            [
              116.34905807051231,
              40.016835144619066
            ]
          ]
        ]
      }
    },
    {
      "type": "Feature",
      "id": "CLIMATE-REFUGE-02",
      "properties": {
        "id": "CLIMATE-REFUGE-02",
        "layer": "GREEN_SPACE",
        "source_type": "agent_generated_design",
        "confidence": "low",
        "geometry_role": "design_proposal",
        "land_use_code": "1403",
        "name_zh": "重点区气候庇护环 2",
        "name_en": "Key-area climate refuge ring 2",
        "source_ids": [
          "NASA-POWER-1991-2020"
        ],
        "assumption_ids": [
          "A-CLIMATE-001",
          "A-DRAINAGE-001"
        ],
        "area_sqm_declared": 11188.644
      },
      "geometry": {
        "type": "Polygon",
        "coordinates": [
          [
            [
              116.34870532570001,
              39.988398641327215
            ],
            [
              116.34869435220696,
              39.98834508424457
            ],
            [
              116.34867884844337,
              39.988292193889464
            ],
            [
              116.3486588808087,
              39.98824019674482
            ],
            [
              116.34863453481658,
              39.9881893154682
            ],
            [
              116.34860591472872,
              39.98813976793844
            ],
            [
              116.34857314310811,
              39.988091766322604
            ],
            [
              116.34853636029415,
              39.98804551616768
            ],
            [
              116.34849572380159,
              39.98800121552021
            ],
            [
              116.34845140764591,
              39.98795905407854
            ],
            [
              116.34840360159804,
              39.98791921238036
            ],
            [
              116.34835251037184,
              39.98788186102982
            ],
            [
              116.34829835274734,
              39.987847159967
            ],
            [
              116.34824136063392,
              39.987815257783076
            ],
            [
              116.34818177807733,
              39.98778629108413
            ],
            [
              116.34811986021464,
              39.9877603839062
            ],
            [
              116.34805587218179,
              39.98773764718428
            ],
            [
              116.3479900879784,
              39.9877181782773
            ],
            [
              116.34792278929449,
              39.987702060551264
            ],
            [
              116.3478542643044,
              39.9876893630223
            ],
            [
              116.34778480643303,
              39.98768014006124
            ],
            [
              116.34771471309938,
              39.98767443116069
            ],
            [
              116.3476442844432,
              39.987672260766146
            ],
            [
              116.34757382203999,
              39.98767363817111
            ],
            [
              116.34750362760961,
              39.98767855747747
            ],
            [
              116.34743400172465,
              39.98768699762066
            ],
            [
              116.34736524252341,
              39.987698922459884
            ],
            [
              116.34729764443344,
              39.987714280932835
            ],
            [
              116.34723149691091,
              39.98773300727437
            ],
            [
              116.34716708320128,
              39.98775502129805
            ],
            [
              116.34710467912656,
              39.98778022873944
            ],
            [
              116.34704455190423,
              39.98780852165979
            ],
            [
              116.34698695900327,
              39.987839778908125
            ],
            [
              116.34693214704151,
              39.98787386663999
            ],
            [
              116.34688035072983,
              39.98791063889053
            ],
            [
              116.34683179186698,
              39.987949938199435
            ],
            [
              116.3467866783899,
              39.987991596285205
            ],
            [
              116.34674520348331,
              39.988035434765585
            ],
            [
              116.34670754475235,
              39.98808126592146
            ],
            [
              116.34667386346206,
              39.98812889350059
            ],
            [
              116.34664430384679,
              39.988178113557865
            ],
            [
              116.34661899249227,
              39.98822871532871
            ],
            [
              116.34659803779367,
              39.98828048213137
            ],
            [
              116.34658152949115,
              39.98833319229491
            ],
            [
              116.34656953828545,
              39.98838662010828
            ],
            [
              116.34656211553504,
              39.98844053678683
            ],
            [
              116.34655929303587,
              39.988494711452056
            ],
            [
              116.34656108288523,
              39.9885489121201
            ],
            [
              116.3465674774296,
              39.98860290669531
            ],
            [
              116.34657844929737,
              39.98865646396394
            ],
            [
              116.34659395151566,
              39.98870935458433
            ],
            [
              116.34661391771155,
              39.988761352069055
            ],
            [
              116.34663826239597,
              39.9888122337547
            ],
            [
              116.3466668813296,
              39.988861781755446
            ],
            [
              116.3466996519692,
              39.988909783896155
            ],
            [
              116.34673643399213,
              39.9889560346209
            ],
            [
              116.34677706989721,
              39.989000335873335
            ],
            [
              116.34682138567904,
              39.98904249794481
            ],
            [
              116.346869191573,
              39.989082340286814
            ],
            [
              116.34692028286793,
              39.98911969228421
            ],
            [
              116.34697444078257,
              39.989154393985864
            ],
            [
              116.34703143340263,
              39.98918629678964
            ],
            [
              116.34709101667367,
              39.98921526407885
            ],
            [
              116.3471529354464,
              39.989241171807386
            ],
            [
              116.34721692456928,
              39.989263909030804
            ],
            [
              116.3472827100241,
              39.98928337838159
            ],
            [
              116.34735001009938,
              39.989299496486176
            ],
            [
              116.34741853659696,
              39.98931219432195
            ],
            [
              116.34748799606619,
              39.98932141751282
            ],
            [
              116.3475580910607,
              39.98932712656222
            ],
            [
              116.34762852141235,
              39.98932929702214
            ],
            [
              116.34769898551662,
              39.98932791959797
            ],
            [
              116.34776918162453,
              39.98932300018812
            ],
            [
              116.34783880913479,
              39.98931455985897
            ],
            [
              116.34790756988126,
              39.98930263475446
            ],
            [
              116.34797516941003,
              39.98928727594143
            ],
            [
              116.34804131824025,
              39.98926854919087
            ],
            [
              116.34810573310412,
              39.989246534696214
            ],
            [
              116.34816813815988,
              39.989221326729925
            ],
            [
              116.3482282661732,
              39.98919303323978
            ],
            [
              116.34828585966164,
              39.98916177538647
            ],
            [
              116.34834067199728,
              39.989127687024805
            ],
            [
              116.34839246846288,
              39.98909091413042
            ],
            [
              116.34844102725701,
              39.98905161417466
            ],
            [
              116.34848614044391,
              39.98900995545008
            ],
            [
              116.34852761484389,
              39.988966116349836
            ],
            [
              116.34856527286038,
              39.98892028460368
            ],
            [
              116.34859895324063,
              39.988872656473966
            ],
            [
              116.34862851176587,
              39.9888234359152
            ],
            [
              116.34865382186898,
              39.98877283370054
            ],
            [
              116.34867477517619,
              39.98872106651932
            ],
            [
              116.34869128197121,
              39.988668356049
            ],
            [
              116.34870327157907,
              39.98861492800584
            ],
            [
              116.3487106926686,
              39.9885610111784
            ],
            [
              116.3487135134723,
              39.9885068364478
            ],
            [
              116.3487117219219,
              39.98845263579896
            ],
            [
              116.34870532570001,
              39.988398641327215
            ]
          ],
          [
            [
              116.34844815051864,
              39.988587632384515
            ],
            [
              116.34843902784557,
              39.98862828413557
            ],
            [
              116.34842646819047,
              39.98866838990032
            ],
            [
              116.34841052533014,
              39.988707777938544
            ],
            [
              116.34839126752914,
              39.988746279583225
            ],
            [
              116.34836877724771,
              39.98878372996277
            ],
            [
              116.34834315078865,
              39.98881996870703
            ],
            [
              116.34831449788501,
              39.9888548406341
            ],
            [
              116.34828294123024,
              39.98888819641485
            ],
            [
              116.34824861595293,
              39.98891989321238
            ],
            [
              116.3482116690381,
              39.98894979529381
            ],
            [
              116.34817225869783,
              39.98897777461138
            ],
            [
              116.34813055369386,
              39.989003711350996
            ],
            [
              116.34808673261479,
              39.98902749444522
            ],
            [
              116.34804098311142,
              39.989049022048924
            ],
            [
              116.347993501093,
              39.98906820197553
            ],
            [
              116.34794448988855,
              39.989084952091666
            ],
            [
              116.34789415937583,
              39.989099200668996
            ],
            [
              116.34784272508266,
              39.98911088669145
            ],
            [
              116.34779040726394,
              39.98911996011638
            ],
            [
              116.34773742995837,
              39.98912638208904
            ],
            [
              116.34768402002888,
              39.989130125108865
            ],
            [
              116.34763040619127,
              39.98913117314726
            ],
            [
              116.34757681803448,
              39.98912952171629
            ],
            [
              116.34752348503758,
              39.98912517788791
            ],
            [
              116.34747063558679,
              39.98911816026359
            ],
            [
              116.34741849599752,
              39.98910849889473
            ],
            [
              116.34736728954509,
              39.98909623515394
            ],
            [
              116.34731723550854,
              39.989081421557835
            ],
            [
              116.34726854823157,
              39.98906412154217
            ],
            [
              116.34722143620469,
              39.98904440919013
            ],
            [
              116.34717610117217,
              39.98902236891506
            ],
            [
              116.3471327372682,
              39.98899809509903
            ],
            [
              116.34709153018561,
              39.9889716916885
            ],
            [
              116.34705265638053,
              39.988943271749335
            ],
            [
              116.34701628231674,
              39.98891295698245
            ],
            [
              116.3469825637531,
              39.98888087720275
            ],
            [
              116.3469516450762,
              39.988847169783114
            ],
            [
              116.34692365868246,
              39.98881197906613
            ],
            [
              116.3468987244109,
              39.98877545574596
            ],
            [
              116.34687694903029,
              39.988737756223
            ],
            [
              116.34685842578187,
              39.98869904193419
            ],
            [
              116.34684323398018,
              39.988659478661525
            ],
            [
              116.3468314386735,
              39.98861923582231
            ],
            [
              116.3468230903654,
              39.98857848574353
            ],
            [
              116.34681822479858,
              39.98853740292398
            ],
            [
              116.34681686280194,
              39.98849616328699
            ],
            [
              116.3468190102014,
              39.988454943427065
            ],
            [
              116.3468246577952,
              39.98841391985375
            ],
            [
              116.34683378139329,
              39.98837326823571
            ],
            [
              116.34684634192112,
              39.98833316264859
            ],
            [
              116.34686228558697,
              39.9882937748295
            ],
            [
              116.34688154411242,
              39.98825527344176
            ],
            [
              116.34690403502489,
              39.98821782335255
            ],
            [
              116.3469296620108,
              39.988181584927034
            ],
            [
              116.34695831532805,
              39.9881467133417
            ],
            [
              116.34698987227613,
              39.98811335791979
            ],
            [
              116.34702419772142,
              39.988081661492075
            ],
            [
              116.34706114467605,
              39.988051759785144
            ],
            [
              116.3471005549272,
              39.988023780840294
            ],
            [
              116.34714225971472,
              39.987997844465276
            ],
            [
              116.3471860804537,
              39.98797406172131
            ],
            [
              116.34723182949915,
              39.98795253444745
            ],
            [
              116.34727931094959,
              39.98793335482472
            ],
            [
              116.34732832148585,
              39.98791660498125
            ],
            [
              116.34737865124153,
              39.98790235664072
            ],
            [
              116.34743008470174,
              39.98789067081513
            ],
            [
              116.34748240162585,
              39.987881597543776
            ],
            [
              116.34753537799051,
              39.98787517567879
            ],
            [
              116.34758878694883,
              39.98787143271888
            ],
            [
              116.3476423998017,
              39.987870384691604
            ],
            [
              116.34769598697692,
              39.98787203608471
            ],
            [
              116.34774931901232,
              39.98787637982692
            ],
            [
              116.34780216753806,
              39.9878833973182
            ],
            [
              116.34785430625462,
              39.98789305850946
            ],
            [
              116.34790551190157,
              39.9879053220311
            ],
            [
              116.34795556521364,
              39.98792013537027
            ],
            [
              116.34800425185954,
              39.98793743509559
            ],
            [
              116.34805136335959,
              39.987957147128895
            ],
            [
              116.34809669797852,
              39.98797918706223
            ],
            [
              116.34814006158916,
              39.98800346051942
            ],
            [
              116.34818126850377,
              39.988029863560115
            ],
            [
              116.34822014226908,
              39.9880582831248
            ],
            [
              116.34825651642194,
              39.98808859751894
            ],
            [
              116.34829023520207,
              39.98812067693404
            ],
            [
              116.34832115421904,
              39.98815438400345
            ],
            [
              116.34834914107073,
              39.98818957439057
            ],
            [
              116.34837407591021,
              39.98822609740687
            ],
            [
              116.34839585195903,
              39.98826379665715
            ],
            [
              116.34841437596452,
              39.988302510709175
            ],
            [
              116.34842956859914,
              39.98834207378497
            ],
            [
              116.34844136480042,
              39.988382316470606
            ],
            [
              116.34844971404945,
              39.98842306644172
            ],
            [
              116.34845458058741,
              39.98846414920135
            ],
            [
              116.34845594356887,
              39.98850538882723
            ],
            [
              116.34845379715092,
              39.98854660872501
            ],
            [
              116.34844815051864,
              39.988587632384515
            ]
          ]
        ]
      }
    },
    {
      "type": "Feature",
      "id": "CLIMATE-REFUGE-03",
      "properties": {
        "id": "CLIMATE-REFUGE-03",
        "layer": "GREEN_SPACE",
        "source_type": "agent_generated_design",
        "confidence": "low",
        "geometry_role": "design_proposal",
        "land_use_code": "1403",
        "name_zh": "重点区气候庇护环 3",
        "name_en": "Key-area climate refuge ring 3",
        "source_ids": [
          "NASA-POWER-1991-2020"
        ],
        "assumption_ids": [
          "A-CLIMATE-001",
          "A-DRAINAGE-001"
        ],
        "area_sqm_declared": 11188.644
      },
      "geometry": {
        "type": "Polygon",
        "coordinates": [
          [
            [
              116.34909983744859,
              39.94681536101041
            ],
            [
              116.34908886985465,
              39.9467618036331
            ],
            [
              116.34907337474347,
              39.946708913025574
            ],
            [
              116.34905341847742,
              39.94665691567183
            ],
            [
              116.34902908652145,
              39.94660603423034
            ],
            [
              116.34900048307715,
              39.94655648658064
            ],
            [
              116.34896773063623,
              39.94650848489032
            ],
            [
              116.34893096945592,
              39.94646223470667
            ],
            [
              116.34889035695834,
              39.946417934076386
            ],
            [
              116.34884606705617,
              39.94637577269774
            ],
            [
              116.34879828940801,
              39.94633593110817
            ],
            [
              116.348747228606,
              39.94629857991134
            ],
            [
              116.34869310329995,
              39.94626387904669
            ],
            [
              116.34863614526083,
              39.946231977104546
            ],
            [
              116.34857659838849,
              39.94620301068997
            ],
            [
              116.34851471766721,
              39.9461771038378
            ],
            [
              116.34845076807392,
              39.94615436748162
            ],
            [
              116.34838502344358,
              39.946134898978805
            ],
            [
              116.34831776529683,
              39.94611878169362
            ],
            [
              116.34824928163444,
              39.94610608464033
            ],
            [
              116.34817986570431,
              39.946096862187716
            ],
            [
              116.34810981474591,
              39.94609115382624
            ],
            [
              116.34803942871757,
              39.946088983999054
            ],
            [
              116.34796900901219,
              39.94609036199726
            ],
            [
              116.34789885716688,
              39.94609528192017
            ],
            [
              116.3478292735719,
              39.9461037227006
            ],
            [
              116.34776055618447,
              39.94611564819502
            ],
            [
              116.34769299925308,
              39.94613100733833
            ],
            [
              116.34762689205772,
              39.946149734362486
            ],
            [
              116.34756251767112,
              39.94617174907812
            ],
            [
              116.34750015174696,
              39.946196957217865
            ],
            [
              116.34744006133936,
              39.94622525083996
            ],
            [
              116.34738250375965,
              39.9462565087904
            ],
            [
              116.34732772547447,
              39.94629059722175
            ],
            [
              116.34727596105043,
              39.946327370166124
            ],
            [
              116.34722743214974,
              39.94636667016024
            ],
            [
              116.34718234658109,
              39.94640832891965
            ],
            [
              116.34714089740962,
              39.94645216805925
            ],
            [
              116.3471032621303,
              39.94649799985708
            ],
            [
              116.34706960190776,
              39.94654562805812
            ],
            [
              116.34704006088606,
              39.946594848714604
            ],
            [
              116.34701476557136,
              39.94664545105938
            ],
            [
              116.34699382429011,
              39.94669721840825
            ],
            [
              116.34697732672497,
              39.946749929087915
            ],
            [
              116.3469653435307,
              39.94680335738512
            ],
            [
              116.3469579260314,
              39.94685727451317
            ],
            [
              116.34695510600059,
              39.94691144959158
            ],
            [
              116.34695689552493,
              39.946965650634795
            ],
            [
              116.34696328695226,
              39.947019645545474
            ],
            [
              116.34697425292428,
              39.947073203108474
            ],
            [
              116.34698974649338,
              39.94712609398089
            ],
            [
              116.34700970132366,
              39.9471780916742
            ],
            [
              116.34703403197464,
              39.947228973524105
            ],
            [
              116.3470626342671,
              39.947278521644094
            ],
            [
              116.34709538572908,
              39.94732652385851
            ],
            [
              116.34713214612,
              39.94737277461112
            ],
            [
              116.34717275803135,
              39.94741707584547
            ],
            [
              116.34721704756042,
              39.94745923785299
            ],
            [
              116.347264825055,
              39.94749908008546
            ],
            [
              116.3473158859256,
              39.94753643192819
            ],
            [
              116.3473700115212,
              39.94757113343072
            ],
            [
              116.34742697006594,
              39.9476030359918
            ],
            [
              116.34748651765122,
              39.94763200299577
            ],
            [
              116.34754839928067,
              39.947657910397744
            ],
            [
              116.34761234996176,
              39.94768064725468
            ],
            [
              116.34767809584092,
              39.94770011620066
            ],
            [
              116.34774535537618,
              39.94771623386384
            ],
            [
              116.34781384054294,
              39.94772893122347
            ],
            [
              116.3478832580676,
              39.94773815390555
            ],
            [
              116.34795331068344,
              39.94774386241568
            ],
            [
              116.34802369840374,
              39.94774603230816
            ],
            [
              116.34809411980662,
              39.94774465429079
            ],
            [
              116.34816427332596,
              39.94773973426455
            ],
            [
              116.34823385854286,
              39.947731293298425
            ],
            [
              116.34830257747234,
              39.947719367539115
            ],
            [
              116.34837013583955,
              39.94770400805624
            ],
            [
              116.3484362443399,
              39.94768528062368
            ],
            [
              116.3485006198783,
              39.947663265437754
            ],
            [
              116.34856298678145,
              39.94763805677389
            ],
            [
              116.34862307797839,
              39.94760976258285
            ],
            [
              116.34868063614434,
              39.94757850402832
            ],
            [
              116.34873541480265,
              39.94754441496812
            ],
            [
              116.34878717938025,
              39.94750764138085
            ],
            [
              116.34883570821235,
              39.947468340740826
            ],
            [
              116.34888079349143,
              39.94742668134353
            ],
            [
              116.34892224215731,
              39.947382841585
            ],
            [
              116.34895987672364,
              39.947337009197774
            ],
            [
              116.34899353603802,
              39.94728938044695
            ],
            [
              116.34902307597194,
              39.947240159289706
            ],
            [
              116.3490483700378,
              39.94718955650177
            ],
            [
              116.3490693099306,
              39.9471377887749
            ],
            [
              116.34908580599136,
              39.947085077788884
            ],
            [
              116.34909778759109,
              39.94703164926221
            ],
            [
              116.34910520343294,
              39.946977731985505
            ],
            [
              116.34910802177181,
              39.9469235568418
            ],
            [
              116.34910623054998,
              39.94686935581776
            ],
            [
              116.34909983744859,
              39.94681536101041
            ]
          ],
          [
            [
              116.34884282067974,
              39.94700435555336
            ],
            [
              116.3488337041001,
              39.947045007672344
            ],
            [
              116.34882115261267,
              39.94708511382949
            ],
            [
              116.34880521995922,
              39.94712450228294
            ],
            [
              116.34878597436071,
              39.94716300436388
            ],
            [
              116.34876349822507,
              39.947200455198846
            ],
            [
              116.34873788779454,
              39.94723669441575
            ],
            [
              116.34870925273354,
              39.94727156683068
            ],
            [
              116.34867771565918,
              39.94730492311239
            ],
            [
              116.34864341161611,
              39.94733662042187
            ],
            [
              116.3486064874985,
              39.947366523024
            ],
            [
              116.34856710142081,
              39.94739450286886
            ],
            [
              116.34852542204081,
              39.947420440140064
            ],
            [
              116.34848162783746,
              39.947444223767896
            ],
            [
              116.34843590634637,
              39.94746575190497
            ],
            [
              116.34838845335695,
              39.9474849323624
            ],
            [
              116.34833947207382,
              39.94750168300456
            ],
            [
              116.34828917224662,
              39.94751593210088
            ],
            [
              116.34823776927176,
              39.947527618633046
            ],
            [
              116.34818548327006,
              39.94753669255624
            ],
            [
              116.34813253814389,
              39.94754311501356
            ],
            [
              116.34807916061843,
              39.947546858502385
            ],
            [
              116.34802557927067,
              39.94754790699212
            ],
            [
              116.34797202355047,
              39.94754625599291
            ],
            [
              116.3479187227979,
              39.94754191257482
            ],
            [
              116.34786590526114,
              39.94753489533759
            ],
            [
              116.34781379711896,
              39.94752523433097
            ],
            [
              116.34776262151193,
              39.94751297092598
            ],
            [
              116.34771259758706,
              39.94749815763784
            ],
            [
              116.3476639395591,
              39.94748085790094
            ],
            [
              116.34761685579322,
              39.94746114579729
            ],
            [
              116.34757154791276,
              39.947439105739186
            ],
            [
              116.3475282099356,
              39.947414832107725
            ],
            [
              116.34748702744353,
              39.947388428848605
            ],
            [
              116.34744817678737,
              39.94736000902704
            ],
            [
              116.34741182433184,
              39.94732969434342
            ],
            [
              116.34737812574316,
              39.94729761461232
            ],
            [
              116.34734722532251,
              39.94726390720634
            ],
            [
              116.34731925538803,
              39.947228716468075
            ],
            [
              116.34729433570834,
              39.947192193091745
            ],
            [
              116.3472725729897,
              39.947154493478
            ],
            [
              116.34725406041913,
              39.94711577906414
            ],
            [
              116.34723887726548,
              39.94707621563274
            ],
            [
              116.34722708854002,
              39.947035972601725
            ],
            [
              116.3472187447181,
              39.94699522229895
            ],
            [
              116.34721388152326,
              39.946954139224125
            ],
            [
              116.34721251977422,
              39.94691289930169
            ],
            [
              116.34721466529592,
              39.94687167912739
            ],
            [
              116.34722030889459,
              39.946830655212096
            ],
            [
              116.34722942639735,
              39.946790003225956
            ],
            [
              116.34724197875573,
              39.94674989724614
            ],
            [
              116.34725791221298,
              39.946710509011524
            ],
            [
              116.34727715853448,
              39.94667200718713
            ],
            [
              116.34729963529986,
              39.94663455664207
            ],
            [
              116.34732524625615,
              39.94659831774345
            ],
            [
              116.34735388172989,
              39.94656344566976
            ],
            [
              116.34738541909697,
              39.946530089746354
            ],
            [
              116.34741972330767,
              39.946498392806156
            ],
            [
              116.347456647465,
              39.94646849057796
            ],
            [
              116.34749603345378,
              39.94644051110529
            ],
            [
              116.34753771261775,
              39.946414574198144
            ],
            [
              116.34758150648172,
              39.94639079092002
            ],
            [
              116.34762722751583,
              39.94636926311233
            ],
            [
              116.34767467993849,
              39.946350082958325
            ],
            [
              116.34772366055482,
              39.94633333258842
            ],
            [
              116.34777395962654,
              39.94631908372854
            ],
            [
              116.34782536177018,
              39.94630739739295
            ],
            [
              116.34787764687914,
              39.946298323623104
            ],
            [
              116.34793059106637,
              39.94629190127329
            ],
            [
              116.34798396762267,
              39.94628815784427
            ],
            [
              116.3480375479877,
              39.946287109365635
            ],
            [
              116.3480911027284,
              39.94628876032704
            ],
            [
              116.34814440252146,
              39.94629310365909
            ],
            [
              116.34819721913506,
              39.94630012076347
            ],
            [
              116.34824932640637,
              39.94630978159275
            ],
            [
              116.34830050120955,
              39.9463220447789
            ],
            [
              116.34835052441146,
              39.94633685781049
            ],
            [
              116.34839918180968,
              39.94635415725748
            ],
            [
              116.3484462650498,
              39.94637386904285
            ],
            [
              116.3484915725175,
              39.94639590875973
            ],
            [
              116.34853491020195,
              39.94642018203289
            ],
            [
              116.34857609252639,
              39.94644658492272
            ],
            [
              116.34861494314286,
              39.94647500437036
            ],
            [
              116.34865129568729,
              39.94650531868179
            ],
            [
              116.34868499449195,
              39.94653739804885
            ],
            [
              116.348715895252,
              39.9465711051051
            ],
            [
              116.34874386564346,
              39.94660629551398
            ],
            [
              116.3487687858899,
              39.94664281858688
            ],
            [
              116.34879054927535,
              39.946680517928364
            ],
            [
              116.34880906260139,
              39.946719232105785
            ],
            [
              116.34882424658626,
              39.94675879534062
            ],
            [
              116.34883603620447,
              39.94679903821829
            ],
            [
              116.34884438096536,
              39.946839788413556
            ],
            [
              116.34884924512933,
              39.946880871428554
            ],
            [
              116.3488506078611,
              39.94692211133989
            ],
            [
              116.3488484633189,
              39.946963331552006
            ],
            [
              116.34884282067974,
              39.94700435555336
            ]
          ]
        ]
      }
    },
    {
      "type": "Feature",
      "id": "TREE-CANOPY-PROOF-01",
      "properties": {
        "id": "TREE-CANOPY-PROOF-01",
        "layer": "GREEN_SPACE",
        "source_type": "agent_generated_design",
        "confidence": "medium",
        "geometry_role": "design_proposal",
        "name_zh": "验证院 夏季落叶树冠 1",
        "name_en": "Proof Yard summer deciduous canopy 1",
        "green_subtype": "deciduous_canopy_proxy",
        "summer_only_shade": true,
        "canopy_diameter_m": 12,
        "source_ids": [
          "AGENT-TASKBOOK"
        ],
        "assumption_ids": [
          "A-CLIMATE-001",
          "A-PROTOTYPE-001"
        ],
        "area_sqm_declared": 112.372
      },
      "geometry": {
        "type": "Polygon",
        "coordinates": [
          [
            [
              116.34775641223655,
              40.01635674173463
            ],
            [
              116.34775250969537,
              40.016346582908064
            ],
            [
              116.34774610453947,
              40.016337204671906
            ],
            [
              116.3477374429161,
              40.0163289674261
            ],
            [
              116.34772685768694,
              40.016322187722956
            ],
            [
              116.34771475563609,
              40.01631712610218
            ],
            [
              116.347701601838,
              40.01631397707864
            ],
            [
              116.34768790178471,
              40.01631286166726
            ],
            [
              116.34767418196037,
              40.016313822732556
            ],
            [
              116.347660969609,
              40.01631682334142
            ],
            [
              116.34764877247272,
              40.016321748182385
            ],
            [
              116.34763805927999,
              40.01632840799694
            ],
            [
              116.34762924173249,
              40.016336546852614
            ],
            [
              116.34762265868385,
              40.01634585197819
            ],
            [
              116.34761856311759,
              40.016355965783326
            ],
            [
              116.34761711242508,
              40.01636649960042
            ],
            [
              116.34761836235674,
              40.01637704862092
            ],
            [
              116.34762226487965,
              40.0163872074518
            ],
            [
              116.3476286700231,
              40.01639658569463
            ],
            [
              116.34763733164169,
              40.01640482294843
            ],
            [
              116.34764791687458,
              40.0164116026597
            ],
            [
              116.34766001893696,
              40.01641666428744
            ],
            [
              116.34767317275275,
              40.016419813315814
            ],
            [
              116.34768687282713,
              40.01642092872909
            ],
            [
              116.34770059267275,
              40.01641996766247
            ],
            [
              116.34771380504245,
              40.01641696704927
            ],
            [
              116.34772600219118,
              40.01641204220166
            ],
            [
              116.34773671538868,
              40.016405382379105
            ],
            [
              116.34774553293248,
              40.01639724351532
            ],
            [
              116.34775211596954,
              40.016387938382735
            ],
            [
              116.3477562115181,
              40.01637782457279
            ],
            [
              116.34775766218955,
              40.016367290753806
            ],
            [
              116.34775641223655,
              40.01635674173463
            ]
          ]
        ]
      }
    },
    {
      "type": "Feature",
      "id": "TREE-CANOPY-PROOF-02",
      "properties": {
        "id": "TREE-CANOPY-PROOF-02",
        "layer": "GREEN_SPACE",
        "source_type": "agent_generated_design",
        "confidence": "medium",
        "geometry_role": "design_proposal",
        "name_zh": "验证院 夏季落叶树冠 2",
        "name_en": "Proof Yard summer deciduous canopy 2",
        "green_subtype": "deciduous_canopy_proxy",
        "summer_only_shade": true,
        "canopy_diameter_m": 12,
        "source_ids": [
          "AGENT-TASKBOOK"
        ],
        "assumption_ids": [
          "A-CLIMATE-001",
          "A-PROTOTYPE-001"
        ],
        "area_sqm_declared": 112.372
      },
      "geometry": {
        "type": "Polygon",
        "coordinates": [
          [
            [
              116.3480257992591,
              40.01635825763809
            ],
            [
              116.34802189667778,
              40.01634809882028
            ],
            [
              116.34801549148466,
              40.01633872059871
            ],
            [
              116.34800682982844,
              40.01633048337279
            ],
            [
              116.34799624457204,
              40.01632370369403
            ],
            [
              116.34798414250064,
              40.01631864210123
            ],
            [
              116.34797098868944,
              40.016315493108166
            ],
            [
              116.34795728863104,
              40.016314377728584
            ],
            [
              116.34794356880978,
              40.01631533882582
            ],
            [
              116.34793035646946,
              40.01631833946549
            ],
            [
              116.34791815935189,
              40.016323264334964
            ],
            [
              116.34790744618478,
              40.016329924174634
            ],
            [
              116.34789862866882,
              40.016338063051045
            ],
            [
              116.34789204565644,
              40.01634736819222
            ],
            [
              116.34788795012973,
              40.0163574820072
            ],
            [
              116.34788649947853,
              40.016368015828
            ],
            [
              116.34788774945174,
              40.01637856484592
            ],
            [
              116.3478916520148,
              40.016388723668044
            ],
            [
              116.34789805719545,
              40.01639810189628
            ],
            [
              116.34790671884691,
              40.0164063391302
            ],
            [
              116.34791730410703,
              40.01641311881707
            ],
            [
              116.34792940618998,
              40.01641818041685
            ],
            [
              116.34794256001884,
              40.01642132941473
            ],
            [
              116.34795626009833,
              40.01642244479619
            ],
            [
              116.34796997994093,
              40.016421483697656
            ],
            [
              116.34798319229952,
              40.016418483053656
            ],
            [
              116.34799538942953,
              40.01641355817753
            ],
            [
              116.3480061026014,
              40.01640689832987
            ],
            [
              116.34801492011368,
              40.01639875944533
            ],
            [
              116.34802150311452,
              40.016389454297155
            ],
            [
              116.34802559862354,
              40.01637934047738
            ],
            [
              116.34802704925363,
              40.01636880665469
            ],
            [
              116.3480257992591,
              40.01635825763809
            ]
          ]
        ]
      }
    },
    {
      "type": "Feature",
      "id": "TREE-CANOPY-PROOF-03",
      "properties": {
        "id": "TREE-CANOPY-PROOF-03",
        "layer": "GREEN_SPACE",
        "source_type": "agent_generated_design",
        "confidence": "medium",
        "geometry_role": "design_proposal",
        "name_zh": "验证院 夏季落叶树冠 3",
        "name_en": "Proof Yard summer deciduous canopy 3",
        "green_subtype": "deciduous_canopy_proxy",
        "summer_only_shade": true,
        "canopy_diameter_m": 12,
        "source_ids": [
          "AGENT-TASKBOOK"
        ],
        "assumption_ids": [
          "A-CLIMATE-001",
          "A-PROTOTYPE-001"
        ],
        "area_sqm_declared": 112.372
      },
      "geometry": {
        "type": "Polygon",
        "coordinates": [
          [
            [
              116.34861142329159,
              40.016361550920244
            ],
            [
              116.34860752062293,
              40.01635139212146
            ],
            [
              116.34860111534893,
              40.01634201393163
            ],
            [
              116.3485924536213,
              40.016333776748915
            ],
            [
              116.3485818683057,
              40.016326997123194
            ],
            [
              116.34856976618963,
              40.0163219355912
            ],
            [
              116.34855661235001,
              40.01631878666439
            ],
            [
              116.34854291228046,
              40.01631767135398
            ],
            [
              116.34852919246579,
              40.0163186325206
            ],
            [
              116.3485159801496,
              40.01632163322724
            ],
            [
              116.34850378307272,
              40.016326558158674
            ],
            [
              116.34849306996126,
              40.01633321805293
            ],
            [
              116.34848425251386,
              40.01634135697446
            ],
            [
              116.34847766958022,
              40.01635066214954
            ],
            [
              116.34847357413949,
              40.016360775985895
            ],
            [
              116.34847212357816,
              40.01637130981473
            ],
            [
              116.3484733736417,
              40.01638185882706
            ],
            [
              116.34847727629206,
              40.016392017630146
            ],
            [
              116.34848368155363,
              40.016401395826655
            ],
            [
              116.34849234327649,
              40.016409633017375
            ],
            [
              116.34850292859578,
              40.0164164126512
            ],
            [
              116.34851503072342,
              40.016421474190174
            ],
            [
              116.34852818458072,
              40.01642462312181
            ],
            [
              116.34854188467136,
              40.0164257384341
            ],
            [
              116.34855560450731,
              40.016424777266174
            ],
            [
              116.3485688168418,
              40.016421776555205
            ],
            [
              116.34858101393117,
              40.016416851617095
            ],
            [
              116.34859172704736,
              40.01641019171486
            ],
            [
              116.34860054449109,
              40.01640205278522
            ],
            [
              116.34860712741315,
              40.01639274760314
            ],
            [
              116.3486112228362,
              40.01638263376198
            ],
            [
              116.34861267337642,
              40.01637209993124
            ],
            [
              116.34861142329159,
              40.016361550920244
            ]
          ]
        ]
      }
    },
    {
      "type": "Feature",
      "id": "TREE-CANOPY-PROOF-04",
      "properties": {
        "id": "TREE-CANOPY-PROOF-04",
        "layer": "GREEN_SPACE",
        "source_type": "agent_generated_design",
        "confidence": "medium",
        "geometry_role": "design_proposal",
        "name_zh": "验证院 夏季落叶树冠 4",
        "name_en": "Proof Yard summer deciduous canopy 4",
        "green_subtype": "deciduous_canopy_proxy",
        "summer_only_shade": true,
        "canopy_diameter_m": 12,
        "source_ids": [
          "AGENT-TASKBOOK"
        ],
        "assumption_ids": [
          "A-CLIMATE-001",
          "A-PROTOTYPE-001"
        ],
        "area_sqm_declared": 112.372
      },
      "geometry": {
        "type": "Polygon",
        "coordinates": [
          [
            [
              116.34888081037889,
              40.016363064836355
            ],
            [
              116.34887690767007,
              40.016352906046336
            ],
            [
              116.34887050235884,
              40.01634352787109
            ],
            [
              116.34886184059837,
              40.016335290708255
            ],
            [
              116.34885125525554,
              40.01632851110693
            ],
            [
              116.34883915311893,
              40.01632344960292
            ],
            [
              116.34882599926621,
              40.01632030070659
            ],
            [
              116.34881229919155,
              40.01631918542797
            ],
            [
              116.34879857937993,
              40.016320146626526
            ],
            [
              116.34878536707484,
              40.01632314736397
            ],
            [
              116.34877317001666,
              40.01632807232391
            ],
            [
              116.34876245693083,
              40.01633473224327
            ],
            [
              116.34875363951491,
              40.01634287118556
            ],
            [
              116.34874705661754,
              40.01635217637624
            ],
            [
              116.34874296121635,
              40.01636229022242
            ],
            [
              116.34874151069637,
              40.01637282405496
            ],
            [
              116.34874276080146,
              40.01638337306471
            ],
            [
              116.34874666349197,
              40.016393531859045
            ],
            [
              116.34875306879074,
              40.01640291004096
            ],
            [
              116.34876173054647,
              40.01641114721179
            ],
            [
              116.34877231589299,
              40.01641792682123
            ],
            [
              116.34878441804116,
              40.01642298833223
            ],
            [
              116.34879757191156,
              40.01642613723338
            ],
            [
              116.34881127200731,
              40.016427252513864
            ],
            [
              116.34882499184022,
              40.01642629131401
            ],
            [
              116.34883820416363,
              40.01642329057224
            ],
            [
              116.34885040123424,
              40.01641836560564
            ],
            [
              116.34886111432485,
              40.01641170567828
            ],
            [
              116.34886993173706,
              40.01640356672789
            ],
            [
              116.34887651462287,
              40.01639426153022
            ],
            [
              116.34888061000638,
              40.016384147679226
            ],
            [
              116.34888206050526,
              40.016373613844785
            ],
            [
              116.34888081037889,
              40.016363064836355
            ]
          ]
        ]
      }
    },
    {
      "type": "Feature",
      "id": "TREE-CANOPY-PROOF-05",
      "properties": {
        "id": "TREE-CANOPY-PROOF-05",
        "layer": "GREEN_SPACE",
        "source_type": "agent_generated_design",
        "confidence": "medium",
        "geometry_role": "design_proposal",
        "name_zh": "验证院 夏季落叶树冠 5",
        "name_en": "Proof Yard summer deciduous canopy 5",
        "green_subtype": "deciduous_canopy_proxy",
        "summer_only_shade": true,
        "canopy_diameter_m": 12,
        "source_ids": [
          "AGENT-TASKBOOK"
        ],
        "assumption_ids": [
          "A-CLIMATE-001",
          "A-PROTOTYPE-001"
        ],
        "area_sqm_declared": 112.372
      },
      "geometry": {
        "type": "Polygon",
        "coordinates": [
          [
            [
              116.34784908336486,
              40.0164653361409
            ],
            [
              116.34784518080392,
              40.01645517731749
            ],
            [
              116.34783877562529,
              40.01644579908645
            ],
            [
              116.34783011397717,
              40.016437561847525
            ],
            [
              116.34781952872204,
              40.01643078215276
            ],
            [
              116.34780742664518,
              40.016425720541555
            ],
            [
              116.34779427282189,
              40.01642257152839
            ],
            [
              116.34778057274525,
              40.0164214561278
            ],
            [
              116.3477668529003,
              40.0164224172039
            ],
            [
              116.34775364053182,
              40.016425417823136
            ],
            [
              116.34774144338265,
              40.016430342673644
            ],
            [
              116.34773073018167,
              40.01643700249657
            ],
            [
              116.34772191263094,
              40.01644514135912
            ],
            [
              116.34771532958418,
              40.01645444648982
            ],
            [
              116.34771123402489,
              40.0164645602981
            ],
            [
              116.34770978334404,
              40.01647509411626
            ],
            [
              116.34771103329176,
              40.01648564313569
            ],
            [
              116.3477149358344,
              40.016495801963416
            ],
            [
              116.34772134100056,
              40.016505180201136
            ],
            [
              116.34773000264396,
              40.01651341744805
            ],
            [
              116.34774058790275,
              40.016520197150925
            ],
            [
              116.3477526899912,
              40.01652525876913
            ],
            [
              116.34776584383215,
              40.01652840778711
            ],
            [
              116.3477795439299,
              40.01652952318958
            ],
            [
              116.34779326379613,
              40.01652856211218
            ],
            [
              116.34780647618292,
              40.01652556148861
            ],
            [
              116.34781867334456,
              40.016520636631434
            ],
            [
              116.34782938655027,
              40.016513976800496
            ],
            [
              116.34783820409733,
              40.01650583792984
            ],
            [
              116.34784478713252,
              40.01649653279216
            ],
            [
              116.34784888267416,
              40.01648641897906
            ],
            [
              116.34785033333387,
              40.01647588515902
            ],
            [
              116.34784908336486,
              40.0164653361409
            ]
          ]
        ]
      }
    },
    {
      "type": "Feature",
      "id": "TREE-CANOPY-PROOF-06",
      "properties": {
        "id": "TREE-CANOPY-PROOF-06",
        "layer": "GREEN_SPACE",
        "source_type": "agent_generated_design",
        "confidence": "medium",
        "geometry_role": "design_proposal",
        "name_zh": "验证院 夏季落叶树冠 6",
        "name_en": "Proof Yard summer deciduous canopy 6",
        "green_subtype": "deciduous_canopy_proxy",
        "summer_only_shade": true,
        "canopy_diameter_m": 12,
        "source_ids": [
          "AGENT-TASKBOOK"
        ],
        "assumption_ids": [
          "A-CLIMATE-001",
          "A-PROTOTYPE-001"
        ],
        "area_sqm_declared": 112.372
      },
      "geometry": {
        "type": "Polygon",
        "coordinates": [
          [
            [
              116.34810675832094,
              40.01646678594573
            ],
            [
              116.34810285572156,
              40.016456627130694
            ],
            [
              116.34809645050737,
              40.01644724891361
            ],
            [
              116.3480877888278,
              40.0164390116937
            ],
            [
              116.34807720354664,
              40.01643223202226
            ],
            [
              116.3480651014501,
              40.01642717043783
            ],
            [
              116.3480519476143,
              40.0164240214538
            ],
            [
              116.34803824753277,
              40.01642290608364
            ],
            [
              116.34802452769075,
              40.01642386719026
            ],
            [
              116.34801131533285,
              40.01642686783898
            ],
            [
              116.34799911820157,
              40.01643179271676
            ],
            [
              116.3479884050251,
              40.01643845256371
            ],
            [
              116.34797958750451,
              40.01644659144611
            ],
            [
              116.34797300449243,
              40.016455896591715
            ],
            [
              116.34796890897094,
              40.016466010409395
            ],
            [
              116.34796745832965,
              40.01647654423111
            ],
            [
              116.34796870831711,
              40.016487093248074
            ],
            [
              116.34797261089818,
              40.016497252067424
            ],
            [
              116.34797901609993,
              40.01650663029118
            ],
            [
              116.34798767777474,
              40.01651486751908
            ],
            [
              116.3479982630596,
              40.01652164719862
            ],
            [
              116.34801036516768,
              40.01652670879007
            ],
            [
              116.34802351902117,
              40.016529857778906
            ],
            [
              116.34803721912382,
              40.01653097315096
            ],
            [
              116.34805093898713,
              40.01653001204301
            ],
            [
              116.3480641513633,
              40.01652701138998
            ],
            [
              116.34807634850705,
              40.016522086505525
            ],
            [
              116.34808706168826,
              40.01651542665058
            ],
            [
              116.34809587920515,
              40.01650728776007
            ],
            [
              116.34810246220567,
              40.016497982607476
            ],
            [
              116.3481065577095,
              40.01648786878497
            ],
            [
              116.34810800832969,
              40.01647733496139
            ],
            [
              116.34810675832094,
              40.01646678594573
            ]
          ]
        ]
      }
    },
    {
      "type": "Feature",
      "id": "TREE-CANOPY-PROOF-07",
      "properties": {
        "id": "TREE-CANOPY-PROOF-07",
        "layer": "GREEN_SPACE",
        "source_type": "agent_generated_design",
        "confidence": "medium",
        "geometry_role": "design_proposal",
        "name_zh": "验证院 夏季落叶树冠 7",
        "name_en": "Proof Yard summer deciduous canopy 7",
        "green_subtype": "deciduous_canopy_proxy",
        "summer_only_shade": true,
        "canopy_diameter_m": 12,
        "source_ids": [
          "AGENT-TASKBOOK"
        ],
        "assumption_ids": [
          "A-CLIMATE-001",
          "A-PROTOTYPE-001"
        ],
        "area_sqm_declared": 112.372
      },
      "geometry": {
        "type": "Polygon",
        "coordinates": [
          [
            [
              116.3485284082893,
              40.01646915711789
            ],
            [
              116.34852450562708,
              40.016458998316565
            ],
            [
              116.34851810035462,
              40.01644962012233
            ],
            [
              116.34850943862365,
              40.01644138293353
            ],
            [
              116.34849885329987,
              40.01643460330028
            ],
            [
              116.34848675117118,
              40.01642954175963
            ],
            [
              116.3484735973149,
              40.016426392823305
            ],
            [
              116.34845989722534,
              40.01642527750294
            ],
            [
              116.34844617738808,
              40.01642623865953
            ],
            [
              116.34843296504756,
              40.01642923935646
            ],
            [
              116.34842076794557,
              40.016434164278856
            ],
            [
              116.34841005480916,
              40.016440824165116
            ],
            [
              116.34840123733795,
              40.016448963079995
            ],
            [
              116.34839465438256,
              40.01645826825
            ],
            [
              116.34839055892299,
              40.01646838208309
            ],
            [
              116.3483891083464,
              40.01647891591059
            ],
            [
              116.34839035839887,
              40.01648946492352
            ],
            [
              116.3483942610428,
              40.01649962372917
            ],
            [
              116.3484006663028,
              40.016509001930075
            ],
            [
              116.34840932802904,
              40.01651723912686
            ],
            [
              116.3484199133565,
              40.01652401876822
            ],
            [
              116.34843201549675,
              40.01652908031589
            ],
            [
              116.34844516937072,
              40.01653222925702
            ],
            [
              116.34845886948139,
              40.01653334457927
            ],
            [
              116.34847258933993,
              40.016532383421364
            ],
            [
              116.34848580169876,
              40.016529382720115
            ],
            [
              116.3484979988132,
              40.016524457791036
            ],
            [
              116.34850871195434,
              40.01651779789679
            ],
            [
              116.34851752942188,
              40.0165096589738
            ],
            [
              116.3485241123657,
              40.0165003537968
            ],
            [
              116.34852820780762,
              40.016490239958905
            ],
            [
              116.34852965836309,
              40.01647970612952
            ],
            [
              116.3485284082893,
              40.01646915711789
            ]
          ]
        ]
      }
    },
    {
      "type": "Feature",
      "id": "TREE-CANOPY-PROOF-08",
      "properties": {
        "id": "TREE-CANOPY-PROOF-08",
        "layer": "GREEN_SPACE",
        "source_type": "agent_generated_design",
        "confidence": "medium",
        "geometry_role": "design_proposal",
        "name_zh": "验证院 夏季落叶树冠 8",
        "name_en": "Proof Yard summer deciduous canopy 8",
        "green_subtype": "deciduous_canopy_proxy",
        "summer_only_shade": true,
        "canopy_diameter_m": 12,
        "source_ids": [
          "AGENT-TASKBOOK"
        ],
        "assumption_ids": [
          "A-CLIMATE-001",
          "A-PROTOTYPE-001"
        ],
        "area_sqm_declared": 112.372
      },
      "geometry": {
        "type": "Polygon",
        "coordinates": [
          [
            [
              116.34878608329458,
              40.016470605412394
            ],
            [
              116.34878218059396,
              40.01646044661944
            ],
            [
              116.34877577528589,
              40.01645106843916
            ],
            [
              116.3487671135235,
              40.01644283126938
            ],
            [
              116.34875652817368,
              40.01643605165947
            ],
            [
              116.3487444260253,
              40.01643099014556
            ],
            [
              116.34873127215651,
              40.0164278412384
            ],
            [
              116.34871757206206,
              40.01642672594845
            ],
            [
              116.34870385222771,
              40.01642768713558
            ],
            [
              116.34869063989781,
              40.016430687861984
            ],
            [
              116.34867844281369,
              40.01643561281164
            ],
            [
              116.34866772970182,
              40.016442272721925
            ],
            [
              116.34865891226075,
              40.01645041165665
            ],
            [
              116.34865232934003,
              40.016459716841574
            ],
            [
              116.34864823391825,
              40.01646983068405
            ],
            [
              116.34864678338123,
              40.016480364515104
            ],
            [
              116.34864803347344,
              40.016490913525566
            ],
            [
              116.34865193615579,
              40.01650107232284
            ],
            [
              116.34865834145137,
              40.01651045050979
            ],
            [
              116.34866700320904,
              40.016518687687565
            ],
            [
              116.34867758856254,
              40.0165254673056
            ],
            [
              116.34868969072245,
              40.01653052882649
            ],
            [
              116.34870284460894,
              40.016533677738465
            ],
            [
              116.3487165447245,
              40.016534793030296
            ],
            [
              116.34873026458014,
              40.016533831841855
            ],
            [
              116.34874347692835,
              40.01653083111114
            ],
            [
              116.3487556740249,
              40.0165259061548
            ],
            [
              116.34876638714154,
              40.01651924623653
            ],
            [
              116.3487752045789,
              40.016511107293695
            ],
            [
              116.34878178748806,
              40.016501802101764
            ],
            [
              116.34878588289216,
              40.016491688254476
            ],
            [
              116.34878733340808,
              40.016481154421555
            ],
            [
              116.34878608329458,
              40.016470605412394
            ]
          ]
        ]
      }
    },
    {
      "type": "Feature",
      "id": "TREE-CANOPY-PROOF-09",
      "properties": {
        "id": "TREE-CANOPY-PROOF-09",
        "layer": "GREEN_SPACE",
        "source_type": "agent_generated_design",
        "confidence": "medium",
        "geometry_role": "design_proposal",
        "name_zh": "验证院 夏季落叶树冠 9",
        "name_en": "Proof Yard summer deciduous canopy 9",
        "green_subtype": "deciduous_canopy_proxy",
        "summer_only_shade": true,
        "canopy_diameter_m": 12,
        "source_ids": [
          "AGENT-TASKBOOK"
        ],
        "assumption_ids": [
          "A-CLIMATE-001",
          "A-PROTOTYPE-001"
        ],
        "area_sqm_declared": 112.372
      },
      "geometry": {
        "type": "Polygon",
        "coordinates": [
          [
            [
              116.3478441112205,
              40.01698766025713
            ],
            [
              116.34784020863158,
              40.01697750143424
            ],
            [
              116.34783380340579,
              40.01696812320336
            ],
            [
              116.34782514169306,
              40.01695988596428
            ],
            [
              116.34781455635844,
              40.016953106269035
            ],
            [
              116.34780245419019,
              40.01694804465703
            ],
            [
              116.34778930026718,
              40.01694489564278
            ],
            [
              116.3477756000863,
              40.01694378024086
            ],
            [
              116.34776188013659,
              40.016944741315434
            ],
            [
              116.34774866766683,
              40.016947741933045
            ],
            [
              116.3477364704238,
              40.01695266678185
            ],
            [
              116.34772575713997,
              40.01695932660306
            ],
            [
              116.34771693952061,
              40.01696746546394
            ],
            [
              116.34771035642201,
              40.01697677059312
            ],
            [
              116.34770626082968,
              40.016986884400055
            ],
            [
              116.34770481013595,
              40.016997418217116
            ],
            [
              116.34770606009134,
              40.01700796723572
            ],
            [
              116.34770996266197,
              40.01701812606293
            ],
            [
              116.34771636787528,
              40.017027504300465
            ],
            [
              116.34772502958326,
              40.017035741547545
            ],
            [
              116.34773561492159,
              40.017042521250914
            ],
            [
              116.34774771710141,
              40.0170475828699
            ],
            [
              116.34776087104208,
              40.01705073188897
            ],
            [
              116.34777457124407,
              40.01705184729278
            ],
            [
              116.3477882912151,
              40.01705088621687
            ],
            [
              116.34780150370312,
              40.01704788559497
            ],
            [
              116.34781370095862,
              40.017042960739495
            ],
            [
              116.34782441424719,
              40.01703630091028
            ],
            [
              116.3478332318629,
              40.017028162041264
            ],
            [
              116.34783981494991,
              40.01701885690512
            ],
            [
              116.34784391052455,
              40.01700874309335
            ],
            [
              116.34784536119719,
              40.01699820927442
            ],
            [
              116.3478441112205,
              40.01698766025713
            ]
          ]
        ]
      }
    },
    {
      "type": "Feature",
      "id": "TREE-CANOPY-PROOF-10",
      "properties": {
        "id": "TREE-CANOPY-PROOF-10",
        "layer": "GREEN_SPACE",
        "source_type": "agent_generated_design",
        "confidence": "medium",
        "geometry_role": "design_proposal",
        "name_zh": "验证院 夏季落叶树冠 10",
        "name_en": "Proof Yard summer deciduous canopy 10",
        "green_subtype": "deciduous_canopy_proxy",
        "summer_only_shade": true,
        "canopy_diameter_m": 12,
        "source_ids": [
          "AGENT-TASKBOOK"
        ],
        "assumption_ids": [
          "A-CLIMATE-001",
          "A-PROTOTYPE-001"
        ],
        "area_sqm_declared": 112.372
      },
      "geometry": {
        "type": "Polygon",
        "coordinates": [
          [
            [
              116.34878111829288,
              40.01699292962552
            ],
            [
              116.3487772155643,
              40.016982770833096
            ],
            [
              116.34877081020905,
              40.01697339265298
            ],
            [
              116.34876214838204,
              40.01696515548305
            ],
            [
              116.34875156295271,
              40.016958375872655
            ],
            [
              116.34873946071298,
              40.016953314357934
            ],
            [
              116.34872630674444,
              40.01695016544971
            ],
            [
              116.34871260654576,
              40.01694905015843
            ],
            [
              116.34869888660664,
              40.01695001134404
            ],
            [
              116.34868567417547,
              40.01695301206881
            ],
            [
              116.34867347699752,
              40.016957937016755
            ],
            [
              116.34866276380276,
              40.01696459692532
            ],
            [
              116.34865394629306,
              40.01697273585838
            ],
            [
              116.34864736332052,
              40.0169820410418
            ],
            [
              116.34864326786575,
              40.01699215488295
            ],
            [
              116.3486418173158,
              40.017002688712886
            ],
            [
              116.3486430674157,
              40.017013237722516
            ],
            [
              116.348646970126,
              40.01702339651929
            ],
            [
              116.34865337546879,
              40.017032774706045
            ],
            [
              116.34866203729102,
              40.017041011884
            ],
            [
              116.34867262272404,
              40.0170477915025
            ],
            [
              116.34868472497536,
              40.017052853024204
            ],
            [
              116.34869787896156,
              40.01705600193725
            ],
            [
              116.34871157918136,
              40.01705711723041
            ],
            [
              116.34872529914179,
              40.017056156043466
            ],
            [
              116.34873851159124,
              40.0170531553144
            ],
            [
              116.34875070878165,
              40.017048230359784
            ],
            [
              116.34876142198114,
              40.01704157044322
            ],
            [
              116.34877023948718,
              40.01703343150204
            ],
            [
              116.34877682244814,
              40.01702412631165
            ],
            [
              116.34878091788524,
              40.01701401246568
            ],
            [
              116.34878236841406,
              40.01700347863386
            ],
            [
              116.34878111829288,
              40.01699292962552
            ]
          ]
        ]
      }
    },
    {
      "type": "Feature",
      "id": "WET-NODE-PY-FOREBAY",
      "properties": {
        "id": "WET-NODE-PY-FOREBAY",
        "layer": "GREEN_SPACE",
        "source_type": "agent_generated_design",
        "confidence": "medium",
        "geometry_role": "design_proposal",
        "name_zh": "沉砂前池",
        "name_en": "silt forebay",
        "green_subtype": "wet_chain_node",
        "wet_chain_stage": "silt_forebay",
        "hydraulic_capacity_status": "unknown_pending_engineering",
        "source_ids": [
          "AGENT-TASKBOOK"
        ],
        "assumption_ids": [
          "A-DRAINAGE-001",
          "A-PROTOTYPE-001"
        ],
        "area_sqm_declared": 28.093
      },
      "geometry": {
        "type": "Polygon",
        "coordinates": [
          [
            [
              116.34756032642548,
              40.01610873891541
            ],
            [
              116.34755837517615,
              40.016103659498825
            ],
            [
              116.34755517262246,
              40.01609897037541
            ],
            [
              116.34755084183696,
              40.01609485174551
            ],
            [
              116.34754554924938,
              40.01609146188562
            ],
            [
              116.34753949825084,
              40.01608893106602
            ],
            [
              116.34753292137763,
              40.01608735654465
            ],
            [
              116.34752607137506,
              40.016086798829356
            ],
            [
              116.3475192114846,
              40.016087279352824
            ],
            [
              116.3475126053277,
              40.01608877964882
            ],
            [
              116.34750650677495,
              40.01609124206186
            ],
            [
              116.3475011501902,
              40.01609457196291
            ],
            [
              116.3474967414239,
              40.01609864138585
            ],
            [
              116.34749344990252,
              40.016103293945136
            ],
            [
              116.34749140211753,
              40.01610835084562
            ],
            [
              116.34749067676442,
              40.01611361775357
            ],
            [
              116.34749130171842,
              40.01611889226463
            ],
            [
              116.3474932529632,
              40.01612397168231
            ],
            [
              116.34749645551376,
              40.01612866080738
            ],
            [
              116.34750078629806,
              40.01613277943929
            ],
            [
              116.34750607888655,
              40.01613616930122
            ],
            [
              116.347512129888,
              40.01613870012254
            ],
            [
              116.34751870676563,
              40.01614027464513
            ],
            [
              116.34752555677348,
              40.016140832360904
            ],
            [
              116.34753241666925,
              40.016140351837095
            ],
            [
              116.34753902283073,
              40.01613885154003
            ],
            [
              116.34754512138659,
              40.01613638912531
            ],
            [
              116.34755047797253,
              40.016133059222255
            ],
            [
              116.34755488673792,
              40.0161289897973
            ],
            [
              116.34755817825643,
              40.016124337236256
            ],
            [
              116.34756022603699,
              40.016119280334564
            ],
            [
              116.3475609513848,
              40.01611401342616
            ],
            [
              116.34756032642548,
              40.01610873891541
            ]
          ]
        ]
      }
    },
    {
      "type": "Feature",
      "id": "WET-NODE-PY-BIOSWALE",
      "properties": {
        "id": "WET-NODE-PY-BIOSWALE",
        "layer": "GREEN_SPACE",
        "source_type": "agent_generated_design",
        "confidence": "medium",
        "geometry_role": "design_proposal",
        "name_zh": "轨床雨水沟",
        "name_en": "rail-bed bioswale",
        "green_subtype": "wet_chain_node",
        "wet_chain_stage": "rail_bed_bioswale",
        "hydraulic_capacity_status": "unknown_pending_engineering",
        "source_ids": [
          "AGENT-TASKBOOK"
        ],
        "assumption_ids": [
          "A-DRAINAGE-001",
          "A-PROTOTYPE-001"
        ],
        "area_sqm_declared": 28.093
      },
      "geometry": {
        "type": "Polygon",
        "coordinates": [
          [
            [
              116.34896581901644,
              40.01611664342587
            ],
            [
              116.34896386766235,
              40.01611156403211
            ],
            [
              116.34896066501159,
              40.01610687494678
            ],
            [
              116.34895633414041,
              40.01610275636872
            ],
            [
              116.3489510414818,
              40.01609936657247
            ],
            [
              116.34894499042963,
              40.016096835825856
            ],
            [
              116.3489384135223,
              40.016095261383974
            ],
            [
              116.3489315635064,
              40.01609470375166
            ],
            [
              116.34892470362387,
              40.01609518435841
            ],
            [
              116.34891809749587,
              40.01609668473477
            ],
            [
              116.34891199899195,
              40.016099147222185
            ],
            [
              116.34890664247399,
              40.016102477188745
            ],
            [
              116.34890223378996,
              40.016106546665796
            ],
            [
              116.34889894236306,
              40.016111199265765
            ],
            [
              116.34889689468126,
              40.01611625619192
            ],
            [
              116.34889616943602,
              40.01612152310951
            ],
            [
              116.34889679449839,
              40.01612679761385
            ],
            [
              116.34889874584789,
              40.0161318770087
            ],
            [
              116.34890194849555,
              40.016136566095696
            ],
            [
              116.34890627936556,
              40.01614068467575
            ],
            [
              116.34891157202509,
              40.016144074474035
            ],
            [
              116.34891762308014,
              40.016146605222396
            ],
            [
              116.34892419999188,
              40.01614817966548
            ],
            [
              116.34893105001309,
              40.01614873729825
            ],
            [
              116.34893790990093,
              40.016148256691174
            ],
            [
              116.34894451603348,
              40.01614675631374
            ],
            [
              116.34895061454053,
              40.016144293824674
            ],
            [
              116.34895597105965,
              40.01614096385611
            ],
            [
              116.3489603797428,
              40.01613689437702
            ],
            [
              116.34896367116679,
              40.0161322417753
            ],
            [
              116.34896571884418,
              40.016127184847946
            ],
            [
              116.34896644408416,
              40.01612191792989
            ],
            [
              116.34896581901644,
              40.01611664342587
            ]
          ]
        ]
      }
    },
    {
      "type": "Feature",
      "id": "TREE-CANOPY-ORIGIN-01",
      "properties": {
        "id": "TREE-CANOPY-ORIGIN-01",
        "layer": "GREEN_SPACE",
        "source_type": "agent_generated_design",
        "confidence": "medium",
        "geometry_role": "design_proposal",
        "name_zh": "原点廊院 夏季落叶树冠 1",
        "name_en": "Origin Cloister summer deciduous canopy 1",
        "green_subtype": "deciduous_canopy_proxy",
        "summer_only_shade": true,
        "canopy_diameter_m": 12,
        "source_ids": [
          "AGENT-TASKBOOK"
        ],
        "assumption_ids": [
          "A-CLIMATE-001",
          "A-PROTOTYPE-001"
        ],
        "area_sqm_declared": 112.372
      },
      "geometry": {
        "type": "Polygon",
        "coordinates": [
          [
            [
              116.3471914605288,
              39.988361646118136
            ],
            [
              116.34718755960888,
              39.98835148723711
            ],
            [
              116.34718115709433,
              39.9883421089462
            ],
            [
              116.34717249903082,
              39.98833387164746
            ],
            [
              116.34716191814314,
              39.98832709189523
            ],
            [
              116.34714982104873,
              39.98832203023112
            ],
            [
              116.34713667263145,
              39.98831888117163
            ],
            [
              116.34712297817657,
              39.988317765733086
            ],
            [
              116.34710926395314,
              39.98831872678105
            ],
            [
              116.34709605698987,
              39.98832172738309
            ],
            [
              116.34708386482191,
              39.98832665222797
            ],
            [
              116.3470731559867,
              39.98833331205704
            ],
            [
              116.34706434201854,
              39.98834145093728
            ],
            [
              116.3470577616335,
              39.988350756096544
            ],
            [
              116.34705366771269,
              39.98836086994317
            ],
            [
              116.34705221758422,
              39.98837140380797
            ],
            [
              116.34705346697694,
              39.98838195288054
            ],
            [
              116.34705736787858,
              39.988392111765876
            ],
            [
              116.3470637703807,
              39.988401490063445
            ],
            [
              116.34707242843946,
              39.98840972737017
            ],
            [
              116.34708300933082,
              39.98841650713051
            ],
            [
              116.34709510643678,
              39.98842156880161
            ],
            [
              116.34710825487171,
              39.988424717865904
            ],
            [
              116.34712194934767,
              39.98842583330634
            ],
            [
              116.34713566359237,
              39.98842487225705
            ],
            [
              116.3471488705739,
              39.9884218716507
            ],
            [
              116.34716106275431,
              39.98841694679918
            ],
            [
              116.34717177159425,
              39.98841028696209
            ],
            [
              116.34718058555873,
              39.988402148073746
            ],
            [
              116.34718716593224,
              39.988392842907516
            ],
            [
              116.34719125983538,
              39.988382729056084
            ],
            [
              116.34719270994279,
              39.98837219518939
            ],
            [
              116.3471914605288,
              39.988361646118136
            ]
          ]
        ]
      }
    },
    {
      "type": "Feature",
      "id": "TREE-CANOPY-ORIGIN-02",
      "properties": {
        "id": "TREE-CANOPY-ORIGIN-02",
        "layer": "GREEN_SPACE",
        "source_type": "agent_generated_design",
        "confidence": "medium",
        "geometry_role": "design_proposal",
        "name_zh": "原点廊院 夏季落叶树冠 2",
        "name_en": "Origin Cloister summer deciduous canopy 2",
        "green_subtype": "deciduous_canopy_proxy",
        "summer_only_shade": true,
        "canopy_diameter_m": 12,
        "source_ids": [
          "AGENT-TASKBOOK"
        ],
        "assumption_ids": [
          "A-CLIMATE-001",
          "A-PROTOTYPE-001"
        ],
        "area_sqm_declared": 112.372
      },
      "geometry": {
        "type": "Polygon",
        "coordinates": [
          [
            [
              116.3472960583682,
              39.98844329022579
            ],
            [
              116.34729215742829,
              39.98843313134827
            ],
            [
              116.34728575489187,
              39.988423753063095
            ],
            [
              116.34727709680551,
              39.98841551577211
            ],
            [
              116.34726651589489,
              39.98840873602932
            ],
            [
              116.34725441877829,
              39.98840367437602
            ],
            [
              116.34724127034043,
              39.98840052532827
            ],
            [
              116.34722757586741,
              39.98839940990195
            ],
            [
              116.34721386162892,
              39.988400370962175
            ],
            [
              116.34720065465429,
              39.988403371576005
            ],
            [
              116.3471884624791,
              39.98840829643175
            ],
            [
              116.34717775364105,
              39.98841495627039
            ],
            [
              116.34716893967459,
              39.98842309515849
            ],
            [
              116.34716235929565,
              39.988432400323596
            ],
            [
              116.34715826538518,
              39.98844251417386
            ],
            [
              116.34715681527088,
              39.988453048039936
            ],
            [
              116.34715806468103,
              39.98846359711137
            ],
            [
              116.34716196560267,
              39.988473755993205
            ],
            [
              116.34716836812665,
              39.98848313428504
            ],
            [
              116.34717702620827,
              39.988491371584026
            ],
            [
              116.34718760712256,
              39.988498151334916
            ],
            [
              116.34719970425071,
              39.98850321299519
            ],
            [
              116.34721285270624,
              39.98850636204775
            ],
            [
              116.34722654720032,
              39.98850747747594
            ],
            [
              116.34724026146009,
              39.988506516414425
            ],
            [
              116.34725346845298,
              39.98850351579629
            ],
            [
              116.34726566064062,
              39.98849859093387
            ],
            [
              116.3472763694834,
              39.988491931087246
            ],
            [
              116.34728518344619,
              39.98848379219104
            ],
            [
              116.34729176381359,
              39.98847448701895
            ],
            [
              116.3472958577064,
              39.98846437316388
            ],
            [
              116.34729730779962,
              39.988453839295914
            ],
            [
              116.3472960583682,
              39.98844329022579
            ]
          ]
        ]
      }
    },
    {
      "type": "Feature",
      "id": "TREE-CANOPY-ORIGIN-03",
      "properties": {
        "id": "TREE-CANOPY-ORIGIN-03",
        "layer": "GREEN_SPACE",
        "source_type": "agent_generated_design",
        "confidence": "medium",
        "geometry_role": "design_proposal",
        "name_zh": "原点廊院 夏季落叶树冠 3",
        "name_en": "Origin Cloister summer deciduous canopy 3",
        "green_subtype": "deciduous_canopy_proxy",
        "summer_only_shade": true,
        "canopy_diameter_m": 12,
        "source_ids": [
          "AGENT-TASKBOOK"
        ],
        "assumption_ids": [
          "A-CLIMATE-001",
          "A-PROTOTYPE-001"
        ],
        "area_sqm_declared": 112.372
      },
      "geometry": {
        "type": "Polygon",
        "coordinates": [
          [
            [
              116.34742424329654,
              39.98850705481582
            ],
            [
              116.34742034233406,
              39.98849689594254
            ],
            [
              116.34741393977419,
              39.98848751766435
            ],
            [
              116.34740528166436,
              39.98847928038285
            ],
            [
              116.34739470073114,
              39.98847250065167
            ],
            [
              116.3473826035937,
              39.98846743901163
            ],
            [
              116.34736945513757,
              39.98846428997831
            ],
            [
              116.34735576064953,
              39.988463174567045
            ],
            [
              116.3473420463999,
              39.98846413564232
            ],
            [
              116.34732883941837,
              39.98846713627068
            ],
            [
              116.34731664724077,
              39.98847206113983
            ],
            [
              116.347305938405,
              39.98847872099025
            ],
            [
              116.34729712444529,
              39.98848685988807
            ],
            [
              116.34729054407742,
              39.98849616506045
            ],
            [
              116.34728645018187,
              39.988506278915246
            ],
            [
              116.34728500008576,
              39.98851681278297
            ],
            [
              116.34728624951664,
              39.988527361853066
            ],
            [
              116.34729015046086,
              39.98853752073067
            ],
            [
              116.34729655300832,
              39.988546899015496
            ],
            [
              116.34730521111341,
              39.988555136305
            ],
            [
              116.34731579205028,
              39.98856191604429
            ],
            [
              116.34732788919925,
              39.988566977691306
            ],
            [
              116.34734103767305,
              39.98857012672943
            ],
            [
              116.34735473218214,
              39.988571242142584
            ],
            [
              116.34736844645307,
              39.988570281065996
            ],
            [
              116.34738165345286,
              39.98856728043333
            ],
            [
              116.34739384564288,
              39.98856235555752
            ],
            [
              116.34740455448343,
              39.9885556956991
            ],
            [
              116.34741336843943,
              39.988547556793165
            ],
            [
              116.34741994879576,
              39.98853825161382
            ],
            [
              116.34742404267367,
              39.988528137754216
            ],
            [
              116.34742549274871,
              39.98851760388462
            ],
            [
              116.34742424329654,
              39.98850705481582
            ]
          ]
        ]
      }
    },
    {
      "type": "Feature",
      "id": "TREE-CANOPY-ORIGIN-04",
      "properties": {
        "id": "TREE-CANOPY-ORIGIN-04",
        "layer": "GREEN_SPACE",
        "source_type": "agent_generated_design",
        "confidence": "medium",
        "geometry_role": "design_proposal",
        "name_zh": "原点廊院 夏季落叶树冠 4",
        "name_en": "Origin Cloister summer deciduous canopy 4",
        "green_subtype": "deciduous_canopy_proxy",
        "summer_only_shade": true,
        "canopy_diameter_m": 12,
        "source_ids": [
          "AGENT-TASKBOOK"
        ],
        "assumption_ids": [
          "A-CLIMATE-001",
          "A-PROTOTYPE-001"
        ],
        "area_sqm_declared": 112.372
      },
      "geometry": {
        "type": "Polygon",
        "coordinates": [
          [
            [
              116.3474228721472,
              39.988651144916965
            ],
            [
              116.34741897117704,
              39.988640986043826
            ],
            [
              116.34741256860416,
              39.988631607765704
            ],
            [
              116.34740391047653,
              39.988623370484156
            ],
            [
              116.34739332952142,
              39.98861659075285
            ],
            [
              116.34738123235883,
              39.988611529112575
            ],
            [
              116.34736808387521,
              39.98860838007895
            ],
            [
              116.34735438935844,
              39.98860726466733
            ],
            [
              116.34734067507993,
              39.98860822574219
            ],
            [
              116.3473274680705,
              39.988611226370075
            ],
            [
              116.34731527586708,
              39.98861615123877
            ],
            [
              116.34730456700849,
              39.988622811088725
            ],
            [
              116.34729575302987,
              39.988630949986074
            ],
            [
              116.34728917264772,
              39.98864025515804
            ],
            [
              116.34728507874307,
              39.98865036901246
            ],
            [
              116.34728362864338,
              39.98866090287987
            ],
            [
              116.34728487807641,
              39.98867145194975
            ],
            [
              116.34728877902832,
              39.9886816108272
            ],
            [
              116.34729518158876,
              39.988690989111994
            ],
            [
              116.34730383971164,
              39.98869922640154
            ],
            [
              116.34731442067041,
              39.98870600614096
            ],
            [
              116.34732651784458,
              39.9887110677882
            ],
            [
              116.34733966634583,
              39.98871421682663
            ],
            [
              116.34735336088366,
              39.988715332240155
            ],
            [
              116.34736707518344,
              39.988714371163965
            ],
            [
              116.34738028221113,
              39.98871137053176
            ],
            [
              116.34739247442701,
              39.98870644565642
            ],
            [
              116.34740318329035,
              39.988699785798474
            ],
            [
              116.3474119972653,
              39.98869164689301
            ],
            [
              116.34741857763589,
              39.98868234171407
            ],
            [
              116.3474226715229,
              39.988672227854835
            ],
            [
              116.34742412160149,
              39.98866169398554
            ],
            [
              116.3474228721472,
              39.988651144916965
            ]
          ]
        ]
      }
    },
    {
      "type": "Feature",
      "id": "TREE-CANOPY-ORIGIN-05",
      "properties": {
        "id": "TREE-CANOPY-ORIGIN-05",
        "layer": "GREEN_SPACE",
        "source_type": "agent_generated_design",
        "confidence": "medium",
        "geometry_role": "design_proposal",
        "name_zh": "原点廊院 夏季落叶树冠 5",
        "name_en": "Origin Cloister summer deciduous canopy 5",
        "green_subtype": "deciduous_canopy_proxy",
        "summer_only_shade": true,
        "canopy_diameter_m": 12,
        "source_ids": [
          "AGENT-TASKBOOK"
        ],
        "assumption_ids": [
          "A-CLIMATE-001",
          "A-PROTOTYPE-001"
        ],
        "area_sqm_declared": 112.372
      },
      "geometry": {
        "type": "Polygon",
        "coordinates": [
          [
            [
              116.34770283011099,
              39.988760794199635
            ],
            [
              116.34769892909323,
              39.988750635335755
            ],
            [
              116.34769252647179,
              39.98874125707287
            ],
            [
              116.34768386829661,
              39.988733019811995
            ],
            [
              116.3476732872967,
              39.98872624010601
            ],
            [
              116.34766119009382,
              39.98872117849476
            ],
            [
              116.34764804157597,
              39.988718029492674
            ],
            [
              116.34763434703233,
              39.98871691411394
            ],
            [
              116.34762063273534,
              39.988717875221774
            ],
            [
              116.34760742571655,
              39.98872087588142
            ],
            [
              116.34759523351322,
              39.98872580077947
            ],
            [
              116.34758452466417,
              39.98873246065526
            ],
            [
              116.34757571070425,
              39.98874059957391
            ],
            [
              116.34756913034913,
              39.988749904761804
            ],
            [
              116.34756503647888,
              39.98876001862621
            ],
            [
              116.34756358641962,
              39.988770552497236
            ],
            [
              116.3475648358975,
              39.98878110156427
            ],
            [
              116.34756873689703,
              39.98879126043249
            ],
            [
              116.34757513950602,
              39.988800638702024
            ],
            [
              116.34758379767648,
              39.98880887597088
            ],
            [
              116.34759437868004,
              39.988815655684974
            ],
            [
              116.34760647589448,
              39.98882071730322
            ],
            [
              116.34761962443,
              39.9888238663101
            ],
            [
              116.3476333189947,
              39.98882498169074
            ],
            [
              116.34764703331295,
              39.988824020581596
            ],
            [
              116.34766024035001,
              39.988821019917616
            ],
            [
              116.34767243256579,
              39.9888160950129
            ],
            [
              116.34768314141957,
              39.98880943512914
            ],
            [
              116.34769195537582,
              39.98880129620238
            ],
            [
              116.3476985357194,
              39.988791991007496
            ],
            [
              116.34770262957198,
              39.988781877138294
            ],
            [
              116.34770407961017,
              39.988771343265356
            ],
            [
              116.34770283011099,
              39.988760794199635
            ]
          ]
        ]
      }
    },
    {
      "type": "Feature",
      "id": "TREE-CANOPY-ORIGIN-06",
      "properties": {
        "id": "TREE-CANOPY-ORIGIN-06",
        "layer": "GREEN_SPACE",
        "source_type": "agent_generated_design",
        "confidence": "medium",
        "geometry_role": "design_proposal",
        "name_zh": "原点廊院 夏季落叶树冠 6",
        "name_en": "Origin Cloister summer deciduous canopy 6",
        "green_subtype": "deciduous_canopy_proxy",
        "summer_only_shade": true,
        "canopy_diameter_m": 12,
        "source_ids": [
          "AGENT-TASKBOOK"
        ],
        "assumption_ids": [
          "A-CLIMATE-001",
          "A-PROTOTYPE-001"
        ],
        "area_sqm_declared": 112.372
      },
      "geometry": {
        "type": "Polygon",
        "coordinates": [
          [
            [
              116.34791279917586,
              39.98884303072123
            ],
            [
              116.34790889812237,
              39.988832871864254
            ],
            [
              116.34790249546455,
              39.98882349361281
            ],
            [
              116.34789383725366,
              39.98881525636746
            ],
            [
              116.34788325622019,
              39.988808476680475
            ],
            [
              116.34787115898705,
              39.988803415090956
            ],
            [
              116.3478580104435,
              39.98880026611255
            ],
            [
              116.34784431587973,
              39.988799150758474
            ],
            [
              116.3478306015689,
              39.988800111891
            ],
            [
              116.34781739454306,
              39.98880311257451
            ],
            [
              116.34780520233983,
              39.98880803749458
            ],
            [
              116.34779449349796,
              39.98881469738973
            ],
            [
              116.34778567955203,
              39.988822836324346
            ],
            [
              116.3477790992172,
              39.9888321415242
            ],
            [
              116.34777500537274,
              39.988842255396094
            ],
            [
              116.34777355534379,
              39.98885278926985
            ],
            [
              116.34777480485533,
              39.988863338334745
            ],
            [
              116.34777870589058,
              39.988873497196025
            ],
            [
              116.34778510853596,
              39.98888287545413
            ],
            [
              116.34779376674209,
              39.98889111270746
            ],
            [
              116.34780434777926,
              39.98889789240256
            ],
            [
              116.34781644502392,
              39.98890295399907
            ],
            [
              116.34782959358512,
              39.98890610298228
            ],
            [
              116.34784328816997,
              39.98890721833824
            ],
            [
              116.3478570025021,
              39.98890625720438
            ],
            [
              116.34787020954617,
              39.98890325651657
            ],
            [
              116.34788240176188,
              39.98889833158984
            ],
            [
              116.34789311060848,
              39.9888916716867
            ],
            [
              116.34790192455071,
              39.98888353274398
            ],
            [
              116.34790850487401,
              39.98887422753715
            ],
            [
              116.3479125987008,
              39.988864113660455
            ],
            [
              116.3479140487087,
              39.9888535797848
            ],
            [
              116.34791279917586,
              39.98884303072123
            ]
          ]
        ]
      }
    },
    {
      "type": "Feature",
      "id": "TREE-CANOPY-ORIGIN-07",
      "properties": {
        "id": "TREE-CANOPY-ORIGIN-07",
        "layer": "GREEN_SPACE",
        "source_type": "agent_generated_design",
        "confidence": "medium",
        "geometry_role": "design_proposal",
        "name_zh": "原点廊院 夏季落叶树冠 7",
        "name_en": "Origin Cloister summer deciduous canopy 7",
        "green_subtype": "deciduous_canopy_proxy",
        "summer_only_shade": true,
        "canopy_diameter_m": 12,
        "source_ids": [
          "AGENT-TASKBOOK"
        ],
        "assumption_ids": [
          "A-CLIMATE-001",
          "A-PROTOTYPE-001"
        ],
        "area_sqm_declared": 112.372
      },
      "geometry": {
        "type": "Polygon",
        "coordinates": [
          [
            [
              116.34801996718906,
              39.988654505222065
            ],
            [
              116.34801606613,
              39.98864434636833
            ],
            [
              116.3480096634747,
              39.98863496812252
            ],
            [
              116.34800100527433,
              39.98862673088501
            ],
            [
              116.34799042425895,
              39.98861995120773
            ],
            [
              116.34797832705082,
              39.98861488962944
            ],
            [
              116.34796517853823,
              39.98861174066334
            ],
            [
              116.34795148401015,
              39.98861062532217
            ],
            [
              116.34793776973838,
              39.988611586467755
            ],
            [
              116.3479245627535,
              39.98861458716388
            ],
            [
              116.34791237059149,
              39.988619512095724
            ],
            [
              116.3479016617896,
              39.988626172001304
            ],
            [
              116.34789284788079,
              39.98863431094463
            ],
            [
              116.34788626757887,
              39.98864361615113
            ],
            [
              116.3478821737618,
              39.988653730027345
            ],
            [
              116.34788072375366,
              39.98866426390296
            ],
            [
              116.34788197327867,
              39.98867481296713
            ],
            [
              116.34788587431949,
              39.98868497182519
            ],
            [
              116.34789227696237,
              39.98869435007766
            ],
            [
              116.347900935158,
              39.98870258732316
            ],
            [
              116.34791151617705,
              39.98870936700855
            ],
            [
              116.3479236133967,
              39.98871442859383
            ],
            [
              116.34793676192696,
              39.98871757756474
            ],
            [
              116.34795045647611,
              39.9887186929078
            ],
            [
              116.34796417076917,
              39.98871773176089
            ],
            [
              116.3479773777723,
              39.98871473106045
            ],
            [
              116.34798956994675,
              39.988709806121946
            ],
            [
              116.3480002787534,
              39.98870314620838
            ],
            [
              116.34800909265851,
              39.98869500725695
            ],
            [
              116.34801567294889,
              39.988685702043455
            ],
            [
              116.3480197667483,
              39.98867558816243
            ],
            [
              116.34802121673536,
              39.98866505428494
            ],
            [
              116.34801996718906,
              39.988654505222065
            ]
          ]
        ]
      }
    },
    {
      "type": "Feature",
      "id": "TREE-CANOPY-ORIGIN-08",
      "properties": {
        "id": "TREE-CANOPY-ORIGIN-08",
        "layer": "GREEN_SPACE",
        "source_type": "agent_generated_design",
        "confidence": "medium",
        "geometry_role": "design_proposal",
        "name_zh": "原点廊院 夏季落叶树冠 8",
        "name_en": "Origin Cloister summer deciduous canopy 8",
        "green_subtype": "deciduous_canopy_proxy",
        "summer_only_shade": true,
        "canopy_diameter_m": 12,
        "source_ids": [
          "AGENT-TASKBOOK"
        ],
        "assumption_ids": [
          "A-CLIMATE-001",
          "A-PROTOTYPE-001"
        ],
        "area_sqm_declared": 112.372
      },
      "geometry": {
        "type": "Polygon",
        "coordinates": [
          [
            [
              116.34812807625012,
              39.98836691765176
            ],
            [
              116.34812417519078,
              39.98835675880116
            ],
            [
              116.34811777254691,
              39.98834738056097
            ],
            [
              116.34810911436931,
              39.9883391433313
            ],
            [
              116.34809853338709,
              39.98833236366383
            ],
            [
              116.34808643622127,
              39.988327302096906
            ],
            [
              116.34807328775852,
              39.988324153143324
            ],
            [
              116.34805959328585,
              39.98832303781532
            ],
            [
              116.348045879073,
              39.98832399897422
            ],
            [
              116.34803267214825,
              39.98832699968329
            ],
            [
              116.34802048004526,
              39.98833192462723
            ],
            [
              116.34800977129902,
              39.98833858454356
            ],
            [
              116.34800095744036,
              39.988346723495916
            ],
            [
              116.34799437718117,
              39.988356028709354
            ],
            [
              116.3479902833977,
              39.98836614259017
            ],
            [
              116.34798883341286,
              39.98837667646783
            ],
            [
              116.34799008294986,
              39.988387225531454
            ],
            [
              116.34799398399096,
              39.98839738438637
            ],
            [
              116.34800038662237,
              39.988406762633225
            ],
            [
              116.34800904479526,
              39.98841499987088
            ],
            [
              116.34801962578115,
              39.988421779546464
            ],
            [
              116.34803172295851,
              39.98842684112036
            ],
            [
              116.34804487143892,
              39.98842999007875
            ],
            [
              116.34805856593265,
              39.98843110540864
            ],
            [
              116.34807228016679,
              39.988430144248426
            ],
            [
              116.34808548710978,
              39.988427143535034
            ],
            [
              116.34809767922523,
              39.988422218584454
            ],
            [
              116.34810838797621,
              39.988415558660115
            ],
            [
              116.34811720183119,
              39.98840741969966
            ],
            [
              116.34812378207886,
              39.98839811447923
            ],
            [
              116.34812787584463,
              39.98838800059363
            ],
            [
              116.34812932580843,
              39.98837746671407
            ],
            [
              116.34812807625012,
              39.98836691765176
            ]
          ]
        ]
      }
    },
    {
      "type": "Feature",
      "id": "TREE-CANOPY-ORIGIN-09",
      "properties": {
        "id": "TREE-CANOPY-ORIGIN-09",
        "layer": "GREEN_SPACE",
        "source_type": "agent_generated_design",
        "confidence": "medium",
        "geometry_role": "design_proposal",
        "name_zh": "原点廊院 夏季落叶树冠 9",
        "name_en": "Origin Cloister summer deciduous canopy 9",
        "green_subtype": "deciduous_canopy_proxy",
        "summer_only_shade": true,
        "canopy_diameter_m": 12,
        "source_ids": [
          "AGENT-TASKBOOK"
        ],
        "assumption_ids": [
          "A-CLIMATE-001",
          "A-PROTOTYPE-001"
        ],
        "area_sqm_declared": 112.372
      },
      "geometry": {
        "type": "Polygon",
        "coordinates": [
          [
            [
              116.34819772327705,
              39.98843035214265
            ],
            [
              116.34819382220387,
              39.988420193294395
            ],
            [
              116.34818741954463,
              39.98841081505802
            ],
            [
              116.34817876135065,
              39.98840257783352
            ],
            [
              116.34816818035178,
              39.98839579817235
            ],
            [
              116.3481560831696,
              39.988390736612615
            ],
            [
              116.34814293469141,
              39.98838758766684
            ],
            [
              116.34812924020486,
              39.988386472346974
            ],
            [
              116.34811552598018,
              39.988387433514006
            ],
            [
              116.34810231904609,
              39.98839043423092
            ],
            [
              116.34809012693667,
              39.988395359182064
            ],
            [
              116.34807941818711,
              39.98840201910474
            ],
            [
              116.34807060432841,
              39.98841015806231
            ],
            [
              116.34806402407239,
              39.988419463279634
            ],
            [
              116.34805993029528,
              39.98842957716282
            ],
            [
              116.34805848031962,
              39.988440111041335
            ],
            [
              116.3480597298684,
              39.98845066010418
            ],
            [
              116.3480636309233,
              39.98846081895675
            ],
            [
              116.34807003357011,
              39.98847019719978
            ],
            [
              116.34807869175934,
              39.98847843443229
            ],
            [
              116.34808927276191,
              39.98848521410156
            ],
            [
              116.34810136995561,
              39.98849027566827
            ],
            [
              116.34811451845147,
              39.988493424618845
            ],
            [
              116.3481282129591,
              39.9884945399406
            ],
            [
              116.34814192720506,
              39.988493578772264
            ],
            [
              116.3481551341574,
              39.98849057805104
            ],
            [
              116.34816732627925,
              39.988485653093214
            ],
            [
              116.34817803503357,
              39.98847899316256
            ],
            [
              116.34818684888859,
              39.9884708541969
            ],
            [
              116.34819342913305,
              39.98846154897258
            ],
            [
              116.3481975228925,
              39.98845143508457
            ],
            [
              116.34819897284709,
              39.98844090120419
            ],
            [
              116.34819772327705,
              39.98843035214265
            ]
          ]
        ]
      }
    },
    {
      "type": "Feature",
      "id": "TREE-CANOPY-ORIGIN-10",
      "properties": {
        "id": "TREE-CANOPY-ORIGIN-10",
        "layer": "GREEN_SPACE",
        "source_type": "agent_generated_design",
        "confidence": "medium",
        "geometry_role": "design_proposal",
        "name_zh": "原点廊院 夏季落叶树冠 10",
        "name_en": "Origin Cloister summer deciduous canopy 10",
        "green_subtype": "deciduous_canopy_proxy",
        "summer_only_shade": true,
        "canopy_diameter_m": 12,
        "source_ids": [
          "AGENT-TASKBOOK"
        ],
        "assumption_ids": [
          "A-CLIMATE-001",
          "A-PROTOTYPE-001"
        ],
        "area_sqm_declared": 112.372
      },
      "geometry": {
        "type": "Polygon",
        "coordinates": [
          [
            [
              116.34831403015376,
              39.988512061180536
            ],
            [
              116.34831012905879,
              39.988501902336154
            ],
            [
              116.34830372637609,
              39.98849252410616
            ],
            [
              116.34829506815785,
              39.98848428689027
            ],
            [
              116.34828448713482,
              39.98847750723962
            ],
            [
              116.34827238992956,
              39.98847244569191
            ],
            [
              116.34825924143026,
              39.9884692967592
            ],
            [
              116.34824554692533,
              39.98846818145295
            ],
            [
              116.34823183268573,
              39.98846914263361
            ],
            [
              116.34821862574077,
              39.98847214336365
            ],
            [
              116.34820643362494,
              39.988477068326915
            ],
            [
              116.34819572487365,
              39.988483728260235
            ],
            [
              116.348186911018,
              39.98849186722655
            ],
            [
              116.3481803307697,
              39.988501172450405
            ],
            [
              116.34817623700464,
              39.988511286337676
            ],
            [
              116.34817478704491,
              39.988521820217606
            ],
            [
              116.34817603661293,
              39.98853236927922
            ],
            [
              116.34817993768962,
              39.98854252812791
            ],
            [
              116.34818634035987,
              39.98855190636456
            ],
            [
              116.34819499857336,
              39.98856014358845
            ],
            [
              116.34820557960008,
              39.98856692324722
            ],
            [
              116.34821767681689,
              39.98857198480189
            ],
            [
              116.34823082533386,
              39.9885751337394
            ],
            [
              116.34824451985985,
              39.988576249047554
            ],
            [
              116.34825823412075,
              39.98857528786557
            ],
            [
              116.34827144108395,
              39.98857228713122
            ],
            [
              116.34828363321222,
              39.988567362161305
            ],
            [
              116.34829434196824,
              39.98856070221998
            ],
            [
              116.34830315582023,
              39.98855256324557
            ],
            [
              116.34830973605699,
              39.98854325801472
            ],
            [
              116.34831382980441,
              39.988533144122655
            ],
            [
              116.34831527974303,
              39.988522610240835
            ],
            [
              116.34831403015376,
              39.988512061180536
            ]
          ]
        ]
      }
    },
    {
      "type": "Feature",
      "id": "TREE-CANOPY-ORIGIN-11",
      "properties": {
        "id": "TREE-CANOPY-ORIGIN-11",
        "layer": "GREEN_SPACE",
        "source_type": "agent_generated_design",
        "confidence": "medium",
        "geometry_role": "design_proposal",
        "name_zh": "原点廊院 夏季落叶树冠 11",
        "name_en": "Origin Cloister summer deciduous canopy 11",
        "green_subtype": "deciduous_canopy_proxy",
        "summer_only_shade": true,
        "canopy_diameter_m": 12,
        "source_ids": [
          "AGENT-TASKBOOK"
        ],
        "assumption_ids": [
          "A-CLIMATE-001",
          "A-PROTOTYPE-001"
        ],
        "area_sqm_declared": 112.372
      },
      "geometry": {
        "type": "Polygon",
        "coordinates": [
          [
            [
              116.34773138502854,
              39.98822058805755
            ],
            [
              116.34772748403616,
              39.9882104291939
            ],
            [
              116.34772108146022,
              39.98820105093209
            ],
            [
              116.3477124233489,
              39.98819281367311
            ],
            [
              116.34770184242876,
              39.98818603396973
            ],
            [
              116.34768974531848,
              39.98818097236175
            ],
            [
              116.34767659690252,
              39.988177823363436
            ],
            [
              116.34766290246614,
              39.98817670798882
            ],
            [
              116.34764918827764,
              39.98817766910099
            ],
            [
              116.34763598136442,
              39.988180669765036
            ],
            [
              116.34762378925966,
              39.988185594667335
            ],
            [
              116.34761308049843,
              39.98819225454707
            ],
            [
              116.34760426661217,
              39.98820039346923
            ],
            [
              116.34759768631373,
              39.98820969866006
            ],
            [
              116.34759359248102,
              39.98821981252671
            ],
            [
              116.34759214243869,
              39.988230346399206
            ],
            [
              116.34759339191226,
              39.988240895466866
            ],
            [
              116.34759729288636,
              39.988251054334846
            ],
            [
              116.34760369544983,
              39.988260432603305
            ],
            [
              116.34761235355643,
              39.98826866987027
            ],
            [
              116.34762293448024,
              39.98827544958174
            ],
            [
              116.3476350316021,
              39.98828051119673
            ],
            [
              116.3476481800357,
              39.98828366019983
            ],
            [
              116.34766187449316,
              39.98828477557633
            ],
            [
              116.34767558870291,
              39.98828381446286
            ],
            [
              116.34768879563441,
              39.988280813794496
            ],
            [
              116.34770098775162,
              39.98827588888554
            ],
            [
              116.34771169651758,
              39.988269228997815
            ],
            [
              116.34772051040018,
              39.98826109006756
            ],
            [
              116.34772709068706,
              39.98825178486973
            ],
            [
              116.34773118450212,
              39.98824167099829
            ],
            [
              116.34773263452338,
              39.9882311371239
            ],
            [
              116.34773138502854,
              39.98822058805755
            ]
          ]
        ]
      }
    },
    {
      "type": "Feature",
      "id": "WET-NODE-OC-RILL-W",
      "properties": {
        "id": "WET-NODE-OC-RILL-W",
        "layer": "GREEN_SPACE",
        "source_type": "agent_generated_design",
        "confidence": "medium",
        "geometry_role": "design_proposal",
        "name_zh": "明沟",
        "name_en": "open rill",
        "green_subtype": "wet_chain_node",
        "wet_chain_stage": "roof_rill",
        "hydraulic_capacity_status": "unknown_pending_engineering",
        "source_ids": [
          "AGENT-TASKBOOK"
        ],
        "assumption_ids": [
          "A-DRAINAGE-001",
          "A-PROTOTYPE-001"
        ],
        "area_sqm_declared": 28.093
      },
      "geometry": {
        "type": "Polygon",
        "coordinates": [
          [
            [
              116.3470411713868,
              39.98823097884939
            ],
            [
              116.34703922094147,
              39.988225899406395
            ],
            [
              116.3470360196999,
              39.988221210256896
            ],
            [
              116.34703169068422,
              39.98821709160223
            ],
            [
              116.3470264002561,
              39.98821370171987
            ],
            [
              116.34702035172371,
              39.988211170880966
            ],
            [
              116.34701377752859,
              39.988209596344134
            ],
            [
              116.34700693031307,
              39.98820903861789
            ],
            [
              116.34700007321157,
              39.988209519135296
            ],
            [
              116.34699346973832,
              39.98821101943039
            ],
            [
              116.34698737366084,
              39.988213481847694
            ],
            [
              116.34698201924779,
              39.988216811758
            ],
            [
              116.34697761226619,
              39.98822088119485
            ],
            [
              116.34697432207392,
              39.98822553377215
            ],
            [
              116.34697227511141,
              39.988230590694094
            ],
            [
              116.3469715500425,
              39.98823585762608
            ],
            [
              116.3469721747315,
              39.98824113216287
            ],
            [
              116.3469741251723,
              39.988246211606956
            ],
            [
              116.34697732641072,
              39.9882509007581
            ],
            [
              116.34698165542524,
              39.988255019414765
            ],
            [
              116.34698694585427,
              39.98825840929914
            ],
            [
              116.34699299438957,
              39.9882609401398
            ],
            [
              116.34699956858911,
              39.98826251467784
            ],
            [
              116.34700641580987,
              39.98826307240455
            ],
            [
              116.34701327291668,
              39.9882625918868
            ],
            [
              116.3470198763945,
              39.98826109159065
            ],
            [
              116.34702597247511,
              39.98825862917168
            ],
            [
              116.34703132688935,
              39.988255299259386
            ],
            [
              116.34703573387002,
              39.98825122982051
            ],
            [
              116.34703902405938,
              39.988246577241455
            ],
            [
              116.3470410710175,
              39.98824152031831
            ],
            [
              116.34704179608113,
              39.98823625338586
            ],
            [
              116.3470411713868,
              39.98823097884939
            ]
          ]
        ]
      }
    },
    {
      "type": "Feature",
      "id": "WET-NODE-OC-RAIN-GARDEN",
      "properties": {
        "id": "WET-NODE-OC-RAIN-GARDEN",
        "layer": "GREEN_SPACE",
        "source_type": "agent_generated_design",
        "confidence": "medium",
        "geometry_role": "design_proposal",
        "name_zh": "雨水花园",
        "name_en": "rain garden",
        "green_subtype": "wet_chain_node",
        "wet_chain_stage": "rain_garden",
        "hydraulic_capacity_status": "unknown_pending_engineering",
        "source_ids": [
          "AGENT-TASKBOOK"
        ],
        "assumption_ids": [
          "A-DRAINAGE-001",
          "A-PROTOTYPE-001"
        ],
        "area_sqm_declared": 28.093
      },
      "geometry": {
        "type": "Polygon",
        "coordinates": [
          [
            [
              116.3476972293961,
              39.98818964239578
            ],
            [
              116.34769527890316,
              39.9881845629634
            ],
            [
              116.34769207761838,
              39.98817987383166
            ],
            [
              116.3476877485655,
              39.98817575520117
            ],
            [
              116.34768245810774,
              39.98817236534851
            ],
            [
              116.34767640955428,
              39.98816983454365
            ],
            [
              116.34766983534753,
              39.988168260043935
            ],
            [
              116.34766298813031,
              39.98816770235644
            ],
            [
              116.347656131037,
              39.98816818291274
            ],
            [
              116.34764952758158,
              39.98816968324535
            ],
            [
              116.3476434315309,
              39.988172145697405
            ],
            [
              116.34763807715254,
              39.988175475638315
            ],
            [
              116.34763367021223,
              39.988179545100465
            ],
            [
              116.34763038006624,
              39.98818419769681
            ],
            [
              116.34762833315322,
              39.98818925463078
            ],
            [
              116.34762760813513,
              39.98819452156731
            ],
            [
              116.34762823287431,
              39.98819979610099
            ],
            [
              116.3476301833627,
              39.98820487553446
            ],
            [
              116.34763338464437,
              39.988209564667876
            ],
            [
              116.34763771369602,
              39.988213683300344
            ],
            [
              116.34764300415473,
              39.98821707315505
            ],
            [
              116.34764905271106,
              39.98821960396165
            ],
            [
              116.34765562692225,
              39.98822117846257
            ],
            [
              116.34766247414473,
              39.988221736150535
            ],
            [
              116.34766933124335,
              39.98822125559391
            ],
            [
              116.34767593470332,
              39.98821975526021
            ],
            [
              116.34768203075714,
              39.9882172928065
            ],
            [
              116.34768738513668,
              39.98821396286358
            ],
            [
              116.34769179207608,
              39.98820989339941
            ],
            [
              116.34769508221918,
              39.98820524080131
            ],
            [
              116.34769712912777,
              39.988200183866155
            ],
            [
              116.34769785414059,
              39.98819491692915
            ],
            [
              116.3476972293961,
              39.98818964239578
            ]
          ]
        ]
      }
    },
    {
      "type": "Feature",
      "id": "WET-NODE-OC-OVERFLOW",
      "properties": {
        "id": "WET-NODE-OC-OVERFLOW",
        "layer": "GREEN_SPACE",
        "source_type": "agent_generated_design",
        "confidence": "medium",
        "geometry_role": "design_proposal",
        "name_zh": "溢流待校核",
        "name_en": "overflow TBD",
        "green_subtype": "wet_chain_node",
        "wet_chain_stage": "overflow_tbd",
        "hydraulic_capacity_status": "unknown_pending_engineering",
        "source_ids": [
          "AGENT-TASKBOOK"
        ],
        "assumption_ids": [
          "A-DRAINAGE-001",
          "A-PROTOTYPE-001"
        ],
        "area_sqm_declared": 28.093
      },
      "geometry": {
        "type": "Polygon",
        "coordinates": [
          [
            [
              116.34835243092814,
              39.98823835855779
            ],
            [
              116.34835048038518,
              39.98823327913608
            ],
            [
              116.34834727905313,
              39.988228590022096
            ],
            [
              116.34834294995755,
              39.98822447141577
            ],
            [
              116.34833765946325,
              39.98822108159274
            ],
            [
              116.3483316108809,
              39.988218550821884
            ],
            [
              116.34832503665395,
              39.98821697635918
            ],
            [
              116.34831818942601,
              39.988216418710316
            ],
            [
              116.34831133233189,
              39.98821689930537
            ],
            [
              116.34830472888561,
              39.98821839967539
            ],
            [
              116.34829863285361,
              39.98822086216204
            ],
            [
              116.34829327850284,
              39.98822419213342
            ],
            [
              116.3482888715979,
              39.98822826162074
            ],
            [
              116.34828558149371,
              39.98823291423599
            ],
            [
              116.34828353462734,
              39.98823797118185
            ],
            [
              116.34828280965895,
              39.98824323812283
            ],
            [
              116.34828343444897,
              39.98824851265335
            ],
            [
              116.34828538498739,
              39.98825359207616
            ],
            [
              116.34828858631634,
              39.9882582811918
            ],
            [
              116.34829291541071,
              39.988262399800114
            ],
            [
              116.34829820590593,
              39.98826578962517
            ],
            [
              116.3483042544912,
              39.988268320397786
            ],
            [
              116.34831082872255,
              39.98826989486167
            ],
            [
              116.34831767595578,
              39.98827045251101
            ],
            [
              116.34832453305519,
              39.98826997191562
            ],
            [
              116.34833113650605,
              39.98826847154454
            ],
            [
              116.34833723254114,
              39.98826600905623
            ],
            [
              116.34834258689312,
              39.98826267908285
            ],
            [
              116.34834699379715,
              39.9882586095935
            ],
            [
              116.34835028389843,
              39.98825395697652
            ],
            [
              116.34835233076038,
              39.98824890002945
            ],
            [
              116.34835305572349,
              39.98824363308798
            ],
            [
              116.34835243092814,
              39.98823835855779
            ]
          ]
        ]
      }
    },
    {
      "type": "Feature",
      "id": "TREE-CANOPY-EXCHANGE-01",
      "properties": {
        "id": "TREE-CANOPY-EXCHANGE-01",
        "layer": "GREEN_SPACE",
        "source_type": "agent_generated_design",
        "confidence": "medium",
        "geometry_role": "design_proposal",
        "name_zh": "城市交汇厅 夏季落叶树冠 1",
        "name_en": "Exchange Hall summer deciduous canopy 1",
        "green_subtype": "deciduous_canopy_proxy",
        "summer_only_shade": true,
        "canopy_diameter_m": 10,
        "source_ids": [
          "AGENT-TASKBOOK"
        ],
        "assumption_ids": [
          "A-CLIMATE-001",
          "A-PROTOTYPE-001"
        ],
        "area_sqm_declared": 78.036
      },
      "geometry": {
        "type": "Polygon",
        "coordinates": [
          [
            [
              116.34729492409627,
              39.94674246697294
            ],
            [
              116.34729167521793,
              39.94673400119685
            ],
            [
              116.34728634294727,
              39.94672618592925
            ],
            [
              116.34727913220102,
              39.94671932150623
            ],
            [
              116.34727032008423,
              39.9467136717234
            ],
            [
              116.34726024524153,
              39.946709453698425
            ],
            [
              116.34724929484297,
              39.946706829527365
            ],
            [
              116.34723788970553,
              39.94670590005546
            ],
            [
              116.34722646812143,
              39.9467067010017
            ],
            [
              116.34721546901491,
              39.94670920158623
            ],
            [
              116.34720531507476,
              39.94671330571317
            ],
            [
              116.34719639651067,
              39.94671885566348
            ],
            [
              116.34718905605789,
              39.94672563815599
            ],
            [
              116.34718357580604,
              39.94673339254364
            ],
            [
              116.34718016635858,
              39.94674182082995
            ],
            [
              116.3471789587394,
              39.94675059912077
            ],
            [
              116.34717999935741,
              39.9467593900714
            ],
            [
              116.34718324822313,
              39.94676785585047
            ],
            [
              116.34718858048514,
              39.94677567112269
            ],
            [
              116.3471957912281,
              39.94678253555125
            ],
            [
              116.34720460334744,
              39.9467881853397
            ],
            [
              116.34721467819814,
              39.946792403369514
            ],
            [
              116.34722562860895,
              39.94679502754391
            ],
            [
              116.34723703376098,
              39.94679595701713
            ],
            [
              116.3472484553598,
              39.94679515606998
            ],
            [
              116.34725945447899,
              39.946792655482454
            ],
            [
              116.3472696084278,
              39.9467885513509
            ],
            [
              116.34727852699518,
              39.946783001395055
            ],
            [
              116.3472858674454,
              39.94677621889691
            ],
            [
              116.34729134768925,
              39.946768464504416
            ],
            [
              116.34729475712446,
              39.94676003621477
            ],
            [
              116.34729596472903,
              39.94675125792265
            ],
            [
              116.34729492409627,
              39.94674246697294
            ]
          ]
        ]
      }
    },
    {
      "type": "Feature",
      "id": "TREE-CANOPY-EXCHANGE-02",
      "properties": {
        "id": "TREE-CANOPY-EXCHANGE-02",
        "layer": "GREEN_SPACE",
        "source_type": "agent_generated_design",
        "confidence": "medium",
        "geometry_role": "design_proposal",
        "name_zh": "城市交汇厅 夏季落叶树冠 2",
        "name_en": "Exchange Hall summer deciduous canopy 2",
        "green_subtype": "deciduous_canopy_proxy",
        "summer_only_shade": true,
        "canopy_diameter_m": 10,
        "source_ids": [
          "AGENT-TASKBOOK"
        ],
        "assumption_ids": [
          "A-CLIMATE-001",
          "A-PROTOTYPE-001"
        ],
        "area_sqm_declared": 78.036
      },
      "geometry": {
        "type": "Polygon",
        "coordinates": [
          [
            [
              116.34729184294308,
              39.94706667202993
            ],
            [
              116.34728859405034,
              39.947058206254134
            ],
            [
              116.34728326175538,
              39.94705039098662
            ],
            [
              116.34727605097582,
              39.94704352656352
            ],
            [
              116.34726723881808,
              39.94703787678043
            ],
            [
              116.34725716392823,
              39.94703365875505
            ],
            [
              116.34724621347829,
              39.947031034583425
            ],
            [
              116.34723480828713,
              39.94703010511084
            ],
            [
              116.34722338664902,
              39.94703090605629
            ],
            [
              116.34721238749032,
              39.94703340663998
            ],
            [
              116.34720223350176,
              39.94703751076602
            ],
            [
              116.34719331489497,
              39.94704306071546
            ],
            [
              116.3471859744068,
              39.947049843207104
            ],
            [
              116.34718049412824,
              39.94705759759398
            ],
            [
              116.3471770846638,
              39.94706602587958
            ],
            [
              116.34717587703794,
              39.94707480416984
            ],
            [
              116.34717691765991,
              39.947083595120034
            ],
            [
              116.34718016654001,
              39.94709206089885
            ],
            [
              116.34718549882635,
              39.947099876170974
            ],
            [
              116.34719270960262,
              39.9471067405996
            ],
            [
              116.34720152176291,
              39.94711239038831
            ],
            [
              116.34721159666074,
              39.94711660841854
            ],
            [
              116.34722254712293,
              39.947119232593494
            ],
            [
              116.3472339523287,
              39.9471201620674
            ],
            [
              116.34724537398154,
              39.94711936112103
            ],
            [
              116.3472563731529,
              39.94711686053436
            ],
            [
              116.34726652715008,
              39.94711275640369
            ],
            [
              116.34727544576016,
              39.94710720644872
            ],
            [
              116.3472827862458,
              39.94710042395145
            ],
            [
              116.34728826651634,
              39.947092669559744
            ],
            [
              116.34729167596856,
              39.9470842412708
            ],
            [
              116.34729288357981,
              39.94707546297923
            ],
            [
              116.34729184294308,
              39.94706667202993
            ]
          ]
        ]
      }
    },
    {
      "type": "Feature",
      "id": "TREE-CANOPY-EXCHANGE-03",
      "properties": {
        "id": "TREE-CANOPY-EXCHANGE-03",
        "layer": "GREEN_SPACE",
        "source_type": "agent_generated_design",
        "confidence": "medium",
        "geometry_role": "design_proposal",
        "name_zh": "城市交汇厅 夏季落叶树冠 3",
        "name_en": "Exchange Hall summer deciduous canopy 3",
        "green_subtype": "deciduous_canopy_proxy",
        "summer_only_shade": true,
        "canopy_diameter_m": 10,
        "source_ids": [
          "AGENT-TASKBOOK"
        ],
        "assumption_ids": [
          "A-CLIMATE-001",
          "A-PROTOTYPE-001"
        ],
        "area_sqm_declared": 78.036
      },
      "geometry": {
        "type": "Polygon",
        "coordinates": [
          [
            [
              116.34888620573328,
              39.946751414968695
            ],
            [
              116.34888295665776,
              39.946742949235635
            ],
            [
              116.34887762420436,
              39.94673513403978
            ],
            [
              116.34887041329677,
              39.94672826971447
            ],
            [
              116.34886160104632,
              39.946722620051546
            ],
            [
              116.34885152610268,
              39.946718402164066
            ],
            [
              116.34884057563984,
              39.94671577814282
            ],
            [
              116.34882917047729,
              39.94671484882728
            ],
            [
              116.34881774890813,
              39.946715649930425
            ],
            [
              116.34880674985607,
              39.94671815066639
            ],
            [
              116.34879659600777,
              39.946722254933455
            ],
            [
              116.34878767756942,
              39.94672780500719
            ],
            [
              116.34878033727146,
              39.94673458760171
            ],
            [
              116.34877485719755,
              39.94674234206602
            ],
            [
              116.3487714479443,
              39.94675077040067
            ],
            [
              116.34877024052811,
              39.94675954870968
            ],
            [
              116.34877128135012,
              39.94676833964766
            ],
            [
              116.34877453041298,
              39.946776805383706
            ],
            [
              116.34877986285777,
              39.94678462058418
            ],
            [
              116.34878707376208,
              39.94679148491504
            ],
            [
              116.3487958860151,
              39.9467971345836
            ],
            [
              116.3488059609667,
              39.9468013524759
            ],
            [
              116.34881691144177,
              39.94680397650048
            ],
            [
              116.34882831661896,
              39.94680490581733
            ],
            [
              116.34883973820286,
              39.94680410471327
            ],
            [
              116.34885073726758,
              39.94680160397432
            ],
            [
              116.34886089112449,
              39.94679749970264
            ],
            [
              116.34886980956612,
              39.94679194962336
            ],
            [
              116.34887714986154,
              39.94678516702322
            ],
            [
              116.34888262992745,
              39.94677741255407
            ],
            [
              116.34888603916846,
              39.946768984216085
            ],
            [
              116.34888724657004,
              39.946760205905754
            ],
            [
              116.34888620573328,
              39.946751414968695
            ]
          ]
        ]
      }
    },
    {
      "type": "Feature",
      "id": "TREE-CANOPY-EXCHANGE-04",
      "properties": {
        "id": "TREE-CANOPY-EXCHANGE-04",
        "layer": "GREEN_SPACE",
        "source_type": "agent_generated_design",
        "confidence": "medium",
        "geometry_role": "design_proposal",
        "name_zh": "城市交汇厅 夏季落叶树冠 4",
        "name_en": "Exchange Hall summer deciduous canopy 4",
        "green_subtype": "deciduous_canopy_proxy",
        "summer_only_shade": true,
        "canopy_diameter_m": 10,
        "source_ids": [
          "AGENT-TASKBOOK"
        ],
        "assumption_ids": [
          "A-CLIMATE-001",
          "A-PROTOTYPE-001"
        ],
        "area_sqm_declared": 78.036
      },
      "geometry": {
        "type": "Polygon",
        "coordinates": [
          [
            [
              116.34888313209059,
              39.94707562012789
            ],
            [
              116.34887988300066,
              39.947067154395114
            ],
            [
              116.34887455052294,
              39.94705933919935
            ],
            [
              116.34886733958206,
              39.94705247487395
            ],
            [
              116.34885852729063,
              39.94704682521077
            ],
            [
              116.3488484522999,
              39.947042607322885
            ],
            [
              116.34883750178565,
              39.94703998330109
            ],
            [
              116.34882609656935,
              39.94703905398485
            ],
            [
              116.3488146749462,
              39.947039855087226
            ],
            [
              116.34880367584194,
              39.94704235582234
            ],
            [
              116.34879352194525,
              39.94704646008852
            ],
            [
              116.34878460346421,
              39.94705201016137
            ],
            [
              116.34877726313087,
              39.94705879275503
            ],
            [
              116.34877178303024,
              39.94706654721856
            ],
            [
              116.34876837375998,
              39.94707497555252
            ],
            [
              116.34876716633713,
              39.94708375386096
            ],
            [
              116.34876820716312,
              39.94709254479851
            ],
            [
              116.3487714562404,
              39.94710101053429
            ],
            [
              116.34877678870949,
              39.94710882573467
            ],
            [
              116.34878399964708,
              39.9471156900656
            ],
            [
              116.34879281194108,
              39.9471213397344
            ],
            [
              116.34880288693982,
              39.94712555762713
            ],
            [
              116.34881383746628,
              39.94712818165227
            ],
            [
              116.34882524269719,
              39.9471291109698
            ],
            [
              116.3488366643351,
              39.94712830986652
            ],
            [
              116.348847663452,
              39.947125809128416
            ],
            [
              116.34885781735731,
              39.94712170485763
            ],
            [
              116.34886673584164,
              39.94711615477922
            ],
            [
              116.34887407617242,
              39.94710937217995
            ],
            [
              116.34887955626506,
              39.94710161771158
            ],
            [
              116.34888296552309,
              39.947093189374286
            ],
            [
              116.34888417293132,
              39.94708441106453
            ],
            [
              116.34888313209059,
              39.94707562012789
            ]
          ]
        ]
      }
    },
    {
      "type": "Feature",
      "id": "WET-NODE-EH-ROOF-CAPTURE",
      "properties": {
        "id": "WET-NODE-EH-ROOF-CAPTURE",
        "layer": "GREEN_SPACE",
        "source_type": "agent_generated_design",
        "confidence": "medium",
        "geometry_role": "design_proposal",
        "name_zh": "屋面汇水",
        "name_en": "roof capture",
        "green_subtype": "wet_chain_node",
        "wet_chain_stage": "roof_capture",
        "hydraulic_capacity_status": "unknown_pending_engineering",
        "source_ids": [
          "AGENT-TASKBOOK"
        ],
        "assumption_ids": [
          "A-DRAINAGE-001",
          "A-PROTOTYPE-001"
        ],
        "area_sqm_declared": 28.093
      },
      "geometry": {
        "type": "Polygon",
        "coordinates": [
          [
            [
              116.34773585769567,
              39.94718075916838
            ],
            [
              116.34773390832386,
              39.94717567971018
            ],
            [
              116.3477307089108,
              39.94717099056181
            ],
            [
              116.34772638240835,
              39.94716687192451
            ],
            [
              116.3477210950816,
              39.9471634820751
            ],
            [
              116.34771505011952,
              39.94716095128346
            ],
            [
              116.34770847982645,
              39.94715937680641
            ],
            [
              116.34770163669482,
              39.94715881915016
            ],
            [
              116.34769478370201,
              39.947159299745074
            ],
            [
              116.34768818420446,
              39.9471608001222
            ],
            [
              116.34768209181682,
              39.94716326262294
            ],
            [
              116.34767674066599,
              39.94716659261485
            ],
            [
              116.34767233639366,
              39.94717066212836
            ],
            [
              116.34766904825352,
              39.94717531477442
            ],
            [
              116.3476670026072,
              39.94718037175458
            ],
            [
              116.34766627806793,
              39.94718563873199
            ],
            [
              116.34766690247966,
              39.94719091329969
            ],
            [
              116.34766885184692,
              39.947195992758964
            ],
            [
              116.34767205125688,
              39.947200681909
            ],
            [
              116.34767637775815,
              39.9472048005483
            ],
            [
              116.34768166508582,
              39.94720819039973
            ],
            [
              116.34768771005076,
              39.9472107211931
            ],
            [
              116.34769428034826,
              39.947212295671356
            ],
            [
              116.34770112348515,
              39.94721285332809
            ],
            [
              116.34770797648325,
              39.947212372732835
            ],
            [
              116.34771457598538,
              39.94721087235464
            ],
            [
              116.34772066837611,
              39.94720840985223
            ],
            [
              116.34772601952812,
              39.94720507985832
            ],
            [
              116.34773042379955,
              39.947201010342795
            ],
            [
              116.3477337119368,
              39.947196357694985
            ],
            [
              116.34773575757873,
              39.94719130071363
            ],
            [
              116.34773648211272,
              39.94718603373575
            ],
            [
              116.34773585769567,
              39.94718075916838
            ]
          ]
        ]
      }
    },
    {
      "type": "Feature",
      "id": "WET-NODE-EH-CISTERN-RESERVE",
      "properties": {
        "id": "WET-NODE-EH-CISTERN-RESERVE",
        "layer": "GREEN_SPACE",
        "source_type": "agent_generated_design",
        "confidence": "medium",
        "geometry_role": "design_proposal",
        "name_zh": "蓄水预留待校核",
        "name_en": "storage reserve TBD",
        "green_subtype": "wet_chain_node",
        "wet_chain_stage": "storage_reservation_tbd",
        "hydraulic_capacity_status": "unknown_pending_engineering",
        "source_ids": [
          "AGENT-TASKBOOK"
        ],
        "assumption_ids": [
          "A-DRAINAGE-001",
          "A-PROTOTYPE-001"
        ],
        "area_sqm_declared": 28.093
      },
      "geometry": {
        "type": "Polygon",
        "coordinates": [
          [
            [
              116.34806869122772,
              39.94663325441685
            ],
            [
              116.34806674184618,
              39.94662817496369
            ],
            [
              116.3480635424353,
              39.946623485824084
            ],
            [
              116.34805921594673,
              39.94661936719893
            ],
            [
              116.34805392864516,
              39.946615977364594
            ],
            [
              116.34804788371846,
              39.946613446590355
            ],
            [
              116.34804131346972,
              39.94661187213239
            ],
            [
              116.3480344703896,
              39.946611314496145
            ],
            [
              116.34802761745357,
              39.94661179511124
            ],
            [
              116.34802101801579,
              39.94661329550794
            ],
            [
              116.34801492568869,
              39.946615758026894
            ],
            [
              116.34800957459683,
              39.94661908803495
            ],
            [
              116.34800517037958,
              39.94662315756192
            ],
            [
              116.34800188228859,
              39.94662781021827
            ],
            [
              116.34799983668353,
              39.946632867205096
            ],
            [
              116.34799911217611,
              39.94663813418534
            ],
            [
              116.34799973660905,
              39.94664340875191
            ],
            [
              116.348001685986,
              39.94664848820614
            ],
            [
              116.34800488539382,
              39.9466531773474
            ],
            [
              116.34800921188118,
              39.94665729597455
            ],
            [
              116.34801449918368,
              39.94666068581092
            ],
            [
              116.34802054411324,
              39.946663216586884
            ],
            [
              116.34802711436639,
              39.94666479104606
            ],
            [
              116.34803395745176,
              39.946665348682785
            ],
            [
              116.34804081039309,
              39.946664868067366
            ],
            [
              116.34804740983544,
              39.94666336766958
            ],
            [
              116.34805350216564,
              39.94666090514897
            ],
            [
              116.34805885325869,
              39.94665757513891
            ],
            [
              116.34806325747502,
              39.946653505609916
            ],
            [
              116.34806654556314,
              39.946648852951824
            ],
            [
              116.34806859116378,
              39.94664379596381
            ],
            [
              116.34806931566594,
              39.94663852898309
            ],
            [
              116.34806869122772,
              39.94663325441685
            ]
          ]
        ]
      }
    },
    {
      "type": "Feature",
      "id": "WET-NODE-EH-OVERFLOW",
      "properties": {
        "id": "WET-NODE-EH-OVERFLOW",
        "layer": "GREEN_SPACE",
        "source_type": "agent_generated_design",
        "confidence": "medium",
        "geometry_role": "design_proposal",
        "name_zh": "安全溢流待校核",
        "name_en": "safe overflow TBD",
        "green_subtype": "wet_chain_node",
        "wet_chain_stage": "overflow_tbd",
        "hydraulic_capacity_status": "unknown_pending_engineering",
        "source_ids": [
          "AGENT-TASKBOOK"
        ],
        "assumption_ids": [
          "A-DRAINAGE-001",
          "A-PROTOTYPE-001"
        ],
        "area_sqm_declared": 28.093
      },
      "geometry": {
        "type": "Polygon",
        "coordinates": [
          [
            [
              116.34841970867063,
              39.9466352277697
            ],
            [
              116.34841775926301,
              39.94663014832224
            ],
            [
              116.34841455982793,
              39.94662545919212
            ],
            [
              116.34841023331802,
              39.9466213405799
            ],
            [
              116.34840494599872,
              39.946617950761436
            ],
            [
              116.34839890105872,
              39.946615420005394
            ],
            [
              116.34839233080147,
              39.946613845567256
            ],
            [
              116.34838548771802,
              39.946613287951706
            ],
            [
              116.34837863478394,
              39.946613768587575
            ],
            [
              116.34837203535338,
              39.946615269004305
            ],
            [
              116.34836594303844,
              39.94661773154181
            ],
            [
              116.3483605919632,
              39.9466210615662
            ],
            [
              116.34835618776644,
              39.94662513110667
            ],
            [
              116.34835289969901,
              39.946629783773155
            ],
            [
              116.34835085411967,
              39.9466348407664
            ],
            [
              116.3483501296391,
              39.94664010774904
            ],
            [
              116.34835075409903,
              39.94664538231394
            ],
            [
              116.34835270350209,
              39.946650461762474
            ],
            [
              116.3483559029341,
              39.946655150894244
            ],
            [
              116.34836022944282,
              39.94665926950845
            ],
            [
              116.34836551676302,
              39.946662659328965
            ],
            [
              116.34837156170592,
              39.94666519008673
            ],
            [
              116.34837813196759,
              39.94666676452608
            ],
            [
              116.34838497505628,
              39.9466673221421
            ],
            [
              116.34839182799564,
              39.9466668415059
            ],
            [
              116.3483984274308,
              39.946665341088085
            ],
            [
              116.34840451974883,
              39.946662878548935
            ],
            [
              116.34840987082525,
              39.946659548522526
            ],
            [
              116.34841427502107,
              39.94665547898004
            ],
            [
              116.34841756308562,
              39.94665082631182
            ],
            [
              116.34841960866058,
              39.946645769317385
            ],
            [
              116.34842033313588,
              39.94664050233427
            ],
            [
              116.34841970867063,
              39.9466352277697
            ]
          ]
        ]
      }
    }
  ]
}
