{
 "type": "FeatureCollection",
 "name": "buildings",
 "crs_note": "EPSG:4326, coordinates rounded to 6 decimals",
 "measurement_note": "area_sqm_calculated / length_m 均由 pyproj.Geod(ellps=\"WGS84\") 反算生成，非手写；复算脚本见 _src/selfcheck.py",
 "layer_note": "逐栋（组）拆分，每个要素独立承载 height_m / floors / gfa_sqm / 拆改留，支持逐栋控高；体量由用地街区退线14m后按规模切分再退6m生成，高度由距遗产线的距离分区规则确定",
 "features": [
  {
   "type": "Feature",
   "id": "BLDG-ZN-0802-001",
   "properties": {
    "id": "BLDG-ZN-0802-001",
    "layer": "BUILDING_FOOTPRINT",
    "name_zh": "科研用地建筑组团 001",
    "source_type": "agent_generated_design",
    "source_class": "agent_designed",
    "confidence": "medium",
    "geometry_role": "design_proposal",
    "area_sqm_calculated": 8429.102,
    "building_type": "ai_r_and_d",
    "height_m": 45.0,
    "floors": 12,
    "footprint_sqm": 8429.102,
    "gfa_sqm": 101149.2,
    "parent_land_use_id": "LU-0802-001",
    "land_use_code": "0802",
    "key_area_id": "PROV-KEY-001",
    "distance_to_heritage_line_m": 259.5,
    "height_control_rule_zh": "距遗产线<100m≤12m；100–200m≤21m；200–320m≤36m；320–450m≤54m；>450m≤72m；再乘所在重点区域系数（众智园1.25 / AI原点社区0.85 / 大钟寺1.15），上限120m",
    "retain_renovate_demolish": "new_build"
   },
   "geometry": {
    "type": "Polygon",
    "coordinates": [
     [
      [
       116.35187,
       40.019436
      ],
      [
       116.349841,
       40.019549
      ],
      [
       116.349811,
       40.019921
      ],
      [
       116.351882,
       40.019932
      ],
      [
       116.35187,
       40.019436
      ]
     ]
    ]
   }
  },
  {
   "type": "Feature",
   "id": "BLDG-ZN-0802-002",
   "properties": {
    "id": "BLDG-ZN-0802-002",
    "layer": "BUILDING_FOOTPRINT",
    "name_zh": "科研用地建筑组团 002",
    "source_type": "agent_generated_design",
    "source_class": "agent_designed",
    "confidence": "medium",
    "geometry_role": "design_proposal",
    "area_sqm_calculated": 9992.36,
    "building_type": "lab",
    "height_m": 45.0,
    "floors": 12,
    "footprint_sqm": 9992.36,
    "gfa_sqm": 119908.3,
    "parent_land_use_id": "LU-0802-001",
    "land_use_code": "0802",
    "key_area_id": "PROV-KEY-001",
    "distance_to_heritage_line_m": 258.3,
    "height_control_rule_zh": "距遗产线<100m≤12m；100–200m≤21m；200–320m≤36m；320–450m≤54m；>450m≤72m；再乘所在重点区域系数（众智园1.25 / AI原点社区0.85 / 大钟寺1.15），上限120m",
    "retain_renovate_demolish": "new_build"
   },
   "geometry": {
    "type": "Polygon",
    "coordinates": [
     [
      [
       116.351884,
       40.020041
      ],
      [
       116.349802,
       40.020029
      ],
      [
       116.349762,
       40.020529
      ],
      [
       116.351896,
       40.020541
      ],
      [
       116.351884,
       40.020041
      ]
     ]
    ]
   }
  },
  {
   "type": "Feature",
   "id": "BLDG-ZN-0802-003",
   "properties": {
    "id": "BLDG-ZN-0802-003",
    "layer": "BUILDING_FOOTPRINT",
    "name_zh": "科研用地建筑组团 003",
    "source_type": "agent_generated_design",
    "source_class": "agent_designed",
    "confidence": "medium",
    "geometry_role": "design_proposal",
    "area_sqm_calculated": 9716.957,
    "building_type": "incubator",
    "height_m": 45.0,
    "floors": 12,
    "footprint_sqm": 9716.957,
    "gfa_sqm": 116603.5,
    "parent_land_use_id": "LU-0802-001",
    "land_use_code": "0802",
    "key_area_id": "PROV-KEY-001",
    "distance_to_heritage_line_m": 257.0,
    "height_control_rule_zh": "距遗产线<100m≤12m；100–200m≤21m；200–320m≤36m；320–450m≤54m；>450m≤72m；再乘所在重点区域系数（众智园1.25 / AI原点社区0.85 / 大钟寺1.15），上限120m",
    "retain_renovate_demolish": "new_build"
   },
   "geometry": {
    "type": "Polygon",
    "coordinates": [
     [
      [
       116.351898,
       40.020649
      ],
      [
       116.349753,
       40.020637
      ],
      [
       116.349713,
       40.021135
      ],
      [
       116.351908,
       40.021096
      ],
      [
       116.351898,
       40.020649
      ]
     ]
    ]
   }
  },
  {
   "type": "Feature",
   "id": "BLDG-ZN-05-001",
   "properties": {
    "id": "BLDG-ZN-05-001",
    "layer": "BUILDING_FOOTPRINT",
    "name_zh": "商业服务业用地建筑组团 001",
    "source_type": "agent_generated_design",
    "source_class": "agent_designed",
    "confidence": "medium",
    "geometry_role": "design_proposal",
    "area_sqm_calculated": 11739.298,
    "building_type": "retail",
    "height_m": 90.0,
    "floors": 23,
    "footprint_sqm": 11739.298,
    "gfa_sqm": 270003.9,
    "parent_land_use_id": "LU-05-001",
    "land_use_code": "05",
    "key_area_id": "PROV-KEY-001",
    "distance_to_heritage_line_m": 490.4,
    "height_control_rule_zh": "距遗产线<100m≤12m；100–200m≤21m；200–320m≤36m；320–450m≤54m；>450m≤72m；再乘所在重点区域系数（众智园1.25 / AI原点社区0.85 / 大钟寺1.15），上限120m",
    "retain_renovate_demolish": "new_build"
   },
   "geometry": {
    "type": "Polygon",
    "coordinates": [
     [
      [
       116.354151,
       40.020094
      ],
      [
       116.354103,
       40.019209
      ],
      [
       116.352548,
       40.019397
      ],
      [
       116.352564,
       40.020085
      ],
      [
       116.354151,
       40.020094
      ]
     ]
    ]
   }
  },
  {
   "type": "Feature",
   "id": "BLDG-ZN-05-002",
   "properties": {
    "id": "BLDG-ZN-05-002",
    "layer": "BUILDING_FOOTPRINT",
    "name_zh": "商业服务业用地建筑组团 002",
    "source_type": "agent_generated_design",
    "source_class": "agent_designed",
    "confidence": "medium",
    "geometry_role": "design_proposal",
    "area_sqm_calculated": 13268.947,
    "building_type": "office",
    "height_m": 90.0,
    "floors": 23,
    "footprint_sqm": 13268.947,
    "gfa_sqm": 305185.8,
    "parent_land_use_id": "LU-05-001",
    "land_use_code": "05",
    "key_area_id": "PROV-KEY-001",
    "distance_to_heritage_line_m": 495.8,
    "height_control_rule_zh": "距遗产线<100m≤12m；100–200m≤21m；200–320m≤36m；320–450m≤54m；>450m≤72m；再乘所在重点区域系数（众智园1.25 / AI原点社区0.85 / 大钟寺1.15），上限120m",
    "retain_renovate_demolish": "new_build"
   },
   "geometry": {
    "type": "Polygon",
    "coordinates": [
     [
      [
       116.352566,
       40.020193
      ],
      [
       116.352587,
       40.021085
      ],
      [
       116.354204,
       40.021055
      ],
      [
       116.354157,
       40.020202
      ],
      [
       116.352566,
       40.020193
      ]
     ]
    ]
   }
  },
  {
   "type": "Feature",
   "id": "BLDG-ZN-0802-004",
   "properties": {
    "id": "BLDG-ZN-0802-004",
    "layer": "BUILDING_FOOTPRINT",
    "name_zh": "科研用地建筑组团 004",
    "source_type": "agent_generated_design",
    "source_class": "agent_designed",
    "confidence": "medium",
    "geometry_role": "design_proposal",
    "area_sqm_calculated": 15236.634,
    "building_type": "ai_r_and_d",
    "height_m": 27.0,
    "floors": 7,
    "footprint_sqm": 15236.634,
    "gfa_sqm": 106656.4,
    "parent_land_use_id": "LU-0802-002",
    "land_use_code": "0802",
    "key_area_id": "PROV-KEY-001",
    "distance_to_heritage_line_m": 157.8,
    "height_control_rule_zh": "距遗产线<100m≤12m；100–200m≤21m；200–320m≤36m；320–450m≤54m；>450m≤72m；再乘所在重点区域系数（众智园1.25 / AI原点社区0.85 / 大钟寺1.15），上限120m",
    "retain_renovate_demolish": "renovate"
   },
   "geometry": {
    "type": "Polygon",
    "coordinates": [
     [
      [
       116.343092,
       40.018185
      ],
      [
       116.345007,
       40.018196
      ],
      [
       116.345063,
       40.017399
      ],
      [
       116.343051,
       40.017345
      ],
      [
       116.343092,
       40.018185
      ]
     ]
    ]
   }
  },
  {
   "type": "Feature",
   "id": "BLDG-ZN-0802-005",
   "properties": {
    "id": "BLDG-ZN-0802-005",
    "layer": "BUILDING_FOOTPRINT",
    "name_zh": "科研用地建筑组团 005",
    "source_type": "agent_generated_design",
    "source_class": "agent_designed",
    "confidence": "medium",
    "geometry_role": "design_proposal",
    "area_sqm_calculated": 8916.514,
    "building_type": "office",
    "height_m": 27.0,
    "floors": 7,
    "footprint_sqm": 8916.514,
    "gfa_sqm": 62415.6,
    "parent_land_use_id": "LU-0802-002",
    "land_use_code": "0802",
    "key_area_id": "PROV-KEY-001",
    "distance_to_heritage_line_m": 158.6,
    "height_control_rule_zh": "距遗产线<100m≤12m；100–200m≤21m；200–320m≤36m；320–450m≤54m；>450m≤72m；再乘所在重点区域系数（众智园1.25 / AI原点社区0.85 / 大钟寺1.15），上限120m",
    "retain_renovate_demolish": "renovate"
   },
   "geometry": {
    "type": "Polygon",
    "coordinates": [
     [
      [
       116.343757,
       40.018576
      ],
      [
       116.344971,
       40.018711
      ],
      [
       116.345,
       40.018304
      ],
      [
       116.343097,
       40.018293
      ],
      [
       116.343139,
       40.019135
      ],
      [
       116.34409,
       40.01914
      ],
      [
       116.34366,
       40.019092
      ],
      [
       116.343757,
       40.018576
      ]
     ]
    ]
   }
  },
  {
   "type": "Feature",
   "id": "BLDG-ZN-0802-006",
   "properties": {
    "id": "BLDG-ZN-0802-006",
    "layer": "BUILDING_FOOTPRINT",
    "name_zh": "科研用地建筑组团 006",
    "source_type": "agent_generated_design",
    "source_class": "agent_designed",
    "confidence": "medium",
    "geometry_role": "design_proposal",
    "area_sqm_calculated": 13872.057,
    "building_type": "ai_r_and_d",
    "height_m": 27.0,
    "floors": 7,
    "footprint_sqm": 13872.057,
    "gfa_sqm": 97104.4,
    "parent_land_use_id": "LU-0802-002",
    "land_use_code": "0802",
    "key_area_id": "PROV-KEY-001",
    "distance_to_heritage_line_m": 159.8,
    "height_control_rule_zh": "距遗产线<100m≤12m；100–200m≤21m；200–320m≤36m；320–450m≤54m；>450m≤72m；再乘所在重点区域系数（众智园1.25 / AI原点社区0.85 / 大钟寺1.15），上限120m",
    "retain_renovate_demolish": "renovate"
   },
   "geometry": {
    "type": "Polygon",
    "coordinates": [
     [
      [
       116.344874,
       40.020094
      ],
      [
       116.344933,
       40.019253
      ],
      [
       116.343144,
       40.019243
      ],
      [
       116.343185,
       40.020085
      ],
      [
       116.344874,
       40.020094
      ]
     ]
    ]
   }
  },
  {
   "type": "Feature",
   "id": "BLDG-ZN-0802-007",
   "properties": {
    "id": "BLDG-ZN-0802-007",
    "layer": "BUILDING_FOOTPRINT",
    "name_zh": "科研用地建筑组团 007",
    "source_type": "agent_generated_design",
    "source_class": "agent_designed",
    "confidence": "medium",
    "geometry_role": "design_proposal",
    "area_sqm_calculated": 12736.9,
    "building_type": "lab",
    "height_m": 27.0,
    "floors": 7,
    "footprint_sqm": 12736.9,
    "gfa_sqm": 89158.3,
    "parent_land_use_id": "LU-0802-002",
    "land_use_code": "0802",
    "key_area_id": "PROV-KEY-001",
    "distance_to_heritage_line_m": 160.9,
    "height_control_rule_zh": "距遗产线<100m≤12m；100–200m≤21m；200–320m≤36m；320–450m≤54m；>450m≤72m；再乘所在重点区域系数（众智园1.25 / AI原点社区0.85 / 大钟寺1.15），上限120m",
    "retain_renovate_demolish": "renovate"
   },
   "geometry": {
    "type": "Polygon",
    "coordinates": [
     [
      [
       116.344866,
       40.020203
      ],
      [
       116.34319,
       40.020193
      ],
      [
       116.34323,
       40.021005
      ],
      [
       116.344807,
       40.021043
      ],
      [
       116.344866,
       40.020203
      ]
     ]
    ]
   }
  },
  {
   "type": "Feature",
   "id": "BLDG-ZN-0802-008",
   "properties": {
    "id": "BLDG-ZN-0802-008",
    "layer": "BUILDING_FOOTPRINT",
    "name_zh": "科研用地建筑组团 008",
    "source_type": "agent_generated_design",
    "source_class": "agent_designed",
    "confidence": "medium",
    "geometry_role": "design_proposal",
    "area_sqm_calculated": 12634.916,
    "building_type": "incubator",
    "height_m": 45.0,
    "floors": 12,
    "footprint_sqm": 12634.916,
    "gfa_sqm": 151619.0,
    "parent_land_use_id": "LU-0802-003",
    "land_use_code": "0802",
    "key_area_id": "PROV-KEY-001",
    "distance_to_heritage_line_m": 263.1,
    "height_control_rule_zh": "距遗产线<100m≤12m；100–200m≤21m；200–320m≤36m；320–450m≤54m；>450m≤72m；再乘所在重点区域系数（众智园1.25 / AI原点社区0.85 / 大钟寺1.15），上限120m",
    "retain_renovate_demolish": "new_build"
   },
   "geometry": {
    "type": "Polygon",
    "coordinates": [
     [
      [
       116.351825,
       40.017435
      ],
      [
       116.350009,
       40.017479
      ],
      [
       116.349952,
       40.018171
      ],
      [
       116.351842,
       40.018182
      ],
      [
       116.351825,
       40.017435
      ]
     ]
    ]
   }
  },
  {
   "type": "Feature",
   "id": "BLDG-ZN-0802-009",
   "properties": {
    "id": "BLDG-ZN-0802-009",
    "layer": "BUILDING_FOOTPRINT",
    "name_zh": "科研用地建筑组团 009",
    "source_type": "agent_generated_design",
    "source_class": "agent_designed",
    "confidence": "medium",
    "geometry_role": "design_proposal",
    "area_sqm_calculated": 12548.491,
    "building_type": "ai_r_and_d",
    "height_m": 45.0,
    "floors": 12,
    "footprint_sqm": 12548.491,
    "gfa_sqm": 150581.9,
    "parent_land_use_id": "LU-0802-003",
    "land_use_code": "0802",
    "key_area_id": "PROV-KEY-001",
    "distance_to_heritage_line_m": 261.3,
    "height_control_rule_zh": "距遗产线<100m≤12m；100–200m≤21m；200–320m≤36m；320–450m≤54m；>450m≤72m；再乘所在重点区域系数（众智园1.25 / AI原点社区0.85 / 大钟寺1.15），上限120m",
    "retain_renovate_demolish": "new_build"
   },
   "geometry": {
    "type": "Polygon",
    "coordinates": [
     [
      [
       116.351845,
       40.01829
      ],
      [
       116.349944,
       40.018279
      ],
      [
       116.349883,
       40.019023
      ],
      [
       116.351859,
       40.018913
      ],
      [
       116.351845,
       40.01829
      ]
     ]
    ]
   }
  },
  {
   "type": "Feature",
   "id": "BLDG-ZN-05-003",
   "properties": {
    "id": "BLDG-ZN-05-003",
    "layer": "BUILDING_FOOTPRINT",
    "name_zh": "商业服务业用地建筑组团 003",
    "source_type": "agent_generated_design",
    "source_class": "agent_designed",
    "confidence": "medium",
    "geometry_role": "design_proposal",
    "area_sqm_calculated": 9661.158,
    "building_type": "mixed_use",
    "height_m": 90.0,
    "floors": 23,
    "footprint_sqm": 9661.158,
    "gfa_sqm": 222206.6,
    "parent_land_use_id": "LU-05-002",
    "land_use_code": "05",
    "key_area_id": "PROV-KEY-001",
    "distance_to_heritage_line_m": 475.2,
    "height_control_rule_zh": "距遗产线<100m≤12m；100–200m≤21m；200–320m≤36m；320–450m≤54m；>450m≤72m；再乘所在重点区域系数（众智园1.25 / AI原点社区0.85 / 大钟寺1.15），上限120m",
    "retain_renovate_demolish": "new_build"
   },
   "geometry": {
    "type": "Polygon",
    "coordinates": [
     [
      [
       116.352518,
       40.01807
      ],
      [
       116.35404,
       40.018079
      ],
      [
       116.354002,
       40.017382
      ],
      [
       116.352503,
       40.017418
      ],
      [
       116.352518,
       40.01807
      ]
     ]
    ]
   }
  },
  {
   "type": "Feature",
   "id": "BLDG-ZN-05-004",
   "properties": {
    "id": "BLDG-ZN-05-004",
    "layer": "BUILDING_FOOTPRINT",
    "name_zh": "商业服务业用地建筑组团 004",
    "source_type": "agent_generated_design",
    "source_class": "agent_designed",
    "confidence": "medium",
    "geometry_role": "design_proposal",
    "area_sqm_calculated": 8624.312,
    "building_type": "retail",
    "height_m": 90.0,
    "floors": 23,
    "footprint_sqm": 8624.312,
    "gfa_sqm": 198359.2,
    "parent_land_use_id": "LU-05-002",
    "land_use_code": "05",
    "key_area_id": "PROV-KEY-001",
    "distance_to_heritage_line_m": 482.2,
    "height_control_rule_zh": "距遗产线<100m≤12m；100–200m≤21m；200–320m≤36m；320–450m≤54m；>450m≤72m；再乘所在重点区域系数（众智园1.25 / AI原点社区0.85 / 大钟寺1.15），上限120m",
    "retain_renovate_demolish": "new_build"
   },
   "geometry": {
    "type": "Polygon",
    "coordinates": [
     [
      [
       116.352521,
       40.018179
      ],
      [
       116.352537,
       40.018868
      ],
      [
       116.354074,
       40.018684
      ],
      [
       116.354046,
       40.018187
      ],
      [
       116.352521,
       40.018179
      ]
     ]
    ]
   }
  },
  {
   "type": "Feature",
   "id": "BLDG-ZN-0802-010",
   "properties": {
    "id": "BLDG-ZN-0802-010",
    "layer": "BUILDING_FOOTPRINT",
    "name_zh": "科研用地建筑组团 010",
    "source_type": "agent_generated_design",
    "source_class": "agent_designed",
    "confidence": "medium",
    "geometry_role": "design_proposal",
    "area_sqm_calculated": 11549.209,
    "building_type": "office",
    "height_m": 45.0,
    "floors": 12,
    "footprint_sqm": 11549.209,
    "gfa_sqm": 138590.5,
    "parent_land_use_id": "LU-0802-004",
    "land_use_code": "0802",
    "key_area_id": "PROV-KEY-001",
    "distance_to_heritage_line_m": 256.1,
    "height_control_rule_zh": "距遗产线<100m≤12m；100–200m≤21m；200–320m≤36m；320–450m≤54m；>450m≤72m；再乘所在重点区域系数（众智园1.25 / AI原点社区0.85 / 大钟寺1.15），上限120m",
    "retain_renovate_demolish": "new_build"
   },
   "geometry": {
    "type": "Polygon",
    "coordinates": [
     [
      [
       116.351747,
       40.014959
      ],
      [
       116.350172,
       40.015076
      ],
      [
       116.35016,
       40.015612
      ],
      [
       116.350147,
       40.015775
      ],
      [
       116.351776,
       40.015784
      ],
      [
       116.351747,
       40.014959
      ]
     ]
    ]
   }
  },
  {
   "type": "Feature",
   "id": "BLDG-ZN-0802-011",
   "properties": {
    "id": "BLDG-ZN-0802-011",
    "layer": "BUILDING_FOOTPRINT",
    "name_zh": "科研用地建筑组团 011",
    "source_type": "agent_generated_design",
    "source_class": "agent_designed",
    "confidence": "medium",
    "geometry_role": "design_proposal",
    "area_sqm_calculated": 12846.022,
    "building_type": "ai_r_and_d",
    "height_m": 45.0,
    "floors": 12,
    "footprint_sqm": 12846.022,
    "gfa_sqm": 154152.3,
    "parent_land_use_id": "LU-0802-004",
    "land_use_code": "0802",
    "key_area_id": "PROV-KEY-001",
    "distance_to_heritage_line_m": 260.3,
    "height_control_rule_zh": "距遗产线<100m≤12m；100–200m≤21m；200–320m≤36m；320–450m≤54m；>450m≤72m；再乘所在重点区域系数（众智园1.25 / AI原点社区0.85 / 大钟寺1.15），上限120m",
    "retain_renovate_demolish": "new_build"
   },
   "geometry": {
    "type": "Polygon",
    "coordinates": [
     [
      [
       116.351779,
       40.015892
      ],
      [
       116.350138,
       40.015883
      ],
      [
       116.350071,
       40.016711
      ],
      [
       116.351806,
       40.01667
      ],
      [
       116.351779,
       40.015892
      ]
     ]
    ]
   }
  },
  {
   "type": "Feature",
   "id": "BLDG-ZN-05-005",
   "properties": {
    "id": "BLDG-ZN-05-005",
    "layer": "BUILDING_FOOTPRINT",
    "name_zh": "商业服务业用地建筑组团 005",
    "source_type": "agent_generated_design",
    "source_class": "agent_designed",
    "confidence": "medium",
    "geometry_role": "design_proposal",
    "area_sqm_calculated": 11112.394,
    "building_type": "retail",
    "height_m": 66.0,
    "floors": 17,
    "footprint_sqm": 11112.394,
    "gfa_sqm": 188910.7,
    "parent_land_use_id": "LU-05-003",
    "land_use_code": "05",
    "key_area_id": "PROV-KEY-001",
    "distance_to_heritage_line_m": 446.3,
    "height_control_rule_zh": "距遗产线<100m≤12m；100–200m≤21m；200–320m≤36m；320–450m≤54m；>450m≤72m；再乘所在重点区域系数（众智园1.25 / AI原点社区0.85 / 大钟寺1.15），上限120m",
    "retain_renovate_demolish": "new_build"
   },
   "geometry": {
    "type": "Polygon",
    "coordinates": [
     [
      [
       116.352425,
       40.014908
      ],
      [
       116.35245,
       40.015649
      ],
      [
       116.353908,
       40.015657
      ],
      [
       116.35386,
       40.014767
      ],
      [
       116.352961,
       40.014869
      ],
      [
       116.352425,
       40.014908
      ]
     ]
    ]
   }
  },
  {
   "type": "Feature",
   "id": "BLDG-ZN-05-006",
   "properties": {
    "id": "BLDG-ZN-05-006",
    "layer": "BUILDING_FOOTPRINT",
    "name_zh": "商业服务业用地建筑组团 006",
    "source_type": "agent_generated_design",
    "source_class": "agent_designed",
    "confidence": "medium",
    "geometry_role": "design_proposal",
    "area_sqm_calculated": 12174.273,
    "building_type": "office",
    "height_m": 90.0,
    "floors": 23,
    "footprint_sqm": 12174.273,
    "gfa_sqm": 280008.3,
    "parent_land_use_id": "LU-05-003",
    "land_use_code": "05",
    "key_area_id": "PROV-KEY-001",
    "distance_to_heritage_line_m": 456.3,
    "height_control_rule_zh": "距遗产线<100m≤12m；100–200m≤21m；200–320m≤36m；320–450m≤54m；>450m≤72m；再乘所在重点区域系数（众智园1.25 / AI原点社区0.85 / 大钟寺1.15），上限120m",
    "retain_renovate_demolish": "new_build"
   },
   "geometry": {
    "type": "Polygon",
    "coordinates": [
     [
      [
       116.352454,
       40.015757
      ],
      [
       116.352484,
       40.016653
      ],
      [
       116.35396,
       40.016618
      ],
      [
       116.353914,
       40.015765
      ],
      [
       116.352454,
       40.015757
      ]
     ]
    ]
   }
  },
  {
   "type": "Feature",
   "id": "BLDG-ZN-0802-012",
   "properties": {
    "id": "BLDG-ZN-0802-012",
    "layer": "BUILDING_FOOTPRINT",
    "name_zh": "科研用地建筑组团 012",
    "source_type": "agent_generated_design",
    "source_class": "agent_designed",
    "confidence": "medium",
    "geometry_role": "design_proposal",
    "area_sqm_calculated": 21748.591,
    "building_type": "lab",
    "height_m": 27.0,
    "floors": 7,
    "footprint_sqm": 21748.591,
    "gfa_sqm": 152240.1,
    "parent_land_use_id": "LU-0802-005",
    "land_use_code": "0802",
    "key_area_id": "PROV-KEY-001",
    "distance_to_heritage_line_m": 191.0,
    "height_control_rule_zh": "距遗产线<100m≤12m；100–200m≤21m；200–320m≤36m；320–450m≤54m；>450m≤72m；再乘所在重点区域系数（众智园1.25 / AI原点社区0.85 / 大钟寺1.15），上限120m",
    "retain_renovate_demolish": "renovate"
   },
   "geometry": {
    "type": "Polygon",
    "coordinates": [
     [
      [
       116.342848,
       40.013183
      ],
      [
       116.345115,
       40.013196
      ],
      [
       116.345084,
       40.012216
      ],
      [
       116.342798,
       40.012146
      ],
      [
       116.342848,
       40.013183
      ]
     ]
    ]
   }
  },
  {
   "type": "Feature",
   "id": "BLDG-ZN-0802-013",
   "properties": {
    "id": "BLDG-ZN-0802-013",
    "layer": "BUILDING_FOOTPRINT",
    "name_zh": "科研用地建筑组团 013",
    "source_type": "agent_generated_design",
    "source_class": "agent_designed",
    "confidence": "medium",
    "geometry_role": "design_proposal",
    "area_sqm_calculated": 20795.734,
    "building_type": "incubator",
    "height_m": 27.0,
    "floors": 7,
    "footprint_sqm": 20795.734,
    "gfa_sqm": 145570.1,
    "parent_land_use_id": "LU-0802-005",
    "land_use_code": "0802",
    "key_area_id": "PROV-KEY-001",
    "distance_to_heritage_line_m": 177.8,
    "height_control_rule_zh": "距遗产线<100m≤12m；100–200m≤21m；200–320m≤36m；320–450m≤54m；>450m≤72m；再乘所在重点区域系数（众智园1.25 / AI原点社区0.85 / 大钟寺1.15），上限120m",
    "retain_renovate_demolish": "renovate"
   },
   "geometry": {
    "type": "Polygon",
    "coordinates": [
     [
      [
       116.345118,
       40.013304
      ],
      [
       116.342853,
       40.013291
      ],
      [
       116.342895,
       40.014148
      ],
      [
       116.344536,
       40.014339
      ],
      [
       116.34515,
       40.014342
      ],
      [
       116.345118,
       40.013304
      ]
     ]
    ]
   }
  },
  {
   "type": "Feature",
   "id": "BLDG-ZN-0802-014",
   "properties": {
    "id": "BLDG-ZN-0802-014",
    "layer": "BUILDING_FOOTPRINT",
    "name_zh": "科研用地建筑组团 014",
    "source_type": "agent_generated_design",
    "source_class": "agent_designed",
    "confidence": "medium",
    "geometry_role": "design_proposal",
    "area_sqm_calculated": 14249.275,
    "building_type": "ai_r_and_d",
    "height_m": 27.0,
    "floors": 7,
    "footprint_sqm": 14249.275,
    "gfa_sqm": 99744.9,
    "parent_land_use_id": "LU-0802-005",
    "land_use_code": "0802",
    "key_area_id": "PROV-KEY-001",
    "distance_to_heritage_line_m": 164.6,
    "height_control_rule_zh": "距遗产线<100m≤12m；100–200m≤21m；200–320m≤36m；320–450m≤54m；>450m≤72m；再乘所在重点区域系数（众智园1.25 / AI原点社区0.85 / 大钟寺1.15），上限120m",
    "retain_renovate_demolish": "renovate"
   },
   "geometry": {
    "type": "Polygon",
    "coordinates": [
     [
      [
       116.345186,
       40.015489
      ],
      [
       116.345169,
       40.01494
      ],
      [
       116.345154,
       40.014938
      ],
      [
       116.342921,
       40.014679
      ],
      [
       116.342927,
       40.014805
      ],
      [
       116.34296,
       40.015477
      ],
      [
       116.345186,
       40.015489
      ]
     ]
    ]
   }
  },
  {
   "type": "Feature",
   "id": "BLDG-ZN-0802-015",
   "properties": {
    "id": "BLDG-ZN-0802-015",
    "layer": "BUILDING_FOOTPRINT",
    "name_zh": "科研用地建筑组团 015",
    "source_type": "agent_generated_design",
    "source_class": "agent_designed",
    "confidence": "medium",
    "geometry_role": "design_proposal",
    "area_sqm_calculated": 20820.498,
    "building_type": "office",
    "height_m": 27.0,
    "floors": 7,
    "footprint_sqm": 20820.498,
    "gfa_sqm": 145743.5,
    "parent_land_use_id": "LU-0802-005",
    "land_use_code": "0802",
    "key_area_id": "PROV-KEY-001",
    "distance_to_heritage_line_m": 160.4,
    "height_control_rule_zh": "距遗产线<100m≤12m；100–200m≤21m；200–320m≤36m；320–450m≤54m；>450m≤72m；再乘所在重点区域系数（众智园1.25 / AI原点社区0.85 / 大钟寺1.15），上限120m",
    "retain_renovate_demolish": "renovate"
   },
   "geometry": {
    "type": "Polygon",
    "coordinates": [
     [
      [
       116.345189,
       40.015597
      ],
      [
       116.342965,
       40.015585
      ],
      [
       116.343013,
       40.016578
      ],
      [
       116.345116,
       40.016634
      ],
      [
       116.345189,
       40.015597
      ]
     ]
    ]
   }
  },
  {
   "type": "Feature",
   "id": "BLDG-ZN-0802-016",
   "properties": {
    "id": "BLDG-ZN-0802-016",
    "layer": "BUILDING_FOOTPRINT",
    "name_zh": "科研用地建筑组团 016",
    "source_type": "agent_generated_design",
    "source_class": "agent_designed",
    "confidence": "medium",
    "geometry_role": "design_proposal",
    "area_sqm_calculated": 9446.587,
    "building_type": "ai_r_and_d",
    "height_m": 45.0,
    "floors": 12,
    "footprint_sqm": 9446.587,
    "gfa_sqm": 113359.0,
    "parent_land_use_id": "LU-0802-006",
    "land_use_code": "0802",
    "key_area_id": "PROV-KEY-001",
    "distance_to_heritage_line_m": 241.0,
    "height_control_rule_zh": "距遗产线<100m≤12m；100–200m≤21m；200–320m≤36m；320–450m≤54m；>450m≤72m；再乘所在重点区域系数（众智园1.25 / AI原点社区0.85 / 大钟寺1.15），上限120m",
    "retain_renovate_demolish": "new_build"
   },
   "geometry": {
    "type": "Polygon",
    "coordinates": [
     [
      [
       116.350239,
       40.012248
      ],
      [
       116.350223,
       40.012932
      ],
      [
       116.351679,
       40.01294
      ],
      [
       116.351661,
       40.012408
      ],
      [
       116.351653,
       40.012236
      ],
      [
       116.350239,
       40.012248
      ]
     ]
    ]
   }
  },
  {
   "type": "Feature",
   "id": "BLDG-ZN-0802-017",
   "properties": {
    "id": "BLDG-ZN-0802-017",
    "layer": "BUILDING_FOOTPRINT",
    "name_zh": "科研用地建筑组团 017",
    "source_type": "agent_generated_design",
    "source_class": "agent_designed",
    "confidence": "medium",
    "geometry_role": "design_proposal",
    "area_sqm_calculated": 9896.959,
    "building_type": "lab",
    "height_m": 45.0,
    "floors": 12,
    "footprint_sqm": 9896.959,
    "gfa_sqm": 118763.5,
    "parent_land_use_id": "LU-0802-006",
    "land_use_code": "0802",
    "key_area_id": "PROV-KEY-001",
    "distance_to_heritage_line_m": 242.1,
    "height_control_rule_zh": "距遗产线<100m≤12m；100–200m≤21m；200–320m≤36m；320–450m≤54m；>450m≤72m；再乘所在重点区域系数（众智园1.25 / AI原点社区0.85 / 大钟寺1.15），上限120m",
    "retain_renovate_demolish": "new_build"
   },
   "geometry": {
    "type": "Polygon",
    "coordinates": [
     [
      [
       116.350204,
       40.013744
      ],
      [
       116.351707,
       40.013752
      ],
      [
       116.351683,
       40.013048
      ],
      [
       116.35022,
       40.01304
      ],
      [
       116.350204,
       40.013744
      ]
     ]
    ]
   }
  },
  {
   "type": "Feature",
   "id": "BLDG-ZN-0802-018",
   "properties": {
    "id": "BLDG-ZN-0802-018",
    "layer": "BUILDING_FOOTPRINT",
    "name_zh": "科研用地建筑组团 018",
    "source_type": "agent_generated_design",
    "source_class": "agent_designed",
    "confidence": "medium",
    "geometry_role": "design_proposal",
    "area_sqm_calculated": 9221.938,
    "building_type": "incubator",
    "height_m": 45.0,
    "floors": 12,
    "footprint_sqm": 9221.938,
    "gfa_sqm": 110663.3,
    "parent_land_use_id": "LU-0802-006",
    "land_use_code": "0802",
    "key_area_id": "PROV-KEY-001",
    "distance_to_heritage_line_m": 247.7,
    "height_control_rule_zh": "距遗产线<100m≤12m；100–200m≤21m；200–320m≤36m；320–450m≤54m；>450m≤72m；再乘所在重点区域系数（众智园1.25 / AI原点社区0.85 / 大钟寺1.15），上限120m",
    "retain_renovate_demolish": "new_build"
   },
   "geometry": {
    "type": "Polygon",
    "coordinates": [
     [
      [
       116.350201,
       40.013852
      ],
      [
       116.350185,
       40.01455
      ],
      [
       116.35173,
       40.014436
      ],
      [
       116.35171,
       40.01386
      ],
      [
       116.350201,
       40.013852
      ]
     ]
    ]
   }
  },
  {
   "type": "Feature",
   "id": "BLDG-ZN-05-007",
   "properties": {
    "id": "BLDG-ZN-05-007",
    "layer": "BUILDING_FOOTPRINT",
    "name_zh": "商业服务业用地建筑组团 007",
    "source_type": "agent_generated_design",
    "source_class": "agent_designed",
    "confidence": "medium",
    "geometry_role": "design_proposal",
    "area_sqm_calculated": 8455.969,
    "building_type": "mixed_use",
    "height_m": 66.0,
    "floors": 17,
    "footprint_sqm": 8455.969,
    "gfa_sqm": 143751.5,
    "parent_land_use_id": "LU-05-004",
    "land_use_code": "05",
    "key_area_id": "PROV-KEY-001",
    "distance_to_heritage_line_m": 419.5,
    "height_control_rule_zh": "距遗产线<100m≤12m；100–200m≤21m；200–320m≤36m；320–450m≤54m；>450m≤72m；再乘所在重点区域系数（众智园1.25 / AI原点社区0.85 / 大钟寺1.15），上限120m",
    "retain_renovate_demolish": "new_build"
   },
   "geometry": {
    "type": "Polygon",
    "coordinates": [
     [
      [
       116.352339,
       40.012393
      ],
      [
       116.352354,
       40.01282
      ],
      [
       116.353753,
       40.012828
      ],
      [
       116.353716,
       40.012154
      ],
      [
       116.352331,
       40.012213
      ],
      [
       116.352339,
       40.012393
      ]
     ]
    ]
   }
  },
  {
   "type": "Feature",
   "id": "BLDG-ZN-05-008",
   "properties": {
    "id": "BLDG-ZN-05-008",
    "layer": "BUILDING_FOOTPRINT",
    "name_zh": "商业服务业用地建筑组团 008",
    "source_type": "agent_generated_design",
    "source_class": "agent_designed",
    "confidence": "medium",
    "geometry_role": "design_proposal",
    "area_sqm_calculated": 9040.897,
    "building_type": "retail",
    "height_m": 66.0,
    "floors": 17,
    "footprint_sqm": 9040.897,
    "gfa_sqm": 153695.2,
    "parent_land_use_id": "LU-05-004",
    "land_use_code": "05",
    "key_area_id": "PROV-KEY-001",
    "distance_to_heritage_line_m": 423.6,
    "height_control_rule_zh": "距遗产线<100m≤12m；100–200m≤21m；200–320m≤36m；320–450m≤54m；>450m≤72m；再乘所在重点区域系数（众智园1.25 / AI原点社区0.85 / 大钟寺1.15），上限120m",
    "retain_renovate_demolish": "new_build"
   },
   "geometry": {
    "type": "Polygon",
    "coordinates": [
     [
      [
       116.352381,
       40.013606
      ],
      [
       116.353796,
       40.013614
      ],
      [
       116.353759,
       40.012936
      ],
      [
       116.352358,
       40.012929
      ],
      [
       116.352381,
       40.013606
      ]
     ]
    ]
   }
  },
  {
   "type": "Feature",
   "id": "BLDG-ZN-05-009",
   "properties": {
    "id": "BLDG-ZN-05-009",
    "layer": "BUILDING_FOOTPRINT",
    "name_zh": "商业服务业用地建筑组团 009",
    "source_type": "agent_generated_design",
    "source_class": "agent_designed",
    "confidence": "medium",
    "geometry_role": "design_proposal",
    "area_sqm_calculated": 8132.587,
    "building_type": "retail",
    "height_m": 66.0,
    "floors": 17,
    "footprint_sqm": 8132.587,
    "gfa_sqm": 138254.0,
    "parent_land_use_id": "LU-05-004",
    "land_use_code": "05",
    "key_area_id": "PROV-KEY-001",
    "distance_to_heritage_line_m": 432.3,
    "height_control_rule_zh": "距遗产线<100m≤12m；100–200m≤21m；200–320m≤36m；320–450m≤54m；>450m≤72m；再乘所在重点区域系数（众智园1.25 / AI原点社区0.85 / 大钟寺1.15），上限120m",
    "retain_renovate_demolish": "new_build"
   },
   "geometry": {
    "type": "Polygon",
    "coordinates": [
     [
      [
       116.352408,
       40.014386
      ],
      [
       116.352879,
       40.014351
      ],
      [
       116.353831,
       40.014243
      ],
      [
       116.353802,
       40.013722
      ],
      [
       116.352384,
       40.013714
      ],
      [
       116.352408,
       40.014386
      ]
     ]
    ]
   }
  },
  {
   "type": "Feature",
   "id": "BLDG-ZN-0802-019",
   "properties": {
    "id": "BLDG-ZN-0802-019",
    "layer": "BUILDING_FOOTPRINT",
    "name_zh": "科研用地建筑组团 019",
    "source_type": "agent_generated_design",
    "source_class": "agent_designed",
    "confidence": "medium",
    "geometry_role": "design_proposal",
    "area_sqm_calculated": 8806.099,
    "building_type": "ai_r_and_d",
    "height_m": 45.0,
    "floors": 12,
    "footprint_sqm": 8806.099,
    "gfa_sqm": 105673.2,
    "parent_land_use_id": "LU-0802-007",
    "land_use_code": "0802",
    "key_area_id": "PROV-KEY-001",
    "distance_to_heritage_line_m": 240.0,
    "height_control_rule_zh": "距遗产线<100m≤12m；100–200m≤21m；200–320m≤36m；320–450m≤54m；>450m≤72m；再乘所在重点区域系数（众智园1.25 / AI原点社区0.85 / 大钟寺1.15），上限120m",
    "retain_renovate_demolish": "new_build"
   },
   "geometry": {
    "type": "Polygon",
    "coordinates": [
     [
      [
       116.351554,
       40.010054
      ],
      [
       116.351289,
       40.010071
      ],
      [
       116.350291,
       40.010045
      ],
      [
       116.350274,
       40.010776
      ],
      [
       116.351587,
       40.010784
      ],
      [
       116.351554,
       40.010054
      ]
     ]
    ]
   }
  },
  {
   "type": "Feature",
   "id": "BLDG-ZN-0802-020",
   "properties": {
    "id": "BLDG-ZN-0802-020",
    "layer": "BUILDING_FOOTPRINT",
    "name_zh": "科研用地建筑组团 020",
    "source_type": "agent_generated_design",
    "source_class": "agent_designed",
    "confidence": "medium",
    "geometry_role": "design_proposal",
    "area_sqm_calculated": 9238.585,
    "building_type": "office",
    "height_m": 45.0,
    "floors": 12,
    "footprint_sqm": 9238.585,
    "gfa_sqm": 110863.0,
    "parent_land_use_id": "LU-0802-007",
    "land_use_code": "0802",
    "key_area_id": "PROV-KEY-001",
    "distance_to_heritage_line_m": 240.4,
    "height_control_rule_zh": "距遗产线<100m≤12m；100–200m≤21m；200–320m≤36m；320–450m≤54m；>450m≤72m；再乘所在重点区域系数（众智园1.25 / AI原点社区0.85 / 大钟寺1.15），上限120m",
    "retain_renovate_demolish": "new_build"
   },
   "geometry": {
    "type": "Polygon",
    "coordinates": [
     [
      [
       116.351592,
       40.010892
      ],
      [
       116.350271,
       40.010884
      ],
      [
       116.350254,
       40.011618
      ],
      [
       116.351625,
       40.011606
      ],
      [
       116.351592,
       40.010892
      ]
     ]
    ]
   }
  },
  {
   "type": "Feature",
   "id": "BLDG-ZN-05-010",
   "properties": {
    "id": "BLDG-ZN-05-010",
    "layer": "BUILDING_FOOTPRINT",
    "name_zh": "商业服务业用地建筑组团 010",
    "source_type": "agent_generated_design",
    "source_class": "agent_designed",
    "confidence": "medium",
    "geometry_role": "design_proposal",
    "area_sqm_calculated": 9510.965,
    "building_type": "office",
    "height_m": 66.0,
    "floors": 17,
    "footprint_sqm": 9510.965,
    "gfa_sqm": 161686.4,
    "parent_land_use_id": "LU-05-005",
    "land_use_code": "05",
    "key_area_id": "PROV-KEY-001",
    "distance_to_heritage_line_m": 405.5,
    "height_control_rule_zh": "距遗产线<100m≤12m；100–200m≤21m；200–320m≤36m；320–450m≤54m；>450m≤72m；再乘所在重点区域系数（众智园1.25 / AI原点社区0.85 / 大钟寺1.15），上限120m",
    "retain_renovate_demolish": "new_build"
   },
   "geometry": {
    "type": "Polygon",
    "coordinates": [
     [
      [
       116.353636,
       40.010701
      ],
      [
       116.353594,
       40.00992
      ],
      [
       116.352231,
       40.01001
      ],
      [
       116.352262,
       40.010693
      ],
      [
       116.353636,
       40.010701
      ]
     ]
    ]
   }
  },
  {
   "type": "Feature",
   "id": "BLDG-ZN-05-011",
   "properties": {
    "id": "BLDG-ZN-05-011",
    "layer": "BUILDING_FOOTPRINT",
    "name_zh": "商业服务业用地建筑组团 011",
    "source_type": "agent_generated_design",
    "source_class": "agent_designed",
    "confidence": "medium",
    "geometry_role": "design_proposal",
    "area_sqm_calculated": 9776.559,
    "building_type": "mixed_use",
    "height_m": 66.0,
    "floors": 17,
    "footprint_sqm": 9776.559,
    "gfa_sqm": 166201.5,
    "parent_land_use_id": "LU-05-005",
    "land_use_code": "05",
    "key_area_id": "PROV-KEY-001",
    "distance_to_heritage_line_m": 410.5,
    "height_control_rule_zh": "距遗产线<100m≤12m；100–200m≤21m；200–320m≤36m；320–450m≤54m；>450m≤72m；再乘所在重点区域系数（众智园1.25 / AI原点社区0.85 / 大钟寺1.15），上限120m",
    "retain_renovate_demolish": "new_build"
   },
   "geometry": {
    "type": "Polygon",
    "coordinates": [
     [
      [
       116.353642,
       40.010809
      ],
      [
       116.352267,
       40.010801
      ],
      [
       116.352303,
       40.011583
      ],
      [
       116.353681,
       40.011524
      ],
      [
       116.353642,
       40.010809
      ]
     ]
    ]
   }
  },
  {
   "type": "Feature",
   "id": "BLDG-ZN-0802-021",
   "properties": {
    "id": "BLDG-ZN-0802-021",
    "layer": "BUILDING_FOOTPRINT",
    "name_zh": "科研用地建筑组团 021",
    "source_type": "agent_generated_design",
    "source_class": "agent_designed",
    "confidence": "medium",
    "geometry_role": "design_proposal",
    "area_sqm_calculated": 17472.432,
    "building_type": "ai_r_and_d",
    "height_m": 45.0,
    "floors": 12,
    "footprint_sqm": 17472.432,
    "gfa_sqm": 209669.2,
    "parent_land_use_id": "LU-0802-008",
    "land_use_code": "0802",
    "key_area_id": "PROV-KEY-001",
    "distance_to_heritage_line_m": 219.9,
    "height_control_rule_zh": "距遗产线<100m≤12m；100–200m≤21m；200–320m≤36m；320–450m≤54m；>450m≤72m；再乘所在重点区域系数（众智园1.25 / AI原点社区0.85 / 大钟寺1.15），上限120m",
    "retain_renovate_demolish": "new_build"
   },
   "geometry": {
    "type": "Polygon",
    "coordinates": [
     [
      [
       116.342588,
       40.00784
      ],
      [
       116.342629,
       40.00869
      ],
      [
       116.344942,
       40.008703
      ],
      [
       116.34487,
       40.007932
      ],
      [
       116.343774,
       40.007902
      ],
      [
       116.342588,
       40.00784
      ]
     ]
    ]
   }
  },
  {
   "type": "Feature",
   "id": "BLDG-ZN-0802-022",
   "properties": {
    "id": "BLDG-ZN-0802-022",
    "layer": "BUILDING_FOOTPRINT",
    "name_zh": "科研用地建筑组团 022",
    "source_type": "agent_generated_design",
    "source_class": "agent_designed",
    "confidence": "medium",
    "geometry_role": "design_proposal",
    "area_sqm_calculated": 9709.404,
    "building_type": "lab",
    "height_m": 45.0,
    "floors": 12,
    "footprint_sqm": 9709.404,
    "gfa_sqm": 116512.8,
    "parent_land_use_id": "LU-0802-008",
    "land_use_code": "0802",
    "key_area_id": "PROV-KEY-001",
    "distance_to_heritage_line_m": 214.4,
    "height_control_rule_zh": "距遗产线<100m≤12m；100–200m≤21m；200–320m≤36m；320–450m≤54m；>450m≤72m；再乘所在重点区域系数（众智园1.25 / AI原点社区0.85 / 大钟寺1.15），上限120m",
    "retain_renovate_demolish": "new_build"
   },
   "geometry": {
    "type": "Polygon",
    "coordinates": [
     [
      [
       116.344991,
       40.009254
      ],
      [
       116.34499,
       40.009215
      ],
      [
       116.344952,
       40.008811
      ],
      [
       116.342634,
       40.008798
      ],
      [
       116.342676,
       40.009651
      ],
      [
       116.343382,
       40.009655
      ],
      [
       116.342952,
       40.009622
      ],
      [
       116.343022,
       40.009102
      ],
      [
       116.344991,
       40.009254
      ]
     ]
    ]
   }
  },
  {
   "type": "Feature",
   "id": "BLDG-ZN-0802-023",
   "properties": {
    "id": "BLDG-ZN-0802-023",
    "layer": "BUILDING_FOOTPRINT",
    "name_zh": "科研用地建筑组团 023",
    "source_type": "agent_generated_design",
    "source_class": "agent_designed",
    "confidence": "medium",
    "geometry_role": "design_proposal",
    "area_sqm_calculated": 18747.805,
    "building_type": "incubator",
    "height_m": 45.0,
    "floors": 12,
    "footprint_sqm": 18747.805,
    "gfa_sqm": 224973.7,
    "parent_land_use_id": "LU-0802-008",
    "land_use_code": "0802",
    "key_area_id": "PROV-KEY-001",
    "distance_to_heritage_line_m": 207.3,
    "height_control_rule_zh": "距遗产线<100m≤12m；100–200m≤21m；200–320m≤36m；320–450m≤54m；>450m≤72m；再乘所在重点区域系数（众智园1.25 / AI原点社区0.85 / 大钟寺1.15），上限120m",
    "retain_renovate_demolish": "new_build"
   },
   "geometry": {
    "type": "Polygon",
    "coordinates": [
     [
      [
       116.342681,
       40.00976
      ],
      [
       116.342683,
       40.009805
      ],
      [
       116.342723,
       40.010613
      ],
      [
       116.345034,
       40.010626
      ],
      [
       116.345008,
       40.009781
      ],
      [
       116.344888,
       40.009772
      ],
      [
       116.342681,
       40.00976
      ]
     ]
    ]
   }
  },
  {
   "type": "Feature",
   "id": "BLDG-ZN-0802-024",
   "properties": {
    "id": "BLDG-ZN-0802-024",
    "layer": "BUILDING_FOOTPRINT",
    "name_zh": "科研用地建筑组团 024",
    "source_type": "agent_generated_design",
    "source_class": "agent_designed",
    "confidence": "medium",
    "geometry_role": "design_proposal",
    "area_sqm_calculated": 17944.488,
    "building_type": "ai_r_and_d",
    "height_m": 45.0,
    "floors": 12,
    "footprint_sqm": 17944.488,
    "gfa_sqm": 215333.9,
    "parent_land_use_id": "LU-0802-008",
    "land_use_code": "0802",
    "key_area_id": "PROV-KEY-001",
    "distance_to_heritage_line_m": 202.4,
    "height_control_rule_zh": "距遗产线<100m≤12m；100–200m≤21m；200–320m≤36m；320–450m≤54m；>450m≤72m；再乘所在重点区域系数（众智园1.25 / AI原点社区0.85 / 大钟寺1.15），上限120m",
    "retain_renovate_demolish": "new_build"
   },
   "geometry": {
    "type": "Polygon",
    "coordinates": [
     [
      [
       116.342728,
       40.010721
      ],
      [
       116.342767,
       40.011515
      ],
      [
       116.345064,
       40.011585
      ],
      [
       116.345037,
       40.010734
      ],
      [
       116.342728,
       40.010721
      ]
     ]
    ]
   }
  },
  {
   "type": "Feature",
   "id": "BLDG-ZN-0802-025",
   "properties": {
    "id": "BLDG-ZN-0802-025",
    "layer": "BUILDING_FOOTPRINT",
    "name_zh": "科研用地建筑组团 025",
    "source_type": "agent_generated_design",
    "source_class": "agent_designed",
    "confidence": "medium",
    "geometry_role": "design_proposal",
    "area_sqm_calculated": 14213.488,
    "building_type": "office",
    "height_m": 45.0,
    "floors": 12,
    "footprint_sqm": 14213.488,
    "gfa_sqm": 170561.9,
    "parent_land_use_id": "LU-0802-009",
    "land_use_code": "0802",
    "key_area_id": "PROV-KEY-001",
    "distance_to_heritage_line_m": 230.2,
    "height_control_rule_zh": "距遗产线<100m≤12m；100–200m≤21m；200–320m≤36m；320–450m≤54m；>450m≤72m；再乘所在重点区域系数（众智园1.25 / AI原点社区0.85 / 大钟寺1.15），上限120m",
    "retain_renovate_demolish": "new_build"
   },
   "geometry": {
    "type": "Polygon",
    "coordinates": [
     [
      [
       116.350302,
       40.009523
      ],
      [
       116.35124,
       40.009548
      ],
      [
       116.351255,
       40.007979
      ],
      [
       116.350235,
       40.007994
      ],
      [
       116.35031,
       40.009195
      ],
      [
       116.350302,
       40.009523
      ]
     ]
    ]
   }
  },
  {
   "type": "Feature",
   "id": "BLDG-ZN-0802-026",
   "properties": {
    "id": "BLDG-ZN-0802-026",
    "layer": "BUILDING_FOOTPRINT",
    "name_zh": "科研用地建筑组团 026",
    "source_type": "agent_generated_design",
    "source_class": "agent_designed",
    "confidence": "medium",
    "geometry_role": "design_proposal",
    "area_sqm_calculated": 1575.421,
    "building_type": "ai_r_and_d",
    "height_m": 66.0,
    "floors": 17,
    "footprint_sqm": 1575.421,
    "gfa_sqm": 26782.2,
    "parent_land_use_id": "LU-0802-009",
    "land_use_code": "0802",
    "key_area_id": "PROV-KEY-001",
    "distance_to_heritage_line_m": 329.2,
    "height_control_rule_zh": "距遗产线<100m≤12m；100–200m≤21m；200–320m≤36m；320–450m≤54m；>450m≤72m；再乘所在重点区域系数（众智园1.25 / AI原点社区0.85 / 大钟寺1.15），上限120m",
    "retain_renovate_demolish": "new_build"
   },
   "geometry": {
    "type": "Polygon",
    "coordinates": [
     [
      [
       116.35153,
       40.009531
      ],
      [
       116.351459,
       40.007977
      ],
      [
       116.351395,
       40.007977
      ],
      [
       116.351381,
       40.009541
      ],
      [
       116.35153,
       40.009531
      ]
     ]
    ]
   }
  },
  {
   "type": "Feature",
   "id": "BLDG-ZN-0802-027",
   "properties": {
    "id": "BLDG-ZN-0802-027",
    "layer": "BUILDING_FOOTPRINT",
    "name_zh": "科研用地建筑组团 027",
    "source_type": "agent_generated_design",
    "source_class": "agent_designed",
    "confidence": "medium",
    "geometry_role": "design_proposal",
    "area_sqm_calculated": 3436.056,
    "building_type": "lab",
    "height_m": 66.0,
    "floors": 17,
    "footprint_sqm": 3436.056,
    "gfa_sqm": 58413.0,
    "parent_land_use_id": "LU-0802-009",
    "land_use_code": "0802",
    "key_area_id": "PROV-KEY-001",
    "distance_to_heritage_line_m": 392.6,
    "height_control_rule_zh": "距遗产线<100m≤12m；100–200m≤21m；200–320m≤36m；320–450m≤54m；>450m≤72m；再乘所在重点区域系数（众智园1.25 / AI原点社区0.85 / 大钟寺1.15），上限120m",
    "retain_renovate_demolish": "new_build"
   },
   "geometry": {
    "type": "Polygon",
    "coordinates": [
     [
      [
       116.352419,
       40.007963
      ],
      [
       116.352138,
       40.007967
      ],
      [
       116.352207,
       40.009487
      ],
      [
       116.352404,
       40.009474
      ],
      [
       116.352419,
       40.007963
      ]
     ]
    ]
   }
  },
  {
   "type": "Feature",
   "id": "BLDG-ZN-0802-028",
   "properties": {
    "id": "BLDG-ZN-0802-028",
    "layer": "BUILDING_FOOTPRINT",
    "name_zh": "科研用地建筑组团 028",
    "source_type": "agent_generated_design",
    "source_class": "agent_designed",
    "confidence": "medium",
    "geometry_role": "design_proposal",
    "area_sqm_calculated": 13812.953,
    "building_type": "incubator",
    "height_m": 66.0,
    "floors": 17,
    "footprint_sqm": 13812.953,
    "gfa_sqm": 234820.2,
    "parent_land_use_id": "LU-0802-009",
    "land_use_code": "0802",
    "key_area_id": "PROV-KEY-001",
    "distance_to_heritage_line_m": 428.5,
    "height_control_rule_zh": "距遗产线<100m≤12m；100–200m≤21m；200–320m≤36m；320–450m≤54m；>450m≤72m；再乘所在重点区域系数（众智园1.25 / AI原点社区0.85 / 大钟寺1.15），上限120m",
    "retain_renovate_demolish": "new_build"
   },
   "geometry": {
    "type": "Polygon",
    "coordinates": [
     [
      [
       116.352559,
       40.007956
      ],
      [
       116.352545,
       40.009465
      ],
      [
       116.353565,
       40.009397
      ],
      [
       116.353483,
       40.007912
      ],
      [
       116.352559,
       40.007956
      ]
     ]
    ]
   }
  },
  {
   "type": "Feature",
   "id": "BLDG-ZM-0702-001",
   "properties": {
    "id": "BLDG-ZM-0702-001",
    "layer": "BUILDING_FOOTPRINT",
    "name_zh": "城镇社区服务设施用地建筑组团 001",
    "source_type": "agent_generated_design",
    "source_class": "agent_designed",
    "confidence": "medium",
    "geometry_role": "design_proposal",
    "area_sqm_calculated": 12278.445,
    "building_type": "community_service",
    "height_m": 30.0,
    "floors": 10,
    "footprint_sqm": 12278.445,
    "gfa_sqm": 122784.4,
    "parent_land_use_id": "LU-0702-001",
    "land_use_code": "0702",
    "key_area_id": "PROV-KEY-002",
    "distance_to_heritage_line_m": 243.6,
    "height_control_rule_zh": "距遗产线<100m≤12m；100–200m≤21m；200–320m≤36m；320–450m≤54m；>450m≤72m；再乘所在重点区域系数（众智园1.25 / AI原点社区0.85 / 大钟寺1.15），上限120m",
    "retain_renovate_demolish": "retain"
   },
   "geometry": {
    "type": "Polygon",
    "coordinates": [
     [
      [
       116.351481,
       39.991576
      ],
      [
       116.350954,
       39.990954
      ],
      [
       116.35088,
       39.990961
      ],
      [
       116.349143,
       39.991032
      ],
      [
       116.34911,
       39.991599
      ],
      [
       116.351481,
       39.991612
      ],
      [
       116.351481,
       39.991576
      ]
     ]
    ]
   }
  },
  {
   "type": "Feature",
   "id": "BLDG-ZM-0702-002",
   "properties": {
    "id": "BLDG-ZM-0702-002",
    "layer": "BUILDING_FOOTPRINT",
    "name_zh": "城镇社区服务设施用地建筑组团 002",
    "source_type": "agent_generated_design",
    "source_class": "agent_designed",
    "confidence": "medium",
    "geometry_role": "design_proposal",
    "area_sqm_calculated": 14733.276,
    "building_type": "community_service",
    "height_m": 30.0,
    "floors": 10,
    "footprint_sqm": 14733.276,
    "gfa_sqm": 147332.8,
    "parent_land_use_id": "LU-0702-001",
    "land_use_code": "0702",
    "key_area_id": "PROV-KEY-002",
    "distance_to_heritage_line_m": 244.2,
    "height_control_rule_zh": "距遗产线<100m≤12m；100–200m≤21m；200–320m≤36m；320–450m≤54m；>450m≤72m；再乘所在重点区域系数（众智园1.25 / AI原点社区0.85 / 大钟寺1.15），上限120m",
    "retain_renovate_demolish": "retain"
   },
   "geometry": {
    "type": "Polygon",
    "coordinates": [
     [
      [
       116.34915,
       39.992367
      ],
      [
       116.351492,
       39.99238
      ],
      [
       116.351483,
       39.99172
      ],
      [
       116.349116,
       39.991707
      ],
      [
       116.34915,
       39.992367
      ]
     ]
    ]
   }
  },
  {
   "type": "Feature",
   "id": "BLDG-ZM-0702-003",
   "properties": {
    "id": "BLDG-ZM-0702-003",
    "layer": "BUILDING_FOOTPRINT",
    "name_zh": "城镇社区服务设施用地建筑组团 003",
    "source_type": "agent_generated_design",
    "source_class": "agent_designed",
    "confidence": "medium",
    "geometry_role": "design_proposal",
    "area_sqm_calculated": 13903.635,
    "building_type": "community_service",
    "height_m": 30.0,
    "floors": 10,
    "footprint_sqm": 13903.635,
    "gfa_sqm": 139036.4,
    "parent_land_use_id": "LU-0702-001",
    "land_use_code": "0702",
    "key_area_id": "PROV-KEY-002",
    "distance_to_heritage_line_m": 243.2,
    "height_control_rule_zh": "距遗产线<100m≤12m；100–200m≤21m；200–320m≤36m；320–450m≤54m；>450m≤72m；再乘所在重点区域系数（众智园1.25 / AI原点社区0.85 / 大钟寺1.15），上限120m",
    "retain_renovate_demolish": "retain"
   },
   "geometry": {
    "type": "Polygon",
    "coordinates": [
     [
      [
       116.34919,
       39.993133
      ],
      [
       116.351502,
       39.993091
      ],
      [
       116.351494,
       39.992488
      ],
      [
       116.349156,
       39.992475
      ],
      [
       116.34919,
       39.993133
      ]
     ]
    ]
   }
  },
  {
   "type": "Feature",
   "id": "BLDG-ZM-05-012",
   "properties": {
    "id": "BLDG-ZM-05-012",
    "layer": "BUILDING_FOOTPRINT",
    "name_zh": "商业服务业用地建筑组团 012",
    "source_type": "agent_generated_design",
    "source_class": "agent_designed",
    "confidence": "medium",
    "geometry_role": "design_proposal",
    "area_sqm_calculated": 3043.585,
    "building_type": "retail",
    "height_m": 60.0,
    "floors": 15,
    "footprint_sqm": 3043.585,
    "gfa_sqm": 45653.8,
    "parent_land_use_id": "LU-05-006",
    "land_use_code": "05",
    "key_area_id": "PROV-KEY-002",
    "distance_to_heritage_line_m": 498.5,
    "height_control_rule_zh": "距遗产线<100m≤12m；100–200m≤21m；200–320m≤36m；320–450m≤54m；>450m≤72m；再乘所在重点区域系数（众智园1.25 / AI原点社区0.85 / 大钟寺1.15），上限120m",
    "retain_renovate_demolish": "new_build"
   },
   "geometry": {
    "type": "Polygon",
    "coordinates": [
     [
      [
       116.35217,
       39.992391
      ],
      [
       116.35218,
       39.99308
      ],
      [
       116.35267,
       39.99307
      ],
      [
       116.352628,
       39.992302
      ],
      [
       116.352252,
       39.992487
      ],
      [
       116.35217,
       39.992391
      ]
     ]
    ]
   }
  },
  {
   "type": "Feature",
   "id": "BLDG-ZM-05-013",
   "properties": {
    "id": "BLDG-ZM-05-013",
    "layer": "BUILDING_FOOTPRINT",
    "name_zh": "商业服务业用地建筑组团 013",
    "source_type": "agent_generated_design",
    "source_class": "agent_designed",
    "confidence": "medium",
    "geometry_role": "design_proposal",
    "area_sqm_calculated": 3537.66,
    "building_type": "retail",
    "height_m": 60.0,
    "floors": 15,
    "footprint_sqm": 3537.66,
    "gfa_sqm": 53064.9,
    "parent_land_use_id": "LU-05-006",
    "land_use_code": "05",
    "key_area_id": "PROV-KEY-002",
    "distance_to_heritage_line_m": 501.7,
    "height_control_rule_zh": "距遗产线<100m≤12m；100–200m≤21m；200–320m≤36m；320–450m≤54m；>450m≤72m；再乘所在重点区域系数（众智园1.25 / AI原点社区0.85 / 大钟寺1.15），上限120m",
    "retain_renovate_demolish": "new_build"
   },
   "geometry": {
    "type": "Polygon",
    "coordinates": [
     [
      [
       116.352549,
       39.990801
      ],
      [
       116.352148,
       39.990839
      ],
      [
       116.352157,
       39.991451
      ],
      [
       116.35261,
       39.991986
      ],
      [
       116.352548,
       39.990844
      ],
      [
       116.352549,
       39.990801
      ]
     ]
    ]
   }
  },
  {
   "type": "Feature",
   "id": "BLDG-ZM-0702-004",
   "properties": {
    "id": "BLDG-ZM-0702-004",
    "layer": "BUILDING_FOOTPRINT",
    "name_zh": "城镇社区服务设施用地建筑组团 004",
    "source_type": "agent_generated_design",
    "source_class": "agent_designed",
    "confidence": "medium",
    "geometry_role": "design_proposal",
    "area_sqm_calculated": 10626.967,
    "building_type": "community_service",
    "height_m": 18.0,
    "floors": 6,
    "footprint_sqm": 10626.967,
    "gfa_sqm": 63761.8,
    "parent_land_use_id": "LU-0702-002",
    "land_use_code": "0702",
    "key_area_id": "PROV-KEY-002",
    "distance_to_heritage_line_m": 190.1,
    "height_control_rule_zh": "距遗产线<100m≤12m；100–200m≤21m；200–320m≤36m；320–450m≤54m；>450m≤72m；再乘所在重点区域系数（众智园1.25 / AI原点社区0.85 / 大钟寺1.15），上限120m",
    "retain_renovate_demolish": "retain"
   },
   "geometry": {
    "type": "Polygon",
    "coordinates": [
     [
      [
       116.342945,
       39.9908
      ],
      [
       116.342961,
       39.991878
      ],
      [
       116.344026,
       39.991884
      ],
      [
       116.344039,
       39.990882
      ],
      [
       116.343831,
       39.99087
      ],
      [
       116.342945,
       39.9908
      ]
     ]
    ]
   }
  },
  {
   "type": "Feature",
   "id": "BLDG-ZM-0702-005",
   "properties": {
    "id": "BLDG-ZM-0702-005",
    "layer": "BUILDING_FOOTPRINT",
    "name_zh": "城镇社区服务设施用地建筑组团 005",
    "source_type": "agent_generated_design",
    "source_class": "agent_designed",
    "confidence": "medium",
    "geometry_role": "design_proposal",
    "area_sqm_calculated": 10653.232,
    "building_type": "community_service",
    "height_m": 18.0,
    "floors": 6,
    "footprint_sqm": 10653.232,
    "gfa_sqm": 63919.4,
    "parent_land_use_id": "LU-0702-002",
    "land_use_code": "0702",
    "key_area_id": "PROV-KEY-002",
    "distance_to_heritage_line_m": 190.0,
    "height_control_rule_zh": "距遗产线<100m≤12m；100–200m≤21m；200–320m≤36m；320–450m≤54m；>450m≤72m；再乘所在重点区域系数（众智园1.25 / AI原点社区0.85 / 大钟寺1.15），上限120m",
    "retain_renovate_demolish": "retain"
   },
   "geometry": {
    "type": "Polygon",
    "coordinates": [
     [
      [
       116.342978,
       39.993047
      ],
      [
       116.344011,
       39.993075
      ],
      [
       116.344025,
       39.991992
      ],
      [
       116.342962,
       39.991986
      ],
      [
       116.342978,
       39.993047
      ]
     ]
    ]
   }
  },
  {
   "type": "Feature",
   "id": "BLDG-ZM-0702-006",
   "properties": {
    "id": "BLDG-ZM-0702-006",
    "layer": "BUILDING_FOOTPRINT",
    "name_zh": "城镇社区服务设施用地建筑组团 006",
    "source_type": "agent_generated_design",
    "source_class": "agent_designed",
    "confidence": "medium",
    "geometry_role": "design_proposal",
    "area_sqm_calculated": 1979.355,
    "building_type": "community_service",
    "height_m": 30.0,
    "floors": 10,
    "footprint_sqm": 1979.355,
    "gfa_sqm": 19793.5,
    "parent_land_use_id": "LU-0702-003",
    "land_use_code": "0702",
    "key_area_id": "PROV-KEY-002",
    "distance_to_heritage_line_m": 249.4,
    "height_control_rule_zh": "距遗产线<100m≤12m；100–200m≤21m；200–320m≤36m；320–450m≤54m；>450m≤72m；再乘所在重点区域系数（众智园1.25 / AI原点社区0.85 / 大钟寺1.15），上限120m",
    "retain_renovate_demolish": "retain"
   },
   "geometry": {
    "type": "Polygon",
    "coordinates": [
     [
      [
       116.349215,
       39.989756
      ],
      [
       116.349944,
       39.98976
      ],
      [
       116.349941,
       39.989756
      ],
      [
       116.349248,
       39.989185
      ],
      [
       116.349215,
       39.989756
      ]
     ]
    ]
   }
  },
  {
   "type": "Feature",
   "id": "BLDG-ZM-0702-007",
   "properties": {
    "id": "BLDG-ZM-0702-007",
    "layer": "BUILDING_FOOTPRINT",
    "name_zh": "城镇社区服务设施用地建筑组团 007",
    "source_type": "agent_generated_design",
    "source_class": "agent_designed",
    "confidence": "medium",
    "geometry_role": "design_proposal",
    "area_sqm_calculated": 6404.116,
    "building_type": "community_service",
    "height_m": 30.0,
    "floors": 10,
    "footprint_sqm": 6404.116,
    "gfa_sqm": 64041.2,
    "parent_land_use_id": "LU-0702-003",
    "land_use_code": "0702",
    "key_area_id": "PROV-KEY-002",
    "distance_to_heritage_line_m": 247.0,
    "height_control_rule_zh": "距遗产线<100m≤12m；100–200m≤21m；200–320m≤36m；320–450m≤54m；>450m≤72m；再乘所在重点区域系数（众智园1.25 / AI原点社区0.85 / 大钟寺1.15），上限120m",
    "retain_renovate_demolish": "retain"
   },
   "geometry": {
    "type": "Polygon",
    "coordinates": [
     [
      [
       116.349172,
       39.990508
      ],
      [
       116.350529,
       39.990451
      ],
      [
       116.350036,
       39.989869
      ],
      [
       116.349209,
       39.989864
      ],
      [
       116.349172,
       39.990508
      ]
     ]
    ]
   }
  },
  {
   "type": "Feature",
   "id": "BLDG-ZM-0702-008",
   "properties": {
    "id": "BLDG-ZM-0702-008",
    "layer": "BUILDING_FOOTPRINT",
    "name_zh": "城镇社区服务设施用地建筑组团 008",
    "source_type": "agent_generated_design",
    "source_class": "agent_designed",
    "confidence": "medium",
    "geometry_role": "design_proposal",
    "area_sqm_calculated": 7940.679,
    "building_type": "community_service",
    "height_m": 18.0,
    "floors": 6,
    "footprint_sqm": 7940.679,
    "gfa_sqm": 47644.1,
    "parent_land_use_id": "LU-0702-004",
    "land_use_code": "0702",
    "key_area_id": "PROV-KEY-002",
    "distance_to_heritage_line_m": 177.4,
    "height_control_rule_zh": "距遗产线<100m≤12m；100–200m≤21m；200–320m≤36m；320–450m≤54m；>450m≤72m；再乘所在重点区域系数（众智园1.25 / AI原点社区0.85 / 大钟寺1.15），上限120m",
    "retain_renovate_demolish": "retain"
   },
   "geometry": {
    "type": "Polygon",
    "coordinates": [
     [
      [
       116.342917,
       39.989588
      ],
      [
       116.344166,
       39.989595
      ],
      [
       116.344234,
       39.988959
      ],
      [
       116.342898,
       39.988929
      ],
      [
       116.342917,
       39.989588
      ]
     ]
    ]
   }
  },
  {
   "type": "Feature",
   "id": "BLDG-ZM-0702-009",
   "properties": {
    "id": "BLDG-ZM-0702-009",
    "layer": "BUILDING_FOOTPRINT",
    "name_zh": "城镇社区服务设施用地建筑组团 009",
    "source_type": "agent_generated_design",
    "source_class": "agent_designed",
    "confidence": "medium",
    "geometry_role": "design_proposal",
    "area_sqm_calculated": 7012.836,
    "building_type": "community_service",
    "height_m": 18.0,
    "floors": 6,
    "footprint_sqm": 7012.836,
    "gfa_sqm": 42077.0,
    "parent_land_use_id": "LU-0702-004",
    "land_use_code": "0702",
    "key_area_id": "PROV-KEY-002",
    "distance_to_heritage_line_m": 182.8,
    "height_control_rule_zh": "距遗产线<100m≤12m；100–200m≤21m；200–320m≤36m；320–450m≤54m；>450m≤72m；再乘所在重点区域系数（众智园1.25 / AI原点社区0.85 / 大钟寺1.15），上限120m",
    "retain_renovate_demolish": "retain"
   },
   "geometry": {
    "type": "Polygon",
    "coordinates": [
     [
      [
       116.344155,
       39.989703
      ],
      [
       116.34292,
       39.989696
      ],
      [
       116.342936,
       39.990273
      ],
      [
       116.343889,
       39.99035
      ],
      [
       116.344085,
       39.99036
      ],
      [
       116.344155,
       39.989703
      ]
     ]
    ]
   }
  },
  {
   "type": "Feature",
   "id": "BLDG-ZM-05-014",
   "properties": {
    "id": "BLDG-ZM-05-014",
    "layer": "BUILDING_FOOTPRINT",
    "name_zh": "商业服务业用地建筑组团 014",
    "source_type": "agent_generated_design",
    "source_class": "agent_designed",
    "confidence": "medium",
    "geometry_role": "design_proposal",
    "area_sqm_calculated": 6670.811,
    "building_type": "office",
    "height_m": 60.0,
    "floors": 15,
    "footprint_sqm": 6670.811,
    "gfa_sqm": 100062.2,
    "parent_land_use_id": "LU-05-007",
    "land_use_code": "05",
    "key_area_id": "PROV-KEY-002",
    "distance_to_heritage_line_m": 494.2,
    "height_control_rule_zh": "距遗产线<100m≤12m；100–200m≤21m；200–320m≤36m；320–450m≤54m；>450m≤72m；再乘所在重点区域系数（众智园1.25 / AI原点社区0.85 / 大钟寺1.15），上限120m",
    "retain_renovate_demolish": "new_build"
   },
   "geometry": {
    "type": "Polygon",
    "coordinates": [
     [
      [
       116.352101,
       39.988807
      ],
      [
       116.352139,
       39.990196
      ],
      [
       116.352141,
       39.990314
      ],
      [
       116.352566,
       39.990273
      ],
      [
       116.352614,
       39.988776
      ],
      [
       116.352101,
       39.988807
      ]
     ]
    ]
   }
  },
  {
   "type": "Feature",
   "id": "BLDG-ZM-0702-010",
   "properties": {
    "id": "BLDG-ZM-0702-010",
    "layer": "BUILDING_FOOTPRINT",
    "name_zh": "城镇社区服务设施用地建筑组团 010",
    "source_type": "agent_generated_design",
    "source_class": "agent_designed",
    "confidence": "medium",
    "geometry_role": "design_proposal",
    "area_sqm_calculated": 8175.0,
    "building_type": "community_service",
    "height_m": 30.0,
    "floors": 10,
    "footprint_sqm": 8175.0,
    "gfa_sqm": 81750.0,
    "parent_land_use_id": "LU-0702-005",
    "land_use_code": "0702",
    "key_area_id": "PROV-KEY-002",
    "distance_to_heritage_line_m": 297.5,
    "height_control_rule_zh": "距遗产线<100m≤12m；100–200m≤21m；200–320m≤36m；320–450m≤54m；>450m≤72m；再乘所在重点区域系数（众智园1.25 / AI原点社区0.85 / 大钟寺1.15），上限120m",
    "retain_renovate_demolish": "retain"
   },
   "geometry": {
    "type": "Polygon",
    "coordinates": [
     [
      [
       116.349796,
       39.988898
      ],
      [
       116.350459,
       39.989444
      ],
      [
       116.350561,
       39.989564
      ],
      [
       116.351443,
       39.989569
      ],
      [
       116.351423,
       39.988848
      ],
      [
       116.351226,
       39.98886
      ],
      [
       116.349796,
       39.988898
      ]
     ]
    ]
   }
  },
  {
   "type": "Feature",
   "id": "BLDG-ZM-0702-011",
   "properties": {
    "id": "BLDG-ZM-0702-011",
    "layer": "BUILDING_FOOTPRINT",
    "name_zh": "城镇社区服务设施用地建筑组团 011",
    "source_type": "agent_generated_design",
    "source_class": "agent_designed",
    "confidence": "medium",
    "geometry_role": "design_proposal",
    "area_sqm_calculated": 3374.339,
    "building_type": "community_service",
    "height_m": 45.0,
    "floors": 15,
    "footprint_sqm": 3374.339,
    "gfa_sqm": 50615.1,
    "parent_land_use_id": "LU-0702-005",
    "land_use_code": "0702",
    "key_area_id": "PROV-KEY-002",
    "distance_to_heritage_line_m": 372.0,
    "height_control_rule_zh": "距遗产线<100m≤12m；100–200m≤21m；200–320m≤36m；320–450m≤54m；>450m≤72m；再乘所在重点区域系数（众智园1.25 / AI原点社区0.85 / 大钟寺1.15），上限120m",
    "retain_renovate_demolish": "retain"
   },
   "geometry": {
    "type": "Polygon",
    "coordinates": [
     [
      [
       116.350653,
       39.989673
      ],
      [
       116.351266,
       39.990397
      ],
      [
       116.351463,
       39.990378
      ],
      [
       116.351461,
       39.990204
      ],
      [
       116.351446,
       39.989677
      ],
      [
       116.350653,
       39.989673
      ]
     ]
    ]
   }
  },
  {
   "type": "Feature",
   "id": "BLDG-ZM-0702-012",
   "properties": {
    "id": "BLDG-ZM-0702-012",
    "layer": "BUILDING_FOOTPRINT",
    "name_zh": "城镇社区服务设施用地建筑组团 012",
    "source_type": "agent_generated_design",
    "source_class": "agent_designed",
    "confidence": "medium",
    "geometry_role": "design_proposal",
    "area_sqm_calculated": 12226.994,
    "building_type": "community_service",
    "height_m": 30.0,
    "floors": 10,
    "footprint_sqm": 12226.994,
    "gfa_sqm": 122269.9,
    "parent_land_use_id": "LU-0702-006",
    "land_use_code": "0702",
    "key_area_id": "PROV-KEY-002",
    "distance_to_heritage_line_m": 258.8,
    "height_control_rule_zh": "距遗产线<100m≤12m；100–200m≤21m；200–320m≤36m；320–450m≤54m；>450m≤72m；再乘所在重点区域系数（众智园1.25 / AI原点社区0.85 / 大钟寺1.15），上限120m",
    "retain_renovate_demolish": "retain"
   },
   "geometry": {
    "type": "Polygon",
    "coordinates": [
     [
      [
       116.349531,
       39.985842
      ],
      [
       116.349449,
       39.986496
      ],
      [
       116.351358,
       39.986507
      ],
      [
       116.351338,
       39.98577
      ],
      [
       116.349612,
       39.985841
      ],
      [
       116.349531,
       39.985842
      ]
     ]
    ]
   }
  },
  {
   "type": "Feature",
   "id": "BLDG-ZM-0702-013",
   "properties": {
    "id": "BLDG-ZM-0702-013",
    "layer": "BUILDING_FOOTPRINT",
    "name_zh": "城镇社区服务设施用地建筑组团 013",
    "source_type": "agent_generated_design",
    "source_class": "agent_designed",
    "confidence": "medium",
    "geometry_role": "design_proposal",
    "area_sqm_calculated": 13914.464,
    "building_type": "community_service",
    "height_m": 30.0,
    "floors": 10,
    "footprint_sqm": 13914.464,
    "gfa_sqm": 139144.6,
    "parent_land_use_id": "LU-0702-006",
    "land_use_code": "0702",
    "key_area_id": "PROV-KEY-002",
    "distance_to_heritage_line_m": 257.0,
    "height_control_rule_zh": "距遗产线<100m≤12m；100–200m≤21m；200–320m≤36m；320–450m≤54m；>450m≤72m；再乘所在重点区域系数（众智园1.25 / AI原点社区0.85 / 大钟寺1.15），上限120m",
    "retain_renovate_demolish": "retain"
   },
   "geometry": {
    "type": "Polygon",
    "coordinates": [
     [
      [
       116.349359,
       39.987222
      ],
      [
       116.349352,
       39.987344
      ],
      [
       116.351382,
       39.987356
      ],
      [
       116.351361,
       39.986615
      ],
      [
       116.349436,
       39.986604
      ],
      [
       116.349359,
       39.987222
      ]
     ]
    ]
   }
  },
  {
   "type": "Feature",
   "id": "BLDG-ZM-0702-014",
   "properties": {
    "id": "BLDG-ZM-0702-014",
    "layer": "BUILDING_FOOTPRINT",
    "name_zh": "城镇社区服务设施用地建筑组团 014",
    "source_type": "agent_generated_design",
    "source_class": "agent_designed",
    "confidence": "medium",
    "geometry_role": "design_proposal",
    "area_sqm_calculated": 13802.596,
    "building_type": "community_service",
    "height_m": 30.0,
    "floors": 10,
    "footprint_sqm": 13802.596,
    "gfa_sqm": 138026.0,
    "parent_land_use_id": "LU-0702-006",
    "land_use_code": "0702",
    "key_area_id": "PROV-KEY-002",
    "distance_to_heritage_line_m": 254.3,
    "height_control_rule_zh": "距遗产线<100m≤12m；100–200m≤21m；200–320m≤36m；320–450m≤54m；>450m≤72m；再乘所在重点区域系数（众智园1.25 / AI原点社区0.85 / 大钟寺1.15），上限120m",
    "retain_renovate_demolish": "retain"
   },
   "geometry": {
    "type": "Polygon",
    "coordinates": [
     [
      [
       116.349304,
       39.98819
      ],
      [
       116.351174,
       39.98814
      ],
      [
       116.351403,
       39.988127
      ],
      [
       116.351385,
       39.987464
      ],
      [
       116.349346,
       39.987452
      ],
      [
       116.349304,
       39.98819
      ]
     ]
    ]
   }
  },
  {
   "type": "Feature",
   "id": "BLDG-ZM-0702-015",
   "properties": {
    "id": "BLDG-ZM-0702-015",
    "layer": "BUILDING_FOOTPRINT",
    "name_zh": "城镇社区服务设施用地建筑组团 015",
    "source_type": "agent_generated_design",
    "source_class": "agent_designed",
    "confidence": "medium",
    "geometry_role": "design_proposal",
    "area_sqm_calculated": 11443.267,
    "building_type": "community_service",
    "height_m": 18.0,
    "floors": 6,
    "footprint_sqm": 11443.267,
    "gfa_sqm": 68659.6,
    "parent_land_use_id": "LU-0702-007",
    "land_use_code": "0702",
    "key_area_id": "PROV-KEY-002",
    "distance_to_heritage_line_m": 162.7,
    "height_control_rule_zh": "距遗产线<100m≤12m；100–200m≤21m；200–320m≤36m；320–450m≤54m；>450m≤72m；再乘所在重点区域系数（众智园1.25 / AI原点社区0.85 / 大钟寺1.15），上限120m",
    "retain_renovate_demolish": "retain"
   },
   "geometry": {
    "type": "Polygon",
    "coordinates": [
     [
      [
       116.342832,
       39.986531
      ],
      [
       116.34449,
       39.986541
      ],
      [
       116.344561,
       39.985866
      ],
      [
       116.342811,
       39.985791
      ],
      [
       116.342832,
       39.986531
      ]
     ]
    ]
   }
  },
  {
   "type": "Feature",
   "id": "BLDG-ZM-0702-016",
   "properties": {
    "id": "BLDG-ZM-0702-016",
    "layer": "BUILDING_FOOTPRINT",
    "name_zh": "城镇社区服务设施用地建筑组团 016",
    "source_type": "agent_generated_design",
    "source_class": "agent_designed",
    "confidence": "medium",
    "geometry_role": "design_proposal",
    "area_sqm_calculated": 11234.708,
    "building_type": "community_service",
    "height_m": 18.0,
    "floors": 6,
    "footprint_sqm": 11234.708,
    "gfa_sqm": 67408.2,
    "parent_land_use_id": "LU-0702-007",
    "land_use_code": "0702",
    "key_area_id": "PROV-KEY-002",
    "distance_to_heritage_line_m": 162.5,
    "height_control_rule_zh": "距遗产线<100m≤12m；100–200m≤21m；200–320m≤36m；320–450m≤54m；>450m≤72m；再乘所在重点区域系数（众智园1.25 / AI原点社区0.85 / 大钟寺1.15），上限120m",
    "retain_renovate_demolish": "retain"
   },
   "geometry": {
    "type": "Polygon",
    "coordinates": [
     [
      [
       116.342839,
       39.986794
      ],
      [
       116.342855,
       39.987383
      ],
      [
       116.3444,
       39.987391
      ],
      [
       116.344478,
       39.986649
      ],
      [
       116.342835,
       39.986639
      ],
      [
       116.342839,
       39.986794
      ]
     ]
    ]
   }
  },
  {
   "type": "Feature",
   "id": "BLDG-ZM-0702-017",
   "properties": {
    "id": "BLDG-ZM-0702-017",
    "layer": "BUILDING_FOOTPRINT",
    "name_zh": "城镇社区服务设施用地建筑组团 017",
    "source_type": "agent_generated_design",
    "source_class": "agent_designed",
    "confidence": "medium",
    "geometry_role": "design_proposal",
    "area_sqm_calculated": 10251.33,
    "building_type": "community_service",
    "height_m": 18.0,
    "floors": 6,
    "footprint_sqm": 10251.33,
    "gfa_sqm": 61508.0,
    "parent_land_use_id": "LU-0702-007",
    "land_use_code": "0702",
    "key_area_id": "PROV-KEY-002",
    "distance_to_heritage_line_m": 166.7,
    "height_control_rule_zh": "距遗产线<100m≤12m；100–200m≤21m；200–320m≤36m；320–450m≤54m；>450m≤72m；再乘所在重点区域系数（众智园1.25 / AI原点社区0.85 / 大钟寺1.15），上限120m",
    "retain_renovate_demolish": "retain"
   },
   "geometry": {
    "type": "Polygon",
    "coordinates": [
     [
      [
       116.342878,
       39.988208
      ],
      [
       116.34431,
       39.988241
      ],
      [
       116.344388,
       39.987499
      ],
      [
       116.342858,
       39.987491
      ],
      [
       116.342878,
       39.988208
      ]
     ]
    ]
   }
  },
  {
   "type": "Feature",
   "id": "BLDG-ZM-05-015",
   "properties": {
    "id": "BLDG-ZM-05-015",
    "layer": "BUILDING_FOOTPRINT",
    "name_zh": "商业服务业用地建筑组团 015",
    "source_type": "agent_generated_design",
    "source_class": "agent_designed",
    "confidence": "medium",
    "geometry_role": "design_proposal",
    "area_sqm_calculated": 12827.59,
    "building_type": "mixed_use",
    "height_m": 45.0,
    "floors": 12,
    "footprint_sqm": 12827.59,
    "gfa_sqm": 153931.1,
    "parent_land_use_id": "LU-05-008",
    "land_use_code": "05",
    "key_area_id": "PROV-KEY-002",
    "distance_to_heritage_line_m": 444.8,
    "height_control_rule_zh": "距遗产线<100m≤12m；100–200m≤21m；200–320m≤36m；320–450m≤54m；>450m≤72m；再乘所在重点区域系数（众智园1.25 / AI原点社区0.85 / 大钟寺1.15），上限120m",
    "retain_renovate_demolish": "new_build"
   },
   "geometry": {
    "type": "Polygon",
    "coordinates": [
     [
      [
       116.351996,
       39.985048
      ],
      [
       116.352897,
       39.985053
      ],
      [
       116.353009,
       39.983644
      ],
      [
       116.351958,
       39.983684
      ],
      [
       116.351996,
       39.985048
      ]
     ]
    ]
   }
  },
  {
   "type": "Feature",
   "id": "BLDG-ZM-05-016",
   "properties": {
    "id": "BLDG-ZM-05-016",
    "layer": "BUILDING_FOOTPRINT",
    "name_zh": "商业服务业用地建筑组团 016",
    "source_type": "agent_generated_design",
    "source_class": "agent_designed",
    "confidence": "medium",
    "geometry_role": "design_proposal",
    "area_sqm_calculated": 6286.839,
    "building_type": "retail",
    "height_m": 60.0,
    "floors": 15,
    "footprint_sqm": 6286.839,
    "gfa_sqm": 94302.6,
    "parent_land_use_id": "LU-05-008",
    "land_use_code": "05",
    "key_area_id": "PROV-KEY-002",
    "distance_to_heritage_line_m": 469.7,
    "height_control_rule_zh": "距遗产线<100m≤12m；100–200m≤21m；200–320m≤36m；320–450m≤54m；>450m≤72m；再乘所在重点区域系数（众智园1.25 / AI原点社区0.85 / 大钟寺1.15），上限120m",
    "retain_renovate_demolish": "new_build"
   },
   "geometry": {
    "type": "Polygon",
    "coordinates": [
     [
      [
       116.352845,
       39.985708
      ],
      [
       116.352015,
       39.985742
      ],
      [
       116.352038,
       39.986569
      ],
      [
       116.352776,
       39.986573
      ],
      [
       116.352845,
       39.985708
      ]
     ]
    ]
   }
  },
  {
   "type": "Feature",
   "id": "BLDG-ZM-05-017",
   "properties": {
    "id": "BLDG-ZM-05-017",
    "layer": "BUILDING_FOOTPRINT",
    "name_zh": "商业服务业用地建筑组团 017",
    "source_type": "agent_generated_design",
    "source_class": "agent_designed",
    "confidence": "medium",
    "geometry_role": "design_proposal",
    "area_sqm_calculated": 8579.874,
    "building_type": "retail",
    "height_m": 60.0,
    "floors": 15,
    "footprint_sqm": 8579.874,
    "gfa_sqm": 128698.1,
    "parent_land_use_id": "LU-05-008",
    "land_use_code": "05",
    "key_area_id": "PROV-KEY-002",
    "distance_to_heritage_line_m": 481.1,
    "height_control_rule_zh": "距遗产线<100m≤12m；100–200m≤21m；200–320m≤36m；320–450m≤54m；>450m≤72m；再乘所在重点区域系数（众智园1.25 / AI原点社区0.85 / 大钟寺1.15），上限120m",
    "retain_renovate_demolish": "new_build"
   },
   "geometry": {
    "type": "Polygon",
    "coordinates": [
     [
      [
       116.352081,
       39.988086
      ],
      [
       116.352658,
       39.988051
      ],
      [
       116.352767,
       39.986681
      ],
      [
       116.352041,
       39.986677
      ],
      [
       116.352081,
       39.988086
      ]
     ]
    ]
   }
  },
  {
   "type": "Feature",
   "id": "BLDG-ZM-0702-018",
   "properties": {
    "id": "BLDG-ZM-0702-018",
    "layer": "BUILDING_FOOTPRINT",
    "name_zh": "城镇社区服务设施用地建筑组团 018",
    "source_type": "agent_generated_design",
    "source_class": "agent_designed",
    "confidence": "medium",
    "geometry_role": "design_proposal",
    "area_sqm_calculated": 10662.394,
    "building_type": "community_service",
    "height_m": 30.0,
    "floors": 10,
    "footprint_sqm": 10662.394,
    "gfa_sqm": 106623.9,
    "parent_land_use_id": "LU-0702-008",
    "land_use_code": "0702",
    "key_area_id": "PROV-KEY-002",
    "distance_to_heritage_line_m": 260.7,
    "height_control_rule_zh": "距遗产线<100m≤12m；100–200m≤21m；200–320m≤36m；320–450m≤54m；>450m≤72m；再乘所在重点区域系数（众智园1.25 / AI原点社区0.85 / 大钟寺1.15），上限120m",
    "retain_renovate_demolish": "retain"
   },
   "geometry": {
    "type": "Polygon",
    "coordinates": [
     [
      [
       116.349795,
       39.983738
      ],
      [
       116.349705,
       39.984456
      ],
      [
       116.351301,
       39.984464
      ],
      [
       116.35128,
       39.98371
      ],
      [
       116.350611,
       39.983735
      ],
      [
       116.349795,
       39.983738
      ]
     ]
    ]
   }
  },
  {
   "type": "Feature",
   "id": "BLDG-ZM-0702-019",
   "properties": {
    "id": "BLDG-ZM-0702-019",
    "layer": "BUILDING_FOOTPRINT",
    "name_zh": "城镇社区服务设施用地建筑组团 019",
    "source_type": "agent_generated_design",
    "source_class": "agent_designed",
    "confidence": "medium",
    "geometry_role": "design_proposal",
    "area_sqm_calculated": 11304.788,
    "building_type": "community_service",
    "height_m": 30.0,
    "floors": 10,
    "footprint_sqm": 11304.788,
    "gfa_sqm": 113047.9,
    "parent_land_use_id": "LU-0702-008",
    "land_use_code": "0702",
    "key_area_id": "PROV-KEY-002",
    "distance_to_heritage_line_m": 259.8,
    "height_control_rule_zh": "距遗产线<100m≤12m；100–200m≤21m；200–320m≤36m；320–450m≤54m；>450m≤72m；再乘所在重点区域系数（众智园1.25 / AI原点社区0.85 / 大钟寺1.15），上限120m",
    "retain_renovate_demolish": "retain"
   },
   "geometry": {
    "type": "Polygon",
    "coordinates": [
     [
      [
       116.351304,
       39.984573
      ],
      [
       116.349691,
       39.984564
      ],
      [
       116.349596,
       39.985319
      ],
      [
       116.351323,
       39.985247
      ],
      [
       116.351304,
       39.984573
      ]
     ]
    ]
   }
  },
  {
   "type": "Feature",
   "id": "BLDG-ZM-0702-020",
   "properties": {
    "id": "BLDG-ZM-0702-020",
    "layer": "BUILDING_FOOTPRINT",
    "name_zh": "城镇社区服务设施用地建筑组团 020",
    "source_type": "agent_generated_design",
    "source_class": "agent_designed",
    "confidence": "medium",
    "geometry_role": "design_proposal",
    "area_sqm_calculated": 10940.883,
    "building_type": "community_service",
    "height_m": 18.0,
    "floors": 6,
    "footprint_sqm": 10940.883,
    "gfa_sqm": 65645.3,
    "parent_land_use_id": "LU-0702-009",
    "land_use_code": "0702",
    "key_area_id": "PROV-KEY-002",
    "distance_to_heritage_line_m": 163.8,
    "height_control_rule_zh": "距遗产线<100m≤12m；100–200m≤21m；200–320m≤36m；320–450m≤54m；>450m≤72m；再乘所在重点区域系数（众智园1.25 / AI原点社区0.85 / 大钟寺1.15），上限120m",
    "retain_renovate_demolish": "retain"
   },
   "geometry": {
    "type": "Polygon",
    "coordinates": [
     [
      [
       116.34402,
       39.984446
      ],
      [
       116.344717,
       39.98445
      ],
      [
       116.344798,
       39.983723
      ],
      [
       116.342752,
       39.983658
      ],
      [
       116.342774,
       39.984439
      ],
      [
       116.343054,
       39.984441
      ],
      [
       116.342806,
       39.984262
      ],
      [
       116.343253,
       39.983892
      ],
      [
       116.34402,
       39.984446
      ]
     ]
    ]
   }
  },
  {
   "type": "Feature",
   "id": "BLDG-ZM-0702-021",
   "properties": {
    "id": "BLDG-ZM-0702-021",
    "layer": "BUILDING_FOOTPRINT",
    "name_zh": "城镇社区服务设施用地建筑组团 021",
    "source_type": "agent_generated_design",
    "source_class": "agent_designed",
    "confidence": "medium",
    "geometry_role": "design_proposal",
    "area_sqm_calculated": 6654.103,
    "building_type": "community_service",
    "height_m": 18.0,
    "floors": 6,
    "footprint_sqm": 6654.103,
    "gfa_sqm": 39924.6,
    "parent_land_use_id": "LU-0702-009",
    "land_use_code": "0702",
    "key_area_id": "PROV-KEY-002",
    "distance_to_heritage_line_m": 191.8,
    "height_control_rule_zh": "距遗产线<100m≤12m；100–200m≤21m；200–320m≤36m；320–450m≤54m；>450m≤72m；再乘所在重点区域系数（众智园1.25 / AI原点社区0.85 / 大钟寺1.15），上限120m",
    "retain_renovate_demolish": "retain"
   },
   "geometry": {
    "type": "Polygon",
    "coordinates": [
     [
      [
       116.342797,
       39.985267
      ],
      [
       116.344287,
       39.985331
      ],
      [
       116.343204,
       39.984549
      ],
      [
       116.342777,
       39.984547
      ],
      [
       116.342797,
       39.985267
      ]
     ]
    ]
   }
  },
  {
   "type": "Feature",
   "id": "BLDG-ZM-0702-022",
   "properties": {
    "id": "BLDG-ZM-0702-022",
    "layer": "BUILDING_FOOTPRINT",
    "name_zh": "城镇社区服务设施用地建筑组团 022",
    "source_type": "agent_generated_design",
    "source_class": "agent_designed",
    "confidence": "medium",
    "geometry_role": "design_proposal",
    "area_sqm_calculated": 896.957,
    "building_type": "community_service",
    "height_m": 18.0,
    "floors": 6,
    "footprint_sqm": 896.957,
    "gfa_sqm": 5381.7,
    "parent_land_use_id": "LU-0702-009",
    "land_use_code": "0702",
    "key_area_id": "PROV-KEY-002",
    "distance_to_heritage_line_m": 163.7,
    "height_control_rule_zh": "距遗产线<100m≤12m；100–200m≤21m；200–320m≤36m；320–450m≤54m；>450m≤72m；再乘所在重点区域系数（众智园1.25 / AI原点社区0.85 / 大钟寺1.15），上限120m",
    "retain_renovate_demolish": "retain"
   },
   "geometry": {
    "type": "Polygon",
    "coordinates": [
     [
      [
       116.344171,
       39.984555
      ],
      [
       116.344665,
       39.984912
      ],
      [
       116.344705,
       39.984558
      ],
      [
       116.344171,
       39.984555
      ]
     ]
    ]
   }
  },
  {
   "type": "Feature",
   "id": "BLDG-ZS-0803-001",
   "properties": {
    "id": "BLDG-ZS-0803-001",
    "layer": "BUILDING_FOOTPRINT",
    "name_zh": "文化用地建筑组团 001",
    "source_type": "agent_generated_design",
    "source_class": "agent_designed",
    "confidence": "medium",
    "geometry_role": "design_proposal",
    "area_sqm_calculated": 7367.379,
    "building_type": "cultural",
    "height_m": 42.0,
    "floors": 11,
    "footprint_sqm": 7367.379,
    "gfa_sqm": 81041.2,
    "parent_land_use_id": "LU-0803-001",
    "land_use_code": "0803",
    "key_area_id": "PROV-KEY-003",
    "distance_to_heritage_line_m": 253.8,
    "height_control_rule_zh": "距遗产线<100m≤12m；100–200m≤21m；200–320m≤36m；320–450m≤54m；>450m≤72m；再乘所在重点区域系数（众智园1.25 / AI原点社区0.85 / 大钟寺1.15），上限120m",
    "retain_renovate_demolish": "new_build"
   },
   "geometry": {
    "type": "Polygon",
    "coordinates": [
     [
      [
       116.349822,
       39.949394
      ],
      [
       116.350466,
       39.94939
      ],
      [
       116.350479,
       39.948009
      ],
      [
       116.350083,
       39.948041
      ],
      [
       116.349982,
       39.948043
      ],
      [
       116.349822,
       39.949394
      ]
     ]
    ]
   }
  },
  {
   "type": "Feature",
   "id": "BLDG-ZS-0803-002",
   "properties": {
    "id": "BLDG-ZS-0803-002",
    "layer": "BUILDING_FOOTPRINT",
    "name_zh": "文化用地建筑组团 002",
    "source_type": "agent_generated_design",
    "source_class": "agent_designed",
    "confidence": "medium",
    "geometry_role": "design_proposal",
    "area_sqm_calculated": 8705.111,
    "building_type": "cultural",
    "height_m": 42.0,
    "floors": 11,
    "footprint_sqm": 8705.111,
    "gfa_sqm": 95756.2,
    "parent_land_use_id": "LU-0803-001",
    "land_use_code": "0803",
    "key_area_id": "PROV-KEY-003",
    "distance_to_heritage_line_m": 307.7,
    "height_control_rule_zh": "距遗产线<100m≤12m；100–200m≤21m；200–320m≤36m；320–450m≤54m；>450m≤72m；再乘所在重点区域系数（众智园1.25 / AI原点社区0.85 / 大钟寺1.15），上限120m",
    "retain_renovate_demolish": "new_build"
   },
   "geometry": {
    "type": "Polygon",
    "coordinates": [
     [
      [
       116.351257,
       39.949372
      ],
      [
       116.351271,
       39.947944
      ],
      [
       116.35062,
       39.947997
      ],
      [
       116.350606,
       39.949389
      ],
      [
       116.351257,
       39.949372
      ]
     ]
    ]
   }
  },
  {
   "type": "Feature",
   "id": "BLDG-ZS-0803-003",
   "properties": {
    "id": "BLDG-ZS-0803-003",
    "layer": "BUILDING_FOOTPRINT",
    "name_zh": "文化用地建筑组团 003",
    "source_type": "agent_generated_design",
    "source_class": "agent_designed",
    "confidence": "medium",
    "geometry_role": "design_proposal",
    "area_sqm_calculated": 8698.974,
    "building_type": "cultural",
    "height_m": 63.0,
    "floors": 16,
    "footprint_sqm": 8698.974,
    "gfa_sqm": 139183.6,
    "parent_land_use_id": "LU-0803-001",
    "land_use_code": "0803",
    "key_area_id": "PROV-KEY-003",
    "distance_to_heritage_line_m": 374.3,
    "height_control_rule_zh": "距遗产线<100m≤12m；100–200m≤21m；200–320m≤36m；320–450m≤54m；>450m≤72m；再乘所在重点区域系数（众智园1.25 / AI原点社区0.85 / 大钟寺1.15），上限120m",
    "retain_renovate_demolish": "new_build"
   },
   "geometry": {
    "type": "Polygon",
    "coordinates": [
     [
      [
       116.351398,
       39.949368
      ],
      [
       116.352047,
       39.949351
      ],
      [
       116.352025,
       39.947883
      ],
      [
       116.351411,
       39.947933
      ],
      [
       116.351398,
       39.949368
      ]
     ]
    ]
   }
  },
  {
   "type": "Feature",
   "id": "BLDG-ZS-0803-004",
   "properties": {
    "id": "BLDG-ZS-0803-004",
    "layer": "BUILDING_FOOTPRINT",
    "name_zh": "文化用地建筑组团 004",
    "source_type": "agent_generated_design",
    "source_class": "agent_designed",
    "confidence": "medium",
    "geometry_role": "design_proposal",
    "area_sqm_calculated": 9725.424,
    "building_type": "cultural",
    "height_m": 24.0,
    "floors": 6,
    "footprint_sqm": 9725.424,
    "gfa_sqm": 58352.5,
    "parent_land_use_id": "LU-0803-002",
    "land_use_code": "0803",
    "key_area_id": "PROV-KEY-003",
    "distance_to_heritage_line_m": 165.9,
    "height_control_rule_zh": "距遗产线<100m≤12m；100–200m≤21m；200–320m≤36m；320–450m≤54m；>450m≤72m；再乘所在重点区域系数（众智园1.25 / AI原点社区0.85 / 大钟寺1.15），上限120m",
    "retain_renovate_demolish": "renovate"
   },
   "geometry": {
    "type": "Polygon",
    "coordinates": [
     [
      [
       116.343466,
       39.947846
      ],
      [
       116.343485,
       39.948579
      ],
      [
       116.344956,
       39.948587
      ],
      [
       116.345057,
       39.94798
      ],
      [
       116.344645,
       39.94795
      ],
      [
       116.343466,
       39.947846
      ]
     ]
    ]
   }
  },
  {
   "type": "Feature",
   "id": "BLDG-ZS-0803-005",
   "properties": {
    "id": "BLDG-ZS-0803-005",
    "layer": "BUILDING_FOOTPRINT",
    "name_zh": "文化用地建筑组团 005",
    "source_type": "agent_generated_design",
    "source_class": "agent_designed",
    "confidence": "medium",
    "geometry_role": "design_proposal",
    "area_sqm_calculated": 9562.168,
    "building_type": "cultural",
    "height_m": 24.0,
    "floors": 6,
    "footprint_sqm": 9562.168,
    "gfa_sqm": 57373.0,
    "parent_land_use_id": "LU-0803-002",
    "land_use_code": "0803",
    "key_area_id": "PROV-KEY-003",
    "distance_to_heritage_line_m": 168.8,
    "height_control_rule_zh": "距遗产线<100m≤12m；100–200m≤21m；200–320m≤36m；320–450m≤54m；>450m≤72m；再乘所在重点区域系数（众智园1.25 / AI原点社区0.85 / 大钟寺1.15），上限120m",
    "retain_renovate_demolish": "renovate"
   },
   "geometry": {
    "type": "Polygon",
    "coordinates": [
     [
      [
       116.343488,
       39.948687
      ],
      [
       116.343508,
       39.949425
      ],
      [
       116.344817,
       39.949418
      ],
      [
       116.344938,
       39.948695
      ],
      [
       116.343488,
       39.948687
      ]
     ]
    ]
   }
  },
  {
   "type": "Feature",
   "id": "BLDG-ZS-05-018",
   "properties": {
    "id": "BLDG-ZS-05-018",
    "layer": "BUILDING_FOOTPRINT",
    "name_zh": "商业服务业用地建筑组团 018",
    "source_type": "agent_generated_design",
    "source_class": "agent_designed",
    "confidence": "medium",
    "geometry_role": "design_proposal",
    "area_sqm_calculated": 11973.621,
    "building_type": "office",
    "height_m": 63.0,
    "floors": 16,
    "footprint_sqm": 11973.621,
    "gfa_sqm": 191577.9,
    "parent_land_use_id": "LU-05-011",
    "land_use_code": "05",
    "key_area_id": "PROV-KEY-003",
    "distance_to_heritage_line_m": 403.9,
    "height_control_rule_zh": "距遗产线<100m≤12m；100–200m≤21m；200–320m≤36m；320–450m≤54m；>450m≤72m；再乘所在重点区域系数（众智园1.25 / AI原点社区0.85 / 大钟寺1.15），上限120m",
    "retain_renovate_demolish": "new_build"
   },
   "geometry": {
    "type": "Polygon",
    "coordinates": [
     [
      [
       116.341352,
       39.944248
      ],
      [
       116.341326,
       39.945183
      ],
      [
       116.342702,
       39.945233
      ],
      [
       116.342671,
       39.944295
      ],
      [
       116.341352,
       39.944248
      ]
     ]
    ]
   }
  },
  {
   "type": "Feature",
   "id": "BLDG-ZS-05-019",
   "properties": {
    "id": "BLDG-ZS-05-019",
    "layer": "BUILDING_FOOTPRINT",
    "name_zh": "商业服务业用地建筑组团 019",
    "source_type": "agent_generated_design",
    "source_class": "agent_designed",
    "confidence": "medium",
    "geometry_role": "design_proposal",
    "area_sqm_calculated": 14418.328,
    "building_type": "mixed_use",
    "height_m": 63.0,
    "floors": 16,
    "footprint_sqm": 14418.328,
    "gfa_sqm": 230693.2,
    "parent_land_use_id": "LU-05-011",
    "land_use_code": "05",
    "key_area_id": "PROV-KEY-003",
    "distance_to_heritage_line_m": 374.2,
    "height_control_rule_zh": "距遗产线<100m≤12m；100–200m≤21m；200–320m≤36m；320–450m≤54m；>450m≤72m；再乘所在重点区域系数（众智园1.25 / AI原点社区0.85 / 大钟寺1.15），上限120m",
    "retain_renovate_demolish": "new_build"
   },
   "geometry": {
    "type": "Polygon",
    "coordinates": [
     [
      [
       116.34272,
       39.945756
      ],
      [
       116.341311,
       39.945705
      ],
      [
       116.341281,
       39.946781
      ],
      [
       116.342754,
       39.946789
      ],
      [
       116.34272,
       39.945756
      ]
     ]
    ]
   }
  },
  {
   "type": "Feature",
   "id": "BLDG-ZS-05-020",
   "properties": {
    "id": "BLDG-ZS-05-020",
    "layer": "BUILDING_FOOTPRINT",
    "name_zh": "商业服务业用地建筑组团 020",
    "source_type": "agent_generated_design",
    "source_class": "agent_designed",
    "confidence": "medium",
    "geometry_role": "design_proposal",
    "area_sqm_calculated": 10504.874,
    "building_type": "retail",
    "height_m": 63.0,
    "floors": 16,
    "footprint_sqm": 10504.874,
    "gfa_sqm": 168078.0,
    "parent_land_use_id": "LU-05-011",
    "land_use_code": "05",
    "key_area_id": "PROV-KEY-003",
    "distance_to_heritage_line_m": 357.1,
    "height_control_rule_zh": "距遗产线<100m≤12m；100–200m≤21m；200–320m≤36m；320–450m≤54m；>450m≤72m；再乘所在重点区域系数（众智园1.25 / AI原点社区0.85 / 大钟寺1.15），上限120m",
    "retain_renovate_demolish": "new_build"
   },
   "geometry": {
    "type": "Polygon",
    "coordinates": [
     [
      [
       116.342795,
       39.948111
      ],
      [
       116.342786,
       39.947786
      ],
      [
       116.341349,
       39.947659
      ],
      [
       116.341426,
       39.947139
      ],
      [
       116.342769,
       39.947258
      ],
      [
       116.342757,
       39.946897
      ],
      [
       116.341278,
       39.946889
      ],
      [
       116.341253,
       39.947788
      ],
      [
       116.341244,
       39.948102
      ],
      [
       116.342795,
       39.948111
      ]
     ]
    ]
   }
  },
  {
   "type": "Feature",
   "id": "BLDG-ZS-05-021",
   "properties": {
    "id": "BLDG-ZS-05-021",
    "layer": "BUILDING_FOOTPRINT",
    "name_zh": "商业服务业用地建筑组团 021",
    "source_type": "agent_generated_design",
    "source_class": "agent_designed",
    "confidence": "medium",
    "geometry_role": "design_proposal",
    "area_sqm_calculated": 18207.017,
    "building_type": "retail",
    "height_m": 63.0,
    "floors": 16,
    "footprint_sqm": 18207.017,
    "gfa_sqm": 291312.3,
    "parent_land_use_id": "LU-05-011",
    "land_use_code": "05",
    "key_area_id": "PROV-KEY-003",
    "distance_to_heritage_line_m": 340.8,
    "height_control_rule_zh": "距遗产线<100m≤12m；100–200m≤21m；200–320m≤36m；320–450m≤54m；>450m≤72m；再乘所在重点区域系数（众智园1.25 / AI原点社区0.85 / 大钟寺1.15），上限120m",
    "retain_renovate_demolish": "new_build"
   },
   "geometry": {
    "type": "Polygon",
    "coordinates": [
     [
      [
       116.342829,
       39.949428
      ],
      [
       116.342798,
       39.948219
      ],
      [
       116.341241,
       39.94821
      ],
      [
       116.341208,
       39.949409
      ],
      [
       116.342405,
       39.94943
      ],
      [
       116.342829,
       39.949428
      ]
     ]
    ]
   }
  },
  {
   "type": "Feature",
   "id": "BLDG-ZS-0802-029",
   "properties": {
    "id": "BLDG-ZS-0802-029",
    "layer": "BUILDING_FOOTPRINT",
    "name_zh": "科研用地建筑组团 029",
    "source_type": "agent_generated_design",
    "source_class": "agent_designed",
    "confidence": "medium",
    "geometry_role": "design_proposal",
    "area_sqm_calculated": 14987.479,
    "building_type": "ai_r_and_d",
    "height_m": 63.0,
    "floors": 16,
    "footprint_sqm": 14987.479,
    "gfa_sqm": 239799.7,
    "parent_land_use_id": "LU-0802-019",
    "land_use_code": "0802",
    "key_area_id": "PROV-KEY-003",
    "distance_to_heritage_line_m": 420.2,
    "height_control_rule_zh": "距遗产线<100m≤12m；100–200m≤21m；200–320m≤36m；320–450m≤54m；>450m≤72m；再乘所在重点区域系数（众智园1.25 / AI原点社区0.85 / 大钟寺1.15），上限120m",
    "retain_renovate_demolish": "new_build"
   },
   "geometry": {
    "type": "Polygon",
    "coordinates": [
     [
      [
       116.35264,
       39.945239
      ],
      [
       116.354503,
       39.945162
      ],
      [
       116.354503,
       39.944341
      ],
      [
       116.352616,
       39.944376
      ],
      [
       116.35264,
       39.945239
      ]
     ]
    ]
   }
  },
  {
   "type": "Feature",
   "id": "BLDG-ZS-0802-030",
   "properties": {
    "id": "BLDG-ZS-0802-030",
    "layer": "BUILDING_FOOTPRINT",
    "name_zh": "科研用地建筑组团 030",
    "source_type": "agent_generated_design",
    "source_class": "agent_designed",
    "confidence": "medium",
    "geometry_role": "design_proposal",
    "area_sqm_calculated": 18434.008,
    "building_type": "office",
    "height_m": 63.0,
    "floors": 16,
    "footprint_sqm": 18434.008,
    "gfa_sqm": 294944.1,
    "parent_land_use_id": "LU-0802-019",
    "land_use_code": "0802",
    "key_area_id": "PROV-KEY-003",
    "distance_to_heritage_line_m": 446.1,
    "height_control_rule_zh": "距遗产线<100m≤12m；100–200m≤21m；200–320m≤36m；320–450m≤54m；>450m≤72m；再乘所在重点区域系数（众智园1.25 / AI原点社区0.85 / 大钟寺1.15），上限120m",
    "retain_renovate_demolish": "new_build"
   },
   "geometry": {
    "type": "Polygon",
    "coordinates": [
     [
      [
       116.354503,
       39.946788
      ],
      [
       116.354503,
       39.945686
      ],
      [
       116.352655,
       39.945762
      ],
      [
       116.352683,
       39.946778
      ],
      [
       116.354503,
       39.946788
      ]
     ]
    ]
   }
  },
  {
   "type": "Feature",
   "id": "BLDG-ZS-0802-031",
   "properties": {
    "id": "BLDG-ZS-0802-031",
    "layer": "BUILDING_FOOTPRINT",
    "name_zh": "科研用地建筑组团 031",
    "source_type": "agent_generated_design",
    "source_class": "agent_designed",
    "confidence": "medium",
    "geometry_role": "design_proposal",
    "area_sqm_calculated": 15494.179,
    "building_type": "ai_r_and_d",
    "height_m": 84.0,
    "floors": 22,
    "footprint_sqm": 15494.179,
    "gfa_sqm": 340871.9,
    "parent_land_use_id": "LU-0802-019",
    "land_use_code": "0802",
    "key_area_id": "PROV-KEY-003",
    "distance_to_heritage_line_m": 467.1,
    "height_control_rule_zh": "距遗产线<100m≤12m；100–200m≤21m；200–320m≤36m；320–450m≤54m；>450m≤72m；再乘所在重点区域系数（众智园1.25 / AI原点社区0.85 / 大钟寺1.15），上限120m",
    "retain_renovate_demolish": "new_build"
   },
   "geometry": {
    "type": "Polygon",
    "coordinates": [
     [
      [
       116.353577,
       39.947231
      ],
      [
       116.353648,
       39.947751
      ],
      [
       116.352702,
       39.947828
      ],
      [
       116.352705,
       39.948056
      ],
      [
       116.354503,
       39.948066
      ],
      [
       116.354503,
       39.94784
      ],
      [
       116.354503,
       39.946896
      ],
      [
       116.352686,
       39.946886
      ],
      [
       116.352689,
       39.946996
      ],
      [
       116.352694,
       39.947303
      ],
      [
       116.353577,
       39.947231
      ]
     ]
    ]
   }
  },
  {
   "type": "Feature",
   "id": "BLDG-ZS-0802-032",
   "properties": {
    "id": "BLDG-ZS-0802-032",
    "layer": "BUILDING_FOOTPRINT",
    "name_zh": "科研用地建筑组团 032",
    "source_type": "agent_generated_design",
    "source_class": "agent_designed",
    "confidence": "medium",
    "geometry_role": "design_proposal",
    "area_sqm_calculated": 19331.767,
    "building_type": "lab",
    "height_m": 84.0,
    "floors": 22,
    "footprint_sqm": 19331.767,
    "gfa_sqm": 425298.9,
    "parent_land_use_id": "LU-0802-019",
    "land_use_code": "0802",
    "key_area_id": "PROV-KEY-003",
    "distance_to_heritage_line_m": 487.0,
    "height_control_rule_zh": "距遗产线<100m≤12m；100–200m≤21m；200–320m≤36m；320–450m≤54m；>450m≤72m；再乘所在重点区域系数（众智园1.25 / AI原点社区0.85 / 大钟寺1.15），上限120m",
    "retain_renovate_demolish": "new_build"
   },
   "geometry": {
    "type": "Polygon",
    "coordinates": [
     [
      [
       116.354503,
       39.948174
      ],
      [
       116.352707,
       39.948164
      ],
      [
       116.352725,
       39.949333
      ],
      [
       116.354503,
       39.949285
      ],
      [
       116.354503,
       39.948174
      ]
     ]
    ]
   }
  },
  {
   "type": "Feature",
   "id": "BLDG-ZS-0803-006",
   "properties": {
    "id": "BLDG-ZS-0803-006",
    "layer": "BUILDING_FOOTPRINT",
    "name_zh": "文化用地建筑组团 006",
    "source_type": "agent_generated_design",
    "source_class": "agent_designed",
    "confidence": "medium",
    "geometry_role": "design_proposal",
    "area_sqm_calculated": 7929.118,
    "building_type": "cultural",
    "height_m": 42.0,
    "floors": 11,
    "footprint_sqm": 7929.118,
    "gfa_sqm": 87220.3,
    "parent_land_use_id": "LU-0803-003",
    "land_use_code": "0803",
    "key_area_id": "PROV-KEY-003",
    "distance_to_heritage_line_m": 243.6,
    "height_control_rule_zh": "距遗产线<100m≤12m；100–200m≤21m；200–320m≤36m；320–450m≤54m；>450m≤72m；再乘所在重点区域系数（众智园1.25 / AI原点社区0.85 / 大钟寺1.15），上限120m",
    "retain_renovate_demolish": "new_build"
   },
   "geometry": {
    "type": "Polygon",
    "coordinates": [
     [
      [
       116.350246,
       39.945833
      ],
      [
       116.350192,
       39.946286
      ],
      [
       116.351991,
       39.946296
      ],
      [
       116.351977,
       39.94579
      ],
      [
       116.351212,
       39.945821
      ],
      [
       116.350246,
       39.945833
      ]
     ]
    ]
   }
  },
  {
   "type": "Feature",
   "id": "BLDG-ZS-0803-007",
   "properties": {
    "id": "BLDG-ZS-0803-007",
    "layer": "BUILDING_FOOTPRINT",
    "name_zh": "文化用地建筑组团 007",
    "source_type": "agent_generated_design",
    "source_class": "agent_designed",
    "confidence": "medium",
    "geometry_role": "design_proposal",
    "area_sqm_calculated": 8969.759,
    "building_type": "cultural",
    "height_m": 42.0,
    "floors": 11,
    "footprint_sqm": 8969.759,
    "gfa_sqm": 98667.3,
    "parent_land_use_id": "LU-0803-003",
    "land_use_code": "0803",
    "key_area_id": "PROV-KEY-003",
    "distance_to_heritage_line_m": 247.1,
    "height_control_rule_zh": "距遗产线<100m≤12m；100–200m≤21m；200–320m≤36m；320–450m≤54m；>450m≤72m；再乘所在重点区域系数（众智园1.25 / AI原点社区0.85 / 大钟寺1.15），上限120m",
    "retain_renovate_demolish": "new_build"
   },
   "geometry": {
    "type": "Polygon",
    "coordinates": [
     [
      [
       116.350118,
       39.946904
      ],
      [
       116.352009,
       39.946915
      ],
      [
       116.351994,
       39.946405
      ],
      [
       116.350179,
       39.946394
      ],
      [
       116.350118,
       39.946904
      ]
     ]
    ]
   }
  },
  {
   "type": "Feature",
   "id": "BLDG-ZS-0803-008",
   "properties": {
    "id": "BLDG-ZS-0803-008",
    "layer": "BUILDING_FOOTPRINT",
    "name_zh": "文化用地建筑组团 008",
    "source_type": "agent_generated_design",
    "source_class": "agent_designed",
    "confidence": "medium",
    "geometry_role": "design_proposal",
    "area_sqm_calculated": 7722.04,
    "building_type": "cultural",
    "height_m": 42.0,
    "floors": 11,
    "footprint_sqm": 7722.04,
    "gfa_sqm": 84942.4,
    "parent_land_use_id": "LU-0803-003",
    "land_use_code": "0803",
    "key_area_id": "PROV-KEY-003",
    "distance_to_heritage_line_m": 251.0,
    "height_control_rule_zh": "距遗产线<100m≤12m；100–200m≤21m；200–320m≤36m；320–450m≤54m；>450m≤72m；再乘所在重点区域系数（众智园1.25 / AI原点社区0.85 / 大钟寺1.15），上限120m",
    "retain_renovate_demolish": "new_build"
   },
   "geometry": {
    "type": "Polygon",
    "coordinates": [
     [
      [
       116.352011,
       39.947023
      ],
      [
       116.350106,
       39.947012
      ],
      [
       116.350045,
       39.947519
      ],
      [
       116.352016,
       39.947358
      ],
      [
       116.352011,
       39.947023
      ]
     ]
    ]
   }
  },
  {
   "type": "Feature",
   "id": "BLDG-ZS-0803-009",
   "properties": {
    "id": "BLDG-ZS-0803-009",
    "layer": "BUILDING_FOOTPRINT",
    "name_zh": "文化用地建筑组团 009",
    "source_type": "agent_generated_design",
    "source_class": "agent_designed",
    "confidence": "medium",
    "geometry_role": "design_proposal",
    "area_sqm_calculated": 13843.217,
    "building_type": "cultural",
    "height_m": 24.0,
    "floors": 6,
    "footprint_sqm": 13843.217,
    "gfa_sqm": 83059.3,
    "parent_land_use_id": "LU-0803-004",
    "land_use_code": "0803",
    "key_area_id": "PROV-KEY-003",
    "distance_to_heritage_line_m": 163.2,
    "height_control_rule_zh": "距遗产线<100m≤12m；100–200m≤21m；200–320m≤36m；320–450m≤54m；>450m≤72m；再乘所在重点区域系数（众智园1.25 / AI原点社区0.85 / 大钟寺1.15），上限120m",
    "retain_renovate_demolish": "renovate"
   },
   "geometry": {
    "type": "Polygon",
    "coordinates": [
     [
      [
       116.345291,
       39.946573
      ],
      [
       116.345412,
       39.945853
      ],
      [
       116.343398,
       39.945781
      ],
      [
       116.343425,
       39.946563
      ],
      [
       116.345291,
       39.946573
      ]
     ]
    ]
   }
  },
  {
   "type": "Feature",
   "id": "BLDG-ZS-0803-010",
   "properties": {
    "id": "BLDG-ZS-0803-010",
    "layer": "BUILDING_FOOTPRINT",
    "name_zh": "文化用地建筑组团 010",
    "source_type": "agent_generated_design",
    "source_class": "agent_designed",
    "confidence": "medium",
    "geometry_role": "design_proposal",
    "area_sqm_calculated": 12060.83,
    "building_type": "cultural",
    "height_m": 24.0,
    "floors": 6,
    "footprint_sqm": 12060.83,
    "gfa_sqm": 72365.0,
    "parent_land_use_id": "LU-0803-004",
    "land_use_code": "0803",
    "key_area_id": "PROV-KEY-003",
    "distance_to_heritage_line_m": 162.2,
    "height_control_rule_zh": "距遗产线<100m≤12m；100–200m≤21m；200–320m≤36m；320–450m≤54m；>450m≤72m；再乘所在重点区域系数（众智园1.25 / AI原点社区0.85 / 大钟寺1.15），上限120m",
    "retain_renovate_demolish": "renovate"
   },
   "geometry": {
    "type": "Polygon",
    "coordinates": [
     [
      [
       116.345144,
       39.947461
      ],
      [
       116.345273,
       39.946681
      ],
      [
       116.343428,
       39.946671
      ],
      [
       116.34345,
       39.947318
      ],
      [
       116.344715,
       39.94743
      ],
      [
       116.345144,
       39.947461
      ]
     ]
    ]
   }
  },
  {
   "type": "Feature",
   "id": "BLDG-ZS-0803-011",
   "properties": {
    "id": "BLDG-ZS-0803-011",
    "layer": "BUILDING_FOOTPRINT",
    "name_zh": "文化用地建筑组团 011",
    "source_type": "agent_generated_design",
    "source_class": "agent_designed",
    "confidence": "medium",
    "geometry_role": "design_proposal",
    "area_sqm_calculated": 5985.695,
    "building_type": "cultural",
    "height_m": 42.0,
    "floors": 11,
    "footprint_sqm": 5985.695,
    "gfa_sqm": 65842.6,
    "parent_land_use_id": "LU-0803-005",
    "land_use_code": "0803",
    "key_area_id": "PROV-KEY-003",
    "distance_to_heritage_line_m": 234.7,
    "height_control_rule_zh": "距遗产线<100m≤12m；100–200m≤21m；200–320m≤36m；320–450m≤54m；>450m≤72m；再乘所在重点区域系数（众智园1.25 / AI原点社区0.85 / 大钟寺1.15），上限120m",
    "retain_renovate_demolish": "new_build"
   },
   "geometry": {
    "type": "Polygon",
    "coordinates": [
     [
      [
       116.351062,
       39.9453
      ],
      [
       116.351071,
       39.944404
      ],
      [
       116.350414,
       39.944416
      ],
      [
       116.350308,
       39.94531
      ],
      [
       116.351062,
       39.9453
      ]
     ]
    ]
   }
  },
  {
   "type": "Feature",
   "id": "BLDG-ZS-0803-012",
   "properties": {
    "id": "BLDG-ZS-0803-012",
    "layer": "BUILDING_FOOTPRINT",
    "name_zh": "文化用地建筑组团 012",
    "source_type": "agent_generated_design",
    "source_class": "agent_designed",
    "confidence": "medium",
    "geometry_role": "design_proposal",
    "area_sqm_calculated": 6259.011,
    "building_type": "cultural",
    "height_m": 42.0,
    "floors": 11,
    "footprint_sqm": 6259.011,
    "gfa_sqm": 68849.1,
    "parent_land_use_id": "LU-0803-005",
    "land_use_code": "0803",
    "key_area_id": "PROV-KEY-003",
    "distance_to_heritage_line_m": 301.8,
    "height_control_rule_zh": "距遗产线<100m≤12m；100–200m≤21m；200–320m≤36m；320–450m≤54m；>450m≤72m；再乘所在重点区域系数（众智园1.25 / AI原点社区0.85 / 大钟寺1.15），上限120m",
    "retain_renovate_demolish": "new_build"
   },
   "geometry": {
    "type": "Polygon",
    "coordinates": [
     [
      [
       116.351938,
       39.944388
      ],
      [
       116.351211,
       39.944402
      ],
      [
       116.351203,
       39.945298
      ],
      [
       116.351962,
       39.945267
      ],
      [
       116.351938,
       39.944388
      ]
     ]
    ]
   }
  },
  {
   "type": "Feature",
   "id": "BLDG-ZS-0803-013",
   "properties": {
    "id": "BLDG-ZS-0803-013",
    "layer": "BUILDING_FOOTPRINT",
    "name_zh": "文化用地建筑组团 013",
    "source_type": "agent_generated_design",
    "source_class": "agent_designed",
    "confidence": "medium",
    "geometry_role": "design_proposal",
    "area_sqm_calculated": 9360.618,
    "building_type": "cultural",
    "height_m": 42.0,
    "floors": 11,
    "footprint_sqm": 9360.618,
    "gfa_sqm": 102966.8,
    "parent_land_use_id": "LU-0803-006",
    "land_use_code": "0803",
    "key_area_id": "PROV-KEY-003",
    "distance_to_heritage_line_m": 258.5,
    "height_control_rule_zh": "距遗产线<100m≤12m；100–200m≤21m；200–320m≤36m；320–450m≤54m；>450m≤72m；再乘所在重点区域系数（众智园1.25 / AI原点社区0.85 / 大钟寺1.15），上限120m",
    "retain_renovate_demolish": "new_build"
   },
   "geometry": {
    "type": "Polygon",
    "coordinates": [
     [
      [
       116.343381,
       39.945257
      ],
      [
       116.34441,
       39.945294
      ],
      [
       116.344419,
       39.944346
      ],
      [
       116.343786,
       39.944335
      ],
      [
       116.343349,
       39.94432
      ],
      [
       116.343381,
       39.945257
      ]
     ]
    ]
   }
  },
  {
   "type": "Feature",
   "id": "BLDG-ZS-0803-014",
   "properties": {
    "id": "BLDG-ZS-0803-014",
    "layer": "BUILDING_FOOTPRINT",
    "name_zh": "文化用地建筑组团 014",
    "source_type": "agent_generated_design",
    "source_class": "agent_designed",
    "confidence": "medium",
    "geometry_role": "design_proposal",
    "area_sqm_calculated": 9261.753,
    "building_type": "cultural",
    "height_m": 24.0,
    "floors": 6,
    "footprint_sqm": 9261.753,
    "gfa_sqm": 55570.5,
    "parent_land_use_id": "LU-0803-006",
    "land_use_code": "0803",
    "key_area_id": "PROV-KEY-003",
    "distance_to_heritage_line_m": 165.9,
    "height_control_rule_zh": "距遗产线<100m≤12m；100–200m≤21m；200–320m≤36m；320–450m≤54m；>450m≤72m；再乘所在重点区域系数（众智园1.25 / AI原点社区0.85 / 大钟寺1.15），上限120m",
    "retain_renovate_demolish": "renovate"
   },
   "geometry": {
    "type": "Polygon",
    "coordinates": [
     [
      [
       116.345498,
       39.945333
      ],
      [
       116.345592,
       39.94477
      ],
      [
       116.345627,
       39.944368
      ],
      [
       116.344559,
       39.944349
      ],
      [
       116.34455,
       39.945299
      ],
      [
       116.345498,
       39.945333
      ]
     ]
    ]
   }
  }
 ]
}
