{
 "type": "FeatureCollection",
 "features": [
  {
   "type": "Feature",
   "id": "PROV-RESEARCH-001",
   "properties": {
    "id": "PROV-RESEARCH-001",
    "layer": "SITE_BOUNDARY",
    "scope_id": "coordinated_research_area",
    "name_zh": "统筹研究范围粗略替代边界",
    "source_type": "agent_inferred_from_public_data",
    "confidence": "medium",
    "geometry_role": "provisional_constraint",
    "official_boundary": false,
    "boundary_precision": "provisional_rough",
    "source_id": "DATA-SRC-PROVISIONAL-BOUNDARIES-20260605",
    "derived_from_source_ids": [
     "DATA-SRC-OFFICIAL-ANNOUNCEMENT-20260509"
    ],
    "source_title": "依据公告文字四至、约43.6平方公里面积约束和道路名称形成的临时粗略范围",
    "derivation_method": "以公告文字四至北五环路、京藏高速、西直门外大街、万泉河路作粗略定位，并在EPSG:4548下校核至公告约43.6平方公里；折线不等同于道路红线或法定范围线。",
    "area_sqm_declared": 43600000,
    "area_sqm_calculated": 43609232.558,
    "usage_note": "仅用于 AI agent 统筹研究、展示和临时自检；不得作为 official research boundary、审批依据或精确面积复算依据。"
   },
   "geometry": {
    "type": "Polygon",
    "coordinates": [
     [
      [
       116.31885,
       39.938
      ],
      [
       116.36615,
       39.938
      ],
      [
       116.37215,
       39.965
      ],
      [
       116.37215,
       40.027
      ],
      [
       116.33285,
       40.027
      ],
      [
       116.32085,
       40.0
      ],
      [
       116.31285,
       39.965
      ],
      [
       116.31885,
       39.938
      ]
     ]
    ]
   }
  },
  {
   "type": "Feature",
   "id": "CONS-HERITAGE-001",
   "properties": {
    "id": "CONS-HERITAGE-001",
    "layer": "HERITAGE_PROTECTION",
    "source_type": "agent_inferred_from_public_data",
    "confidence": "low",
    "geometry_role": "provisional_constraint",
    "official_boundary": false,
    "boundary_precision": "provisional_rough",
    "name_zh": "大钟寺（觉生寺）文物保护概念提示范围（临时示意，待官方文保边界替换）",
    "name_en": "Dazhongsi (Juesheng Temple) heritage awareness zone (provisional placeholder)",
    "usage_note": "概念提示，不代表法定文保范围或建设控制地带；正式设计须以文物部门公布边界为准。"
   },
   "geometry": {
    "type": "Polygon",
    "coordinates": [
     [
      [
       116.348,
       39.9445
      ],
      [
       116.3505,
       39.9445
      ],
      [
       116.3505,
       39.9468
      ],
      [
       116.348,
       39.9468
      ],
      [
       116.348,
       39.9445
      ]
     ]
    ]
   }
  },
  {
   "type": "Feature",
   "id": "BASE-ROAD-MAJOR",
   "properties": {
    "id": "BASE-ROAD-MAJOR",
    "layer": "EXISTING_PRIMARY_ROAD",
    "name_zh": "现状快速路/主干走廊（OSM简化提取）",
    "name_en": "Existing motorway/trunk corridors (OSM extract)",
    "source_type": "osm",
    "confidence": "medium",
    "geometry_role": "existing_condition",
    "official_boundary": false,
    "license_note": "Base data (c) OpenStreetMap contributors, ODbL; retrieved 2026-08-17 via Overpass API; simplified context extract, not a survey basemap."
   },
   "geometry": {
    "type": "MultiLineString",
    "coordinates": [
     [
      [
       116.3641876,
       39.9859308
      ],
      [
       116.3656169,
       39.9859629
      ],
      [
       116.3660573,
       39.9859732
      ],
      [
       116.3666359,
       39.9859803
      ]
     ],
     [
      [
       116.346715,
       39.9663987
      ],
      [
       116.3436266,
       39.9663756
      ],
      [
       116.3429622,
       39.966369
      ],
      [
       116.3422763,
       39.9663621
      ]
     ],
     [
      [
       116.3527275,
       39.9431662
      ],
      [
       116.3540457,
       39.9434956
      ],
      [
       116.3547704,
       39.9436983
      ],
      [
       116.3554314,
       39.9438762
      ]
     ],
     [
      [
       116.3493751,
       39.940267
      ],
      [
       116.3493377,
       39.9404702
      ],
      [
       116.3493276,
       39.9405162
      ],
      [
       116.3493237,
       39.9405396
      ],
      [
       116.349321,
       39.940563
      ],
      [
       116.3493184,
       39.9405879
      ],
      [
       116.3493169,
       39.9406128
      ],
      [
       116.3493159,
       39.9406382
      ],
      [
       116.3493156,
       39.9406626
      ],
      [
       116.3493162,
       39.9407064
      ],
      [
       116.3493174,
       39.9407502
      ],
      [
       116.3493195,
       39.9407944
      ],
      [
       116.3493228,
       39.9408378
      ],
      [
       116.3493267,
       39.940882
      ],
      [
       116.3493317,
       39.9409253
      ],
      [
       116.3493381,
       39.9409691
      ],
      [
       116.3493463,
       39.9410129
      ],
      [
       116.3493589,
       39.9410686
      ],
      [
       116.3493729,
       39.9411244
      ],
      [
       116.3493876,
       39.9411802
      ],
      [
       116.3494037,
       39.941236
      ],
      [
       116.3494194,
       39.9412823
      ],
      [
       116.3494275,
       39.9413052
      ],
      [
       116.3494369,
       39.941328
      ],
      [
       116.3494474,
       39.9413522
      ],
      [
       116.3494585,
       39.941376
      ],
      [
       116.3494707,
       39.9413993
      ],
      [
       116.3494836,
       39.9414226
      ],
      [
       116.3494979,
       39.9414462
      ],
      [
       116.3495129,
       39.9414697
      ],
      [
       116.3495457,
       39.9415181
      ],
      [
       116.3496128,
       39.9416137
      ],
      [
       116.349682,
       39.9417117
      ],
      [
       116.3497169,
       39.941761
      ],
      [
       116.3497539,
       39.9418151
      ],
      [
       116.3497822,
       39.9418567
      ],
      [
       116.3498091,
       39.9418983
      ],
      [
       116.3498325,
       39.9419367
      ],
      [
       116.3498587,
       39.9419815
      ],
      [
       116.3498789,
       39.942018
      ],
      [
       116.3498984,
       39.9420545
      ],
      [
       116.3499085,
       39.9420737
      ],
      [
       116.3499182,
       39.9420929
      ],
      [
       116.3499264,
       39.9421105
      ],
      [
       116.3499363,
       39.9421332
      ],
      [
       116.3499484,
       39.9421624
      ],
      [
       116.3499585,
       39.9421892
      ],
      [
       116.3499714,
       39.9422223
      ],
      [
       116.3499816,
       39.9422505
      ],
      [
       116.3499903,
       39.9422742
      ],
      [
       116.3499977,
       39.9422968
      ],
      [
       116.3500044,
       39.9423199
      ],
      [
       116.3500117,
       39.9423474
      ],
      [
       116.3500181,
       39.9423721
      ],
      [
       116.3500246,
       39.9424005
      ],
      [
       116.35003,
       39.9424296
      ],
      [
       116.3500353,
       39.9424595
      ],
      [
       116.3500386,
       39.9424853
      ],
      [
       116.35003913230025,
       39.942489586417786
      ]
     ],
     [
      [
       116.35003913230025,
       39.942489586417786
      ],
      [
       116.3500424,
       39.9425159
      ],
      [
       116.3500482,
       39.9425728
      ],
      [
       116.3500582,
       39.9426856
      ],
      [
       116.3500662,
       39.9428016
      ],
      [
       116.3501019,
       39.9433794
      ]
     ],
     [
      [
       116.325,
       40.020410029168005
      ],
      [
       116.3257562,
       40.0206536
      ],
      [
       116.3265492,
       40.0209125
      ],
      [
       116.3274581,
       40.0211824
      ],
      [
       116.3281996,
       40.0213651
      ],
      [
       116.3288395,
       40.0215331
      ],
      [
       116.3295449,
       40.0216537
      ],
      [
       116.3307268,
       40.0217693
      ],
      [
       116.3317444,
       40.0218329
      ],
      [
       116.3325195,
       40.0218359
      ],
      [
       116.3341661,
       40.0218256
      ],
      [
       116.336056,
       40.0217702
      ],
      [
       116.3410706,
       40.0217199
      ]
     ],
     [
      [
       116.3505842,
       40.0181481
      ],
      [
       116.3502239,
       40.0185797
      ],
      [
       116.3498155,
       40.0190534
      ],
      [
       116.3495121,
       40.0194611
      ],
      [
       116.3494319,
       40.0195556
      ],
      [
       116.3492456,
       40.0197752
      ],
      [
       116.3487102,
       40.0204679
      ]
     ],
     [
      [
       116.3509394,
       40.021596
      ],
      [
       116.35428,
       40.0215817
      ],
      [
       116.3558666,
       40.0215584
      ],
      [
       116.3559918,
       40.0215566
      ],
      [
       116.3591371,
       40.0214883
      ],
      [
       116.3627578,
       40.0214058
      ],
      [
       116.3649363,
       40.0213895
      ],
      [
       116.3677038,
       40.0213687
      ]
     ],
     [
      [
       116.3410978,
       40.0218621
      ],
      [
       116.3387969,
       40.0218836
      ],
      [
       116.3374292,
       40.0218982
      ],
      [
       116.3332799,
       40.0219426
      ],
      [
       116.3324838,
       40.0219738
      ],
      [
       116.3317276,
       40.021961
      ],
      [
       116.3309625,
       40.0219295
      ],
      [
       116.3292888,
       40.0217388
      ],
      [
       116.3287494,
       40.021644
      ],
      [
       116.3281223,
       40.0214938
      ],
      [
       116.3273896,
       40.021305
      ],
      [
       116.3264866,
       40.0210294
      ],
      [
       116.325,
       40.02056201735029
      ]
     ],
     [
      [
       116.3410706,
       40.0217199
      ],
      [
       116.3433525,
       40.0216938
      ],
      [
       116.3452098,
       40.0216684
      ]
     ],
     [
      [
       116.3439853,
       39.9853012
      ],
      [
       116.3467163,
       39.9854083
      ],
      [
       116.3479791,
       39.985453
      ],
      [
       116.3508531,
       39.9855326
      ]
     ],
     [
      [
       116.3508531,
       39.9855326
      ],
      [
       116.3525542,
       39.9855988
      ]
     ],
     [
      [
       116.3508425,
       39.9857012
      ],
      [
       116.3479723,
       39.9856187
      ],
      [
       116.3470413,
       39.9855908
      ],
      [
       116.3467163,
       39.9855792
      ],
      [
       116.3439757,
       39.9854679
      ]
     ],
     [
      [
       116.3474525,
       39.983968
      ],
      [
       116.3474046,
       39.9851052
      ],
      [
       116.3473973,
       39.9852797
      ]
     ],
     [
      [
       116.3472606,
       39.9839648
      ],
      [
       116.347267,
       39.9837934
      ]
     ],
     [
      [
       116.3477942,
       39.976316
      ],
      [
       116.3477672,
       39.9760204
      ],
      [
       116.3477128,
       39.9757895
      ],
      [
       116.3476334,
       39.9755619
      ],
      [
       116.3469822,
       39.9742708
      ],
      [
       116.3468963,
       39.9739754
      ],
      [
       116.3468762,
       39.9735287
      ]
     ],
     [
      [
       116.3480688,
       39.9737505
      ],
      [
       116.3479189,
       39.9763161
      ]
     ],
     [
      [
       116.3475698,
       39.9585296
      ],
      [
       116.3484527,
       39.956954
      ],
      [
       116.3487328,
       39.9564599
      ],
      [
       116.3488116,
       39.9561172
      ],
      [
       116.3488889,
       39.9547552
      ]
     ],
     [
      [
       116.3467174,
       39.9662886
      ],
      [
       116.34732318245723,
       39.96628921136113
      ]
     ],
     [
      [
       116.34732318245723,
       39.96628921136113
      ],
      [
       116.34847120241136,
       39.966290369953235
      ]
     ],
     [
      [
       116.34847120241136,
       39.966290369953235
      ],
      [
       116.3490955,
       39.966291
      ]
     ],
     [
      [
       116.3562472,
       39.9662851
      ],
      [
       116.3572359,
       39.9662951
      ],
      [
       116.3598931,
       39.9663335
      ],
      [
       116.360131,
       39.966337
      ],
      [
       116.3605618,
       39.9663432
      ]
     ],
     [
      [
       116.3490955,
       39.9664059
      ],
      [
       116.34846631232944,
       39.96640399697491
      ]
     ],
     [
      [
       116.34846631232944,
       39.96640399697491
      ],
      [
       116.34732096829535,
       39.96640053279636
      ]
     ],
     [
      [
       116.34732096829535,
       39.96640053279636
      ],
      [
       116.346715,
       39.9663987
      ]
     ],
     [
      [
       116.3623718,
       39.9858829
      ],
      [
       116.3641876,
       39.9859308
      ]
     ],
     [
      [
       116.362356,
       39.9860484
      ],
      [
       116.3575583,
       39.9858938
      ],
      [
       116.3525568,
       39.9857615
      ]
     ],
     [
      [
       116.3641893,
       39.9860906
      ],
      [
       116.362356,
       39.9860484
      ]
     ],
     [
      [
       116.3469009,
       40.02252
      ],
      [
       116.34744214716838,
       40.02181416610107
      ]
     ],
     [
      [
       116.34744214716838,
       40.02181416610107
      ],
      [
       116.34757883463062,
       40.02163591363151
      ]
     ],
     [
      [
       116.34757883463062,
       40.02163591363151
      ],
      [
       116.3479381,
       40.0211674
      ]
     ],
     [
      [
       116.3479381,
       40.0211674
      ],
      [
       116.3496201,
       40.0189584
      ],
      [
       116.3527934,
       40.014905
      ],
      [
       116.3542026,
       40.0129171
      ],
      [
       116.3544606,
       40.0125464
      ],
      [
       116.3553854,
       40.0113581
      ],
      [
       116.3563116,
       40.0101785
      ],
      [
       116.3566085,
       40.0098008
      ],
      [
       116.3568684,
       40.0094562
      ],
      [
       116.3586875,
       40.0069212
      ],
      [
       116.3594081,
       40.0059689
      ],
      [
       116.359905,
       40.0052864
      ],
      [
       116.3611444,
       40.0036428
      ],
      [
       116.3615564,
       40.0030867
      ],
      [
       116.3633505,
       40.0006468
      ]
     ],
     [
      [
       116.3491771,
       39.9403395
      ],
      [
       116.34922543775554,
       39.939176290470336
      ]
     ],
     [
      [
       116.34922543775554,
       39.939176290470336
      ],
      [
       116.34922992299327,
       39.939068356802125
      ]
     ],
     [
      [
       116.34922992299327,
       39.939068356802125
      ],
      [
       116.3492799,
       39.9378657
      ]
     ],
     [
      [
       116.3497701,
       39.9391938
      ],
      [
       116.34942587178175,
       39.93918273392325
      ]
     ],
     [
      [
       116.34942587178175,
       39.93918273392325
      ],
      [
       116.34922543775554,
       39.939176290470336
      ]
     ],
     [
      [
       116.34922543775554,
       39.939176290470336
      ],
      [
       116.348924,
       39.9391666
      ]
     ],
     [
      [
       116.3504611,
       39.942674
      ],
      [
       116.3504289,
       39.9426627
      ],
      [
       116.3503805,
       39.9426447
      ],
      [
       116.3503346,
       39.942627
      ],
      [
       116.3502898,
       39.9426093
      ],
      [
       116.3502441,
       39.9425905
      ],
      [
       116.3502012,
       39.9425717
      ],
      [
       116.3501539,
       39.94255
      ],
      [
       116.3501084,
       39.9425276
      ],
      [
       116.3500606,
       39.9425017
      ],
      [
       116.35003913230025,
       39.942489586417786
      ]
     ],
     [
      [
       116.35003913230025,
       39.942489586417786
      ],
      [
       116.3500147,
       39.9424758
      ],
      [
       116.3499674,
       39.9424482
      ],
      [
       116.349921,
       39.9424207
      ],
      [
       116.34989864872085,
       39.94240657523332
      ]
     ],
     [
      [
       116.34989864872085,
       39.94240657523332
      ],
      [
       116.3498778,
       39.9423934
      ],
      [
       116.3498366,
       39.9423661
      ],
      [
       116.3497897,
       39.9423329
      ],
      [
       116.3497448,
       39.9422997
      ]
     ],
     [
      [
       116.372,
       39.94751572448937
      ],
      [
       116.3713536,
       39.9475139
      ],
      [
       116.370435,
       39.94749
      ],
      [
       116.3697089,
       39.9474796
      ],
      [
       116.36884,
       39.9474613
      ],
      [
       116.3677607,
       39.9474146
      ]
     ],
     [
      [
       116.3488889,
       39.9547552
      ],
      [
       116.3488982,
       39.9543044
      ]
     ],
     [
      [
       116.3493751,
       39.940267
      ],
      [
       116.3493839,
       39.9402975
      ],
      [
       116.3493852,
       39.9403168
      ],
      [
       116.3493875,
       39.9403354
      ],
      [
       116.3493911,
       39.9403599
      ],
      [
       116.3493959,
       39.9403903
      ],
      [
       116.3493993,
       39.9404167
      ],
      [
       116.3494028,
       39.9404432
      ],
      [
       116.3494054,
       39.9404698
      ],
      [
       116.3494075,
       39.9404965
      ],
      [
       116.3494099,
       39.9405329
      ],
      [
       116.3494118,
       39.9405697
      ],
      [
       116.3494141,
       39.9406458
      ],
      [
       116.3494173,
       39.9407218
      ],
      [
       116.3494194,
       39.9407624
      ],
      [
       116.3494216,
       39.940803
      ],
      [
       116.3494227,
       39.9408228
      ],
      [
       116.3494249,
       39.9408425
      ],
      [
       116.3494309,
       39.9408804
      ],
      [
       116.3494357,
       39.9409044
      ],
      [
       116.3494406,
       39.9409273
      ],
      [
       116.3494478,
       39.9409564
      ],
      [
       116.3494577,
       39.9409903
      ],
      [
       116.3494714,
       39.9410323
      ],
      [
       116.3494897,
       39.941077
      ],
      [
       116.3495098,
       39.9411218
      ],
      [
       116.349531,
       39.9411657
      ],
      [
       116.3495532,
       39.9412097
      ],
      [
       116.3495708,
       39.9412431
      ],
      [
       116.3495894,
       39.9412765
      ],
      [
       116.3496074,
       39.941307
      ],
      [
       116.3496264,
       39.9413368
      ],
      [
       116.3496509,
       39.9413751
      ],
      [
       116.3496759,
       39.9414138
      ],
      [
       116.3497,
       39.941451
      ],
      [
       116.3497255,
       39.9414887
      ],
      [
       116.3497527,
       39.9415278
      ],
      [
       116.3497788,
       39.9415646
      ],
      [
       116.349833,
       39.9416412
      ]
     ],
     [
      [
       116.3489257,
       39.9390619
      ],
      [
       116.34922992299327,
       39.939068356802125
      ]
     ],
     [
      [
       116.34922992299327,
       39.939068356802125
      ],
      [
       116.34943027552079,
       39.93907260906659
      ]
     ],
     [
      [
       116.34943027552079,
       39.93907260906659
      ],
      [
       116.3497738,
       39.9390799
      ]
     ],
     [
      [
       116.348924,
       39.9391666
      ],
      [
       116.3488445,
       39.9391638
      ],
      [
       116.3487577,
       39.9391587
      ],
      [
       116.3486603,
       39.9391522
      ],
      [
       116.3485647,
       39.9391457
      ],
      [
       116.3484815,
       39.9391397
      ],
      [
       116.3484173,
       39.9391352
      ],
      [
       116.3483644,
       39.9391315
      ],
      [
       116.3483121,
       39.9391283
      ],
      [
       116.3482113,
       39.9391219
      ],
      [
       116.3481167,
       39.9391169
      ],
      [
       116.3480094,
       39.9391119
      ],
      [
       116.347888,
       39.9391079
      ],
      [
       116.3477863,
       39.939104
      ],
      [
       116.3476769,
       39.9390981
      ]
     ],
     [
      [
       116.3715515,
       39.9861182
      ],
      [
       116.372,
       39.98613130021467
      ]
     ],
     [
      [
       116.372,
       39.986304510101704
      ],
      [
       116.3715466,
       39.9862947
      ]
     ],
     [
      [
       116.3715466,
       39.9862947
      ],
      [
       116.3663593,
       39.9861554
      ]
     ],
     [
      [
       116.3677607,
       39.9474146
      ],
      [
       116.3663633,
       39.9473517
      ],
      [
       116.3657003,
       39.9473121
      ],
      [
       116.3651048,
       39.9472314
      ],
      [
       116.3644682,
       39.9470964
      ],
      [
       116.3639025,
       39.9469691
      ]
     ],
     [
      [
       116.3639558,
       39.9468574
      ],
      [
       116.3644955,
       39.9470016
      ],
      [
       116.3652178,
       39.9471278
      ],
      [
       116.36579,
       39.9472021
      ],
      [
       116.3664627,
       39.9472495
      ],
      [
       116.3677552,
       39.9472964
      ]
     ],
     [
      [
       116.3677552,
       39.9472964
      ],
      [
       116.3688477,
       39.9473548
      ],
      [
       116.3695052,
       39.9473657
      ],
      [
       116.3706965,
       39.9473855
      ],
      [
       116.3713196,
       39.9473952
      ],
      [
       116.372,
       39.947402013929846
      ]
     ],
     [
      [
       116.3639025,
       39.9469691
      ],
      [
       116.3633217,
       39.946785
      ],
      [
       116.3629525,
       39.9466503
      ],
      [
       116.3625115,
       39.9464939
      ],
      [
       116.3617041,
       39.9461688
      ],
      [
       116.3604128,
       39.9456205
      ],
      [
       116.359245,
       39.9451483
      ]
     ],
     [
      [
       116.3498057,
       39.9302566
      ],
      [
       116.3497426,
       39.9318112
      ]
     ],
     [
      [
       116.3496084,
       39.9318031
      ],
      [
       116.3496462,
       39.9302542
      ]
     ],
     [
      [
       116.3496462,
       39.9302542
      ],
      [
       116.34965998040617,
       39.93
      ]
     ],
     [
      [
       116.3497426,
       39.9318112
      ],
      [
       116.3496278,
       39.9346203
      ],
      [
       116.349618,
       39.9349576
      ],
      [
       116.3495745,
       39.9356626
      ]
     ],
     [
      [
       116.3471166,
       40.0225658
      ],
      [
       116.3454785,
       40.0245186
      ],
      [
       116.3451148,
       40.0250593
      ]
     ],
     [
      [
       116.3429146,
       40.0276941
      ],
      [
       116.3444045,
       40.0256723
      ]
     ],
     [
      [
       116.3395064,
       40.0323037
      ],
      [
       116.33894832685009,
       40.033
      ]
     ],
     [
      [
       116.3451148,
       40.0250593
      ],
      [
       116.3446231,
       40.0257068
      ]
     ],
     [
      [
       116.3502926,
       40.0215987
      ],
      [
       116.3509394,
       40.021596
      ]
     ],
     [
      [
       116.3430573,
       40.0277559
      ],
      [
       116.341157,
       40.0302213
      ]
     ],
     [
      [
       116.3452035,
       40.021828
      ],
      [
       116.3410978,
       40.0218621
      ]
     ],
     [
      [
       116.3509395,
       40.0217635
      ],
      [
       116.3503037,
       40.0217701
      ]
     ],
     [
      [
       116.3446231,
       40.0257068
      ],
      [
       116.3430573,
       40.0277559
      ]
     ],
     [
      [
       116.3444045,
       40.0256723
      ],
      [
       116.3449295,
       40.0249994
      ]
     ],
     [
      [
       116.3410069,
       40.0301623
      ],
      [
       116.3429146,
       40.0276941
      ]
     ],
     [
      [
       116.3452098,
       40.0216684
      ],
      [
       116.34757883463062,
       40.02163591363151
      ]
     ],
     [
      [
       116.34757883463062,
       40.02163591363151
      ],
      [
       116.34778233335047,
       40.02163312307104
      ]
     ],
     [
      [
       116.34778233335047,
       40.02163312307104
      ],
      [
       116.3502926,
       40.0215987
      ]
     ],
     [
      [
       116.3449295,
       40.0249994
      ],
      [
       116.3454137,
       40.0243775
      ],
      [
       116.3469009,
       40.02252
      ]
     ],
     [
      [
       116.3503037,
       40.0217701
      ],
      [
       116.34765545167384,
       40.0218108813468
      ]
     ],
     [
      [
       116.34765545167384,
       40.0218108813468
      ],
      [
       116.34744214716838,
       40.02181416610107
      ]
     ],
     [
      [
       116.34744214716838,
       40.02181416610107
      ],
      [
       116.346862,
       40.0218231
      ],
      [
       116.3452035,
       40.021828
      ]
     ],
     [
      [
       116.348079,
       40.0212175
      ],
      [
       116.34778233335047,
       40.02163312307104
      ]
     ],
     [
      [
       116.34778233335047,
       40.02163312307104
      ],
      [
       116.34765545167384,
       40.0218108813468
      ]
     ],
     [
      [
       116.34765545167384,
       40.0218108813468
      ],
      [
       116.3471166,
       40.0225658
      ]
     ],
     [
      [
       116.3479189,
       39.9763161
      ],
      [
       116.3478219,
       39.9778395
      ],
      [
       116.3478337,
       39.9781062
      ]
     ],
     [
      [
       116.3488619,
       39.9585562
      ],
      [
       116.3488127,
       39.9599117
      ]
     ],
     [
      [
       116.3468762,
       39.9735287
      ],
      [
       116.3469513,
       39.9718495
      ],
      [
       116.3469875,
       39.9703191
      ]
     ],
     [
      [
       116.3498106,
       39.9488527
      ],
      [
       116.3499025,
       39.948514
      ],
      [
       116.3499913,
       39.9479312
      ]
     ],
     [
      [
       116.3499378,
       39.9488665
      ],
      [
       116.3496843,
       39.949634
      ],
      [
       116.3493638,
       39.9506158
      ],
      [
       116.3492859,
       39.9509481
      ]
     ],
     [
      [
       116.3491743,
       39.9509355
      ],
      [
       116.3492601,
       39.9505988
      ],
      [
       116.3495891,
       39.9496015
      ],
      [
       116.3498106,
       39.9488527
      ]
     ],
     [
      [
       116.3492859,
       39.9509481
      ],
      [
       116.3492006,
       39.9513078
      ],
      [
       116.3491335,
       39.9518333
      ],
      [
       116.3490723,
       39.953105
      ],
      [
       116.3490458,
       39.953722
      ]
     ],
     [
      [
       116.3641815,
       39.9995434
      ],
      [
       116.3663129,
       39.9967753
      ]
     ],
     [
      [
       116.3663129,
       39.9967753
      ],
      [
       116.368437,
       39.9939861
      ],
      [
       116.3697054,
       39.9923467
      ],
      [
       116.3700903,
       39.9918061
      ],
      [
       116.3702653,
       39.9915597
      ],
      [
       116.3705096,
       39.9911681
      ],
      [
       116.3707089,
       39.9907834
      ],
      [
       116.3709039,
       39.990337
      ]
     ],
     [
      [
       116.3643323,
       39.9996138
      ],
      [
       116.363508,
       40.0007128
      ]
     ],
     [
      [
       116.3633505,
       40.0006468
      ],
      [
       116.3641815,
       39.9995434
      ]
     ],
     [
      [
       116.363508,
       40.0007128
      ],
      [
       116.361114,
       40.0040137
      ],
      [
       116.3596055,
       40.0060229
      ],
      [
       116.3569427,
       40.0095944
      ],
      [
       116.3567872,
       40.009803
      ],
      [
       116.3555832,
       40.0114479
      ],
      [
       116.3543879,
       40.0129538
      ],
      [
       116.3495547,
       40.0191978
      ],
      [
       116.3485828,
       40.0204632
      ],
      [
       116.348079,
       40.0212175
      ]
     ],
     [
      [
       116.3605618,
       39.9663432
      ],
      [
       116.3611327,
       39.9663493
      ]
     ],
     [
      [
       116.360574,
       39.9664657
      ],
      [
       116.3592162,
       39.9664523
      ],
      [
       116.3588609,
       39.9664487
      ],
      [
       116.3557716,
       39.9664181
      ]
     ],
     [
      [
       116.3354479,
       39.9850103
      ],
      [
       116.3357811,
       39.9850245
      ],
      [
       116.3386877,
       39.9851479
      ],
      [
       116.3418289,
       39.9852094
      ],
      [
       116.3439853,
       39.9853012
      ]
     ],
     [
      [
       116.3439757,
       39.9854679
      ],
      [
       116.3417903,
       39.9853893
      ],
      [
       116.3386751,
       39.9853269
      ],
      [
       116.3354395,
       39.9851704
      ]
     ],
     [
      [
       116.33872386190008,
       40.033
      ],
      [
       116.3387335,
       40.0329874
      ],
      [
       116.339139,
       40.0324506
      ],
      [
       116.3395256,
       40.0319388
      ]
     ],
     [
      [
       116.3494881,
       39.9378688
      ],
      [
       116.3494639,
       39.9382975
      ],
      [
       116.3494439,
       39.9387319
      ],
      [
       116.34943027552079,
       39.93907260906659
      ]
     ],
     [
      [
       116.34943027552079,
       39.93907260906659
      ],
      [
       116.34942587178175,
       39.93918273392325
      ]
     ],
     [
      [
       116.34942587178175,
       39.93918273392325
      ],
      [
       116.3494018,
       39.9397847
      ],
      [
       116.3493751,
       39.940267
      ]
     ],
     [
      [
       116.3492799,
       39.9378657
      ],
      [
       116.3493119,
       39.9372479
      ],
      [
       116.349366,
       39.9365924
      ],
      [
       116.3494764,
       39.9344774
      ],
      [
       116.3494927,
       39.9341721
      ]
     ],
     [
      [
       116.3469875,
       39.9703191
      ],
      [
       116.3470422,
       39.9689807
      ],
      [
       116.347054,
       39.9687726
      ],
      [
       116.3472438,
       39.9678969
      ],
      [
       116.3473067,
       39.9671179
      ]
     ],
     [
      [
       116.3477269,
       39.9779404
      ],
      [
       116.3477942,
       39.976316
      ]
     ],
     [
      [
       116.3499726,
       39.9433403
      ],
      [
       116.3499453,
       39.9428472
      ],
      [
       116.3499421,
       39.942767
      ],
      [
       116.3499372,
       39.9426856
      ],
      [
       116.3499342,
       39.9426459
      ],
      [
       116.3499295,
       39.942601
      ],
      [
       116.3499244,
       39.9425536
      ],
      [
       116.3499193,
       39.9425127
      ],
      [
       116.3499115,
       39.9424628
      ],
      [
       116.3499002,
       39.942413
      ],
      [
       116.34989864872085,
       39.94240657523332
      ]
     ],
     [
      [
       116.34989864872085,
       39.94240657523332
      ],
      [
       116.3498889,
       39.9423662
      ],
      [
       116.3498741,
       39.9423181
      ],
      [
       116.3498601,
       39.9422781
      ],
      [
       116.3498444,
       39.9422382
      ],
      [
       116.3498276,
       39.9421978
      ],
      [
       116.3498124,
       39.9421638
      ],
      [
       116.3497948,
       39.9421259
      ],
      [
       116.3497771,
       39.9420881
      ],
      [
       116.3497598,
       39.9420526
      ],
      [
       116.3497426,
       39.9420197
      ],
      [
       116.3497236,
       39.9419862
      ],
      [
       116.3497038,
       39.941952
      ],
      [
       116.3496811,
       39.9419159
      ],
      [
       116.3496575,
       39.9418804
      ],
      [
       116.349633,
       39.9418443
      ],
      [
       116.3496086,
       39.9418082
      ],
      [
       116.3495802,
       39.9417657
      ],
      [
       116.3495501,
       39.9417232
      ],
      [
       116.3494974,
       39.9416448
      ],
      [
       116.3494726,
       39.9416057
      ],
      [
       116.3494479,
       39.9415665
      ],
      [
       116.3494267,
       39.9415298
      ],
      [
       116.3494064,
       39.9414918
      ],
      [
       116.3493865,
       39.9414514
      ],
      [
       116.3493674,
       39.9414097
      ],
      [
       116.3493506,
       39.9413689
      ],
      [
       116.3493338,
       39.9413268
      ],
      [
       116.3493145,
       39.9412744
      ],
      [
       116.349296,
       39.9412227
      ],
      [
       116.3492811,
       39.9411736
      ],
      [
       116.349267,
       39.9411174
      ],
      [
       116.3492585,
       39.9410765
      ],
      [
       116.3492501,
       39.9410304
      ],
      [
       116.3492416,
       39.9409854
      ],
      [
       116.3492328,
       39.9409314
      ],
      [
       116.3492282,
       39.9408949
      ],
      [
       116.3492236,
       39.9408544
      ],
      [
       116.3492208,
       39.940814
      ],
      [
       116.3492157,
       39.9407444
      ],
      [
       116.3492106,
       39.9406747
      ],
      [
       116.349206,
       39.9406059
      ],
      [
       116.3492005,
       39.9405355
      ],
      [
       116.3491944,
       39.9404791
      ],
      [
       116.3491883,
       39.9404274
      ],
      [
       116.3491771,
       39.9403395
      ]
     ],
     [
      [
       116.3501019,
       39.9433794
      ],
      [
       116.3501077,
       39.9434852
      ],
      [
       116.3501105,
       39.9435382
      ],
      [
       116.350115,
       39.9435911
      ],
      [
       116.3501193,
       39.9436449
      ],
      [
       116.3501236,
       39.9436975
      ],
      [
       116.3501287,
       39.9437501
      ],
      [
       116.3501337,
       39.9438027
      ],
      [
       116.3501402,
       39.9438703
      ],
      [
       116.3501467,
       39.943938
      ],
      [
       116.3501522,
       39.9440051
      ],
      [
       116.3501577,
       39.9440732
      ],
      [
       116.3501608,
       39.9441174
      ],
      [
       116.3501639,
       39.9441596
      ],
      [
       116.3501661,
       39.9442096
      ],
      [
       116.3501677,
       39.9442617
      ],
      [
       116.3501703,
       39.944346
      ],
      [
       116.3501698,
       39.9445851
      ],
      [
       116.3501458,
       39.9476852
      ]
     ],
     [
      [
       116.3495745,
       39.9356626
      ],
      [
       116.3495591,
       39.9361746
      ],
      [
       116.3494881,
       39.9378688
      ]
     ],
     [
      [
       116.359245,
       39.9451483
      ],
      [
       116.3588979,
       39.9449861
      ],
      [
       116.3583297,
       39.9448187
      ],
      [
       116.3574696,
       39.944578
      ],
      [
       116.3535381,
       39.9435109
      ],
      [
       116.3527348,
       39.9433137
      ]
     ],
     [
      [
       116.338361,
       39.9371203
      ],
      [
       116.338479,
       39.9371305
      ],
      [
       116.3390028,
       39.9372006
      ],
      [
       116.3396464,
       39.9373261
      ],
      [
       116.3405682,
       39.9376109
      ],
      [
       116.3412862,
       39.9378624
      ],
      [
       116.3419826,
       39.9380768
      ]
     ],
     [
      [
       116.3451922,
       39.9386732
      ],
      [
       116.3456721,
       39.9387402
      ]
     ],
     [
      [
       116.3463601,
       39.9389594
      ],
      [
       116.3451631,
       39.9387944
      ]
     ],
     [
      [
       116.3456721,
       39.9387402
      ],
      [
       116.3457246,
       39.9387474
      ],
      [
       116.3457515,
       39.9387517
      ],
      [
       116.345768,
       39.9387546
      ],
      [
       116.3457845,
       39.9387579
      ],
      [
       116.3458066,
       39.9387631
      ],
      [
       116.3458474,
       39.9387723
      ],
      [
       116.3458796,
       39.9387789
      ],
      [
       116.3459049,
       39.938784
      ],
      [
       116.3459312,
       39.9387887
      ],
      [
       116.3459564,
       39.9387927
      ],
      [
       116.345982,
       39.9387963
      ],
      [
       116.3464379,
       39.938853
      ]
     ],
     [
      [
       116.3554314,
       39.9438762
      ],
      [
       116.3575512,
       39.9444534
      ],
      [
       116.3583507,
       39.9446921
      ],
      [
       116.3589848,
       39.9448832
      ],
      [
       116.3597294,
       39.9451491
      ],
      [
       116.360516,
       39.9454922
      ],
      [
       116.3609968,
       39.9456994
      ],
      [
       116.3619066,
       39.9461019
      ],
      [
       116.3626276,
       39.9464083
      ],
      [
       116.3629663,
       39.9465333
      ],
      [
       116.3633617,
       39.9466705
      ],
      [
       116.3639558,
       39.9468574
      ]
     ],
     [
      [
       116.3451631,
       39.9387944
      ],
      [
       116.343995,
       39.938637
      ]
     ],
     [
      [
       116.3438836,
       39.9384925
      ],
      [
       116.3446292,
       39.9385909
      ],
      [
       116.3451922,
       39.9386732
      ]
     ],
     [
      [
       116.3464379,
       39.938853
      ],
      [
       116.3468752,
       39.9389004
      ],
      [
       116.3473522,
       39.9389468
      ],
      [
       116.3477274,
       39.9389857
      ],
      [
       116.3479424,
       39.9390085
      ],
      [
       116.3481588,
       39.9390284
      ],
      [
       116.3483496,
       39.93904
      ],
      [
       116.348557,
       39.9390506
      ],
      [
       116.3487452,
       39.9390572
      ],
      [
       116.3489257,
       39.9390619
      ]
     ],
     [
      [
       116.3494927,
       39.9341721
      ],
      [
       116.3494975,
       39.9340289
      ]
     ],
     [
      [
       116.34981766384612,
       39.93
      ],
      [
       116.3498057,
       39.9302566
      ]
     ],
     [
      [
       116.3488127,
       39.9599117
      ],
      [
       116.3487845,
       39.9603917
      ],
      [
       116.3486476,
       39.9626906
      ],
      [
       116.3485975,
       39.9638123
      ],
      [
       116.348596,
       39.9639465
      ]
     ],
     [
      [
       116.348596,
       39.9639465
      ],
      [
       116.3484929,
       39.9657862
      ],
      [
       116.34847120241136,
       39.966290369953235
      ]
     ],
     [
      [
       116.34847120241136,
       39.966290369953235
      ],
      [
       116.34846631232944,
       39.96640399697491
      ]
     ],
     [
      [
       116.34846631232944,
       39.96640399697491
      ],
      [
       116.3484421,
       39.9669666
      ],
      [
       116.3484318,
       39.9675163
      ]
     ],
     [
      [
       116.3478337,
       39.9781062
      ],
      [
       116.3477917,
       39.9791062
      ],
      [
       116.3476957,
       39.9807533
      ]
     ],
     [
      [
       116.3501458,
       39.9476852
      ],
      [
       116.3500857,
       39.9480604
      ],
      [
       116.3500264,
       39.948515
      ],
      [
       116.3499378,
       39.9488665
      ]
     ],
     [
      [
       116.3499913,
       39.9479312
      ],
      [
       116.3500224,
       39.9475121
      ],
      [
       116.3500363,
       39.9446897
      ]
     ],
     [
      [
       116.337115,
       39.9661877
      ],
      [
       116.3378622,
       39.9661933
      ],
      [
       116.3385163,
       39.9661984
      ]
     ],
     [
      [
       116.325,
       39.96604530371514
      ],
      [
       116.3253107,
       39.9660572
      ]
     ],
     [
      [
       116.3253,
       39.9661848
      ],
      [
       116.325,
       39.96617213674049
      ]
     ],
     [
      [
       116.3371164,
       39.9663106
      ],
      [
       116.3291455,
       39.9662967
      ],
      [
       116.3253,
       39.9661848
      ]
     ],
     [
      [
       116.3253107,
       39.9660572
      ],
      [
       116.3291568,
       39.9661852
      ],
      [
       116.337115,
       39.9661877
      ]
     ],
     [
      [
       116.3677038,
       40.0213687
      ],
      [
       116.3685048,
       40.0213575
      ]
     ],
     [
      [
       116.36852,
       40.0214923
      ],
      [
       116.3677056,
       40.0215074
      ]
     ],
     [
      [
       116.3677056,
       40.0215074
      ],
      [
       116.3630845,
       40.0215865
      ],
      [
       116.3542356,
       40.0217037
      ],
      [
       116.3528322,
       40.0217201
      ],
      [
       116.3509395,
       40.0217635
      ]
     ],
     [
      [
       116.3685048,
       40.0213575
      ],
      [
       116.372,
       40.021294940878185
      ]
     ],
     [
      [
       116.3538234,
       39.9663988
      ],
      [
       116.3490955,
       39.9664059
      ]
     ],
     [
      [
       116.3473067,
       39.9671179
      ],
      [
       116.34732096829535,
       39.96640053279636
      ]
     ],
     [
      [
       116.34732096829535,
       39.96640053279636
      ],
      [
       116.34732318245723,
       39.96628921136113
      ]
     ],
     [
      [
       116.34732318245723,
       39.96628921136113
      ],
      [
       116.3473428,
       39.9653029
      ]
     ],
     [
      [
       116.3488982,
       39.9543044
      ],
      [
       116.3489162,
       39.9538906
      ]
     ],
     [
      [
       116.3503819,
       39.9422943
      ],
      [
       116.3504136,
       39.9423204
      ],
      [
       116.3504463,
       39.9423457
      ],
      [
       116.3504795,
       39.9423708
      ],
      [
       116.3505156,
       39.9423959
      ],
      [
       116.3505525,
       39.9424206
      ],
      [
       116.3505913,
       39.942446
      ],
      [
       116.350627,
       39.9424678
      ],
      [
       116.3506636,
       39.9424897
      ],
      [
       116.3507053,
       39.9425137
      ],
      [
       116.350747,
       39.9425371
      ],
      [
       116.3507916,
       39.9425611
      ],
      [
       116.3508372,
       39.9425845
      ],
      [
       116.3508855,
       39.9426081
      ],
      [
       116.3509387,
       39.9426321
      ],
      [
       116.3509886,
       39.9426532
      ],
      [
       116.3510433,
       39.9426746
      ],
      [
       116.3510832,
       39.9426896
      ],
      [
       116.351123,
       39.9427039
      ],
      [
       116.3511667,
       39.9427185
      ],
      [
       116.3512114,
       39.9427324
      ],
      [
       116.3513008,
       39.9427585
      ],
      [
       116.3513901,
       39.9427847
      ],
      [
       116.3517573,
       39.9428885
      ],
      [
       116.351883,
       39.9429252
      ],
      [
       116.3520072,
       39.9429608
      ],
      [
       116.3521254,
       39.9429941
      ],
      [
       116.352245,
       39.9430275
      ],
      [
       116.3523643,
       39.9430617
      ],
      [
       116.3524933,
       39.9430979
      ],
      [
       116.3527275,
       39.9431662
      ]
     ],
     [
      [
       116.3497448,
       39.9422997
      ],
      [
       116.3497076,
       39.9422719
      ],
      [
       116.3496704,
       39.9422426
      ],
      [
       116.3496355,
       39.942214
      ],
      [
       116.3496017,
       39.9421845
      ],
      [
       116.3495686,
       39.9421544
      ],
      [
       116.3495364,
       39.9421243
      ],
      [
       116.3495057,
       39.9420942
      ],
      [
       116.349475,
       39.9420618
      ],
      [
       116.3494418,
       39.9420253
      ],
      [
       116.349411,
       39.9419887
      ],
      [
       116.3493814,
       39.9419522
      ],
      [
       116.3493528,
       39.9419156
      ],
      [
       116.3493256,
       39.9418769
      ],
      [
       116.3492999,
       39.9418377
      ],
      [
       116.3492749,
       39.9417969
      ],
      [
       116.3492553,
       39.9417627
      ],
      [
       116.3492377,
       39.9417291
      ],
      [
       116.3492206,
       39.9416962
      ],
      [
       116.3492059,
       39.9416667
      ],
      [
       116.3491932,
       39.941639
      ],
      [
       116.3491808,
       39.9416087
      ],
      [
       116.3491694,
       39.9415742
      ],
      [
       116.3491608,
       39.9415437
      ],
      [
       116.3491522,
       39.9415124
      ]
     ],
     [
      [
       116.349833,
       39.9416412
      ],
      [
       116.3499712,
       39.9418338
      ],
      [
       116.3500038,
       39.94188
      ],
      [
       116.3500373,
       39.9419254
      ],
      [
       116.3500546,
       39.941949
      ],
      [
       116.3500719,
       39.9419719
      ],
      [
       116.3500892,
       39.9419944
      ],
      [
       116.3501065,
       39.9420162
      ],
      [
       116.3501356,
       39.9420525
      ],
      [
       116.3501666,
       39.9420888
      ],
      [
       116.3502011,
       39.9421251
      ],
      [
       116.3502376,
       39.9421621
      ],
      [
       116.3502722,
       39.9421953
      ],
      [
       116.3503077,
       39.9422285
      ],
      [
       116.3503438,
       39.9422614
      ],
      [
       116.3503819,
       39.9422943
      ]
     ],
     [
      [
       116.3489162,
       39.9538906
      ],
      [
       116.3489236,
       39.9537194
      ]
     ],
     [
      [
       116.3490458,
       39.953722
      ],
      [
       116.3490385,
       39.9538935
      ]
     ],
     [
      [
       116.3490385,
       39.9538935
      ],
      [
       116.3490214,
       39.9542929
      ],
      [
       116.3490159,
       39.954785
      ]
     ],
     [
      [
       116.3489236,
       39.9537194
      ],
      [
       116.3489525,
       39.9530546
      ],
      [
       116.3490311,
       39.9518336
      ],
      [
       116.3490857,
       39.9513431
      ],
      [
       116.3491743,
       39.9509355
      ]
     ],
     [
      [
       116.3476957,
       39.9807533
      ],
      [
       116.3476489,
       39.9811413
      ],
      [
       116.3476313,
       39.9813659
      ],
      [
       116.3476123,
       39.9816081
      ],
      [
       116.3474934,
       39.9831226
      ],
      [
       116.3474955,
       39.9831921
      ],
      [
       116.3475006,
       39.9833609
      ]
     ],
     [
      [
       116.3385163,
       39.9661984
      ],
      [
       116.3392705,
       39.9662037
      ]
     ],
     [
      [
       116.339266,
       39.966332
      ],
      [
       116.3385115,
       39.9663245
      ]
     ],
     [
      [
       116.3385115,
       39.9663245
      ],
      [
       116.3371164,
       39.9663106
      ]
     ],
     [
      [
       116.3422739,
       39.9662263
      ],
      [
       116.3431417,
       39.9662328
      ],
      [
       116.3436204,
       39.9662364
      ],
      [
       116.3467174,
       39.9662886
      ]
     ],
     [
      [
       116.347197,
       39.9852733
      ],
      [
       116.3472144,
       39.9851151
      ],
      [
       116.3472606,
       39.9839648
      ]
     ],
     [
      [
       116.372,
       39.966788898678644
      ],
      [
       116.3694449,
       39.966743
      ]
     ],
     [
      [
       116.3717854,
       39.9880917
      ],
      [
       116.371424,
       39.9894143
      ],
      [
       116.3710432,
       39.9905395
      ]
     ],
     [
      [
       116.3673815,
       39.9666733
      ],
      [
       116.360574,
       39.9664657
      ]
     ],
     [
      [
       116.3525542,
       39.9855988
      ],
      [
       116.3575959,
       39.9857391
      ],
      [
       116.3623718,
       39.9858829
      ]
     ],
     [
      [
       116.3490159,
       39.954785
      ],
      [
       116.3488619,
       39.9585562
      ]
     ],
     [
      [
       116.3422763,
       39.9663621
      ],
      [
       116.339266,
       39.966332
      ]
     ],
     [
      [
       116.3491522,
       39.9415124
      ],
      [
       116.3491427,
       39.9414788
      ],
      [
       116.3491364,
       39.9414509
      ],
      [
       116.3491314,
       39.941421
      ],
      [
       116.3491247,
       39.9413748
      ],
      [
       116.3491203,
       39.9413291
      ],
      [
       116.3491172,
       39.9412811
      ],
      [
       116.3491153,
       39.9412341
      ],
      [
       116.3491137,
       39.9411382
      ],
      [
       116.3491135,
       39.9410447
      ],
      [
       116.3491157,
       39.9409512
      ],
      [
       116.3491228,
       39.9407643
      ],
      [
       116.3491771,
       39.9403395
      ]
     ],
     [
      [
       116.3419124,
       39.9381878
      ],
      [
       116.3413971,
       39.9380213
      ],
      [
       116.340544,
       39.9377223
      ],
      [
       116.339597,
       39.9374183
      ],
      [
       116.3390304,
       39.9373301
      ],
      [
       116.3386387,
       39.9372862
      ],
      [
       116.3383587,
       39.9372584
      ]
     ],
     [
      [
       116.3476769,
       39.9390981
      ],
      [
       116.3474661,
       39.9390795
      ],
      [
       116.3472283,
       39.939057
      ],
      [
       116.346927,
       39.9390258
      ],
      [
       116.3466192,
       39.9389906
      ],
      [
       116.3463601,
       39.9389594
      ]
     ],
     [
      [
       116.3557716,
       39.9664181
      ],
      [
       116.3538234,
       39.9663988
      ]
     ],
     [
      [
       116.3681082,
       39.9667114
      ],
      [
       116.3673815,
       39.9666733
      ]
     ],
     [
      [
       116.3500363,
       39.9446897
      ],
      [
       116.3500377,
       39.9446622
      ],
      [
       116.350039,
       39.9446405
      ],
      [
       116.3500404,
       39.9446171
      ],
      [
       116.3500425,
       39.9445914
      ],
      [
       116.3500444,
       39.9445681
      ],
      [
       116.3500463,
       39.9445443
      ],
      [
       116.3500481,
       39.9445187
      ],
      [
       116.3500499,
       39.9444931
      ],
      [
       116.3500512,
       39.9444751
      ],
      [
       116.350052,
       39.9444569
      ],
      [
       116.3500529,
       39.9444402
      ],
      [
       116.3500538,
       39.9444234
      ],
      [
       116.3500541,
       39.9444154
      ],
      [
       116.3500545,
       39.9444073
      ],
      [
       116.3500546,
       39.9443991
      ],
      [
       116.3500548,
       39.9443906
      ],
      [
       116.3500549,
       39.9443723
      ],
      [
       116.3500547,
       39.9443531
      ],
      [
       116.3500545,
       39.9443226
      ],
      [
       116.3500537,
       39.9442927
      ],
      [
       116.3500524,
       39.9442616
      ],
      [
       116.3500512,
       39.9442311
      ],
      [
       116.35005,
       39.9442123
      ],
      [
       116.3500488,
       39.9441935
      ],
      [
       116.3500476,
       39.9441747
      ],
      [
       116.3500464,
       39.9441559
      ],
      [
       116.3500448,
       39.9441372
      ],
      [
       116.3500432,
       39.9441184
      ],
      [
       116.3500416,
       39.9440992
      ],
      [
       116.35004,
       39.9440802
      ],
      [
       116.3500387,
       39.944064
      ],
      [
       116.3500371,
       39.9440477
      ],
      [
       116.3500341,
       39.9440155
      ],
      [
       116.3500308,
       39.9439824
      ],
      [
       116.3500275,
       39.943949
      ],
      [
       116.3500201,
       39.9438783
      ],
      [
       116.3500126,
       39.9438065
      ],
      [
       116.350007,
       39.9437499
      ],
      [
       116.3500014,
       39.9436933
      ],
      [
       116.3499988,
       39.9436643
      ],
      [
       116.3499962,
       39.9436358
      ],
      [
       116.349994,
       39.9436071
      ],
      [
       116.3499915,
       39.943577
      ],
      [
       116.3499886,
       39.9435415
      ],
      [
       116.3499857,
       39.9435061
      ],
      [
       116.3499824,
       39.9434703
      ],
      [
       116.3499807,
       39.943452
      ],
      [
       116.349979,
       39.9434345
      ],
      [
       116.3499781,
       39.943422
      ],
      [
       116.3499772,
       39.9434114
      ],
      [
       116.3499763,
       39.9433998
      ],
      [
       116.3499754,
       39.9433874
      ],
      [
       116.3499745,
       39.9433757
      ],
      [
       116.3499738,
       39.9433638
      ],
      [
       116.3499731,
       39.9433524
      ],
      [
       116.3499726,
       39.9433403
      ]
     ],
     [
      [
       116.3297731,
       40.0097006
      ],
      [
       116.3281257,
       40.0111679
      ],
      [
       116.3269829,
       40.0122133
      ],
      [
       116.3263947,
       40.0127415
      ],
      [
       116.3261975,
       40.0129186
      ],
      [
       116.3259843,
       40.0130969
      ],
      [
       116.3256667,
       40.0133625
      ],
      [
       116.325,
       40.01400313134962
      ]
     ],
     [
      [
       116.325,
       40.01380167600619
      ],
      [
       116.3254657,
       40.0133713
      ],
      [
       116.3259916,
       40.0128895
      ],
      [
       116.3276166,
       40.011421
      ],
      [
       116.3296073,
       40.0096205
      ]
     ],
     [
      [
       116.3709039,
       39.990337
      ],
      [
       116.3710477,
       39.9899503
      ]
     ],
     [
      [
       116.3657774,
       39.9972379
      ],
      [
       116.3663129,
       39.9967753
      ]
     ],
     [
      [
       116.3710477,
       39.9899503
      ],
      [
       116.3711969,
       39.989469
      ],
      [
       116.372,
       39.98673819724234
      ]
     ],
     [
      [
       116.3708911,
       39.990905
      ],
      [
       116.3704342,
       39.9916386
      ],
      [
       116.3702681,
       39.9918692
      ],
      [
       116.3698296,
       39.9924249
      ],
      [
       116.3666242,
       39.996627
      ]
     ],
     [
      [
       116.3663593,
       39.9861554
      ],
      [
       116.3641893,
       39.9860906
      ]
     ],
     [
      [
       116.3525568,
       39.9857615
      ],
      [
       116.3508425,
       39.9857012
      ]
     ],
     [
      [
       116.347267,
       39.9837934
      ],
      [
       116.3473008,
       39.9835705
      ],
      [
       116.3473354,
       39.983144
      ],
      [
       116.3474705,
       39.9814804
      ],
      [
       116.3474826,
       39.981331
      ],
      [
       116.3475661,
       39.9803018
      ],
      [
       116.3476366,
       39.9790265
      ],
      [
       116.347646,
       39.9787307
      ],
      [
       116.3477269,
       39.9779404
      ]
     ],
     [
      [
       116.3666359,
       39.9859803
      ],
      [
       116.3703753,
       39.9860603
      ],
      [
       116.3715515,
       39.9861182
      ]
     ],
     [
      [
       116.372,
       40.02145997731385
      ],
      [
       116.36852,
       40.0214923
      ]
     ],
     [
      [
       116.325,
       39.98454514966647
      ],
      [
       116.3267286,
       39.9846056
      ],
      [
       116.3274996,
       39.9846361
      ],
      [
       116.3307719,
       39.9847899
      ],
      [
       116.3354479,
       39.9850103
      ]
     ],
     [
      [
       116.3354395,
       39.9851704
      ],
      [
       116.330646,
       39.9849499
      ],
      [
       116.327534,
       39.9848167
      ],
      [
       116.3274799,
       39.9848144
      ],
      [
       116.326738,
       39.9847826
      ],
      [
       116.3266868,
       39.9847804
      ],
      [
       116.325,
       39.98471889517821
      ]
     ],
     [
      [
       116.3334991,
       39.9370342
      ],
      [
       116.3304165,
       39.9369259
      ],
      [
       116.3295913,
       39.9368664
      ],
      [
       116.328803,
       39.936873
      ],
      [
       116.3277745,
       39.9369019
      ],
      [
       116.3267624,
       39.9370042
      ],
      [
       116.325,
       39.93711719295918
      ]
     ],
     [
      [
       116.343995,
       39.938637
      ],
      [
       116.3428864,
       39.9384531
      ],
      [
       116.3419124,
       39.9381878
      ]
     ],
     [
      [
       116.325,
       39.93696824118299
      ],
      [
       116.3261861,
       39.9368871
      ],
      [
       116.3274075,
       39.9367989
      ],
      [
       116.3288052,
       39.9367332
      ],
      [
       116.3300581,
       39.9367405
      ],
      [
       116.3305616,
       39.9367566
      ],
      [
       116.3335153,
       39.9369003
      ]
     ],
     [
      [
       116.3419826,
       39.9380768
      ],
      [
       116.3428584,
       39.9383201
      ],
      [
       116.3438836,
       39.9384925
      ]
     ],
     [
      [
       116.3373651,
       39.9371874
      ],
      [
       116.3334991,
       39.9370342
      ]
     ],
     [
      [
       116.3373708,
       39.9370584
      ],
      [
       116.337848,
       39.937076
      ],
      [
       116.338361,
       39.9371203
      ]
     ],
     [
      [
       116.3383587,
       39.9372584
      ],
      [
       116.3378457,
       39.9372076
      ],
      [
       116.3373651,
       39.9371874
      ]
     ],
     [
      [
       116.3335153,
       39.9369003
      ],
      [
       116.3373708,
       39.9370584
      ]
     ],
     [
      [
       116.3494975,
       39.9340289
      ],
      [
       116.3496084,
       39.9318031
      ]
     ],
     [
      [
       116.3682323,
       39.9665735
      ],
      [
       116.369629,
       39.9666026
      ],
      [
       116.372,
       39.96664916245703
      ]
     ],
     [
      [
       116.3392705,
       39.9662037
      ],
      [
       116.3422739,
       39.9662263
      ]
     ],
     [
      [
       116.3484318,
       39.9675163
      ],
      [
       116.3483844,
       39.9684006
      ],
      [
       116.3481478,
       39.972807
      ],
      [
       116.3480688,
       39.9737505
      ]
     ],
     [
      [
       116.3490955,
       39.966291
      ],
      [
       116.3532038,
       39.9662721
      ]
     ],
     [
      [
       116.3475006,
       39.9833609
      ],
      [
       116.3474827,
       39.9834812
      ],
      [
       116.3474525,
       39.983968
      ]
     ],
     [
      [
       116.3527348,
       39.9433137
      ],
      [
       116.3516979,
       39.9430311
      ],
      [
       116.3507198,
       39.9427544
      ],
      [
       116.3505961,
       39.9427171
      ],
      [
       116.3504928,
       39.9426846
      ],
      [
       116.3504611,
       39.942674
      ]
     ],
     [
      [
       116.3673853,
       39.9665559
      ],
      [
       116.3682323,
       39.9665735
      ]
     ],
     [
      [
       116.3710432,
       39.9905395
      ],
      [
       116.3708911,
       39.990905
      ]
     ],
     [
      [
       116.3532038,
       39.9662721
      ],
      [
       116.3562472,
       39.9662851
      ]
     ],
     [
      [
       116.372,
       39.9873553875482
      ],
      [
       116.3717854,
       39.9880917
      ]
     ],
     [
      [
       116.3694449,
       39.966743
      ],
      [
       116.3681082,
       39.9667114
      ]
     ],
     [
      [
       116.3611327,
       39.9663493
      ],
      [
       116.3673853,
       39.9665559
      ]
     ],
     [
      [
       116.341157,
       40.0302213
      ],
      [
       116.3395064,
       40.0323037
      ]
     ],
     [
      [
       116.3395256,
       40.0319388
      ],
      [
       116.3410069,
       40.0301623
      ]
     ],
     [
      [
       116.3666242,
       39.996627
      ],
      [
       116.3664485,
       39.9968573
      ]
     ],
     [
      [
       116.3664485,
       39.9968573
      ],
      [
       116.3643323,
       39.9996138
      ]
     ]
    ]
   }
  },
  {
   "type": "Feature",
   "id": "BASE-ROAD-PRIMARY",
   "properties": {
    "id": "BASE-ROAD-PRIMARY",
    "layer": "EXISTING_PRIMARY_ROAD",
    "name_zh": "现状主干路（OSM简化提取）",
    "name_en": "Existing primary roads (OSM extract)",
    "source_type": "osm",
    "confidence": "medium",
    "geometry_role": "existing_condition",
    "official_boundary": false,
    "license_note": "Base data (c) OpenStreetMap contributors, ODbL; retrieved 2026-08-17 via Overpass API; simplified context extract, not a survey basemap."
   },
   "geometry": {
    "type": "MultiLineString",
    "coordinates": [
     [
      [
       116.3464212,
       39.9996928
      ],
      [
       116.3464221,
       39.9995711
      ]
     ],
     [
      [
       116.3647468,
       39.9566181
      ],
      [
       116.3647561,
       39.9565184
      ],
      [
       116.3647631,
       39.956451
      ],
      [
       116.3648233,
       39.9559212
      ],
      [
       116.3649713,
       39.9540973
      ],
      [
       116.3650485,
       39.953375
      ],
      [
       116.3651778,
       39.9523396
      ],
      [
       116.3652057,
       39.9520565
      ],
      [
       116.3653288,
       39.9508235
      ],
      [
       116.3654168,
       39.949602
      ]
     ],
     [
      [
       116.3472549,
       39.9751157
      ],
      [
       116.3481335,
       39.9751183
      ]
     ],
     [
      [
       116.366768,
       39.931361
      ],
      [
       116.3656238,
       39.9312924
      ],
      [
       116.362906,
       39.9311956
      ],
      [
       116.3621095,
       39.9311602
      ],
      [
       116.3619079,
       39.9311512
      ],
      [
       116.3617734,
       39.9311321
      ],
      [
       116.360085,
       39.9311073
      ],
      [
       116.3587376,
       39.9310761
      ],
      [
       116.3586131,
       39.9310732
      ],
      [
       116.3557371,
       39.9310764
      ],
      [
       116.3529685,
       39.9310704
      ],
      [
       116.3514994,
       39.9310734
      ],
      [
       116.3502196,
       39.9310818
      ],
      [
       116.3500964,
       39.9310866
      ],
      [
       116.3500409,
       39.9310887
      ],
      [
       116.3499665,
       39.9310942
      ]
     ],
     [
      [
       116.3473036,
       39.9869693
      ],
      [
       116.3472767,
       39.9877523
      ]
     ],
     [
      [
       116.3447813,
       40.022415
      ],
      [
       116.3446485,
       40.0221602
      ],
      [
       116.3446439,
       40.0219552
      ],
      [
       116.3446828,
       40.0217257
      ],
      [
       116.3447263,
       40.0215576
      ],
      [
       116.3447972,
       40.0213876
      ],
      [
       116.3448906,
       40.0212333
      ]
     ],
     [
      [
       116.3471288,
       39.9869634
      ],
      [
       116.3471638,
       39.9859534
      ],
      [
       116.3471719,
       39.9857184
      ]
     ],
     [
      [
       116.3636921,
       39.9744246
      ],
      [
       116.3636966,
       39.9742086
      ],
      [
       116.3636993,
       39.9739722
      ],
      [
       116.3637102,
       39.9736411
      ],
      [
       116.3637143,
       39.972909
      ],
      [
       116.3637298,
       39.9701284
      ],
      [
       116.3637309,
       39.9699282
      ],
      [
       116.3637703,
       39.9668754
      ],
      [
       116.3637722,
       39.966731
      ]
     ],
     [
      [
       116.3636753,
       39.9752752
      ],
      [
       116.3636769,
       39.9751783
      ],
      [
       116.3636835,
       39.9747613
      ]
     ],
     [
      [
       116.3667815,
       39.9312202
      ],
      [
       116.3681956,
       39.9312322
      ],
      [
       116.3707468,
       39.9313503
      ]
     ],
     [
      [
       116.36548608097826,
       40.033
      ],
      [
       116.3654902,
       40.0329857
      ],
      [
       116.3655228,
       40.0328726
      ],
      [
       116.3655499,
       40.0327781
      ],
      [
       116.3657479,
       40.032089
      ],
      [
       116.3660876,
       40.0309062
      ],
      [
       116.3664123,
       40.0297759
      ],
      [
       116.3664225,
       40.0297402
      ],
      [
       116.3664642,
       40.029595
      ]
     ],
     [
      [
       116.3541817,
       40.0070993
      ],
      [
       116.35666591401767,
       40.00761888824761
      ]
     ],
     [
      [
       116.35666591401767,
       40.00761888824761
      ],
      [
       116.3572966,
       40.0077508
      ],
      [
       116.3576251,
       40.0078159
      ],
      [
       116.35842259671004,
       40.007925081097206
      ]
     ],
     [
      [
       116.35842259671004,
       40.007925081097206
      ],
      [
       116.3585491,
       40.0079424
      ],
      [
       116.3591576,
       40.0080172
      ],
      [
       116.3596142,
       40.0080578
      ],
      [
       116.3599944,
       40.0080781
      ],
      [
       116.3603953,
       40.0080986
      ],
      [
       116.3607641,
       40.0081126
      ]
     ],
     [
      [
       116.3530325,
       40.0068692
      ],
      [
       116.353092,
       40.0068793
      ],
      [
       116.3533108,
       40.0069237
      ],
      [
       116.3533343,
       40.0069285
      ],
      [
       116.3541817,
       40.0070993
      ]
     ],
     [
      [
       116.3461337,
       40.0063353
      ],
      [
       116.3463845,
       40.0063515
      ]
     ],
     [
      [
       116.3499779,
       39.9309356
      ],
      [
       116.350075,
       39.9309286
      ],
      [
       116.3501236,
       39.9309319
      ],
      [
       116.3522241,
       39.9309312
      ],
      [
       116.3529051,
       39.9309391
      ],
      [
       116.3530277,
       39.9309409
      ],
      [
       116.3543842,
       39.9309397
      ],
      [
       116.3564436,
       39.9309303
      ],
      [
       116.3565884,
       39.9309283
      ],
      [
       116.3584444,
       39.9309456
      ],
      [
       116.358568,
       39.9309467
      ],
      [
       116.3596215,
       39.9309521
      ],
      [
       116.3605252,
       39.9309702
      ],
      [
       116.3615303,
       39.930989
      ],
      [
       116.3617621,
       39.9309933
      ],
      [
       116.3618975,
       39.9309936
      ],
      [
       116.3626098,
       39.9310121
      ],
      [
       116.3664998,
       39.9312061
      ],
      [
       116.3667815,
       39.9312202
      ]
     ],
     [
      [
       116.3658893,
       39.9470026
      ],
      [
       116.365831,
       39.947422
      ]
     ],
     [
      [
       116.3634542,
       39.9805208
      ],
      [
       116.3635142,
       39.979109
      ],
      [
       116.3635597,
       39.9780379
      ],
      [
       116.3635617,
       39.9779906
      ],
      [
       116.3635826,
       39.9774996
      ],
      [
       116.3636222,
       39.9765661
      ],
      [
       116.3636703,
       39.9754244
      ],
      [
       116.3636736,
       39.9753434
      ]
     ],
     [
      [
       116.3690253,
       40.0085203
      ],
      [
       116.368983,
       40.0088185
      ],
      [
       116.3689339,
       40.009204
      ],
      [
       116.3688714,
       40.0096945
      ],
      [
       116.3688051,
       40.0104074
      ],
      [
       116.3687992,
       40.0105737
      ],
      [
       116.3687763,
       40.0112137
      ],
      [
       116.3687546,
       40.0121121
      ],
      [
       116.3687517,
       40.0122345
      ],
      [
       116.3687252,
       40.0129202
      ],
      [
       116.3687026,
       40.0135546
      ],
      [
       116.3686758,
       40.0141828
      ],
      [
       116.3686313,
       40.0153882
      ],
      [
       116.3686024,
       40.0161048
      ],
      [
       116.3686012,
       40.0161343
      ],
      [
       116.3685918,
       40.0163064
      ],
      [
       116.3685687,
       40.0165211
      ],
      [
       116.3684862,
       40.0172891
      ],
      [
       116.3684785,
       40.0173609
      ],
      [
       116.3684606,
       40.0175273
      ],
      [
       116.368448,
       40.0177492
      ],
      [
       116.3684144,
       40.0183427
      ],
      [
       116.3683122,
       40.0201453
      ],
      [
       116.3682735,
       40.0209498
      ]
     ],
     [
      [
       116.3668377,
       40.0282948
      ],
      [
       116.3668804,
       40.0281429
      ],
      [
       116.3671207,
       40.0272283
      ],
      [
       116.3671619,
       40.0269198
      ],
      [
       116.3671904,
       40.0259415
      ],
      [
       116.367215,
       40.0255648
      ],
      [
       116.36737,
       40.0248968
      ],
      [
       116.3675593,
       40.0243375
      ],
      [
       116.3676905,
       40.0240676
      ],
      [
       116.367797,
       40.0237317
      ],
      [
       116.3679036,
       40.0232138
      ],
      [
       116.367962,
       40.0227424
      ],
      [
       116.3679722,
       40.0219305
      ],
      [
       116.3679733,
       40.0218422
      ],
      [
       116.3679882,
       40.0216982
      ],
      [
       116.3680166,
       40.021191
      ],
      [
       116.3680236,
       40.020963
      ]
     ],
     [
      [
       116.3636835,
       39.9747613
      ],
      [
       116.3636921,
       39.9744246
      ]
     ],
     [
      [
       116.3501209,
       40.0204442
      ],
      [
       116.3501731,
       40.0205551
      ],
      [
       116.3505078,
       40.0212661
      ],
      [
       116.3505521,
       40.0214057
      ]
     ],
     [
      [
       116.3458996,
       40.0209082
      ],
      [
       116.3460802,
       40.0208397
      ],
      [
       116.3464143,
       40.020713
      ],
      [
       116.3473064,
       40.0202717
      ],
      [
       116.3480768,
       40.0198494
      ],
      [
       116.3487417,
       40.019485
      ],
      [
       116.3488384,
       40.0194079
      ],
      [
       116.3491162,
       40.0191862
      ],
      [
       116.3494598,
       40.0188319
      ],
      [
       116.3504287,
       40.0176092
      ],
      [
       116.3512148,
       40.0166042
      ],
      [
       116.3512827,
       40.0165174
      ],
      [
       116.3514988,
       40.0162411
      ],
      [
       116.3536158,
       40.0135345
      ],
      [
       116.3539403,
       40.0130907
      ],
      [
       116.3541088,
       40.0128022
      ],
      [
       116.3543609,
       40.0120389
      ],
      [
       116.3546301,
       40.0114549
      ],
      [
       116.3548365,
       40.0111545
      ],
      [
       116.3549384,
       40.0110062
      ],
      [
       116.3550592,
       40.0108304
      ],
      [
       116.355424,
       40.0104688
      ],
      [
       116.3554929,
       40.0104185
      ],
      [
       116.3562264,
       40.0098829
      ],
      [
       116.356382,
       40.0097693
      ],
      [
       116.3564607,
       40.0095775
      ],
      [
       116.356499,
       40.0094326
      ],
      [
       116.3564901,
       40.0093309
      ],
      [
       116.3564701,
       40.0092376
      ],
      [
       116.3564284,
       40.0091542
      ],
      [
       116.3563757,
       40.009073
      ],
      [
       116.3561182,
       40.0086393
      ],
      [
       116.3560636,
       40.0085297
      ],
      [
       116.3560328,
       40.0084538
      ],
      [
       116.3560114,
       40.0083233
      ],
      [
       116.3560147,
       40.008197
      ],
      [
       116.356063,
       40.00809
      ],
      [
       116.3561237,
       40.0080205
      ],
      [
       116.3562103,
       40.0079276
      ],
      [
       116.3563423,
       40.0078283
      ],
      [
       116.35654648787171,
       40.00769616932055
      ]
     ],
     [
      [
       116.35654648787171,
       40.00769616932055
      ],
      [
       116.35666591401767,
       40.00761888824761
      ]
     ],
     [
      [
       116.35666591401767,
       40.00761888824761
      ],
      [
       116.3567376,
       40.0075725
      ],
      [
       116.3569949,
       40.0074708
      ],
      [
       116.3572476,
       40.0073981
      ],
      [
       116.3576799,
       40.007327
      ],
      [
       116.3578406,
       40.0072991
      ],
      [
       116.3579512,
       40.007261
      ],
      [
       116.3580618,
       40.007223
      ],
      [
       116.3581855,
       40.0071587
      ],
      [
       116.3582905,
       40.0070765
      ],
      [
       116.3585236,
       40.0067708
      ],
      [
       116.35866,
       40.0065919
      ],
      [
       116.3588765,
       40.0063079
      ],
      [
       116.3595572,
       40.0055006
      ],
      [
       116.3603195,
       40.0045016
      ],
      [
       116.3605153,
       40.0042475
      ],
      [
       116.3607519,
       40.0039405
      ],
      [
       116.3608298,
       40.0038345
      ],
      [
       116.361148,
       40.0033822
      ],
      [
       116.361785,
       40.0025014
      ],
      [
       116.3624703,
       40.0015473
      ],
      [
       116.3632604,
       40.0004473
      ],
      [
       116.3633095,
       40.0003783
      ],
      [
       116.3633739,
       40.0002876
      ],
      [
       116.3634274,
       40.0002122
      ]
     ],
     [
      [
       116.3607454,
       40.008216
      ],
      [
       116.3604793,
       40.0082098
      ],
      [
       116.3600152,
       40.0081935
      ],
      [
       116.3596165,
       40.0081724
      ],
      [
       116.359123,
       40.0081298
      ],
      [
       116.3585316,
       40.0080611
      ],
      [
       116.35831519106146,
       40.00802661740346
      ]
     ],
     [
      [
       116.35831519106146,
       40.00802661740346
      ],
      [
       116.3577195,
       40.0079317
      ],
      [
       116.357285,
       40.007849
      ]
     ],
     [
      [
       116.3541332,
       40.0072017
      ],
      [
       116.3533016,
       40.0070239
      ],
      [
       116.3531511,
       40.0069993
      ],
      [
       116.3530492,
       40.0069826
      ],
      [
       116.3529877,
       40.0069717
      ]
     ],
     [
      [
       116.3442138,
       40.0256383
      ],
      [
       116.3447207,
       40.0249723
      ]
     ],
     [
      [
       116.3452635,
       40.0250911
      ],
      [
       116.3447615,
       40.0257495
      ]
     ],
     [
      [
       116.3447207,
       40.0249723
      ],
      [
       116.3450286,
       40.0245532
      ],
      [
       116.3452279,
       40.0242821
      ],
      [
       116.3453712,
       40.0239829
      ],
      [
       116.3453821,
       40.0236646
      ],
      [
       116.3453239,
       40.0232665
      ],
      [
       116.3451462,
       40.0229093
      ],
      [
       116.3447813,
       40.022415
      ]
     ],
     [
      [
       116.3408963,
       40.030728
      ],
      [
       116.34052,
       40.0311765
      ],
      [
       116.3403855,
       40.0313421
      ],
      [
       116.3403198,
       40.0314468
      ],
      [
       116.3402688,
       40.03155
      ],
      [
       116.3402601,
       40.0315675
      ],
      [
       116.3402387,
       40.0316142
      ],
      [
       116.3402178,
       40.0316628
      ],
      [
       116.3401062,
       40.0320025
      ],
      [
       116.3400423,
       40.0321373
      ],
      [
       116.3399146,
       40.0323626
      ],
      [
       116.33941002252281,
       40.033
      ]
     ],
     [
      [
       116.3687712,
       40.0085094
      ],
      [
       116.3686493,
       40.0085043
      ],
      [
       116.3681393,
       40.0084791
      ],
      [
       116.3672143,
       40.0084334
      ],
      [
       116.3667331,
       40.0084038
      ],
      [
       116.3653038,
       40.0083159
      ],
      [
       116.3650256,
       40.0083034
      ],
      [
       116.3633707,
       40.0082232
      ],
      [
       116.3631705,
       40.0082218
      ],
      [
       116.3623344,
       40.0082115
      ],
      [
       116.3618117,
       40.0082237
      ]
     ],
     [
      [
       116.3462909,
       40.0080764
      ],
      [
       116.3462054,
       40.0096618
      ],
      [
       116.3461307,
       40.0110459
      ],
      [
       116.3460849,
       40.0120789
      ],
      [
       116.3460944,
       40.0122597
      ],
      [
       116.3460927,
       40.0124242
      ],
      [
       116.3460758,
       40.0130284
      ],
      [
       116.346061,
       40.0131416
      ],
      [
       116.346006,
       40.0133775
      ],
      [
       116.3459839,
       40.0137457
      ],
      [
       116.3459816,
       40.0137936
      ],
      [
       116.3459762,
       40.0139026
      ],
      [
       116.3460619,
       40.0140077
      ]
     ],
     [
      [
       116.3464221,
       39.9995711
      ],
      [
       116.3464228,
       39.9994753
      ],
      [
       116.3464234,
       39.9994031
      ],
      [
       116.346424,
       39.9993237
      ],
      [
       116.3464728,
       39.9984372
      ],
      [
       116.3465094,
       39.997752
      ],
      [
       116.3465331,
       39.9975496
      ],
      [
       116.3466227,
       39.9957596
      ],
      [
       116.3466311,
       39.9955906
      ],
      [
       116.3467246,
       39.9937217
      ],
      [
       116.346879,
       39.9922312
      ],
      [
       116.3468938,
       39.9920982
      ],
      [
       116.3468982,
       39.9920314
      ]
     ],
     [
      [
       116.3656501,
       39.947533
      ],
      [
       116.3656527,
       39.9475076
      ],
      [
       116.3656627,
       39.947397
      ]
     ],
     [
      [
       116.3638267,
       39.9747757
      ],
      [
       116.3638275,
       39.9751809
      ],
      [
       116.3638293,
       39.975277
      ]
     ],
     [
      [
       116.3638348,
       39.9744301
      ],
      [
       116.3638267,
       39.9747757
      ]
     ],
     [
      [
       116.3639831,
       39.9667357
      ],
      [
       116.3639088,
       39.9683375
      ],
      [
       116.3638806,
       39.9700247
      ],
      [
       116.3638796,
       39.9702331
      ],
      [
       116.3638444,
       39.9736395
      ],
      [
       116.3638401,
       39.9737739
      ],
      [
       116.3638374,
       39.974002
      ],
      [
       116.3638348,
       39.9744301
      ]
     ],
     [
      [
       116.3658141,
       39.9475569
      ],
      [
       116.3657923,
       39.9478574
      ]
     ],
     [
      [
       116.3656145,
       39.9478461
      ],
      [
       116.3656501,
       39.947533
      ]
     ],
     [
      [
       116.3657923,
       39.9478574
      ],
      [
       116.3657792,
       39.9480449
      ],
      [
       116.365635,
       39.9493469
      ]
     ],
     [
      [
       116.3638293,
       39.975277
      ],
      [
       116.3638286,
       39.9753421
      ]
     ],
     [
      [
       116.3628259,
       39.9926036
      ],
      [
       116.3628331,
       39.9924886
      ]
     ],
     [
      [
       116.372,
       39.9885619937657
      ],
      [
       116.371833,
       39.9890449
      ],
      [
       116.3716131,
       39.9896132
      ],
      [
       116.3714055,
       39.9901498
      ],
      [
       116.3713157,
       39.9903616
      ],
      [
       116.3709903,
       39.9910665
      ],
      [
       116.370797,
       39.9913982
      ],
      [
       116.3705591,
       39.9917373
      ]
     ],
     [
      [
       116.3618569,
       40.008108
      ],
      [
       116.3624918,
       40.0081122
      ],
      [
       116.3632143,
       40.008126
      ],
      [
       116.3638991,
       40.0081403
      ],
      [
       116.3640771,
       40.008144
      ],
      [
       116.3648486,
       40.0081842
      ],
      [
       116.3662938,
       40.0082796
      ],
      [
       116.366801,
       40.0083086
      ],
      [
       116.3676267,
       40.0083535
      ]
     ],
     [
      [
       116.3529877,
       40.0069717
      ],
      [
       116.3525528,
       40.0068934
      ]
     ],
     [
      [
       116.3526161,
       40.0067928
      ],
      [
       116.3530325,
       40.0068692
      ]
     ],
     [
      [
       116.3525528,
       40.0068934
      ],
      [
       116.3524999,
       40.0068892
      ],
      [
       116.3512481,
       40.0067523
      ],
      [
       116.3508475,
       40.0067308
      ],
      [
       116.348976,
       40.0066241
      ],
      [
       116.3488943,
       40.0066195
      ],
      [
       116.3478334,
       40.006559
      ],
      [
       116.3477479,
       40.0065541
      ],
      [
       116.3466184,
       40.0064897
      ],
      [
       116.3465743,
       40.0064855
      ],
      [
       116.3463945,
       40.0064685
      ]
     ],
     [
      [
       116.3465087,
       40.0063658
      ],
      [
       116.34658,
       40.0063698
      ],
      [
       116.3509216,
       40.0066142
      ],
      [
       116.3513582,
       40.0066388
      ],
      [
       116.3524359,
       40.0067661
      ],
      [
       116.3525462,
       40.0067814
      ],
      [
       116.3526161,
       40.0067928
      ]
     ],
     [
      [
       116.3463945,
       40.0064685
      ],
      [
       116.3461515,
       40.0064562
      ]
     ],
     [
      [
       116.3466551,
       39.9995895
      ],
      [
       116.3466566,
       39.9996975
      ]
     ],
     [
      [
       116.3481255,
       39.9752192
      ],
      [
       116.3473024,
       39.975213
      ]
     ],
     [
      [
       116.3433507,
       39.9310731
      ],
      [
       116.3427777,
       39.9310825
      ],
      [
       116.3425901,
       39.9310827
      ],
      [
       116.3422536,
       39.931093
      ],
      [
       116.3414357,
       39.9310983
      ],
      [
       116.3404557,
       39.9311208
      ],
      [
       116.3393006,
       39.9311402
      ],
      [
       116.3391844,
       39.9311408
      ],
      [
       116.3381479,
       39.9311462
      ]
     ],
     [
      [
       116.3379137,
       39.9310242
      ],
      [
       116.3380972,
       39.931024
      ],
      [
       116.3414375,
       39.9309906
      ],
      [
       116.3421446,
       39.9309835
      ],
      [
       116.3428867,
       39.9309789
      ],
      [
       116.3433517,
       39.9309759
      ]
     ],
     [
      [
       116.3433517,
       39.9309759
      ],
      [
       116.3461698,
       39.9309681
      ],
      [
       116.3473675,
       39.9309524
      ]
     ],
     [
      [
       116.3494622,
       39.9311181
      ],
      [
       116.3492284,
       39.9311155
      ],
      [
       116.3481626,
       39.9311464
      ],
      [
       116.3478772,
       39.9311432
      ]
     ],
     [
      [
       116.3469037,
       39.9919405
      ],
      [
       116.3468989,
       39.9918542
      ],
      [
       116.3469883,
       39.9895027
      ],
      [
       116.3469985,
       39.9893043
      ],
      [
       116.3470686,
       39.9881066
      ]
     ],
     [
      [
       116.3275629,
       39.9311087
      ],
      [
       116.3274753,
       39.9311119
      ],
      [
       116.3273999,
       39.9311122
      ],
      [
       116.3273068,
       39.9311112
      ],
      [
       116.3269888,
       39.931108
      ],
      [
       116.3266158,
       39.9311042
      ],
      [
       116.326372,
       39.9311017
      ],
      [
       116.3258794,
       39.9311015
      ],
      [
       116.325,
       39.931101298395234
      ]
     ],
     [
      [
       116.3470967,
       39.9920384
      ],
      [
       116.3470934,
       39.9921043
      ],
      [
       116.3469129,
       39.9957942
      ],
      [
       116.3468464,
       39.9966023
      ],
      [
       116.3468382,
       39.996787
      ],
      [
       116.3468097,
       39.9970627
      ],
      [
       116.3468039,
       39.9971967
      ],
      [
       116.3466847,
       39.9987331
      ],
      [
       116.3466523,
       39.9993872
      ],
      [
       116.3466526,
       39.9994136
      ],
      [
       116.3466535,
       39.999478
      ],
      [
       116.3466551,
       39.9995895
      ]
     ],
     [
      [
       116.3473024,
       39.975213
      ],
      [
       116.3461724,
       39.9751936
      ],
      [
       116.3442298,
       39.9751592
      ],
      [
       116.3420841,
       39.9751308
      ],
      [
       116.339542,
       39.9751254
      ],
      [
       116.3393885,
       39.9751246
      ]
     ],
     [
      [
       116.3481335,
       39.9751183
      ],
      [
       116.3493229,
       39.9751289
      ],
      [
       116.3501929,
       39.9751366
      ],
      [
       116.3537802,
       39.9751686
      ],
      [
       116.3585206,
       39.9752109
      ],
      [
       116.3595023,
       39.9752196
      ],
      [
       116.3617505,
       39.9752456
      ],
      [
       116.3620323,
       39.9752476
      ],
      [
       116.3621949,
       39.9752489
      ]
     ],
     [
      [
       116.3471956,
       39.989533
      ],
      [
       116.3471364,
       39.9906657
      ],
      [
       116.3471013,
       39.991801
      ],
      [
       116.3471021,
       39.9918592
      ],
      [
       116.3471011,
       39.9919443
      ]
     ],
     [
      [
       116.3478772,
       39.9311432
      ],
      [
       116.3471058,
       39.9310744
      ],
      [
       116.3463898,
       39.9310638
      ],
      [
       116.3446702,
       39.9310673
      ],
      [
       116.3433507,
       39.9310731
      ]
     ],
     [
      [
       116.3379912,
       39.931148
      ],
      [
       116.3378113,
       39.9311524
      ],
      [
       116.3377253,
       39.9311487
      ],
      [
       116.3375863,
       39.9311488
      ],
      [
       116.335929,
       39.9311422
      ],
      [
       116.3332555,
       39.9311185
      ],
      [
       116.3314953,
       39.9311381
      ],
      [
       116.3309068,
       39.9311375
      ],
      [
       116.3302485,
       39.9311329
      ],
      [
       116.3277434,
       39.9311122
      ],
      [
       116.3276675,
       39.9311116
      ],
      [
       116.3275629,
       39.9311087
      ]
     ],
     [
      [
       116.3275698,
       39.9310143
      ],
      [
       116.327678,
       39.9310118
      ],
      [
       116.3277537,
       39.9310118
      ],
      [
       116.3311727,
       39.9310126
      ],
      [
       116.3317367,
       39.9310127
      ],
      [
       116.3328415,
       39.9310163
      ],
      [
       116.3331245,
       39.9310163
      ],
      [
       116.3332547,
       39.9310212
      ],
      [
       116.3335482,
       39.9310159
      ],
      [
       116.334979,
       39.9310263
      ],
      [
       116.3362375,
       39.9310291
      ],
      [
       116.3377296,
       39.9310256
      ],
      [
       116.3377997,
       39.931025
      ]
     ],
     [
      [
       116.3687978,
       40.0084174
      ],
      [
       116.3688258,
       40.0081636
      ],
      [
       116.3690151,
       40.0064466
      ],
      [
       116.3691546,
       40.0052401
      ],
      [
       116.3691656,
       40.0051452
      ],
      [
       116.3691819,
       40.0050047
      ],
      [
       116.369192,
       40.0048949
      ],
      [
       116.3692226,
       40.0046587
      ],
      [
       116.3693763,
       40.0034707
      ],
      [
       116.3695205,
       40.0022663
      ],
      [
       116.3697419,
       40.0005871
      ],
      [
       116.3697464,
       40.0005532
      ],
      [
       116.3697543,
       40.0004935
      ],
      [
       116.3697596,
       40.0004528
      ],
      [
       116.3697687,
       40.0003842
      ]
     ],
     [
      [
       116.3669974,
       40.0283244
      ],
      [
       116.3667563,
       40.0291687
      ]
     ],
     [
      [
       116.365831,
       39.947422
      ],
      [
       116.3658141,
       39.9475569
      ]
     ],
     [
      [
       116.3667815,
       39.9312202
      ],
      [
       116.3667944,
       39.9310476
      ],
      [
       116.3668246,
       39.9306424
      ],
      [
       116.36689320114148,
       39.93
      ]
     ],
     [
      [
       116.3665135,
       39.9392437
      ],
      [
       116.3666034,
       39.938359
      ],
      [
       116.3666061,
       39.9378812
      ],
      [
       116.3666084,
       39.9376684
      ],
      [
       116.3666125,
       39.9373394
      ],
      [
       116.3666158,
       39.9369973
      ],
      [
       116.3666161,
       39.9369258
      ],
      [
       116.3666223,
       39.9366603
      ],
      [
       116.3666256,
       39.9361805
      ],
      [
       116.3666319,
       39.9360178
      ],
      [
       116.3666688,
       39.9350648
      ],
      [
       116.3666968,
       39.9344633
      ],
      [
       116.3667014,
       39.9343647
      ],
      [
       116.3667026,
       39.9342855
      ],
      [
       116.366703,
       39.9342595
      ],
      [
       116.3667136,
       39.9339727
      ],
      [
       116.3667255,
       39.933729
      ],
      [
       116.36671,
       39.9334632
      ],
      [
       116.3667721,
       39.9325885
      ],
      [
       116.3667803,
       39.9323938
      ],
      [
       116.366793,
       39.9321841
      ],
      [
       116.3667746,
       39.9315788
      ],
      [
       116.366768,
       39.931361
      ]
     ],
     [
      [
       116.3636736,
       39.9753434
      ],
      [
       116.3636753,
       39.9752752
      ]
     ],
     [
      [
       116.3636736,
       39.9753434
      ],
      [
       116.3626561,
       39.9753385
      ],
      [
       116.3611874,
       39.9753196
      ],
      [
       116.3596145,
       39.9752999
      ],
      [
       116.3595024,
       39.9752984
      ]
     ],
     [
      [
       116.3655746,
       39.9496532
      ],
      [
       116.3654596,
       39.9506052
      ],
      [
       116.3654195,
       39.9510612
      ],
      [
       116.3653353,
       39.9518458
      ],
      [
       116.3653097,
       39.9520208
      ],
      [
       116.3651968,
       39.9532491
      ],
      [
       116.3651181,
       39.954106
      ],
      [
       116.3650607,
       39.9549885
      ],
      [
       116.3650408,
       39.9552214
      ],
      [
       116.3650213,
       39.95534
      ],
      [
       116.3650096,
       39.9554591
      ],
      [
       116.3649226,
       39.9564439
      ]
     ],
     [
      [
       116.3638286,
       39.9753421
      ],
      [
       116.3638259,
       39.9754262
      ],
      [
       116.3638145,
       39.9757811
      ],
      [
       116.3637247,
       39.9773645
      ],
      [
       116.3636908,
       39.9779615
      ],
      [
       116.363634,
       39.9789628
      ],
      [
       116.3635629,
       39.9804723
      ],
      [
       116.3635574,
       39.9805684
      ]
     ],
     [
      [
       116.33814885494627,
       40.033
      ],
      [
       116.3382165,
       40.032919
      ],
      [
       116.3385951,
       40.0324486
      ],
      [
       116.338827,
       40.0322228
      ],
      [
       116.3390868,
       40.0320195
      ],
      [
       116.3394109,
       40.0317659
      ],
      [
       116.3397129,
       40.0314809
      ],
      [
       116.3409405,
       40.0299624
      ],
      [
       116.3409763,
       40.0299181
      ],
      [
       116.3410044,
       40.0298814
      ],
      [
       116.3410952,
       40.0297628
      ],
      [
       116.3416321,
       40.0290623
      ],
      [
       116.3417768,
       40.0288733
      ],
      [
       116.341846,
       40.0287831
      ],
      [
       116.3424572,
       40.0279854
      ],
      [
       116.3425354,
       40.0278833
      ],
      [
       116.3441311,
       40.0257396
      ],
      [
       116.3442138,
       40.0256383
      ]
     ],
     [
      [
       116.3635577,
       40.0000581
      ],
      [
       116.3636762,
       39.9999138
      ],
      [
       116.3638375,
       39.999691
      ],
      [
       116.3645575,
       39.9987716
      ],
      [
       116.3657774,
       39.9972379
      ],
      [
       116.3678027,
       39.9945516
      ],
      [
       116.3682559,
       39.9939504
      ],
      [
       116.3686166,
       39.993472
      ],
      [
       116.369174,
       39.9927916
      ]
     ],
     [
      [
       116.3666257,
       40.029626
      ],
      [
       116.3665858,
       40.0297658
      ],
      [
       116.3658277,
       40.03242
      ],
      [
       116.3657262,
       40.0327755
      ],
      [
       116.3657149,
       40.0328149
      ],
      [
       116.365686,
       40.0329163
      ],
      [
       116.36566210991903,
       40.033
      ]
     ],
     [
      [
       116.3632822,
       39.9861616
      ],
      [
       116.3632267,
       39.9873761
      ],
      [
       116.3630571,
       39.9909101
      ],
      [
       116.3630123,
       39.9916993
      ],
      [
       116.3629934,
       39.9922171
      ],
      [
       116.3629903,
       39.9923028
      ],
      [
       116.3629847,
       39.9923863
      ],
      [
       116.3629768,
       39.9924918
      ]
     ],
     [
      [
       116.362839,
       39.9923823
      ],
      [
       116.362844,
       39.9922973
      ],
      [
       116.3628873,
       39.991669
      ],
      [
       116.3629521,
       39.9904725
      ],
      [
       116.3631437,
       39.9869352
      ],
      [
       116.3631643,
       39.9864111
      ],
      [
       116.36317,
       39.9862647
      ],
      [
       116.3631714,
       39.9861601
      ]
     ],
     [
      [
       116.3631714,
       39.9861601
      ],
      [
       116.3631858,
       39.9857517
      ]
     ],
     [
      [
       116.3632939,
       39.9857527
      ],
      [
       116.3632822,
       39.9861616
      ]
     ],
     [
      [
       116.3660391,
       39.9436712
      ],
      [
       116.3660243,
       39.9443331
      ],
      [
       116.3660147,
       39.9448621
      ]
     ],
     [
      [
       116.3660147,
       39.9448621
      ],
      [
       116.3659976,
       39.9451373
      ],
      [
       116.3659895,
       39.9452684
      ],
      [
       116.3659845,
       39.9455609
      ],
      [
       116.3659606,
       39.9457619
      ],
      [
       116.3659387,
       39.9461438
      ],
      [
       116.3658946,
       39.9469105
      ],
      [
       116.3658893,
       39.9470026
      ]
     ],
     [
      [
       116.3649102,
       39.9567056
      ],
      [
       116.3646342,
       39.9594328
      ],
      [
       116.3645685,
       39.9601749
      ],
      [
       116.3645499,
       39.960447
      ],
      [
       116.364536,
       39.9605515
      ],
      [
       116.3645178,
       39.9608448
      ],
      [
       116.3644168,
       39.9619216
      ],
      [
       116.3643211,
       39.9628904
      ],
      [
       116.3641339,
       39.9649144
      ]
     ],
     [
      [
       116.3318255,
       39.9750796
      ],
      [
       116.3344968,
       39.9750321
      ],
      [
       116.3372207,
       39.9750524
      ],
      [
       116.3384021,
       39.9750635
      ],
      [
       116.3391785,
       39.9750709
      ],
      [
       116.3392815,
       39.9750345
      ],
      [
       116.3394595,
       39.9750353
      ]
     ],
     [
      [
       116.325,
       39.93100540845628
      ],
      [
       116.3260773,
       39.9310059
      ]
     ],
     [
      [
       116.3706008,
       39.9314618
      ],
      [
       116.3701401,
       39.9314639
      ],
      [
       116.368433,
       39.9314069
      ],
      [
       116.3681961,
       39.931399
      ],
      [
       116.3670493,
       39.9313607
      ],
      [
       116.3669376,
       39.931357
      ],
      [
       116.366768,
       39.931361
      ]
     ],
     [
      [
       116.3473717,
       39.9857271
      ],
      [
       116.3473036,
       39.9869693
      ]
     ],
     [
      [
       116.3473973,
       39.9852797
      ],
      [
       116.3473717,
       39.9857271
      ]
     ],
     [
      [
       116.3471719,
       39.9857184
      ],
      [
       116.347197,
       39.9852733
      ]
     ],
     [
      [
       116.3318201,
       39.9751624
      ],
      [
       116.3304232,
       39.97519
      ],
      [
       116.3297962,
       39.9752075
      ],
      [
       116.329642,
       39.9752204
      ]
     ],
     [
      [
       116.3393885,
       39.9751246
      ],
      [
       116.3392798,
       39.9751234
      ],
      [
       116.3391289,
       39.9751541
      ],
      [
       116.3382724,
       39.9751495
      ],
      [
       116.3373076,
       39.9751443
      ]
     ],
     [
      [
       116.3394595,
       39.9750353
      ],
      [
       116.3395441,
       39.9750366
      ],
      [
       116.3402188,
       39.9750427
      ],
      [
       116.3420811,
       39.9750596
      ]
     ],
     [
      [
       116.3420811,
       39.9750596
      ],
      [
       116.3439634,
       39.9750796
      ],
      [
       116.3472549,
       39.9751157
      ]
     ],
     [
      [
       116.3638293,
       39.975277
      ],
      [
       116.3679298,
       39.9752922
      ],
      [
       116.3693562,
       39.9753011
      ],
      [
       116.3701377,
       39.975306
      ],
      [
       116.3702039,
       39.9753064
      ],
      [
       116.3709505,
       39.9753111
      ],
      [
       116.3719457,
       39.9753216
      ],
      [
       116.372,
       39.97532175372483
      ]
     ],
     [
      [
       116.372,
       39.97540459334045
      ],
      [
       116.3701346,
       39.9753924
      ],
      [
       116.3677148,
       39.9753765
      ],
      [
       116.3665887,
       39.9753691
      ],
      [
       116.3653723,
       39.9753572
      ],
      [
       116.3638286,
       39.9753421
      ]
     ],
     [
      [
       116.3447813,
       40.022415
      ],
      [
       116.3447533,
       40.0221603
      ],
      [
       116.3447546,
       40.0219465
      ],
      [
       116.3447702,
       40.0217206
      ],
      [
       116.344837,
       40.0215205
      ],
      [
       116.3449526,
       40.0213324
      ],
      [
       116.3451748,
       40.0211979
      ],
      [
       116.3456982,
       40.0209887
      ],
      [
       116.3458996,
       40.0209082
      ]
     ],
     [
      [
       116.3458273,
       40.0139074
      ],
      [
       116.3458457,
       40.0137914
      ],
      [
       116.3458529,
       40.0137457
      ],
      [
       116.3458723,
       40.0134386
      ],
      [
       116.3458798,
       40.013302
      ],
      [
       116.345879,
       40.013261
      ],
      [
       116.3459018,
       40.0130134
      ],
      [
       116.3459229,
       40.0126343
      ],
      [
       116.3459318,
       40.0124777
      ],
      [
       116.3459602,
       40.0123024
      ],
      [
       116.3459961,
       40.0121291
      ],
      [
       116.3462277,
       40.0073483
      ],
      [
       116.346173,
       40.0070027
      ],
      [
       116.3461746,
       40.0066128
      ],
      [
       116.346168,
       40.0065678
      ],
      [
       116.3461515,
       40.0064562
      ]
     ],
     [
      [
       116.3461515,
       40.0064562
      ],
      [
       116.3461337,
       40.0063353
      ]
     ],
     [
      [
       116.3621949,
       39.9752489
      ],
      [
       116.3636753,
       39.9752752
      ]
     ],
     [
      [
       116.3636753,
       39.9752752
      ],
      [
       116.3638293,
       39.975277
      ]
     ],
     [
      [
       116.3534789,
       39.9752518
      ],
      [
       116.3503359,
       39.9752274
      ],
      [
       116.3493211,
       39.9752195
      ],
      [
       116.3481255,
       39.9752192
      ]
     ],
     [
      [
       116.3595024,
       39.9752984
      ],
      [
       116.3593857,
       39.9752978
      ],
      [
       116.3562422,
       39.9752733
      ],
      [
       116.3534789,
       39.9752518
      ]
     ],
     [
      [
       116.372,
       39.93154811141048
      ],
      [
       116.3713031,
       39.9315105
      ],
      [
       116.3710169,
       39.9314897
      ],
      [
       116.3706008,
       39.9314618
      ]
     ],
     [
      [
       116.3505521,
       40.0214057
      ],
      [
       116.3505891,
       40.0215314
      ],
      [
       116.3506184,
       40.0216804
      ],
      [
       116.3505822,
       40.0218969
      ],
      [
       116.3505347,
       40.0220224
      ],
      [
       116.3503558,
       40.0223052
      ],
      [
       116.3502603,
       40.0224265
      ],
      [
       116.3501571,
       40.0225355
      ],
      [
       116.3499916,
       40.0226902
      ],
      [
       116.349768,
       40.0228488
      ],
      [
       116.3489517,
       40.0232091
      ],
      [
       116.3470251,
       40.0238468
      ],
      [
       116.3463019,
       40.0240838
      ],
      [
       116.3461061,
       40.024185
      ],
      [
       116.3459302,
       40.02431
      ],
      [
       116.3457779,
       40.0244416
      ],
      [
       116.3456868,
       40.024522
      ],
      [
       116.3455873,
       40.0246494
      ],
      [
       116.3455365,
       40.0247188
      ],
      [
       116.3454158,
       40.0248834
      ],
      [
       116.3453277,
       40.0250036
      ],
      [
       116.3452635,
       40.0250911
      ]
     ],
     [
      [
       116.325,
       39.97507562365145
      ],
      [
       116.325561,
       39.9750928
      ],
      [
       116.3272065,
       39.9751592
      ],
      [
       116.3272646,
       39.9751579
      ],
      [
       116.3273772,
       39.9751554
      ],
      [
       116.3275167,
       39.9751523
      ]
     ],
     [
      [
       116.3702966,
       39.9912164
      ],
      [
       116.3706575,
       39.9904935
      ],
      [
       116.3708006,
       39.9901449
      ],
      [
       116.3709497,
       39.9896743
      ],
      [
       116.3709569,
       39.9896515
      ],
      [
       116.3710121,
       39.9894365
      ],
      [
       116.3710464,
       39.9891215
      ],
      [
       116.371031,
       39.9887545
      ],
      [
       116.37095,
       39.9884964
      ],
      [
       116.3706689,
       39.9880257
      ],
      [
       116.3705475,
       39.9878582
      ]
     ],
     [
      [
       116.3634274,
       40.0002122
      ],
      [
       116.3635577,
       40.0000581
      ]
     ],
     [
      [
       116.3656627,
       39.947397
      ],
      [
       116.3656717,
       39.946975
      ],
      [
       116.3656793,
       39.9468952
      ],
      [
       116.3658073,
       39.9455453
      ],
      [
       116.3658314,
       39.9452779
      ],
      [
       116.3658402,
       39.9450831
      ],
      [
       116.3658428,
       39.945026
      ],
      [
       116.3658661,
       39.9440848
      ],
      [
       116.3658817,
       39.9436425
      ],
      [
       116.3659452,
       39.9428227
      ],
      [
       116.3660277,
       39.9416001
      ],
      [
       116.3660751,
       39.9409274
      ],
      [
       116.3661174,
       39.9403572
      ],
      [
       116.3662481,
       39.9394608
      ],
      [
       116.3665135,
       39.9392437
      ]
     ],
     [
      [
       116.3629768,
       39.9924918
      ],
      [
       116.3629699,
       39.992607
      ]
     ],
     [
      [
       116.3654419,
       39.9493545
      ],
      [
       116.36556,
       39.9484147
      ]
     ],
     [
      [
       116.3654274,
       39.9495008
      ],
      [
       116.3654419,
       39.9493545
      ]
     ],
     [
      [
       116.3656224,
       39.9494932
      ],
      [
       116.3655841,
       39.9495619
      ]
     ],
     [
      [
       116.365635,
       39.9493469
      ],
      [
       116.3656224,
       39.9494932
      ]
     ],
     [
      [
       116.3581906,
       40.0081444
      ],
      [
       116.3579507,
       40.0084695
      ],
      [
       116.3577843,
       40.0086951
      ],
      [
       116.3576972,
       40.0088119
      ],
      [
       116.3575305,
       40.0090354
      ],
      [
       116.3574255,
       40.0091762
      ],
      [
       116.35729,
       40.009361
      ],
      [
       116.3570784,
       40.0096495
      ],
      [
       116.3569074,
       40.0099349
      ],
      [
       116.3566954,
       40.0104465
      ],
      [
       116.3565241,
       40.0108641
      ],
      [
       116.3562322,
       40.0114071
      ],
      [
       116.3559784,
       40.0117274
      ],
      [
       116.3558578,
       40.0118659
      ],
      [
       116.3555198,
       40.0122037
      ],
      [
       116.3552035,
       40.0124823
      ],
      [
       116.3546737,
       40.0129296
      ],
      [
       116.3544251,
       40.0132115
      ],
      [
       116.3543663,
       40.013282
      ],
      [
       116.3541818,
       40.0135035
      ],
      [
       116.3537885,
       40.014043
      ],
      [
       116.3537477,
       40.0141032
      ],
      [
       116.3533707,
       40.0145935
      ],
      [
       116.3530122,
       40.0151047
      ],
      [
       116.3522516,
       40.0160712
      ]
     ],
     [
      [
       116.3665135,
       39.9392437
      ],
      [
       116.3663896,
       39.9400863
      ],
      [
       116.3662461,
       39.9409366
      ],
      [
       116.3661979,
       39.9415029
      ],
      [
       116.3661404,
       39.9422599
      ],
      [
       116.3660391,
       39.9436712
      ]
     ],
     [
      [
       116.3275103,
       39.9752788
      ],
      [
       116.3273702,
       39.9752782
      ],
      [
       116.3272543,
       39.9752777
      ],
      [
       116.3271837,
       39.9752774
      ],
      [
       116.3262999,
       39.9752456
      ],
      [
       116.3257018,
       39.9751798
      ],
      [
       116.3255116,
       39.9751732
      ],
      [
       116.3251989,
       39.9751623
      ],
      [
       116.325,
       39.97515588755655
      ]
     ],
     [
      [
       116.3640375,
       39.9643885
      ],
      [
       116.3640688,
       39.9640425
      ],
      [
       116.3641131,
       39.9635861
      ],
      [
       116.3642131,
       39.9625369
      ],
      [
       116.3643379,
       39.9612813
      ],
      [
       116.364351,
       39.961149
      ],
      [
       116.3643709,
       39.9609491
      ],
      [
       116.3644097,
       39.9605583
      ],
      [
       116.3644318,
       39.9603368
      ],
      [
       116.3646237,
       39.9581186
      ],
      [
       116.3646617,
       39.9577051
      ],
      [
       116.3647395,
       39.9566918
      ],
      [
       116.3647468,
       39.9566181
      ]
     ],
     [
      [
       116.3276671,
       39.9752795
      ],
      [
       116.3275103,
       39.9752788
      ]
     ],
     [
      [
       116.3275167,
       39.9751523
      ],
      [
       116.3276738,
       39.9751488
      ]
     ],
     [
      [
       116.3448906,
       40.0212333
      ],
      [
       116.3454452,
       40.0208546
      ],
      [
       116.3454901,
       40.020766
      ],
      [
       116.3455043,
       40.0206915
      ],
      [
       116.3455852,
       40.0188444
      ],
      [
       116.3456125,
       40.0182226
      ],
      [
       116.345874,
       40.017566
      ],
      [
       116.3458974,
       40.0171765
      ],
      [
       116.3459841,
       40.0154699
      ],
      [
       116.3459123,
       40.0151378
      ],
      [
       116.3458428,
       40.0146396
      ],
      [
       116.3458689,
       40.0141133
      ],
      [
       116.3458629,
       40.0140924
      ],
      [
       116.3458356,
       40.0139976
      ],
      [
       116.3458273,
       40.0139074
      ]
     ],
     [
      [
       116.3460619,
       40.0140077
      ],
      [
       116.3460597,
       40.0140921
      ],
      [
       116.3460426,
       40.0147371
      ],
      [
       116.3460486,
       40.0148846
      ],
      [
       116.3460715,
       40.0154472
      ],
      [
       116.3460482,
       40.0157836
      ],
      [
       116.3460265,
       40.0171815
      ],
      [
       116.3460256,
       40.0174075
      ],
      [
       116.345919,
       40.0178498
      ],
      [
       116.345719,
       40.0182234
      ],
      [
       116.3457179,
       40.0184819
      ],
      [
       116.345672,
       40.0190313
      ],
      [
       116.3456437,
       40.0206139
      ],
      [
       116.3456868,
       40.0206985
      ],
      [
       116.3457299,
       40.0207831
      ],
      [
       116.3458996,
       40.0209082
      ]
     ],
     [
      [
       116.3641472,
       40.0000857
      ],
      [
       116.3640422,
       40.0002256
      ]
     ],
     [
      [
       116.3473675,
       39.9309524
      ],
      [
       116.3491989,
       39.9309336
      ],
      [
       116.3494698,
       39.9309359
      ]
     ],
     [
      [
       116.3377997,
       39.931025
      ],
      [
       116.3379137,
       39.9310242
      ]
     ],
     [
      [
       116.3470686,
       39.9881066
      ],
      [
       116.3471288,
       39.9869634
      ]
     ],
     [
      [
       116.3635574,
       39.9805684
      ],
      [
       116.3635178,
       39.9813574
      ],
      [
       116.363431,
       39.9829977
      ],
      [
       116.3633031,
       39.9855674
      ],
      [
       116.3633005,
       39.9856205
      ],
      [
       116.3632939,
       39.9857527
      ]
     ],
     [
      [
       116.3631858,
       39.9857517
      ],
      [
       116.3631915,
       39.9856582
      ]
     ],
     [
      [
       116.3373076,
       39.9751443
      ],
      [
       116.3343139,
       39.9751148
      ],
      [
       116.3336765,
       39.9751183
      ],
      [
       116.3318201,
       39.9751624
      ]
     ],
     [
      [
       116.3290025,
       39.9752447
      ],
      [
       116.3289162,
       39.975251
      ],
      [
       116.3288788,
       39.9752538
      ],
      [
       116.3278958,
       39.9752805
      ],
      [
       116.3278336,
       39.9752799
      ],
      [
       116.3277921,
       39.9752796
      ],
      [
       116.3276671,
       39.9752795
      ]
     ],
     [
      [
       116.329642,
       39.9752204
      ],
      [
       116.3291417,
       39.9752332
      ],
      [
       116.3291014,
       39.9752374
      ],
      [
       116.3290025,
       39.9752447
      ]
     ],
     [
      [
       116.3631915,
       39.9856582
      ],
      [
       116.3631937,
       39.9856169
      ],
      [
       116.3633341,
       39.9829946
      ],
      [
       116.3634002,
       39.9818294
      ],
      [
       116.3634504,
       39.9806131
      ],
      [
       116.3634542,
       39.9805208
      ]
     ],
     [
      [
       116.3638286,
       39.9753421
      ],
      [
       116.3636736,
       39.9753434
      ]
     ],
     [
      [
       116.3277968,
       39.9751448
      ],
      [
       116.3278468,
       39.9751443
      ],
      [
       116.3278972,
       39.9751438
      ],
      [
       116.3288856,
       39.9751294
      ],
      [
       116.328922,
       39.9751286
      ],
      [
       116.3290021,
       39.9751266
      ],
      [
       116.3290917,
       39.9751245
      ],
      [
       116.3291417,
       39.9751233
      ],
      [
       116.329516,
       39.9751143
      ],
      [
       116.3297956,
       39.9751076
      ]
     ],
     [
      [
       116.3707468,
       39.9313503
      ],
      [
       116.372,
       39.93141547803569
      ]
     ],
     [
      [
       116.372,
       40.008551376737366
      ],
      [
       116.3702723,
       40.0085333
      ]
     ],
     [
      [
       116.3699129,
       40.0003906
      ],
      [
       116.3699061,
       40.000455
      ],
      [
       116.3699018,
       40.0004956
      ],
      [
       116.3698915,
       40.0005933
      ],
      [
       116.3698223,
       40.00125
      ],
      [
       116.3697747,
       40.0017014
      ],
      [
       116.3695767,
       40.0035565
      ],
      [
       116.3695061,
       40.0042486
      ],
      [
       116.3694628,
       40.0046752
      ],
      [
       116.3694556,
       40.0047462
      ],
      [
       116.3694475,
       40.004826
      ],
      [
       116.3694389,
       40.0049088
      ],
      [
       116.3694277,
       40.0050185
      ],
      [
       116.3694202,
       40.0050843
      ],
      [
       116.3690672,
       40.0081772
      ],
      [
       116.3690596,
       40.0082438
      ],
      [
       116.3690369,
       40.0084275
      ]
     ],
     [
      [
       116.3690369,
       40.0084275
      ],
      [
       116.3690253,
       40.0085203
      ]
     ],
     [
      [
       116.3699318,
       40.0002702
      ],
      [
       116.3699129,
       40.0003906
      ]
     ],
     [
      [
       116.36556,
       39.9484147
      ],
      [
       116.3656145,
       39.9478461
      ]
     ],
     [
      [
       116.3276738,
       39.9751488
      ],
      [
       116.3277968,
       39.9751448
      ]
     ],
     [
      [
       116.3297956,
       39.9751076
      ],
      [
       116.3300443,
       39.9751017
      ],
      [
       116.3304133,
       39.9751044
      ],
      [
       116.3318255,
       39.9750796
      ]
     ],
     [
      [
       116.3260773,
       39.9310059
      ],
      [
       116.3266238,
       39.9310062
      ],
      [
       116.3268496,
       39.9310063
      ],
      [
       116.3273158,
       39.931012
      ],
      [
       116.3274121,
       39.9310132
      ],
      [
       116.3274882,
       39.9310137
      ],
      [
       116.3275698,
       39.9310143
      ]
     ],
     [
      [
       116.3423444,
       40.0289641
      ],
      [
       116.3415787,
       40.0299041
      ],
      [
       116.3414176,
       40.0301019
      ],
      [
       116.3413686,
       40.0301624
      ],
      [
       116.3408963,
       40.030728
      ]
     ],
     [
      [
       116.3447615,
       40.0257495
      ],
      [
       116.344685,
       40.0259592
      ],
      [
       116.343041,
       40.0280296
      ],
      [
       116.3429773,
       40.0281098
      ],
      [
       116.3429228,
       40.0281834
      ],
      [
       116.3423444,
       40.0289641
      ]
     ],
     [
      [
       116.3463945,
       40.0064685
      ],
      [
       116.3463699,
       40.0065713
      ],
      [
       116.346357,
       40.0066254
      ],
      [
       116.3463335,
       40.00706
      ],
      [
       116.3462909,
       40.0080764
      ]
     ],
     [
      [
       116.3466566,
       39.9996975
      ],
      [
       116.3466578,
       39.9997861
      ],
      [
       116.3466592,
       39.9998892
      ],
      [
       116.3466598,
       39.9999306
      ],
      [
       116.3466171,
       40.0006696
      ],
      [
       116.3465783,
       40.0010554
      ],
      [
       116.3464843,
       40.0028208
      ],
      [
       116.3464776,
       40.0029457
      ],
      [
       116.3464591,
       40.0032929
      ],
      [
       116.3463682,
       40.0049566
      ],
      [
       116.346399,
       40.005724
      ],
      [
       116.3463827,
       40.0061719
      ],
      [
       116.346383,
       40.006201
      ],
      [
       116.3463845,
       40.0063515
      ]
     ],
     [
      [
       116.3463845,
       40.0063515
      ],
      [
       116.3465087,
       40.0063658
      ]
     ],
     [
      [
       116.3471011,
       39.9919443
      ],
      [
       116.3470967,
       39.9920384
      ]
     ],
     [
      [
       116.3697687,
       40.0003842
      ],
      [
       116.3697928,
       40.0002639
      ]
     ],
     [
      [
       116.3705591,
       39.9917373
      ],
      [
       116.369987,
       39.9924866
      ],
      [
       116.3697396,
       39.9928106
      ],
      [
       116.3694323,
       39.993213
      ],
      [
       116.3687102,
       39.9941587
      ],
      [
       116.3678301,
       39.9953112
      ],
      [
       116.3678056,
       39.9953433
      ],
      [
       116.3678023,
       39.9953477
      ],
      [
       116.3677681,
       39.9953924
      ],
      [
       116.367149,
       39.9962024
      ],
      [
       116.3670374,
       39.9963416
      ]
     ],
     [
      [
       116.3654168,
       39.949602
      ],
      [
       116.3654274,
       39.9495008
      ]
     ],
     [
      [
       116.3463845,
       40.0063515
      ],
      [
       116.3463945,
       40.0064685
      ]
     ],
     [
      [
       116.3655841,
       39.9495619
      ],
      [
       116.3655746,
       39.9496532
      ]
     ],
     [
      [
       116.3472767,
       39.9877523
      ],
      [
       116.3472034,
       39.9893615
      ],
      [
       116.3471956,
       39.989533
      ]
     ],
     [
      [
       116.3670374,
       39.9963416
      ],
      [
       116.3660212,
       39.9976086
      ],
      [
       116.3659864,
       39.9976519
      ],
      [
       116.3649491,
       39.9990211
      ],
      [
       116.3642984,
       39.9998799
      ],
      [
       116.3642664,
       39.999925
      ],
      [
       116.3642282,
       39.9999765
      ],
      [
       116.3641472,
       40.0000857
      ]
     ],
     [
      [
       116.3462221,
       40.0035553
      ],
      [
       116.3462565,
       40.0028999
      ],
      [
       116.3462676,
       40.0026889
      ],
      [
       116.3463549,
       40.0010242
      ],
      [
       116.3463696,
       40.0007509
      ],
      [
       116.3464195,
       39.9999094
      ],
      [
       116.3464197,
       39.9998852
      ],
      [
       116.3464204,
       39.9997864
      ],
      [
       116.3464212,
       39.9996928
      ]
     ],
     [
      [
       116.3461337,
       40.0063353
      ],
      [
       116.346113,
       40.0061957
      ],
      [
       116.3461013,
       40.0061164
      ],
      [
       116.3462221,
       40.0035553
      ]
     ],
     [
      [
       116.3468982,
       39.9920314
      ],
      [
       116.3469037,
       39.9919405
      ]
     ],
     [
      [
       116.3618117,
       40.0082237
      ],
      [
       116.3607454,
       40.008216
      ]
     ],
     [
      [
       116.3690253,
       40.0085203
      ],
      [
       116.3687712,
       40.0085094
      ]
     ],
     [
      [
       116.3687712,
       40.0085094
      ],
      [
       116.3687978,
       40.0084174
      ]
     ],
     [
      [
       116.3522516,
       40.0160712
      ],
      [
       116.3520192,
       40.0163645
      ],
      [
       116.3519512,
       40.0164503
      ],
      [
       116.3514381,
       40.0170977
      ],
      [
       116.3508846,
       40.0177962
      ],
      [
       116.35083,
       40.0178652
      ],
      [
       116.3505842,
       40.0181481
      ],
      [
       116.3500401,
       40.0189265
      ],
      [
       116.3498918,
       40.0192151
      ],
      [
       116.3498239,
       40.0194617
      ],
      [
       116.3497958,
       40.019642
      ],
      [
       116.3498111,
       40.0198389
      ],
      [
       116.3498762,
       40.0200676
      ],
      [
       116.350001,
       40.0202684
      ],
      [
       116.3501209,
       40.0204442
      ]
     ],
     [
      [
       116.3683654,
       40.0162672
      ],
      [
       116.3683734,
       40.0161048
      ],
      [
       116.368475,
       40.014033
      ],
      [
       116.3685179,
       40.0123731
      ],
      [
       116.3685318,
       40.0122285
      ],
      [
       116.3685903,
       40.0110522
      ],
      [
       116.3686634,
       40.0096854
      ],
      [
       116.3687312,
       40.0088007
      ],
      [
       116.3687378,
       40.0087214
      ],
      [
       116.3687712,
       40.0085094
      ]
     ],
     [
      [
       116.3640422,
       40.0002256
      ],
      [
       116.3638696,
       40.0004507
      ],
      [
       116.3637267,
       40.0006371
      ],
      [
       116.363312,
       40.0012095
      ],
      [
       116.3625145,
       40.0023102
      ],
      [
       116.3616886,
       40.0034501
      ],
      [
       116.361408,
       40.0038373
      ],
      [
       116.3612398,
       40.0040695
      ],
      [
       116.3610438,
       40.0043398
      ],
      [
       116.3610139,
       40.004381
      ],
      [
       116.3607853,
       40.0046911
      ],
      [
       116.3600008,
       40.0057554
      ],
      [
       116.3590924,
       40.0070627
      ],
      [
       116.3585595,
       40.0077754
      ],
      [
       116.3585145,
       40.0078382
      ],
      [
       116.35842259671004,
       40.007925081097206
      ]
     ],
     [
      [
       116.35842259671004,
       40.007925081097206
      ],
      [
       116.35831519106146,
       40.00802661740346
      ]
     ],
     [
      [
       116.35831519106146,
       40.00802661740346
      ],
      [
       116.3581906,
       40.0081444
      ]
     ],
     [
      [
       116.3682735,
       40.0209498
      ],
      [
       116.3682686,
       40.021051
      ],
      [
       116.368262,
       40.021188
      ],
      [
       116.3682639,
       40.0216894
      ],
      [
       116.3682539,
       40.0219278
      ],
      [
       116.3682354,
       40.0223977
      ],
      [
       116.3681788,
       40.0241239
      ],
      [
       116.3681477,
       40.0250097
      ],
      [
       116.3680911,
       40.0255292
      ],
      [
       116.3680464,
       40.0257792
      ],
      [
       116.3679853,
       40.0260325
      ],
      [
       116.3678102,
       40.0265256
      ],
      [
       116.3675669,
       40.0269893
      ],
      [
       116.36728,
       40.0276063
      ],
      [
       116.3670495,
       40.0281895
      ],
      [
       116.3669974,
       40.0283244
      ]
     ],
     [
      [
       116.3680236,
       40.020963
      ],
      [
       116.3680305,
       40.0207388
      ],
      [
       116.3680458,
       40.0202407
      ],
      [
       116.3680601,
       40.0200575
      ],
      [
       116.368242,
       40.0177342
      ],
      [
       116.3682439,
       40.0177095
      ],
      [
       116.3682586,
       40.0175218
      ],
      [
       116.3682773,
       40.017283
      ],
      [
       116.3683101,
       40.0168643
      ],
      [
       116.3683429,
       40.0165104
      ],
      [
       116.3683497,
       40.016437
      ],
      [
       116.3683588,
       40.016339
      ],
      [
       116.3683654,
       40.0162672
      ]
     ],
     [
      [
       116.3607641,
       40.0081126
      ],
      [
       116.3618569,
       40.008108
      ]
     ],
     [
      [
       116.3628331,
       39.9924886
      ],
      [
       116.362839,
       39.9923823
      ]
     ],
     [
      [
       116.369174,
       39.9927916
      ],
      [
       116.3694004,
       39.9924935
      ],
      [
       116.3697739,
       39.9920015
      ],
      [
       116.3699294,
       39.9917967
      ],
      [
       116.3699923,
       39.9917048
      ],
      [
       116.370152,
       39.9914716
      ],
      [
       116.3702966,
       39.9912164
      ]
     ],
     [
      [
       116.3649184,
       39.9565208
      ],
      [
       116.3649105,
       39.9566183
      ],
      [
       116.3649102,
       39.9567056
      ]
     ],
     [
      [
       116.3649226,
       39.9564439
      ],
      [
       116.3649184,
       39.9565208
      ]
     ],
     [
      [
       116.3641339,
       39.9649144
      ],
      [
       116.3640222,
       39.9662635
      ]
     ],
     [
      [
       116.3667563,
       40.0291687
      ],
      [
       116.3666722,
       40.029463
      ],
      [
       116.3666613,
       40.0295011
      ],
      [
       116.3666257,
       40.029626
      ]
     ],
     [
      [
       116.3640222,
       39.9662635
      ],
      [
       116.3639831,
       39.9667357
      ]
     ],
     [
      [
       116.3664642,
       40.029595
      ],
      [
       116.3664994,
       40.0294725
      ],
      [
       116.3665953,
       40.0291388
      ]
     ],
     [
      [
       116.3665953,
       40.0291388
      ],
      [
       116.3668377,
       40.0282948
      ]
     ],
     [
      [
       116.3676267,
       40.0083535
      ],
      [
       116.3681141,
       40.00838
      ],
      [
       116.3685554,
       40.008404
      ],
      [
       116.3686691,
       40.0084103
      ],
      [
       116.3687978,
       40.0084174
      ]
     ],
     [
      [
       116.357285,
       40.007849
      ],
      [
       116.35654648787171,
       40.00769616932055
      ]
     ],
     [
      [
       116.35654648787171,
       40.00769616932055
      ],
      [
       116.3562683,
       40.0076386
      ],
      [
       116.3541332,
       40.0072017
      ]
     ],
     [
      [
       116.3698374,
       40.0084346
      ],
      [
       116.372,
       40.0084536083185
      ]
     ],
     [
      [
       116.3702723,
       40.0085333
      ],
      [
       116.3692207,
       40.0085223
      ],
      [
       116.3691352,
       40.0085214
      ],
      [
       116.3690253,
       40.0085203
      ]
     ],
     [
      [
       116.3687978,
       40.0084174
      ],
      [
       116.3690369,
       40.0084275
      ]
     ],
     [
      [
       116.3690369,
       40.0084275
      ],
      [
       116.3691451,
       40.0084285
      ],
      [
       116.3698374,
       40.0084346
      ]
     ]
    ]
   }
  },
  {
   "type": "Feature",
   "id": "BASE-ROAD-SECONDARY",
   "properties": {
    "id": "BASE-ROAD-SECONDARY",
    "layer": "EXISTING_PRIMARY_ROAD",
    "name_zh": "现状次干路（OSM简化提取）",
    "name_en": "Existing secondary roads (OSM extract)",
    "source_type": "osm",
    "confidence": "medium",
    "geometry_role": "existing_condition",
    "official_boundary": false,
    "license_note": "Base data (c) OpenStreetMap contributors, ODbL; retrieved 2026-08-17 via Overpass API; simplified context extract, not a survey basemap."
   },
   "geometry": {
    "type": "MultiLineString",
    "coordinates": [
     [
      [
       116.3341056,
       39.9920146
      ],
      [
       116.3341172,
       39.9918232
      ],
      [
       116.3341298,
       39.9917379
      ],
      [
       116.3341584,
       39.9916531
      ]
     ],
     [
      [
       116.352462,
       39.9391661
      ],
      [
       116.3533688,
       39.9391642
      ],
      [
       116.3537802,
       39.9391521
      ],
      [
       116.3560302,
       39.9391217
      ],
      [
       116.3576689,
       39.9391374
      ],
      [
       116.357889,
       39.9391423
      ]
     ],
     [
      [
       116.352462,
       39.9391661
      ],
      [
       116.3522157,
       39.9392092
      ],
      [
       116.3517144,
       39.9392031
      ],
      [
       116.3516076,
       39.9392014
      ],
      [
       116.3514976,
       39.9392014
      ],
      [
       116.3513852,
       39.9392023
      ],
      [
       116.3513284,
       39.9392035
      ],
      [
       116.3513006,
       39.9392045
      ],
      [
       116.3512749,
       39.9392064
      ],
      [
       116.3512368,
       39.9392103
      ],
      [
       116.3512042,
       39.9392145
      ],
      [
       116.3511716,
       39.9392195
      ],
      [
       116.3511464,
       39.9392223
      ],
      [
       116.3511237,
       39.939224
      ],
      [
       116.3511014,
       39.9392252
      ],
      [
       116.3510764,
       39.9392264
      ],
      [
       116.3510638,
       39.9392267
      ],
      [
       116.3510482,
       39.9392268
      ],
      [
       116.351035,
       39.9392267
      ],
      [
       116.3510133,
       39.9392264
      ]
     ],
     [
      [
       116.3474322,
       39.9568186
      ],
      [
       116.3466093,
       39.9567846
      ],
      [
       116.3458314,
       39.9567256
      ],
      [
       116.3457659,
       39.956723
      ]
     ],
     [
      [
       116.3456934,
       39.9417329
      ],
      [
       116.3456844,
       39.9420719
      ],
      [
       116.3456014,
       39.9422605
      ],
      [
       116.3455028,
       39.9423976
      ]
     ],
     [
      [
       116.3459714,
       39.9390635
      ],
      [
       116.3457663,
       39.9401486
      ],
      [
       116.3456405,
       39.9409933
      ],
      [
       116.3456341,
       39.9410472
      ],
      [
       116.3456286,
       39.9410849
      ],
      [
       116.3456105,
       39.9412082
      ]
     ],
     [
      [
       116.3475854,
       39.939243
      ],
      [
       116.3465294,
       39.9391367
      ],
      [
       116.3461719,
       39.9390996
      ],
      [
       116.3460909,
       39.9390848
      ],
      [
       116.3459714,
       39.9390635
      ]
     ],
     [
      [
       116.3370051,
       40.0095523
      ],
      [
       116.3368814,
       40.0093072
      ],
      [
       116.3363528,
       40.0082602
      ],
      [
       116.3362761,
       40.0081056
      ],
      [
       116.3361812,
       40.0079145
      ],
      [
       116.3357902,
       40.0071373
      ],
      [
       116.3355684,
       40.0067021
      ],
      [
       116.335462,
       40.0064949
      ],
      [
       116.3354539,
       40.0064792
      ],
      [
       116.3353611,
       40.0062984
      ]
     ],
     [
      [
       116.3471011,
       39.9919443
      ],
      [
       116.3472626,
       39.991943
      ],
      [
       116.3490994,
       39.9920057
      ],
      [
       116.3498137,
       39.9920274
      ],
      [
       116.3514561,
       39.9920675
      ],
      [
       116.3515568,
       39.9920699
      ],
      [
       116.3528826,
       39.9921159
      ],
      [
       116.3539803,
       39.9921453
      ],
      [
       116.3587337,
       39.9922726
      ],
      [
       116.3589222,
       39.9922776
      ]
     ],
     [
      [
       116.3280315,
       39.9659957
      ],
      [
       116.3281505,
       39.9647501
      ],
      [
       116.3283934,
       39.9622068
      ],
      [
       116.3285554,
       39.9605354
      ],
      [
       116.3286519,
       39.9596265
      ],
      [
       116.3287753,
       39.9584648
      ],
      [
       116.3289895,
       39.9564476
      ],
      [
       116.3289951,
       39.9563954
      ],
      [
       116.3290034,
       39.956317
      ]
     ],
     [
      [
       116.331168,
       39.9485801
      ],
      [
       116.3313792,
       39.9483461
      ],
      [
       116.3317148,
       39.9480854
      ],
      [
       116.3331762,
       39.9472197
      ],
      [
       116.3343333,
       39.9465343
      ],
      [
       116.3344038,
       39.9464925
      ],
      [
       116.3345943,
       39.9463794
      ]
     ],
     [
      [
       116.3444456,
       40.0284963
      ],
      [
       116.343889,
       40.0283838
      ],
      [
       116.3433183,
       40.0282348
      ]
     ],
     [
      [
       116.34979147324904,
       40.033
      ],
      [
       116.3498467,
       40.0328908
      ],
      [
       116.3503298,
       40.0319354
      ],
      [
       116.3516428,
       40.0293387
      ],
      [
       116.3517703,
       40.0291278
      ]
     ],
     [
      [
       116.3622979,
       39.9391894
      ],
      [
       116.3622947,
       39.9386332
      ],
      [
       116.3622242,
       39.9380596
      ],
      [
       116.3622001,
       39.9369747
      ],
      [
       116.3621959,
       39.9365431
      ],
      [
       116.3621914,
       39.9362537
      ],
      [
       116.3621203,
       39.935532
      ],
      [
       116.362019,
       39.9342909
      ],
      [
       116.3620057,
       39.9341262
      ],
      [
       116.3619769,
       39.9334318
      ],
      [
       116.3618679,
       39.932021
      ],
      [
       116.3617836,
       39.9313392
      ],
      [
       116.3617768,
       39.9312838
      ],
      [
       116.3617683,
       39.9312154
      ],
      [
       116.3617734,
       39.9311321
      ],
      [
       116.3617621,
       39.9309933
      ],
      [
       116.3617299,
       39.930796
      ],
      [
       116.36159992624201,
       39.93
      ]
     ],
     [
      [
       116.3654816,
       40.0294058
      ],
      [
       116.3662583,
       40.0295553
      ],
      [
       116.3663184,
       40.0295669
      ],
      [
       116.366378,
       40.0295784
      ],
      [
       116.3664642,
       40.029595
      ],
      [
       116.3666257,
       40.029626
      ],
      [
       116.3667243,
       40.029645
      ],
      [
       116.3667764,
       40.0296551
      ],
      [
       116.3668287,
       40.0296651
      ],
      [
       116.3713813,
       40.0305417
      ],
      [
       116.3714925,
       40.0305608
      ],
      [
       116.3716078,
       40.0305775
      ],
      [
       116.3717368,
       40.0305916
      ],
      [
       116.3718645,
       40.0306021
      ]
     ],
     [
      [
       116.3308149,
       39.9914889
      ],
      [
       116.3308435,
       39.9915777
      ]
     ],
     [
      [
       116.3391449,
       40.0138214
      ],
      [
       116.3390244,
       40.0138158
      ],
      [
       116.3389797,
       40.0138142
      ],
      [
       116.3383556,
       40.0137925
      ],
      [
       116.3373643,
       40.0137581
      ],
      [
       116.3369827,
       40.0137498
      ],
      [
       116.3367754,
       40.013755
      ],
      [
       116.3364921,
       40.0137444
      ],
      [
       116.3356931,
       40.0137287
      ],
      [
       116.3345722,
       40.013706
      ],
      [
       116.3345499,
       40.0137053
      ],
      [
       116.3343752,
       40.0136995
      ],
      [
       116.333354,
       40.0136607
      ],
      [
       116.3330332,
       40.0136237
      ],
      [
       116.3313694,
       40.0136004
      ],
      [
       116.3313246,
       40.0135972
      ],
      [
       116.3312441,
       40.0136025
      ]
     ],
     [
      [
       116.3312441,
       40.0136025
      ],
      [
       116.3312401,
       40.0137183
      ],
      [
       116.3311917,
       40.0153003
      ],
      [
       116.3311891,
       40.0153869
      ],
      [
       116.331187,
       40.0154559
      ],
      [
       116.3311828,
       40.0155936
      ],
      [
       116.3311799,
       40.0156889
      ],
      [
       116.3311776,
       40.0157648
      ],
      [
       116.3311361,
       40.01712
      ],
      [
       116.3310973,
       40.0183904
      ],
      [
       116.3310397,
       40.0194655
      ],
      [
       116.3310278,
       40.0198247
      ]
     ],
     [
      [
       116.3374247,
       39.9351254
      ],
      [
       116.3375032,
       39.9350014
      ],
      [
       116.3376534,
       39.9347691
      ],
      [
       116.3377769,
       39.9343844
      ],
      [
       116.3378282,
       39.9340588
      ],
      [
       116.3378129,
       39.9312463
      ],
      [
       116.3378113,
       39.9311524
      ]
     ],
     [
      [
       116.331168,
       39.9485801
      ],
      [
       116.3317646,
       39.9481422
      ],
      [
       116.3325,
       39.9477058
      ]
     ],
     [
      [
       116.3345037,
       39.9853687
      ],
      [
       116.3345374,
       39.9847768
      ],
      [
       116.3345412,
       39.9846981
      ]
     ],
     [
      [
       116.3341782,
       39.9915695
      ],
      [
       116.3341831,
       39.9914937
      ],
      [
       116.3342072,
       39.9909759
      ],
      [
       116.3342717,
       39.9895911
      ],
      [
       116.3342761,
       39.9894837
      ],
      [
       116.3344266,
       39.9867035
      ],
      [
       116.3344396,
       39.9864627
      ],
      [
       116.3344909,
       39.9855151
      ],
      [
       116.3344926,
       39.985484
      ],
      [
       116.3344996,
       39.9854469
      ]
     ],
     [
      [
       116.3460619,
       40.0140077
      ],
      [
       116.3458356,
       40.0139976
      ]
     ],
     [
      [
       116.3508012,
       39.9393393
      ],
      [
       116.3503511,
       39.9393259
      ],
      [
       116.349766,
       39.9393103
      ]
     ],
     [
      [
       116.3510133,
       39.9392264
      ],
      [
       116.3509997,
       39.9392319
      ],
      [
       116.3509892,
       39.9392373
      ],
      [
       116.3509757,
       39.9392443
      ],
      [
       116.3509611,
       39.9392522
      ],
      [
       116.350945,
       39.9392608
      ],
      [
       116.3509214,
       39.9392742
      ],
      [
       116.3508937,
       39.9392905
      ],
      [
       116.35087,
       39.9393046
      ],
      [
       116.3508526,
       39.9393149
      ],
      [
       116.3508337,
       39.9393252
      ],
      [
       116.3508186,
       39.9393323
      ],
      [
       116.3508012,
       39.9393393
      ]
     ],
     [
      [
       116.349766,
       39.9393103
      ],
      [
       116.3489325,
       39.9392937
      ]
     ],
     [
      [
       116.3497769,
       39.9389795
      ],
      [
       116.3502917,
       39.9389967
      ],
      [
       116.35097,
       39.9390115
      ],
      [
       116.3512008,
       39.9390157
      ]
     ],
     [
      [
       116.3497738,
       39.9390799
      ],
      [
       116.3506915,
       39.9391003
      ],
      [
       116.3512017,
       39.9391139
      ],
      [
       116.3512145,
       39.9391144
      ],
      [
       116.3512273,
       39.9391145
      ],
      [
       116.3512384,
       39.9391145
      ],
      [
       116.3512512,
       39.9391143
      ],
      [
       116.351263,
       39.9391141
      ],
      [
       116.3512762,
       39.9391136
      ],
      [
       116.3512883,
       39.9391131
      ],
      [
       116.3513008,
       39.9391123
      ],
      [
       116.3513819,
       39.9391048
      ],
      [
       116.3514567,
       39.9390991
      ],
      [
       116.3514849,
       39.9390969
      ],
      [
       116.3514985,
       39.9390959
      ],
      [
       116.3515127,
       39.9390952
      ],
      [
       116.3515242,
       39.9390947
      ],
      [
       116.3515372,
       39.9390944
      ],
      [
       116.3515637,
       39.9390945
      ]
     ],
     [
      [
       116.3473616,
       39.938675
      ],
      [
       116.3474268,
       39.9387195
      ],
      [
       116.3474569,
       39.9387394
      ],
      [
       116.3474842,
       39.9387593
      ],
      [
       116.3475121,
       39.9387775
      ],
      [
       116.3475438,
       39.9387935
      ],
      [
       116.3475877,
       39.9388067
      ],
      [
       116.347626,
       39.9388179
      ],
      [
       116.3476707,
       39.9388292
      ],
      [
       116.3477147,
       39.9388377
      ],
      [
       116.347891,
       39.9388625
      ],
      [
       116.3480719,
       39.9388864
      ],
      [
       116.3482187,
       39.9389046
      ],
      [
       116.3483644,
       39.9389201
      ],
      [
       116.3484139,
       39.9389255
      ],
      [
       116.34847,
       39.9389302
      ],
      [
       116.3485483,
       39.9389364
      ],
      [
       116.3486387,
       39.9389422
      ],
      [
       116.3487291,
       39.938948
      ],
      [
       116.3488246,
       39.9389534
      ],
      [
       116.348924,
       39.9389569
      ]
     ],
     [
      [
       116.348924,
       39.9389569
      ],
      [
       116.3497769,
       39.9389795
      ]
     ],
     [
      [
       116.3489325,
       39.9392937
      ],
      [
       116.3488028,
       39.939292
      ],
      [
       116.3487716,
       39.9392923
      ],
      [
       116.3487442,
       39.9392938
      ],
      [
       116.3487167,
       39.939297
      ],
      [
       116.3486881,
       39.9393011
      ],
      [
       116.3485683,
       39.939322
      ],
      [
       116.3485393,
       39.9393267
      ],
      [
       116.3485085,
       39.9393306
      ],
      [
       116.3483606,
       39.9393306
      ],
      [
       116.3479696,
       39.9392636
      ],
      [
       116.3477829,
       39.9392471
      ],
      [
       116.3475854,
       39.939243
      ]
     ],
     [
      [
       116.3432977,
       39.9382634
      ],
      [
       116.3437892,
       39.9383192
      ],
      [
       116.3439107,
       39.9383375
      ],
      [
       116.3454978,
       39.9385393
      ],
      [
       116.3457017,
       39.9385573
      ],
      [
       116.3458561,
       39.9385718
      ]
     ],
     [
      [
       116.3264979,
       39.9937911
      ],
      [
       116.3265014,
       39.9937597
      ],
      [
       116.3265147,
       39.9936019
      ],
      [
       116.3265238,
       39.9934081
      ],
      [
       116.3265815,
       39.9927121
      ],
      [
       116.3265949,
       39.9924751
      ],
      [
       116.3266084,
       39.9921926
      ],
      [
       116.3266454,
       39.9916735
      ],
      [
       116.3266562,
       39.9916064
      ],
      [
       116.3266621,
       39.9915377
      ],
      [
       116.326671,
       39.9914556
      ]
     ],
     [
      [
       116.3597779,
       39.9999657
      ],
      [
       116.3605645,
       39.9999855
      ],
      [
       116.3620293,
       40.0000224
      ],
      [
       116.3632436,
       40.0000529
      ],
      [
       116.3635577,
       40.0000581
      ]
     ],
     [
      [
       116.3455028,
       39.9423976
      ],
      [
       116.3452745,
       39.9425196
      ],
      [
       116.3448768,
       39.9426801
      ],
      [
       116.3441117,
       39.9429147
      ],
      [
       116.3439902,
       39.942952
      ],
      [
       116.343849,
       39.9429953
      ]
     ],
     [
      [
       116.3373209,
       39.9451741
      ],
      [
       116.3367991,
       39.9454381
      ],
      [
       116.3363367,
       39.945721
      ],
      [
       116.3361205,
       39.9458569
      ],
      [
       116.3359951,
       39.9460122
      ]
     ],
     [
      [
       116.337516,
       39.935167
      ],
      [
       116.3369167,
       39.935972
      ],
      [
       116.336628,
       39.9363599
      ],
      [
       116.3364151,
       39.9366313
      ],
      [
       116.3362314,
       39.936933
      ],
      [
       116.3361126,
       39.9371921
      ],
      [
       116.336054,
       39.937417
      ],
      [
       116.3360138,
       39.9376501
      ],
      [
       116.3360262,
       39.9378772
      ],
      [
       116.3360555,
       39.9381837
      ],
      [
       116.3365331,
       39.941615
      ],
      [
       116.3365877,
       39.9419714
      ],
      [
       116.3366379,
       39.9425504
      ],
      [
       116.3366292,
       39.9443382
      ],
      [
       116.3365983,
       39.9446151
      ],
      [
       116.3365088,
       39.9449108
      ],
      [
       116.336339,
       39.945235
      ],
      [
       116.3361477,
       39.9455355
      ],
      [
       116.33607232938556,
       39.94562381022478
      ]
     ],
     [
      [
       116.33607232938556,
       39.94562381022478
      ],
      [
       116.3359316,
       39.9457887
      ],
      [
       116.3356785,
       39.9459922
      ],
      [
       116.3354316,
       39.9461697
      ],
      [
       116.3351847,
       39.9463093
      ],
      [
       116.3333414,
       39.9473281
      ],
      [
       116.3325623,
       39.9477716
      ]
     ],
     [
      [
       116.33786110856354,
       39.93
      ],
      [
       116.3379096,
       39.9309002
      ],
      [
       116.3379137,
       39.9310242
      ]
     ],
     [
      [
       116.3308435,
       39.9915777
      ],
      [
       116.330864,
       39.9916594
      ],
      [
       116.3308817,
       39.9917149
      ],
      [
       116.3310794,
       39.9923361
      ],
      [
       116.3311838,
       39.9926874
      ],
      [
       116.3312963,
       39.993066
      ],
      [
       116.3313365,
       39.9932588
      ],
      [
       116.331352,
       39.9933665
      ],
      [
       116.3313621,
       39.9934677
      ],
      [
       116.3313603,
       39.9936198
      ],
      [
       116.3313352,
       39.9941338
      ],
      [
       116.3312155,
       39.9960896
      ],
      [
       116.3311455,
       39.9972823
      ],
      [
       116.3311372,
       39.9974225
      ],
      [
       116.3311311,
       39.9975242
      ]
     ],
     [
      [
       116.3310187,
       39.9974287
      ],
      [
       116.3310263,
       39.9973149
      ],
      [
       116.3312387,
       39.9941319
      ],
      [
       116.3312698,
       39.9936659
      ],
      [
       116.3312659,
       39.9934613
      ],
      [
       116.3312524,
       39.993324
      ],
      [
       116.3312285,
       39.993205
      ],
      [
       116.3310937,
       39.992728
      ],
      [
       116.3309877,
       39.9923527
      ],
      [
       116.3307855,
       39.99172
      ],
      [
       116.3307802,
       39.9917036
      ],
      [
       116.330765,
       39.991656
      ],
      [
       116.3307405,
       39.9915743
      ]
     ],
     [
      [
       116.3470967,
       39.9920384
      ],
      [
       116.3468982,
       39.9920314
      ]
     ],
     [
      [
       116.359206,
       39.9999507
      ],
      [
       116.3597779,
       39.9999657
      ]
     ],
     [
      [
       116.3466551,
       39.9995895
      ],
      [
       116.346831,
       39.9995956
      ],
      [
       116.3469281,
       39.9995999
      ],
      [
       116.3497773,
       39.9996855
      ],
      [
       116.3498139,
       39.9996866
      ],
      [
       116.351014,
       39.9997272
      ],
      [
       116.3517073,
       39.9997423
      ],
      [
       116.3537722,
       39.9997871
      ],
      [
       116.3552878,
       39.9998367
      ],
      [
       116.35549,
       39.999844
      ],
      [
       116.3565901,
       39.999884
      ],
      [
       116.3583195,
       39.9999514
      ],
      [
       116.3583396,
       39.9999523
      ],
      [
       116.3585911,
       39.9999619
      ]
     ],
     [
      [
       116.3339321,
       39.9992511
      ],
      [
       116.3340725,
       39.9992548
      ],
      [
       116.3345949,
       39.9992685
      ],
      [
       116.336192,
       39.9993103
      ],
      [
       116.3373111,
       39.9993396
      ],
      [
       116.3376701,
       39.9993496
      ],
      [
       116.3391322,
       39.9993902
      ],
      [
       116.3425507,
       39.9994916
      ],
      [
       116.3425943,
       39.9994927
      ],
      [
       116.3426726,
       39.9994946
      ],
      [
       116.3429124,
       39.9994991
      ],
      [
       116.3437537,
       39.9995201
      ],
      [
       116.3443854,
       39.9995359
      ],
      [
       116.3461359,
       39.9995679
      ],
      [
       116.3461752,
       39.9995685
      ],
      [
       116.3462821,
       39.9995695
      ],
      [
       116.3464221,
       39.9995711
      ]
     ],
     [
      [
       116.3337748,
       39.9987032
      ],
      [
       116.3337779,
       39.9981803
      ],
      [
       116.3337825,
       39.9980956
      ],
      [
       116.3338142,
       39.9978568
      ],
      [
       116.3338292,
       39.9977524
      ],
      [
       116.3338238,
       39.9972672
      ],
      [
       116.3338378,
       39.9966273
      ],
      [
       116.3338718,
       39.9961095
      ],
      [
       116.3338794,
       39.9960126
      ],
      [
       116.333898,
       39.9957761
      ],
      [
       116.3339092,
       39.9956334
      ],
      [
       116.3339213,
       39.9954085
      ],
      [
       116.3339725,
       39.9944544
      ],
      [
       116.3339956,
       39.9940252
      ],
      [
       116.334008,
       39.993795
      ],
      [
       116.3340289,
       39.9934064
      ],
      [
       116.3340403,
       39.9932328
      ],
      [
       116.3340423,
       39.9931953
      ],
      [
       116.3341056,
       39.9920146
      ]
     ],
     [
      [
       116.3589183,
       39.9923744
      ],
      [
       116.3589222,
       39.9922776
      ]
     ],
     [
      [
       116.3469037,
       39.9919405
      ],
      [
       116.3471011,
       39.9919443
      ]
     ],
     [
      [
       116.3341584,
       39.9916531
      ],
      [
       116.3341782,
       39.9915695
      ]
     ],
     [
      [
       116.3271771,
       39.9849791
      ],
      [
       116.327172,
       39.9850623
      ],
      [
       116.3271323,
       39.985711
      ],
      [
       116.3271004,
       39.9861157
      ],
      [
       116.3270659,
       39.9866385
      ],
      [
       116.3270641,
       39.9866664
      ],
      [
       116.3270574,
       39.9868035
      ],
      [
       116.3269944,
       39.9880953
      ],
      [
       116.3269928,
       39.9881281
      ],
      [
       116.3269828,
       39.9883847
      ],
      [
       116.3269572,
       39.9890047
      ],
      [
       116.3269114,
       39.990254
      ]
     ],
     [
      [
       116.3270374,
       39.9844697
      ],
      [
       116.3270161,
       39.9843392
      ],
      [
       116.3270429,
       39.9835614
      ],
      [
       116.3270845,
       39.9832582
      ],
      [
       116.327135,
       39.9822127
      ],
      [
       116.3271541,
       39.9818165
      ],
      [
       116.3271784,
       39.9813136
      ],
      [
       116.3272119,
       39.9806191
      ]
     ],
     [
      [
       116.3281978,
       39.9660015
      ],
      [
       116.3281479,
       39.9662141
      ],
      [
       116.3280933,
       39.9664184
      ]
     ],
     [
      [
       116.3307405,
       39.9915743
      ],
      [
       116.3306293,
       39.9915701
      ],
      [
       116.3302712,
       39.9915566
      ],
      [
       116.3295771,
       39.9915305
      ]
     ],
     [
      [
       116.3308435,
       39.9915777
      ],
      [
       116.3307405,
       39.9915743
      ]
     ],
     [
      [
       116.3308149,
       39.9914889
      ],
      [
       116.3309366,
       39.9914918
      ],
      [
       116.3314977,
       39.9915052
      ],
      [
       116.3318312,
       39.9915134
      ],
      [
       116.332677,
       39.9915353
      ],
      [
       116.3330009,
       39.9915426
      ],
      [
       116.3336011,
       39.9915563
      ],
      [
       116.3339762,
       39.9915649
      ],
      [
       116.3341782,
       39.9915695
      ]
     ],
     [
      [
       116.3307405,
       39.9915743
      ],
      [
       116.3308149,
       39.9914889
      ]
     ],
     [
      [
       116.3270379,
       39.984904
      ],
      [
       116.3270462,
       39.9845763
      ]
     ],
     [
      [
       116.3271833,
       39.9845828
      ],
      [
       116.3271773,
       39.9849106
      ]
     ],
     [
      [
       116.3453061,
       39.9416078
      ],
      [
       116.3453398,
       39.941536
      ],
      [
       116.3453779,
       39.9413623
      ],
      [
       116.3453845,
       39.9413187
      ],
      [
       116.3453913,
       39.9412759
      ],
      [
       116.3454126,
       39.9411327
      ]
     ],
     [
      [
       116.3453861,
       39.9389736
      ],
      [
       116.344855,
       39.9389063
      ],
      [
       116.344676,
       39.9388902
      ],
      [
       116.34435,
       39.9388518
      ],
      [
       116.3430257,
       39.9386356
      ]
     ],
     [
      [
       116.3449998,
       39.9421728
      ],
      [
       116.3451445,
       39.9419455
      ],
      [
       116.3453061,
       39.9416078
      ]
     ],
     [
      [
       116.3342723,
       39.9915742
      ],
      [
       116.3342574,
       39.9916574
      ]
     ],
     [
      [
       116.3344996,
       39.9854469
      ],
      [
       116.3345037,
       39.9853687
      ]
     ],
     [
      [
       116.3346095,
       39.9854432
      ],
      [
       116.3346095,
       39.985484
      ],
      [
       116.3346006,
       39.9857245
      ],
      [
       116.3345148,
       39.9871438
      ],
      [
       116.3344017,
       39.9890154
      ],
      [
       116.3343668,
       39.9895932
      ],
      [
       116.3343216,
       39.9905719
      ],
      [
       116.3342809,
       39.9914515
      ],
      [
       116.3342788,
       39.9914978
      ],
      [
       116.3342723,
       39.9915742
      ]
     ],
     [
      [
       116.3346473,
       39.9847033
      ],
      [
       116.3346144,
       39.9853742
      ]
     ],
     [
      [
       116.3454375,
       39.9409844
      ],
      [
       116.3455842,
       39.9401615
      ],
      [
       116.3457549,
       39.9391608
      ],
      [
       116.3457762,
       39.9390303
      ]
     ],
     [
      [
       116.3456105,
       39.9412082
      ],
      [
       116.3456348,
       39.9413518
      ],
      [
       116.3456623,
       39.9415507
      ],
      [
       116.3456934,
       39.9417329
      ]
     ],
     [
      [
       116.3299695,
       39.9914531
      ],
      [
       116.3301629,
       39.991463
      ],
      [
       116.3306139,
       39.9914809
      ],
      [
       116.3306322,
       39.9914816
      ],
      [
       116.3308149,
       39.9914889
      ]
     ],
     [
      [
       116.3282387,
       39.9914038
      ],
      [
       116.3290184,
       39.991426
      ],
      [
       116.3299695,
       39.9914531
      ]
     ],
     [
      [
       116.3266741,
       39.9913609
      ],
      [
       116.3268512,
       39.9913648
      ]
     ],
     [
      [
       116.3284133,
       39.9915117
      ],
      [
       116.3282918,
       39.9915074
      ],
      [
       116.3271489,
       39.991467
      ],
      [
       116.3270779,
       39.9914645
      ],
      [
       116.3269889,
       39.991463
      ],
      [
       116.3268329,
       39.9914618
      ]
     ],
     [
      [
       116.3295771,
       39.9915305
      ],
      [
       116.328791,
       39.9915178
      ],
      [
       116.3284133,
       39.9915117
      ]
     ],
     [
      [
       116.325,
       39.95599444618991
      ],
      [
       116.3262747,
       39.956075
      ],
      [
       116.3267098,
       39.9561025
      ],
      [
       116.3272361,
       39.9561357
      ],
      [
       116.3287139,
       39.9562291
      ],
      [
       116.3287633,
       39.9562314
      ],
      [
       116.3290145,
       39.9562432
      ]
     ],
     [
      [
       116.325,
       39.99130588235367
      ],
      [
       116.326427,
       39.9913538
      ],
      [
       116.3264758,
       39.9913555
      ],
      [
       116.326528,
       39.9913566
      ],
      [
       116.3266741,
       39.9913609
      ]
     ],
     [
      [
       116.3266811,
       39.9912788
      ],
      [
       116.3266816,
       39.9912095
      ],
      [
       116.3267945,
       39.9895688
      ],
      [
       116.3268245,
       39.9890018
      ],
      [
       116.3268651,
       39.9881798
      ],
      [
       116.3268678,
       39.9881257
      ],
      [
       116.3269406,
       39.9868621
      ]
     ],
     [
      [
       116.3271562,
       39.9349111
      ],
      [
       116.3271312,
       39.935087
      ],
      [
       116.3270755,
       39.9356022
      ],
      [
       116.3270688,
       39.9356831
      ],
      [
       116.3270189,
       39.9362421
      ],
      [
       116.3270093,
       39.9364269
      ],
      [
       116.3270161,
       39.9365215
      ],
      [
       116.3270563,
       39.9365904
      ],
      [
       116.3271126,
       39.9366346
      ],
      [
       116.3271917,
       39.9366665
      ],
      [
       116.3272571,
       39.9366842
      ]
     ],
     [
      [
       116.3276768667235,
       39.93
      ],
      [
       116.3276561,
       39.9301984
      ],
      [
       116.3276486,
       39.9302703
      ],
      [
       116.3275959,
       39.9308503
      ],
      [
       116.3275884,
       39.9308931
      ],
      [
       116.3275808,
       39.9309361
      ]
     ],
     [
      [
       116.36174109670591,
       39.93
      ],
      [
       116.3618042,
       39.930576
      ],
      [
       116.3618329,
       39.9307603
      ],
      [
       116.3618433,
       39.9307977
      ],
      [
       116.3618975,
       39.9309936
      ],
      [
       116.3619079,
       39.9311512
      ],
      [
       116.3619227,
       39.9312774
      ],
      [
       116.3619496,
       39.9320334
      ],
      [
       116.3620913,
       39.9334276
      ],
      [
       116.3621503,
       39.9340093
      ],
      [
       116.3621659,
       39.9341161
      ],
      [
       116.3622408,
       39.9355361
      ],
      [
       116.3622977,
       39.936245
      ],
      [
       116.3623363,
       39.9368894
      ],
      [
       116.362364,
       39.9376905
      ],
      [
       116.3623515,
       39.9378984
      ],
      [
       116.3623528,
       39.9380376
      ],
      [
       116.3624297,
       39.9386253
      ],
      [
       116.3624306,
       39.9391209
      ],
      [
       116.3624307,
       39.9391903
      ]
     ],
     [
      [
       116.3275629,
       39.9311087
      ],
      [
       116.3275275,
       39.9313373
      ],
      [
       116.3275219,
       39.9313736
      ],
      [
       116.3274679,
       39.9319268
      ],
      [
       116.3273594,
       39.932938
      ],
      [
       116.3273542,
       39.9329864
      ],
      [
       116.3272354,
       39.9341213
      ],
      [
       116.3272124,
       39.934374
      ],
      [
       116.3271665,
       39.9348068
      ],
      [
       116.3271562,
       39.9349111
      ]
     ],
     [
      [
       116.326671,
       39.9914556
      ],
      [
       116.326522,
       39.9914485
      ],
      [
       116.3264723,
       39.9914479
      ],
      [
       116.325,
       39.99139315004864
      ]
     ],
     [
      [
       116.326671,
       39.9914556
      ],
      [
       116.3266741,
       39.9913609
      ]
     ],
     [
      [
       116.3266741,
       39.9913609
      ],
      [
       116.3266811,
       39.9912788
      ]
     ],
     [
      [
       116.3590906,
       40.0000741
      ],
      [
       116.3589913,
       40.0000742
      ],
      [
       116.3589379,
       40.0000708
      ],
      [
       116.3587875,
       40.0000675
      ],
      [
       116.3586987,
       40.0000656
      ],
      [
       116.3585836,
       40.0000631
      ]
     ],
     [
      [
       116.3596444,
       40.0000855
      ],
      [
       116.3590906,
       40.0000741
      ]
     ],
     [
      [
       116.3459714,
       39.9390635
      ],
      [
       116.3457762,
       39.9390303
      ]
     ],
     [
      [
       116.3379912,
       39.931148
      ],
      [
       116.3379893,
       39.9312479
      ],
      [
       116.3379782,
       39.9318049
      ],
      [
       116.3379752,
       39.9319556
      ],
      [
       116.3379575,
       39.9328463
      ]
     ],
     [
      [
       116.3379575,
       39.9328463
      ],
      [
       116.3379402,
       39.9340553
      ],
      [
       116.3378935,
       39.9343915
      ],
      [
       116.3377722,
       39.9347564
      ],
      [
       116.337516,
       39.935167
      ]
     ],
     [
      [
       116.3699318,
       40.0002702
      ],
      [
       116.3700505,
       40.0002735
      ],
      [
       116.3719201,
       40.0003253
      ],
      [
       116.372,
       40.000327471195654
      ]
     ],
     [
      [
       116.3647468,
       39.9566181
      ],
      [
       116.3646257,
       39.9566163
      ],
      [
       116.3627411,
       39.956619
      ],
      [
       116.3626659,
       39.9566191
      ],
      [
       116.3620068,
       39.95662
      ],
      [
       116.3605274,
       39.9566221
      ],
      [
       116.3588233,
       39.9566254
      ],
      [
       116.3553583,
       39.956632
      ],
      [
       116.3553055,
       39.9566321
      ],
      [
       116.3551955,
       39.9566323
      ]
     ],
     [
      [
       116.3484624,
       39.9566814
      ],
      [
       116.3488048,
       39.9566198
      ],
      [
       116.349074,
       39.9565666
      ]
     ],
     [
      [
       116.372,
       39.95672589688597
      ],
      [
       116.3691488,
       39.9566637
      ],
      [
       116.3683999,
       39.9566555
      ],
      [
       116.3650212,
       39.9566195
      ],
      [
       116.3649105,
       39.9566183
      ]
     ],
     [
      [
       116.3649184,
       39.9565208
      ],
      [
       116.3650332,
       39.9565193
      ],
      [
       116.3651467,
       39.9565178
      ],
      [
       116.369151,
       39.9565512
      ],
      [
       116.3696411,
       39.9565502
      ],
      [
       116.3699406,
       39.9565598
      ],
      [
       116.3703672,
       39.9565806
      ],
      [
       116.3715194,
       39.9566042
      ],
      [
       116.3719072,
       39.9566181
      ],
      [
       116.372,
       39.95661771787111
      ]
     ],
     [
      [
       116.3460714,
       39.9386001
      ],
      [
       116.3463726,
       39.93864
      ],
      [
       116.3466689,
       39.9386507
      ],
      [
       116.3469634,
       39.9386614
      ],
      [
       116.3473616,
       39.938675
      ]
     ],
     [
      [
       116.3337735,
       40.0028928
      ],
      [
       116.3337552,
       40.0025982
      ],
      [
       116.3337306,
       40.0022347
      ],
      [
       116.3337324,
       40.0018196
      ],
      [
       116.3337588,
       40.0011556
      ],
      [
       116.3337764,
       40.0007138
      ],
      [
       116.3337914,
       40.0003386
      ],
      [
       116.3338219,
       39.9995723
      ],
      [
       116.3338234,
       39.9995366
      ],
      [
       116.3338269,
       39.9994562
      ]
     ],
     [
      [
       116.3656723,
       40.0001424
      ],
      [
       116.3666241,
       40.0001738
      ],
      [
       116.3667242,
       40.0001771
      ],
      [
       116.3669971,
       40.0001861
      ],
      [
       116.3682523,
       40.000221
      ]
     ],
     [
      [
       116.3634274,
       40.0002122
      ],
      [
       116.3608256,
       40.0001245
      ],
      [
       116.359738,
       40.0000878
      ],
      [
       116.3596444,
       40.0000855
      ]
     ],
     [
      [
       116.3640422,
       40.0002256
      ],
      [
       116.3634274,
       40.0002122
      ]
     ],
     [
      [
       116.3635577,
       40.0000581
      ],
      [
       116.3641472,
       40.0000857
      ]
     ],
     [
      [
       116.3585836,
       40.0000631
      ],
      [
       116.3583447,
       40.000055
      ],
      [
       116.3578496,
       40.0000379
      ],
      [
       116.3562549,
       40.0000013
      ],
      [
       116.3554859,
       39.9999811
      ],
      [
       116.3506409,
       39.99982
      ],
      [
       116.346987,
       39.9997096
      ],
      [
       116.3469223,
       39.9997076
      ],
      [
       116.3468248,
       39.9997012
      ],
      [
       116.3466566,
       39.9996975
      ]
     ],
     [
      [
       116.3589183,
       39.9923744
      ],
      [
       116.3527644,
       39.9921909
      ],
      [
       116.3516371,
       39.9921482
      ],
      [
       116.351551,
       39.9921449
      ],
      [
       116.347356,
       39.9920395
      ],
      [
       116.3472583,
       39.9920375
      ],
      [
       116.3470967,
       39.9920384
      ]
     ],
     [
      [
       116.3644916,
       39.9925521
      ],
      [
       116.3640192,
       39.9925333
      ],
      [
       116.363213,
       39.9925012
      ],
      [
       116.3629768,
       39.9924918
      ]
     ],
     [
      [
       116.3657809,
       39.9924757
      ],
      [
       116.3691675,
       39.9925896
      ],
      [
       116.3701603,
       39.9926097
      ],
      [
       116.3715442,
       39.9926437
      ]
     ],
     [
      [
       116.3715442,
       39.9927518
      ],
      [
       116.3701482,
       39.9927302
      ],
      [
       116.3690768,
       39.9927047
      ],
      [
       116.3657807,
       39.9925932
      ]
     ],
     [
      [
       116.3595793,
       40.0302286
      ],
      [
       116.3602199,
       40.030373
      ],
      [
       116.3609495,
       40.0305964
      ],
      [
       116.3612953,
       40.0308204
      ],
      [
       116.3615295,
       40.0310501
      ],
      [
       116.3617477,
       40.0313391
      ],
      [
       116.3622369,
       40.0319305
      ],
      [
       116.3623448,
       40.0320109
      ],
      [
       116.3623803,
       40.0320373
      ],
      [
       116.3625123,
       40.0321091
      ],
      [
       116.3627224,
       40.032196
      ],
      [
       116.3629972,
       40.0322861
      ],
      [
       116.3632731,
       40.03235
      ],
      [
       116.3637989,
       40.0324351
      ],
      [
       116.3640608,
       40.032487
      ],
      [
       116.3642734,
       40.0325382
      ],
      [
       116.365347,
       40.0328256
      ],
      [
       116.3653953,
       40.0328385
      ],
      [
       116.3654518,
       40.0328536
      ],
      [
       116.3655228,
       40.0328726
      ],
      [
       116.365686,
       40.0329163
      ]
     ],
     [
      [
       116.343041,
       40.0280296
      ],
      [
       116.3439246,
       40.028304
      ],
      [
       116.3444456,
       40.0284963
      ]
     ],
     [
      [
       116.3311262,
       40.0295853
      ],
      [
       116.3311772,
       40.0322293
      ],
      [
       116.3311920466135,
       40.033
      ]
     ],
     [
      [
       116.33106383750493,
       40.033
      ],
      [
       116.3310339,
       40.0317745
      ],
      [
       116.3309514,
       40.029754
      ],
      [
       116.330947,
       40.0296484
      ]
     ],
     [
      [
       116.3536158,
       40.0135345
      ],
      [
       116.3532287,
       40.0135385
      ],
      [
       116.3528049,
       40.0135881
      ],
      [
       116.3512844,
       40.0138138
      ],
      [
       116.3510699,
       40.0138457
      ],
      [
       116.3510353,
       40.0138508
      ],
      [
       116.3501236,
       40.0139843
      ]
     ],
     [
      [
       116.372,
       40.00042926353791
      ],
      [
       116.3718685,
       40.0004267
      ],
      [
       116.3710593,
       40.0004112
      ]
     ],
     [
      [
       116.3689497,
       40.0003604
      ],
      [
       116.368656,
       40.0003276
      ],
      [
       116.3675128,
       40.0003007
      ],
      [
       116.3673908,
       40.0002962
      ],
      [
       116.3671161,
       40.000286
      ],
      [
       116.3668818,
       40.0002816
      ],
      [
       116.3651974,
       40.0002502
      ]
     ],
     [
      [
       116.3517703,
       40.0291278
      ],
      [
       116.3517623,
       40.0293885
      ],
      [
       116.3504653,
       40.031963
      ],
      [
       116.34994280756409,
       40.033
      ]
     ],
     [
      [
       116.3467305,
       39.9920295
      ],
      [
       116.3439971,
       39.9919213
      ],
      [
       116.3422001,
       39.99188
      ],
      [
       116.3421303,
       39.9918774
      ],
      [
       116.3419881,
       39.9918754
      ],
      [
       116.3385785,
       39.9917903
      ],
      [
       116.3383597,
       39.991786
      ],
      [
       116.3373137,
       39.9917491
      ],
      [
       116.3371872,
       39.9917446
      ],
      [
       116.3348373,
       39.9916744
      ],
      [
       116.3344023,
       39.9916617
      ],
      [
       116.3342574,
       39.9916574
      ]
     ],
     [
      [
       116.3342723,
       39.9915742
      ],
      [
       116.3370737,
       39.9916532
      ],
      [
       116.3371935,
       39.9916566
      ],
      [
       116.3391252,
       39.9917162
      ],
      [
       116.3393298,
       39.9917228
      ],
      [
       116.3420213,
       39.9918091
      ],
      [
       116.3421313,
       39.9918127
      ],
      [
       116.3442493,
       39.9918693
      ],
      [
       116.3463846,
       39.9919264
      ],
      [
       116.3465402,
       39.991932
      ],
      [
       116.3467379,
       39.9919373
      ]
     ],
     [
      [
       116.362839,
       39.9923823
      ],
      [
       116.3629847,
       39.9923863
      ],
      [
       116.3657809,
       39.9924757
      ]
     ],
     [
      [
       116.3467379,
       39.9919373
      ],
      [
       116.3469037,
       39.9919405
      ]
     ],
     [
      [
       116.3551539,
       39.9565525
      ],
      [
       116.3553083,
       39.9565519
      ],
      [
       116.3588231,
       39.9565386
      ],
      [
       116.3593836,
       39.9565365
      ],
      [
       116.3594406,
       39.9565363
      ],
      [
       116.3595253,
       39.956536
      ],
      [
       116.3618137,
       39.9565275
      ],
      [
       116.3626662,
       39.9565244
      ],
      [
       116.362746,
       39.9565241
      ],
      [
       116.3646407,
       39.956517
      ],
      [
       116.3647561,
       39.9565184
      ]
     ],
     [
      [
       116.3276671,
       39.9752795
      ],
      [
       116.3276564,
       39.9753641
      ],
      [
       116.3276537,
       39.9754102
      ],
      [
       116.327633,
       39.9754614
      ],
      [
       116.3276021,
       39.9760903
      ],
      [
       116.3275471,
       39.9764192
      ],
      [
       116.3275288,
       39.9767663
      ],
      [
       116.3275249,
       39.9768382
      ],
      [
       116.327481,
       39.977668
      ],
      [
       116.3274749,
       39.9777826
      ],
      [
       116.3273768,
       39.9796358
      ],
      [
       116.3273713,
       39.979782
      ],
      [
       116.3273652,
       39.9798958
      ],
      [
       116.3273647,
       39.9799565
      ],
      [
       116.3272923,
       39.9814113
      ],
      [
       116.3272723,
       39.9818137
      ],
      [
       116.3271971,
       39.983323
      ],
      [
       116.3272051,
       39.983659
      ],
      [
       116.3271802,
       39.9843548
      ],
      [
       116.3271843,
       39.9844738
      ]
     ],
     [
      [
       116.3269379,
       39.991366
      ],
      [
       116.3270837,
       39.9913697
      ],
      [
       116.3282387,
       39.9914038
      ]
     ],
     [
      [
       116.3269114,
       39.990254
      ],
      [
       116.3268624,
       39.9911648
      ],
      [
       116.3268597,
       39.9912143
      ],
      [
       116.3268542,
       39.9912824
      ]
     ],
     [
      [
       116.3268512,
       39.9913648
      ],
      [
       116.3268329,
       39.9914618
      ]
     ],
     [
      [
       116.3268542,
       39.9912824
      ],
      [
       116.3268512,
       39.9913648
      ]
     ],
     [
      [
       116.3268512,
       39.9913648
      ],
      [
       116.3269379,
       39.991366
      ]
     ],
     [
      [
       116.3589816,
       39.9999456
      ],
      [
       116.3590936,
       39.9999491
      ],
      [
       116.359206,
       39.9999507
      ]
     ],
     [
      [
       116.3589222,
       39.9922776
      ],
      [
       116.3598601,
       39.9923027
      ],
      [
       116.3626043,
       39.992376
      ],
      [
       116.362839,
       39.9923823
      ]
     ],
     [
      [
       116.3319127,
       39.9916014
      ],
      [
       116.3318269,
       39.9915993
      ],
      [
       116.3314939,
       39.991592
      ],
      [
       116.3310439,
       39.9915821
      ],
      [
       116.3309458,
       39.9915799
      ],
      [
       116.3308435,
       39.9915777
      ]
     ],
     [
      [
       116.3280933,
       39.9664184
      ],
      [
       116.3279506,
       39.9693591
      ],
      [
       116.3278669,
       39.9709854
      ],
      [
       116.3277875,
       39.9727212
      ],
      [
       116.3277862,
       39.9727482
      ]
     ],
     [
      [
       116.3279588,
       39.9664141
      ],
      [
       116.3279969,
       39.9662081
      ],
      [
       116.3280315,
       39.9659957
      ]
     ],
     [
      [
       116.3325623,
       39.9477716
      ],
      [
       116.3318713,
       39.9481874
      ],
      [
       116.3315698,
       39.9484456
      ],
      [
       116.3313734,
       39.9487158
      ]
     ],
     [
      [
       116.3325,
       39.9477058
      ],
      [
       116.3351504,
       39.9462347
      ],
      [
       116.3353926,
       39.9460924
      ],
      [
       116.3356305,
       39.9459285
      ],
      [
       116.3358728,
       39.945731
      ],
      [
       116.33589564517412,
       39.945707054754386
      ]
     ],
     [
      [
       116.33589564517412,
       39.945707054754386
      ],
      [
       116.3360867,
       39.9455068
      ],
      [
       116.3362744,
       39.9452023
      ],
      [
       116.3364009,
       39.9448827
      ],
      [
       116.3364757,
       39.9446028
      ],
      [
       116.3365028,
       39.9443177
      ],
      [
       116.3365115,
       39.9425474
      ],
      [
       116.3364607,
       39.9419863
      ],
      [
       116.3364113,
       39.9416195
      ],
      [
       116.3359244,
       39.938185
      ],
      [
       116.3359025,
       39.9378754
      ],
      [
       116.3359156,
       39.9376445
      ],
      [
       116.3359331,
       39.9374069
      ],
      [
       116.336016,
       39.9371743
      ],
      [
       116.336123,
       39.9369032
      ],
      [
       116.3363216,
       39.9365986
      ],
      [
       116.336542,
       39.9363125
      ],
      [
       116.3374247,
       39.9351254
      ]
     ],
     [
      [
       116.3290145,
       39.9562432
      ],
      [
       116.3290244,
       39.9561636
      ],
      [
       116.3290296,
       39.9561216
      ],
      [
       116.3292488,
       39.9543584
      ],
      [
       116.3295441,
       39.9524846
      ],
      [
       116.3296249,
       39.9514574
      ],
      [
       116.3297529,
       39.9509425
      ]
     ],
     [
      [
       116.3299788,
       39.9509692
      ],
      [
       116.3298514,
       39.9514691
      ],
      [
       116.3296882,
       39.9530235
      ],
      [
       116.3296783,
       39.9531323
      ],
      [
       116.3295327,
       39.9540402
      ],
      [
       116.3292163,
       39.9561288
      ],
      [
       116.3292085,
       39.9561798
      ],
      [
       116.3291974,
       39.9562519
      ]
     ],
     [
      [
       116.3291856,
       39.9563284
      ],
      [
       116.3291769,
       39.9564073
      ],
      [
       116.3291713,
       39.9564584
      ],
      [
       116.3289573,
       39.9584022
      ],
      [
       116.3289135,
       39.9588008
      ],
      [
       116.3287214,
       39.9605466
      ]
     ],
     [
      [
       116.3255601,
       40.0116578
      ],
      [
       116.3256092,
       40.0115008
      ],
      [
       116.3262306,
       40.0109712
      ],
      [
       116.3283823,
       40.0090309
      ],
      [
       116.328434,
       40.0089873
      ],
      [
       116.3287517,
       40.0087023
      ],
      [
       116.3290221,
       40.0084597
      ],
      [
       116.3291338,
       40.0083601
      ],
      [
       116.3293165,
       40.0081971
      ],
      [
       116.3293226,
       40.0081917
      ],
      [
       116.3294522,
       40.008076
      ],
      [
       116.329539,
       40.0079686
      ],
      [
       116.3298215,
       40.0076191
      ],
      [
       116.3301253,
       40.0071847
      ],
      [
       116.3303386,
       40.0067755
      ],
      [
       116.3305437,
       40.0062177
      ],
      [
       116.330602,
       40.0059658
      ],
      [
       116.3306509,
       40.0057464
      ],
      [
       116.3307194,
       40.0055308
      ],
      [
       116.330721,
       40.0054831
      ],
      [
       116.3308231,
       40.0024595
      ],
      [
       116.3308236,
       40.0024461
      ],
      [
       116.3308263,
       40.0023647
      ],
      [
       116.3308298,
       40.0022695
      ],
      [
       116.3308829,
       40.0006903
      ],
      [
       116.3308849,
       40.0006297
      ],
      [
       116.3309296,
       39.9993049
      ],
      [
       116.3309465,
       39.9991713
      ]
     ],
     [
      [
       116.3255601,
       40.0116578
      ],
      [
       116.325,
       40.01214785841296
      ]
     ],
     [
      [
       116.3457659,
       39.956723
      ],
      [
       116.3453351,
       39.9567346
      ],
      [
       116.3435923,
       39.9567816
      ],
      [
       116.3434893,
       39.956782
      ],
      [
       116.3428931,
       39.9567914
      ],
      [
       116.3421982,
       39.9568115
      ],
      [
       116.3421332,
       39.956813
      ],
      [
       116.3418143,
       39.9568157
      ],
      [
       116.3417468,
       39.956819
      ],
      [
       116.3417003,
       39.9568212
      ],
      [
       116.3413846,
       39.9568366
      ],
      [
       116.3408147,
       39.9568644
      ],
      [
       116.3406095,
       39.9568736
      ],
      [
       116.3402206,
       39.956886
      ],
      [
       116.3401481,
       39.9568936
      ],
      [
       116.3400019,
       39.9568857
      ]
     ],
     [
      [
       116.3457678,
       39.956649
      ],
      [
       116.3459659,
       39.9566552
      ],
      [
       116.3466139,
       39.9566919
      ],
      [
       116.3469536,
       39.9567085
      ],
      [
       116.3474878,
       39.9567194
      ],
      [
       116.3483017,
       39.9566877
      ],
      [
       116.3484624,
       39.9566814
      ]
     ],
     [
      [
       116.3490707,
       39.9566624
      ],
      [
       116.3486764,
       39.9567267
      ],
      [
       116.3483872,
       39.9567884
      ]
     ],
     [
      [
       116.3515637,
       39.9390945
      ],
      [
       116.352216,
       39.9391053
      ],
      [
       116.352462,
       39.9391661
      ]
     ],
     [
      [
       116.3269406,
       39.9868621
      ],
      [
       116.326948,
       39.986733
      ],
      [
       116.3269521,
       39.9866626
      ],
      [
       116.3270047,
       39.9856341
      ],
      [
       116.3270324,
       39.9850956
      ],
      [
       116.3270346,
       39.9850531
      ],
      [
       116.3270388,
       39.984972
      ]
     ],
     [
      [
       116.3268329,
       39.9914618
      ],
      [
       116.326827,
       39.9915462
      ],
      [
       116.3268107,
       39.9916129
      ],
      [
       116.3268028,
       39.991683
      ],
      [
       116.3267433,
       39.9926037
      ]
     ],
     [
      [
       116.3268329,
       39.9914618
      ],
      [
       116.326671,
       39.9914556
      ]
     ],
     [
      [
       116.3349738,
       39.9465118
      ],
      [
       116.333905,
       39.9471365
      ],
      [
       116.3330186,
       39.9476372
      ],
      [
       116.3322955,
       39.9480485
      ],
      [
       116.3319334,
       39.9482485
      ],
      [
       116.3313734,
       39.9487158
      ]
     ],
     [
      [
       116.3345943,
       39.9463794
      ],
      [
       116.335307,
       39.9460138
      ]
     ],
     [
      [
       116.3372651,
       39.9450985
      ],
      [
       116.3376799,
       39.9449249
      ],
      [
       116.3382553,
       39.9446914
      ]
     ],
     [
      [
       116.3382553,
       39.9446914
      ],
      [
       116.3413282,
       39.9436776
      ],
      [
       116.3428961,
       39.9431841
      ],
      [
       116.3431271,
       39.943059
      ]
     ],
     [
      [
       116.3356954,
       39.9458014
      ],
      [
       116.33589564517412,
       39.945707054754386
      ]
     ],
     [
      [
       116.33589564517412,
       39.945707054754386
      ],
      [
       116.33607232938556,
       39.94562381022478
      ]
     ],
     [
      [
       116.33607232938556,
       39.94562381022478
      ],
      [
       116.3362517,
       39.9455393
      ],
      [
       116.3366604,
       39.945382
      ],
      [
       116.3369982,
       39.9452212
      ],
      [
       116.3372651,
       39.9450985
      ]
     ],
     [
      [
       116.3439172,
       39.9428198
      ],
      [
       116.3441443,
       39.942723
      ],
      [
       116.3443783,
       39.942623
      ],
      [
       116.3444668,
       39.9425851
      ]
     ],
     [
      [
       116.3458561,
       39.9385718
      ],
      [
       116.3460714,
       39.9386001
      ]
     ],
     [
      [
       116.343849,
       39.9429953
      ],
      [
       116.3431092,
       39.9432388
      ],
      [
       116.3421094,
       39.9435075
      ],
      [
       116.3413692,
       39.9437489
      ],
      [
       116.3383562,
       39.9447312
      ],
      [
       116.3377207,
       39.944989
      ],
      [
       116.3373209,
       39.9451741
      ]
     ],
     [
      [
       116.3290034,
       39.956317
      ],
      [
       116.3287538,
       39.9563015
      ],
      [
       116.3286978,
       39.956298
      ],
      [
       116.3274058,
       39.956215
      ],
      [
       116.326703,
       39.9561698
      ],
      [
       116.326271,
       39.9561421
      ],
      [
       116.325,
       39.95606043982311
      ]
     ],
     [
      [
       116.3313734,
       39.9487158
      ],
      [
       116.3311178,
       39.9489976
      ],
      [
       116.3308191,
       39.9493369
      ],
      [
       116.330632,
       39.9495865
      ],
      [
       116.3305222,
       39.9497889
      ],
      [
       116.3304587,
       39.9499117
      ],
      [
       116.3304069,
       39.9500119
      ],
      [
       116.3303419,
       39.9501327
      ],
      [
       116.3302545,
       39.9502953
      ],
      [
       116.3302421,
       39.9503305
      ],
      [
       116.3301158,
       39.9506884
      ],
      [
       116.3299788,
       39.9509692
      ]
     ],
     [
      [
       116.3624307,
       39.9391903
      ],
      [
       116.3626009,
       39.9391934
      ],
      [
       116.3638777,
       39.9392163
      ],
      [
       116.3640216,
       39.9392189
      ],
      [
       116.364353,
       39.9392222
      ],
      [
       116.3647108,
       39.9392258
      ],
      [
       116.3665135,
       39.9392437
      ]
     ],
     [
      [
       116.357889,
       39.9391423
      ],
      [
       116.3580765,
       39.939144
      ],
      [
       116.3586511,
       39.9391492
      ],
      [
       116.3602402,
       39.9391678
      ],
      [
       116.3607888,
       39.9391748
      ],
      [
       116.3612851,
       39.9391799
      ],
      [
       116.3615495,
       39.9391837
      ],
      [
       116.3620788,
       39.9391873
      ],
      [
       116.3622979,
       39.9391894
      ]
     ],
     [
      [
       116.3458273,
       40.0139074
      ],
      [
       116.3459762,
       40.0139026
      ],
      [
       116.3463532,
       40.013913
      ],
      [
       116.3471273,
       40.0139345
      ],
      [
       116.3484579,
       40.0139487
      ],
      [
       116.348541,
       40.0139493
      ]
     ],
     [
      [
       116.3458356,
       40.0139976
      ],
      [
       116.3456828,
       40.0139934
      ],
      [
       116.3448856,
       40.0139716
      ],
      [
       116.3443792,
       40.013935
      ],
      [
       116.3435356,
       40.0139032
      ],
      [
       116.3421317,
       40.0138992
      ],
      [
       116.342107,
       40.0138986
      ],
      [
       116.3419521,
       40.0138949
      ],
      [
       116.3406891,
       40.013863
      ],
      [
       116.3395808,
       40.0138322
      ],
      [
       116.3394975,
       40.01383
      ],
      [
       116.3393065,
       40.0138249
      ]
     ],
     [
      [
       116.3308903,
       40.0259191
      ],
      [
       116.3309285,
       40.0265259
      ],
      [
       116.330934,
       40.0266127
      ],
      [
       116.3309486,
       40.0268459
      ],
      [
       116.3309681,
       40.0273349
      ],
      [
       116.3309904,
       40.028437
      ]
     ],
     [
      [
       116.3307686,
       40.0259157
      ],
      [
       116.3307633,
       40.0254485
      ],
      [
       116.3307374,
       40.0241774
      ],
      [
       116.3307744,
       40.0226803
      ],
      [
       116.3308165,
       40.0215651
      ],
      [
       116.3309007,
       40.0198343
      ]
     ],
     [
      [
       116.3464212,
       39.9996928
      ],
      [
       116.3462768,
       39.9996885
      ],
      [
       116.3461651,
       39.9996874
      ],
      [
       116.3445517,
       39.9996639
      ],
      [
       116.3430072,
       39.9996412
      ]
     ],
     [
      [
       116.3400281,
       39.9567729
      ],
      [
       116.3401906,
       39.9567698
      ],
      [
       116.3414816,
       39.9567452
      ],
      [
       116.341729,
       39.9567429
      ],
      [
       116.3417877,
       39.9567424
      ],
      [
       116.3418538,
       39.9567418
      ],
      [
       116.3421973,
       39.9567328
      ],
      [
       116.3430114,
       39.9567148
      ],
      [
       116.3434883,
       39.9567042
      ],
      [
       116.3438691,
       39.9566958
      ],
      [
       116.3446375,
       39.9566788
      ],
      [
       116.345331,
       39.9566605
      ],
      [
       116.3457678,
       39.956649
      ]
     ],
     [
      [
       116.3341584,
       39.9916531
      ],
      [
       116.3325185,
       39.9916197
      ],
      [
       116.3319127,
       39.9916014
      ]
     ],
     [
      [
       116.3310452,
       39.9991033
      ],
      [
       116.3310407,
       39.9992355
      ]
     ],
     [
      [
       116.3310407,
       39.9992355
      ],
      [
       116.3310386,
       39.9993062
      ],
      [
       116.3309464,
       40.001695
      ],
      [
       116.3309285,
       40.0022509
      ],
      [
       116.3309296,
       40.0022702
      ],
      [
       116.3309305,
       40.0023664
      ],
      [
       116.3309284,
       40.002441
      ],
      [
       116.3308075,
       40.0054852
      ],
      [
       116.3307733,
       40.005533
      ],
      [
       116.330742,
       40.0058902
      ],
      [
       116.3306583,
       40.0063234
      ],
      [
       116.3305023,
       40.0067304
      ],
      [
       116.3304519,
       40.006839
      ],
      [
       116.3302341,
       40.0072641
      ],
      [
       116.3299038,
       40.0076799
      ],
      [
       116.3296668,
       40.0079694
      ],
      [
       116.3296331,
       40.0080268
      ],
      [
       116.3295601,
       40.0081394
      ],
      [
       116.3294263,
       40.0082556
      ],
      [
       116.3290911,
       40.0085468
      ],
      [
       116.3288524,
       40.0087572
      ],
      [
       116.3287407,
       40.0088403
      ],
      [
       116.3284841,
       40.0090399
      ],
      [
       116.327244,
       40.0101116
      ],
      [
       116.3262714,
       40.011006
      ],
      [
       116.3255601,
       40.0116578
      ]
     ],
     [
      [
       116.3337961,
       39.9993739
      ],
      [
       116.3336898,
       39.9993706
      ],
      [
       116.3336563,
       39.9993697
      ],
      [
       116.3320453,
       39.9993141
      ],
      [
       116.3319481,
       39.999286
      ],
      [
       116.3318297,
       39.9992594
      ],
      [
       116.331699,
       39.9992453
      ],
      [
       116.3314594,
       39.9992383
      ],
      [
       116.3312055,
       39.9992366
      ],
      [
       116.3311377,
       39.9992379
      ],
      [
       116.3310407,
       39.9992355
      ]
     ],
     [
      [
       116.3310407,
       39.9992355
      ],
      [
       116.3309465,
       39.9991713
      ]
     ],
     [
      [
       116.342785,
       39.9996345
      ],
      [
       116.3426882,
       39.9996323
      ],
      [
       116.34259,
       39.9996302
      ],
      [
       116.3414306,
       39.9996044
      ],
      [
       116.3408595,
       39.9995936
      ],
      [
       116.3392832,
       39.9995345
      ],
      [
       116.3375316,
       39.9994729
      ],
      [
       116.3370922,
       39.9994574
      ],
      [
       116.3345914,
       39.9993945
      ],
      [
       116.3340962,
       39.999382
      ],
      [
       116.3340615,
       39.9993812
      ],
      [
       116.3339498,
       39.9993785
      ]
     ],
     [
      [
       116.3339498,
       39.9993785
      ],
      [
       116.3337961,
       39.9993739
      ]
     ],
     [
      [
       116.3275181,
       39.9750269
      ],
      [
       116.32752,
       39.9749933
      ],
      [
       116.3275679,
       39.9741403
      ],
      [
       116.3276616,
       39.972473
      ],
      [
       116.3276937,
       39.9718482
      ],
      [
       116.3276967,
       39.9717908
      ],
      [
       116.3277522,
       39.9708006
      ],
      [
       116.3277839,
       39.97023
      ],
      [
       116.3279531,
       39.9665383
      ],
      [
       116.3279588,
       39.9664141
      ]
     ],
     [
      [
       116.3628331,
       39.9924886
      ],
      [
       116.3619553,
       39.9924726
      ],
      [
       116.3613822,
       39.9924446
      ],
      [
       116.3591451,
       39.9923809
      ],
      [
       116.3589183,
       39.9923744
      ]
     ],
     [
      [
       116.3359951,
       39.9460122
      ],
      [
       116.3359364,
       39.9460829
      ],
      [
       116.3358751,
       39.9461955
      ],
      [
       116.3357792,
       39.9464501
      ],
      [
       116.3357318,
       39.9465758
      ],
      [
       116.3357085,
       39.9466783
      ]
     ],
     [
      [
       116.3310278,
       40.0198247
      ],
      [
       116.3308963,
       40.0225867
      ],
      [
       116.330884,
       40.023669
      ],
      [
       116.3308903,
       40.0259191
      ]
     ],
     [
      [
       116.3478935,
       39.9393127
      ],
      [
       116.3477545,
       39.9392764
      ],
      [
       116.3475854,
       39.939243
      ]
     ],
     [
      [
       116.3308746,
       40.0288929
      ],
      [
       116.3308489,
       40.0282111
      ],
      [
       116.3308522,
       40.0280694
      ],
      [
       116.3308284,
       40.0273639
      ],
      [
       116.3308059,
       40.026697
      ],
      [
       116.3308029,
       40.0266098
      ],
      [
       116.3307887,
       40.0262682
      ],
      [
       116.3307686,
       40.0259157
      ]
     ],
     [
      [
       116.3309007,
       40.0198343
      ],
      [
       116.3309248,
       40.0194767
      ],
      [
       116.3309347,
       40.0193305
      ],
      [
       116.3309922,
       40.0184781
      ],
      [
       116.3310087,
       40.0178342
      ],
      [
       116.3310204,
       40.0173772
      ],
      [
       116.3310314,
       40.0169464
      ],
      [
       116.3310386,
       40.0164871
      ],
      [
       116.3310435,
       40.0161781
      ],
      [
       116.3310448,
       40.0160921
      ],
      [
       116.3310507,
       40.0157131
      ],
      [
       116.331051,
       40.0156924
      ],
      [
       116.3310535,
       40.015532
      ],
      [
       116.3310547,
       40.0154553
      ],
      [
       116.3310575,
       40.0152779
      ],
      [
       116.3310532,
       40.013933
      ],
      [
       116.3310614,
       40.0137146
      ],
      [
       116.3310619,
       40.0137006
      ],
      [
       116.3310654,
       40.0136029
      ]
     ],
     [
      [
       116.3310654,
       40.0136029
      ],
      [
       116.3310717,
       40.0135132
      ]
     ],
     [
      [
       116.342087,
       40.0214575
      ],
      [
       116.3419718,
       40.0211615
      ],
      [
       116.3418149,
       40.0206901
      ],
      [
       116.3417419,
       40.0204707
      ],
      [
       116.3417169,
       40.0204026
      ],
      [
       116.3416371,
       40.0201854
      ]
     ],
     [
      [
       116.3353611,
       40.0062984
      ],
      [
       116.3353116,
       40.0061965
      ],
      [
       116.3350164,
       40.0055891
      ],
      [
       116.334882,
       40.0053125
      ],
      [
       116.334812,
       40.0051686
      ],
      [
       116.3347454,
       40.0050438
      ],
      [
       116.3345034,
       40.0045903
      ],
      [
       116.3342758,
       40.0041288
      ],
      [
       116.3342637,
       40.004102
      ],
      [
       116.3340961,
       40.0037308
      ],
      [
       116.333954,
       40.0033617
      ],
      [
       116.3339395,
       40.0033241
      ],
      [
       116.3339086,
       40.0032439
      ],
      [
       116.3338762,
       40.0031596
      ],
      [
       116.3337735,
       40.0028928
      ]
     ],
     [
      [
       116.3510133,
       39.9392264
      ],
      [
       116.3504321,
       39.9392078
      ],
      [
       116.3497701,
       39.9391938
      ]
     ],
     [
      [
       116.3622979,
       39.9391894
      ],
      [
       116.3624307,
       39.9391903
      ]
     ],
     [
      [
       116.3312441,
       40.0136025
      ],
      [
       116.3310654,
       40.0136029
      ]
     ],
     [
      [
       116.3310654,
       40.0136029
      ],
      [
       116.3309661,
       40.0136076
      ],
      [
       116.330107,
       40.0135889
      ],
      [
       116.3290075,
       40.0135541
      ],
      [
       116.3288044,
       40.0135427
      ],
      [
       116.32871,
       40.0135426
      ],
      [
       116.3283716,
       40.0135156
      ],
      [
       116.3280721,
       40.0134668
      ],
      [
       116.327773,
       40.0134144
      ],
      [
       116.327338,
       40.0132977
      ],
      [
       116.3265429,
       40.0130305
      ],
      [
       116.3264013,
       40.0129864
      ],
      [
       116.3263018,
       40.0129919
      ],
      [
       116.3262005,
       40.0130099
      ],
      [
       116.3261028,
       40.0130432
      ],
      [
       116.3259843,
       40.0130969
      ]
     ],
     [
      [
       116.3310717,
       40.0135132
      ],
      [
       116.3311643,
       40.0135121
      ],
      [
       116.3312477,
       40.0135138
      ]
     ],
     [
      [
       116.3312477,
       40.0135138
      ],
      [
       116.3313291,
       40.0135142
      ],
      [
       116.3330541,
       40.0135832
      ],
      [
       116.3333564,
       40.0136107
      ],
      [
       116.3343136,
       40.0136258
      ],
      [
       116.3343767,
       40.0136284
      ],
      [
       116.3346168,
       40.0136339
      ],
      [
       116.3359211,
       40.0136607
      ],
      [
       116.3365867,
       40.0136815
      ],
      [
       116.3367255,
       40.0136807
      ],
      [
       116.3367827,
       40.0136799
      ],
      [
       116.3374823,
       40.0136967
      ],
      [
       116.3387877,
       40.0137226
      ],
      [
       116.3389331,
       40.0137238
      ],
      [
       116.3389724,
       40.0137241
      ],
      [
       116.339083,
       40.0137265
      ]
     ],
     [
      [
       116.339083,
       40.0137265
      ],
      [
       116.3390199,
       40.013602
      ],
      [
       116.338703,
       40.0129769
      ]
     ],
     [
      [
       116.338703,
       40.0129769
      ],
      [
       116.3378156,
       40.0111057
      ]
     ],
     [
      [
       116.3337709,
       39.9992491
      ],
      [
       116.3337732,
       39.9991508
      ],
      [
       116.3337696,
       39.999113
      ],
      [
       116.3337654,
       39.9990467
      ],
      [
       116.3337748,
       39.9987032
      ]
     ],
     [
      [
       116.3338269,
       39.9994562
      ],
      [
       116.3337961,
       39.9993739
      ]
     ],
     [
      [
       116.3312477,
       40.0135138
      ],
      [
       116.3312441,
       40.0136025
      ]
     ],
     [
      [
       116.339083,
       40.0137265
      ],
      [
       116.3392458,
       40.0137315
      ]
     ],
     [
      [
       116.3392458,
       40.0137315
      ],
      [
       116.339443,
       40.0137352
      ],
      [
       116.3395373,
       40.013737
      ],
      [
       116.3400609,
       40.0137505
      ],
      [
       116.3405114,
       40.0137731
      ],
      [
       116.3418892,
       40.0137977
      ],
      [
       116.3420051,
       40.0138007
      ],
      [
       116.3421099,
       40.0138028
      ],
      [
       116.3434338,
       40.0138296
      ],
      [
       116.3439354,
       40.0138444
      ],
      [
       116.3456078,
       40.0138936
      ],
      [
       116.3456854,
       40.0138985
      ],
      [
       116.3458273,
       40.0139074
      ]
     ],
     [
      [
       116.3391449,
       40.0138214
      ],
      [
       116.339083,
       40.0137265
      ]
     ],
     [
      [
       116.3416371,
       40.0201854
      ],
      [
       116.3416113,
       40.0201074
      ],
      [
       116.3415538,
       40.0199331
      ],
      [
       116.3413962,
       40.0194556
      ],
      [
       116.341285,
       40.0191324
      ],
      [
       116.3411302,
       40.0186823
      ],
      [
       116.3409524,
       40.0181602
      ],
      [
       116.3408674,
       40.0179913
      ],
      [
       116.3404785,
       40.0167665
      ],
      [
       116.3404591,
       40.0167166
      ],
      [
       116.3404252,
       40.0166293
      ],
      [
       116.3403622,
       40.0164864
      ],
      [
       116.3402452,
       40.0161302
      ],
      [
       116.3401559,
       40.0158458
      ],
      [
       116.340117,
       40.0157397
      ],
      [
       116.3400396,
       40.015529
      ],
      [
       116.339904,
       40.0152452
      ],
      [
       116.3398374,
       40.0151155
      ],
      [
       116.3395842,
       40.0146239
      ],
      [
       116.3392414,
       40.0139882
      ],
      [
       116.3392179,
       40.0139477
      ],
      [
       116.3391449,
       40.0138214
      ]
     ],
     [
      [
       116.3464221,
       39.9995711
      ],
      [
       116.3466551,
       39.9995895
      ]
     ],
     [
      [
       116.3346144,
       39.9853742
      ],
      [
       116.3346134,
       39.985395
      ],
      [
       116.3346095,
       39.9854432
      ]
     ],
     [
      [
       116.3309465,
       39.9991713
      ],
      [
       116.3310452,
       39.9991033
      ]
     ],
     [
      [
       116.3311311,
       39.9975242
      ],
      [
       116.3311213,
       39.997658
      ],
      [
       116.3311044,
       39.9978885
      ],
      [
       116.3311042,
       39.9979459
      ],
      [
       116.3310516,
       39.9989766
      ],
      [
       116.3310452,
       39.9991033
      ]
     ],
     [
      [
       116.3310452,
       39.9991033
      ],
      [
       116.331173,
       39.9991046
      ],
      [
       116.331225,
       39.9991059
      ],
      [
       116.3314539,
       39.9991092
      ],
      [
       116.3315586,
       39.9991116
      ],
      [
       116.331793,
       39.999124
      ],
      [
       116.3318798,
       39.9991318
      ],
      [
       116.3319389,
       39.9991371
      ],
      [
       116.3320847,
       39.9991585
      ],
      [
       116.3322365,
       39.9991899
      ],
      [
       116.3324851,
       39.9992016
      ],
      [
       116.3325131,
       39.9992029
      ],
      [
       116.3336013,
       39.999234
      ],
      [
       116.3336551,
       39.9992388
      ],
      [
       116.3337709,
       39.9992491
      ]
     ],
     [
      [
       116.3337961,
       39.9993739
      ],
      [
       116.3337709,
       39.9992491
      ]
     ],
     [
      [
       116.3378156,
       40.0111057
      ],
      [
       116.3375394,
       40.0105722
      ],
      [
       116.3370659,
       40.0096565
      ],
      [
       116.3370531,
       40.0096346
      ],
      [
       116.3370051,
       40.0095523
      ]
     ],
     [
      [
       116.335307,
       39.9460138
      ],
      [
       116.3355339,
       39.9458967
      ],
      [
       116.3356954,
       39.9458014
      ]
     ],
     [
      [
       116.3404053,
       40.0162969
      ],
      [
       116.3404569,
       40.0164314
      ],
      [
       116.3404692,
       40.0164644
      ],
      [
       116.3405225,
       40.0166081
      ],
      [
       116.3405535,
       40.0167006
      ],
      [
       116.3407144,
       40.017181
      ],
      [
       116.3409676,
       40.0179482
      ],
      [
       116.3414504,
       40.0193439
      ],
      [
       116.3416844,
       40.0200513
      ],
      [
       116.3416995,
       40.0200919
      ],
      [
       116.3417482,
       40.0202231
      ]
     ],
     [
      [
       116.3393065,
       40.0138249
      ],
      [
       116.3393745,
       40.0139576
      ],
      [
       116.3394943,
       40.0141915
      ],
      [
       116.3396999,
       40.0146338
      ],
      [
       116.3399192,
       40.0150812
      ]
     ],
     [
      [
       116.3401043,
       40.0154497
      ],
      [
       116.3402465,
       40.0158158
      ],
      [
       116.3404053,
       40.0162969
      ]
     ],
     [
      [
       116.3399192,
       40.0150812
      ],
      [
       116.3401043,
       40.0154497
      ]
     ],
     [
      [
       116.3371455,
       40.0095736
      ],
      [
       116.3371677,
       40.0096174
      ],
      [
       116.3377437,
       40.0107507
      ],
      [
       116.3377812,
       40.0108244
      ],
      [
       116.3379019,
       40.0110616
      ],
      [
       116.3382757,
       40.0118554
      ],
      [
       116.3387974,
       40.0129635
      ],
      [
       116.3391339,
       40.0135429
      ],
      [
       116.3391731,
       40.0136089
      ],
      [
       116.3392458,
       40.0137315
      ]
     ],
     [
      [
       116.3392458,
       40.0137315
      ],
      [
       116.3393065,
       40.0138249
      ]
     ],
     [
      [
       116.3417482,
       40.0202231
      ],
      [
       116.3418002,
       40.0203926
      ],
      [
       116.3419847,
       40.0209034
      ],
      [
       116.3420768,
       40.021158
      ],
      [
       116.342087,
       40.0214575
      ]
     ],
     [
      [
       116.3355062,
       40.0062966
      ],
      [
       116.3355759,
       40.0064376
      ],
      [
       116.3362844,
       40.0078712
      ],
      [
       116.3363822,
       40.0080766
      ],
      [
       116.3364011,
       40.0081164
      ],
      [
       116.3366422,
       40.0085952
      ],
      [
       116.3369724,
       40.0092371
      ],
      [
       116.3369916,
       40.0092745
      ],
      [
       116.3371455,
       40.0095736
      ]
     ],
     [
      [
       116.3339552,
       39.9994595
      ],
      [
       116.3339515,
       39.9995347
      ],
      [
       116.3338709,
       40.0011745
      ],
      [
       116.3338273,
       40.0020624
      ],
      [
       116.3338568,
       40.0024907
      ],
      [
       116.3339366,
       40.0030285
      ],
      [
       116.3339553,
       40.0030797
      ],
      [
       116.3339764,
       40.0031393
      ],
      [
       116.3340059,
       40.0032225
      ],
      [
       116.3340373,
       40.0033059
      ],
      [
       116.3340591,
       40.0033638
      ],
      [
       116.3342875,
       40.0039133
      ],
      [
       116.3346092,
       40.004555
      ],
      [
       116.3350227,
       40.0053578
      ],
      [
       116.3354189,
       40.006127
      ],
      [
       116.335445,
       40.0061777
      ],
      [
       116.3355062,
       40.0062966
      ]
     ],
     [
      [
       116.3341501,
       39.9934092
      ],
      [
       116.3341224,
       39.9939143
      ],
      [
       116.3340381,
       39.9954567
      ],
      [
       116.3340284,
       39.9956359
      ],
      [
       116.3340254,
       39.9960062
      ],
      [
       116.3339697,
       39.9961574
      ],
      [
       116.3339499,
       39.9965485
      ],
      [
       116.3339274,
       39.9969924
      ],
      [
       116.3339971,
       39.9972871
      ],
      [
       116.3339857,
       39.9976396
      ],
      [
       116.3339819,
       39.9977563
      ],
      [
       116.3339488,
       39.9985666
      ],
      [
       116.3339364,
       39.9990469
      ],
      [
       116.3339345,
       39.9991205
      ],
      [
       116.3339332,
       39.9991515
      ],
      [
       116.3339321,
       39.9992511
      ]
     ],
     [
      [
       116.3342413,
       39.9917403
      ],
      [
       116.3341942,
       39.9926017
      ],
      [
       116.3341501,
       39.9934092
      ]
     ],
     [
      [
       116.3342574,
       39.9916574
      ],
      [
       116.3342413,
       39.9917403
      ]
     ],
     [
      [
       116.3275103,
       39.9752788
      ],
      [
       116.3275167,
       39.9751523
      ]
     ],
     [
      [
       116.3272512,
       39.9797778
      ],
      [
       116.3272601,
       39.9795598
      ],
      [
       116.3272884,
       39.9789727
      ],
      [
       116.327291,
       39.9789196
      ],
      [
       116.3273524,
       39.9777032
      ],
      [
       116.3274,
       39.9767604
      ],
      [
       116.3274197,
       39.9763699
      ],
      [
       116.3274667,
       39.9754439
      ],
      [
       116.3274956,
       39.9754088
      ],
      [
       116.3274982,
       39.9753564
      ],
      [
       116.3275103,
       39.9752788
      ]
     ],
     [
      [
       116.3512008,
       39.9390157
      ],
      [
       116.3512326,
       39.9390162
      ],
      [
       116.3512422,
       39.9390164
      ],
      [
       116.3512521,
       39.9390169
      ],
      [
       116.3512608,
       39.9390174
      ],
      [
       116.3512685,
       39.9390181
      ],
      [
       116.3512768,
       39.9390198
      ],
      [
       116.3512838,
       39.9390215
      ],
      [
       116.3512909,
       39.9390234
      ],
      [
       116.3512969,
       39.9390252
      ],
      [
       116.3513084,
       39.9390287
      ],
      [
       116.3513189,
       39.9390322
      ],
      [
       116.3513405,
       39.9390395
      ],
      [
       116.3513828,
       39.9390532
      ],
      [
       116.3514201,
       39.9390648
      ],
      [
       116.3514375,
       39.9390699
      ],
      [
       116.3514557,
       39.939075
      ],
      [
       116.3514696,
       39.9390788
      ],
      [
       116.3514839,
       39.9390822
      ],
      [
       116.3514978,
       39.9390852
      ],
      [
       116.3515125,
       39.9390882
      ],
      [
       116.3515244,
       39.9390902
      ],
      [
       116.3515371,
       39.9390918
      ],
      [
       116.3515499,
       39.9390931
      ],
      [
       116.3515637,
       39.9390945
      ]
     ],
     [
      [
       116.3444668,
       39.9425851
      ],
      [
       116.34473,
       39.942436
      ],
      [
       116.3448205,
       39.942355
      ],
      [
       116.344934,
       39.9422397
      ],
      [
       116.3449998,
       39.9421728
      ]
     ],
     [
      [
       116.3276738,
       39.9751488
      ],
      [
       116.3276671,
       39.9752795
      ]
     ],
     [
      [
       116.3275167,
       39.9751523
      ],
      [
       116.3275181,
       39.9750269
      ]
     ],
     [
      [
       116.3270462,
       39.9845763
      ],
      [
       116.3270374,
       39.9844697
      ]
     ],
     [
      [
       116.3377997,
       39.931025
      ],
      [
       116.3377862,
       39.9309017
      ],
      [
       116.33775756285516,
       39.93
      ]
     ],
     [
      [
       116.3400019,
       39.9568857
      ],
      [
       116.3398225,
       39.956876
      ],
      [
       116.3396452,
       39.9568665
      ],
      [
       116.3387195,
       39.9568194
      ],
      [
       116.3383272,
       39.9567994
      ],
      [
       116.3365669,
       39.9567099
      ],
      [
       116.3364529,
       39.9567041
      ],
      [
       116.3347362,
       39.9566168
      ],
      [
       116.3341668,
       39.9565879
      ],
      [
       116.3340096,
       39.9565799
      ],
      [
       116.3337292,
       39.9565655
      ],
      [
       116.3293612,
       39.9563393
      ],
      [
       116.3292929,
       39.9563351
      ],
      [
       116.3291856,
       39.9563284
      ]
     ],
     [
      [
       116.3351153,
       39.9464332
      ],
      [
       116.3349738,
       39.9465118
      ]
     ],
     [
      [
       116.3263947,
       40.0127415
      ],
      [
       116.3263785,
       40.0128143
      ],
      [
       116.3263907,
       40.0128696
      ],
      [
       116.3264153,
       40.0129134
      ],
      [
       116.3264691,
       40.0129438
      ],
      [
       116.3265815,
       40.0129807
      ],
      [
       116.3273687,
       40.0132282
      ],
      [
       116.3277469,
       40.013342
      ],
      [
       116.3281393,
       40.0134073
      ],
      [
       116.3287233,
       40.0134701
      ],
      [
       116.3293999,
       40.0134824
      ],
      [
       116.3295557,
       40.0134855
      ],
      [
       116.3309346,
       40.0135139
      ],
      [
       116.3309761,
       40.013512
      ],
      [
       116.3310717,
       40.0135132
      ]
     ],
     [
      [
       116.3309904,
       40.028437
      ],
      [
       116.3310288,
       40.0289734
      ],
      [
       116.3310623,
       40.0294052
      ],
      [
       116.3311262,
       40.0295853
      ]
     ],
     [
      [
       116.3291974,
       39.9562519
      ],
      [
       116.3292992,
       39.9562566
      ],
      [
       116.3293697,
       39.95626
      ],
      [
       116.3337428,
       39.9564916
      ],
      [
       116.3340163,
       39.9565126
      ],
      [
       116.3341534,
       39.9565231
      ],
      [
       116.3349509,
       39.956563
      ],
      [
       116.3365682,
       39.9566439
      ],
      [
       116.3384951,
       39.9567403
      ],
      [
       116.3397633,
       39.9568038
      ],
      [
       116.3398508,
       39.9567936
      ],
      [
       116.3400281,
       39.9567729
      ]
     ],
     [
      [
       116.3291856,
       39.9563284
      ],
      [
       116.3290034,
       39.956317
      ]
     ],
     [
      [
       116.3270388,
       39.984972
      ],
      [
       116.3270379,
       39.984904
      ]
     ],
     [
      [
       116.3271843,
       39.9844738
      ],
      [
       116.3271833,
       39.9845828
      ]
     ],
     [
      [
       116.3290145,
       39.9562432
      ],
      [
       116.3291974,
       39.9562519
      ]
     ],
     [
      [
       116.3483872,
       39.9567884
      ],
      [
       116.3474322,
       39.9568186
      ]
     ],
     [
      [
       116.3431271,
       39.943059
      ],
      [
       116.3436596,
       39.9429089
      ],
      [
       116.3437821,
       39.9428685
      ]
     ],
     [
      [
       116.3341782,
       39.9915695
      ],
      [
       116.3342723,
       39.9915742
      ]
     ],
     [
      [
       116.3342574,
       39.9916574
      ],
      [
       116.3341584,
       39.9916531
      ]
     ],
     [
      [
       116.3585911,
       39.9999619
      ],
      [
       116.3587027,
       39.9999575
      ],
      [
       116.3589816,
       39.9999456
      ]
     ],
     [
      [
       116.3466566,
       39.9996975
      ],
      [
       116.3466352,
       39.9996963
      ],
      [
       116.3464212,
       39.9996928
      ]
     ],
     [
      [
       116.3271773,
       39.9849106
      ],
      [
       116.3271771,
       39.9849791
      ]
     ],
     [
      [
       116.349074,
       39.9565666
      ],
      [
       116.3508374,
       39.9565618
      ],
      [
       116.3519675,
       39.9565594
      ],
      [
       116.3522298,
       39.9565588
      ],
      [
       116.3523282,
       39.9565586
      ],
      [
       116.3549264,
       39.956553
      ],
      [
       116.3549722,
       39.9565529
      ],
      [
       116.3551539,
       39.9565525
      ]
     ],
     [
      [
       116.3309465,
       39.9991713
      ],
      [
       116.330961,
       39.9989754
      ],
      [
       116.3310155,
       39.9976789
      ],
      [
       116.3310113,
       39.9975822
      ],
      [
       116.3310187,
       39.9974287
      ]
     ],
     [
      [
       116.3517703,
       40.0291278
      ],
      [
       116.3529235,
       40.0291959
      ],
      [
       116.3531964,
       40.0292093
      ],
      [
       116.353904,
       40.0292439
      ],
      [
       116.3543835,
       40.0292853
      ],
      [
       116.3548823,
       40.029381
      ],
      [
       116.3552224,
       40.029415
      ],
      [
       116.3581167,
       40.0299555
      ],
      [
       116.3595793,
       40.0302286
      ]
     ],
     [
      [
       116.3444456,
       40.0284963
      ],
      [
       116.3447546,
       40.0285269
      ],
      [
       116.3464367,
       40.0286938
      ],
      [
       116.346557,
       40.0287057
      ],
      [
       116.3478211,
       40.0288281
      ],
      [
       116.3487474,
       40.0289112
      ],
      [
       116.3494946,
       40.0289782
      ],
      [
       116.3504961,
       40.0290433
      ],
      [
       116.3517703,
       40.0291278
      ]
     ],
     [
      [
       116.3272119,
       39.9806191
      ],
      [
       116.327244,
       39.9799544
      ],
      [
       116.3272458,
       39.9799119
      ],
      [
       116.3272512,
       39.9797778
      ]
     ],
     [
      [
       116.3277862,
       39.9727482
      ],
      [
       116.3277077,
       39.9743659
      ],
      [
       116.3276772,
       39.974995
      ],
      [
       116.3276756,
       39.9750288
      ],
      [
       116.3276738,
       39.9751488
      ]
     ],
     [
      [
       116.3275808,
       39.9309361
      ],
      [
       116.3275698,
       39.9310143
      ]
     ],
     [
      [
       116.3430072,
       39.9996412
      ],
      [
       116.3429054,
       39.9996381
      ],
      [
       116.342785,
       39.9996345
      ]
     ],
     [
      [
       116.3339321,
       39.9992511
      ],
      [
       116.3339498,
       39.9993785
      ]
     ],
     [
      [
       116.3339498,
       39.9993785
      ],
      [
       116.3339552,
       39.9994595
      ]
     ],
     [
      [
       116.3337709,
       39.9992491
      ],
      [
       116.3339321,
       39.9992511
      ]
     ],
     [
      [
       116.3274987,
       39.9309346
      ],
      [
       116.3275046,
       39.9308899
      ],
      [
       116.3275106,
       39.9308443
      ],
      [
       116.3275663,
       39.9302578
      ],
      [
       116.32759073844879,
       39.93
      ]
     ],
     [
      [
       116.3266986,
       39.9367306
      ],
      [
       116.3268337,
       39.9366418
      ],
      [
       116.3268793,
       39.9366007
      ],
      [
       116.3269114,
       39.9365277
      ],
      [
       116.3269369,
       39.9362439
      ],
      [
       116.3269901,
       39.9356785
      ],
      [
       116.3269975,
       39.9356
      ],
      [
       116.3270442,
       39.935104
      ],
      [
       116.3270659,
       39.9349001
      ]
     ],
     [
      [
       116.3270659,
       39.9349001
      ],
      [
       116.3270764,
       39.9348011
      ],
      [
       116.3271355,
       39.9343311
      ],
      [
       116.3272615,
       39.9330386
      ],
      [
       116.3272713,
       39.9329603
      ],
      [
       116.3272749,
       39.9329314
      ],
      [
       116.3272788,
       39.9328999
      ],
      [
       116.3273819,
       39.9319276
      ],
      [
       116.3274404,
       39.9313755
      ],
      [
       116.3274458,
       39.9313348
      ],
      [
       116.3274753,
       39.9311119
      ],
      [
       116.3274882,
       39.9310137
      ],
      [
       116.3274987,
       39.9309346
      ]
     ],
     [
      [
       116.3297529,
       39.9509425
      ],
      [
       116.3300501,
       39.950251
      ],
      [
       116.3303104,
       39.9497231
      ],
      [
       116.3306254,
       39.9491597
      ],
      [
       116.330933,
       39.94882
      ],
      [
       116.331168,
       39.9485801
      ]
     ],
     [
      [
       116.3287214,
       39.9605466
      ],
      [
       116.3284226,
       39.96366
      ],
      [
       116.3282112,
       39.9658618
      ],
      [
       116.3281978,
       39.9660015
      ]
     ],
     [
      [
       116.3266943,
       39.993363
      ],
      [
       116.3266928,
       39.9934882
      ],
      [
       116.326694,
       39.9938111
      ],
      [
       116.3266948,
       39.9939492
      ]
     ],
     [
      [
       116.3267433,
       39.9926037
      ],
      [
       116.3267235,
       39.99291
      ],
      [
       116.3266943,
       39.993363
      ]
     ],
     [
      [
       116.3699129,
       40.0003906
      ],
      [
       116.3697687,
       40.0003842
      ]
     ],
     [
      [
       116.3697928,
       40.0002639
      ],
      [
       116.3699318,
       40.0002702
      ]
     ],
     [
      [
       116.3393065,
       40.0138249
      ],
      [
       116.3391449,
       40.0138214
      ]
     ],
     [
      [
       116.3715442,
       39.9926437
      ],
      [
       116.372,
       39.99265494012371
      ]
     ],
     [
      [
       116.372,
       39.99276478549506
      ],
      [
       116.3715442,
       39.9927518
      ]
     ],
     [
      [
       116.3433183,
       40.0282348
      ],
      [
       116.3429773,
       40.0281098
      ]
     ],
     [
      [
       116.3437821,
       39.9428685
      ],
      [
       116.3439172,
       39.9428198
      ]
     ],
     [
      [
       116.3468982,
       39.9920314
      ],
      [
       116.3467305,
       39.9920295
      ]
     ],
     [
      [
       116.3309395,
       40.0295188
      ],
      [
       116.3308945,
       40.0294218
      ],
      [
       116.3308746,
       40.0288929
      ]
     ],
     [
      [
       116.330947,
       40.0296484
      ],
      [
       116.3309395,
       40.0295188
      ]
     ],
     [
      [
       116.3485001,
       40.0140196
      ],
      [
       116.3484244,
       40.0140187
      ],
      [
       116.3481243,
       40.0140133
      ],
      [
       116.3471611,
       40.0139959
      ],
      [
       116.3463785,
       40.0139796
      ],
      [
       116.3463496,
       40.0139822
      ],
      [
       116.3460619,
       40.0140077
      ]
     ],
     [
      [
       116.3457762,
       39.9390303
      ],
      [
       116.3456025,
       39.9390079
      ],
      [
       116.3453861,
       39.9389736
      ]
     ],
     [
      [
       116.3492693,
       40.0139703
      ],
      [
       116.349354,
       40.0139726
      ],
      [
       116.3494752,
       40.0139738
      ],
      [
       116.3498941,
       40.013978
      ],
      [
       116.3501236,
       40.0139843
      ]
     ],
     [
      [
       116.348541,
       40.0139493
      ],
      [
       116.3492693,
       40.0139703
      ]
     ],
     [
      [
       116.3501236,
       40.0139843
      ],
      [
       116.3498494,
       40.0140325
      ],
      [
       116.3494726,
       40.0140414
      ],
      [
       116.34945,
       40.0140419
      ],
      [
       116.349318,
       40.0140373
      ],
      [
       116.3492305,
       40.0140355
      ]
     ],
     [
      [
       116.3492305,
       40.0140355
      ],
      [
       116.3485001,
       40.0140196
      ]
     ],
     [
      [
       116.3551955,
       39.9566323
      ],
      [
       116.3551108,
       39.9566326
      ],
      [
       116.3549704,
       39.9566334
      ],
      [
       116.352548,
       39.9566461
      ],
      [
       116.3519669,
       39.9566491
      ],
      [
       116.3518371,
       39.9566498
      ],
      [
       116.3508374,
       39.9566549
      ],
      [
       116.3492374,
       39.9566617
      ],
      [
       116.3490707,
       39.9566624
      ]
     ],
     [
      [
       116.3629768,
       39.9924918
      ],
      [
       116.3628331,
       39.9924886
      ]
     ],
     [
      [
       116.3657807,
       39.9925932
      ],
      [
       116.3644916,
       39.9925521
      ]
     ],
     [
      [
       116.3651974,
       40.0002502
      ],
      [
       116.3642837,
       40.0002336
      ],
      [
       116.3642044,
       40.000231
      ],
      [
       116.3640422,
       40.0002256
      ]
     ],
     [
      [
       116.3641472,
       40.0000857
      ],
      [
       116.3643723,
       40.0000996
      ],
      [
       116.3656723,
       40.0001424
      ]
     ],
     [
      [
       116.3682523,
       40.000221
      ],
      [
       116.3694832,
       40.0002553
      ],
      [
       116.3695594,
       40.0002574
      ],
      [
       116.3697928,
       40.0002639
      ]
     ],
     [
      [
       116.3697687,
       40.0003842
      ],
      [
       116.3695515,
       40.0003779
      ],
      [
       116.3689497,
       40.0003604
      ]
     ],
     [
      [
       116.3710593,
       40.0004112
      ],
      [
       116.3700936,
       40.0003926
      ],
      [
       116.3700571,
       40.0003922
      ],
      [
       116.3699129,
       40.0003906
      ]
     ]
    ]
   }
  },
  {
   "type": "Feature",
   "id": "BASE-RAIL",
   "properties": {
    "id": "BASE-RAIL",
    "layer": "EXISTING_RAIL",
    "name_zh": "现状铁路（OSM简化提取）",
    "name_en": "Existing railways (OSM extract)",
    "source_type": "osm",
    "confidence": "medium",
    "geometry_role": "existing_condition",
    "official_boundary": false,
    "license_note": "Base data (c) OpenStreetMap contributors, ODbL; retrieved 2026-08-17 via Overpass API; simplified context extract, not a survey basemap."
   },
   "geometry": {
    "type": "MultiLineString",
    "coordinates": [
     [
      [
       116.3479606,
       39.9416045
      ],
      [
       116.34739,
       39.9431964
      ],
      [
       116.3468605,
       39.9446738
      ],
      [
       116.3467243,
       39.9450787
      ],
      [
       116.3466428,
       39.9453538
      ],
      [
       116.3465753,
       39.9456348
      ],
      [
       116.3465215,
       39.9459415
      ],
      [
       116.3464507,
       39.9463913
      ],
      [
       116.3464173,
       39.9467667
      ],
      [
       116.346389,
       39.9470841
      ],
      [
       116.3463582,
       39.9473598
      ],
      [
       116.3463266,
       39.9476077
      ],
      [
       116.3462209,
       39.9482065
      ]
     ],
     [
      [
       116.3390695,
       39.9659329
      ],
      [
       116.33895138381676,
       39.966639372142595
      ]
     ],
     [
      [
       116.33895138381676,
       39.966639372142595
      ],
      [
       116.3389474,
       39.9666632
      ],
      [
       116.33894316674771,
       39.96667698452773
      ]
     ],
     [
      [
       116.33894316674771,
       39.96667698452773
      ],
      [
       116.3386274,
       39.9677052
      ],
      [
       116.3383651,
       39.9682425
      ],
      [
       116.3382565,
       39.9684503
      ],
      [
       116.33819706014629,
       39.96855859165589
      ]
     ],
     [
      [
       116.33819706014629,
       39.96855859165589
      ],
      [
       116.3381431,
       39.9686569
      ],
      [
       116.3380267,
       39.9688411
      ],
      [
       116.3376786,
       39.9693362
      ],
      [
       116.3353167,
       39.9723591
      ],
      [
       116.3348026,
       39.9730579
      ],
      [
       116.3345749,
       39.9734882
      ],
      [
       116.3343642,
       39.9740444
      ],
      [
       116.3342153,
       39.9746132
      ],
      [
       116.3340895,
       39.9752972
      ],
      [
       116.3340363,
       39.9755867
      ]
     ],
     [
      [
       116.3340363,
       39.9755867
      ],
      [
       116.3337945,
       39.9769306
      ],
      [
       116.3335576,
       39.9780966
      ],
      [
       116.3325705,
       39.983629
      ],
      [
       116.3324593,
       39.9842978
      ],
      [
       116.3323972,
       39.9846856
      ]
     ],
     [
      [
       116.3323972,
       39.9846856
      ],
      [
       116.3322902,
       39.9853894
      ],
      [
       116.3322598,
       39.985589
      ],
      [
       116.3321075,
       39.9866441
      ],
      [
       116.3319872,
       39.9875859
      ],
      [
       116.3319636,
       39.9878173
      ],
      [
       116.3318236,
       39.9913932
      ],
      [
       116.3317575,
       39.9930805
      ],
      [
       116.3315581,
       39.9981708
      ],
      [
       116.3315139,
       39.9993502
      ],
      [
       116.331275,
       40.0050128
      ],
      [
       116.3312245,
       40.0056006
      ],
      [
       116.3311197,
       40.006163
      ],
      [
       116.3309709,
       40.0066758
      ],
      [
       116.3309103,
       40.0068648
      ],
      [
       116.3307903,
       40.0071611
      ]
     ],
     [
      [
       116.3475601,
       39.9415183
      ],
      [
       116.3469885,
       39.943124
      ],
      [
       116.3464699,
       39.9446078
      ],
      [
       116.3463671,
       39.9449332
      ],
      [
       116.3462666,
       39.9452741
      ],
      [
       116.3461911,
       39.9455642
      ],
      [
       116.3461526,
       39.9457379
      ],
      [
       116.3460997,
       39.9461292
      ],
      [
       116.3460788,
       39.9463692
      ],
      [
       116.3460675,
       39.9466199
      ],
      [
       116.3460701,
       39.9469779
      ],
      [
       116.3460648,
       39.9473297
      ],
      [
       116.346083,
       39.9478005
      ],
      [
       116.3460871,
       39.9480664
      ],
      [
       116.3460761,
       39.9482248
      ],
      [
       116.3460747,
       39.9482451
      ],
      [
       116.3460393,
       39.9485876
      ]
     ],
     [
      [
       116.3459377,
       39.9491215
      ],
      [
       116.3459808,
       39.9487137
      ],
      [
       116.3460007,
       39.9484476
      ],
      [
       116.3460249,
       39.9480714
      ],
      [
       116.346019,
       39.9478035
      ],
      [
       116.3460022,
       39.947327
      ],
      [
       116.3460021,
       39.9469804
      ],
      [
       116.346003,
       39.9466065
      ],
      [
       116.3460113,
       39.9463909
      ],
      [
       116.3460344,
       39.946108
      ],
      [
       116.3460817,
       39.9457278
      ],
      [
       116.3461265,
       39.9455134
      ],
      [
       116.346268,
       39.9449879
      ],
      [
       116.3463803,
       39.9446253
      ],
      [
       116.3465601,
       39.9441213
      ],
      [
       116.3469117,
       39.943111
      ],
      [
       116.3475036,
       39.9415051
      ]
     ],
     [
      [
       116.3477867,
       39.9415679
      ],
      [
       116.3475489,
       39.9421993
      ],
      [
       116.347198,
       39.9431561
      ],
      [
       116.3469077,
       39.9439803
      ],
      [
       116.3466216,
       39.9447779
      ],
      [
       116.3465659,
       39.9449561
      ],
      [
       116.3465234,
       39.945107
      ],
      [
       116.3464695,
       39.9452967
      ],
      [
       116.3464166,
       39.9455272
      ],
      [
       116.3463723,
       39.9457532
      ],
      [
       116.3463438,
       39.9459325
      ],
      [
       116.3463105,
       39.9461767
      ],
      [
       116.3462954,
       39.9463616
      ],
      [
       116.346277,
       39.9466423
      ],
      [
       116.3462666,
       39.9469331
      ],
      [
       116.3462568,
       39.9471953
      ],
      [
       116.346248,
       39.9473518
      ],
      [
       116.3462319,
       39.947637
      ],
      [
       116.3461859,
       39.9480138
      ],
      [
       116.3461661,
       39.9483032
      ],
      [
       116.3461468,
       39.9485977
      ]
     ],
     [
      [
       116.347387,
       39.9414823
      ],
      [
       116.3467888,
       39.9430887
      ],
      [
       116.3463815,
       39.944212
      ],
      [
       116.346237,
       39.9446094
      ],
      [
       116.3462009,
       39.9447201
      ],
      [
       116.3461476,
       39.9448992
      ],
      [
       116.3460613,
       39.945217
      ],
      [
       116.3459871,
       39.9455491
      ],
      [
       116.3459386,
       39.9457623
      ],
      [
       116.3458958,
       39.9460465
      ],
      [
       116.3458734,
       39.9462411
      ],
      [
       116.345867,
       39.946376
      ],
      [
       116.3458627,
       39.9465829
      ],
      [
       116.345871,
       39.9469136
      ],
      [
       116.345881,
       39.9473117
      ],
      [
       116.34588,
       39.9476417
      ],
      [
       116.3458912,
       39.9481538
      ]
     ],
     [
      [
       116.3458912,
       39.9481538
      ],
      [
       116.3458917,
       39.9484155
      ],
      [
       116.3458916,
       39.9486911
      ]
     ],
     [
      [
       116.3460393,
       39.9485876
      ],
      [
       116.3461052,
       39.9482273
      ],
      [
       116.3461272,
       39.9480363
      ],
      [
       116.3461484,
       39.947806
      ],
      [
       116.346162,
       39.9476689
      ],
      [
       116.3461722,
       39.9475536
      ],
      [
       116.346208,
       39.9469327
      ],
      [
       116.3462191,
       39.9466325
      ],
      [
       116.3462316,
       39.9463468
      ],
      [
       116.3462484,
       39.9461665
      ],
      [
       116.3462752,
       39.9459225
      ],
      [
       116.3463026,
       39.9457443
      ],
      [
       116.3463514,
       39.9455144
      ],
      [
       116.3464031,
       39.9452825
      ],
      [
       116.3464544,
       39.945092
      ],
      [
       116.3464958,
       39.9449446
      ],
      [
       116.3465544,
       39.9447649
      ],
      [
       116.347129,
       39.9431448
      ],
      [
       116.3474924,
       39.9421861
      ],
      [
       116.3477291,
       39.9415555
      ]
     ],
     [
      [
       116.3480228,
       39.9416176
      ],
      [
       116.3474517,
       39.9432108
      ],
      [
       116.3469227,
       39.9446865
      ],
      [
       116.3467869,
       39.9450903
      ],
      [
       116.3467059,
       39.9453637
      ],
      [
       116.346639,
       39.9456426
      ],
      [
       116.3465854,
       39.9459478
      ],
      [
       116.3465149,
       39.9463959
      ],
      [
       116.3464694,
       39.9469063
      ],
      [
       116.3464549,
       39.9470695
      ],
      [
       116.3464241,
       39.9473623
      ],
      [
       116.3463749,
       39.9476231
      ],
      [
       116.3463248,
       39.9478098
      ],
      [
       116.3462783,
       39.947982
      ],
      [
       116.3462209,
       39.9482065
      ]
     ],
     [
      [
       116.3444507,
       39.9521748
      ],
      [
       116.344705,
       39.9517884
      ],
      [
       116.3447636,
       39.9517001
      ],
      [
       116.3448853,
       39.951507
      ],
      [
       116.3453354,
       39.9506913
      ],
      [
       116.3457112,
       39.9500054
      ]
     ],
     [
      [
       116.3457112,
       39.9500054
      ],
      [
       116.3458112,
       39.9498266
      ],
      [
       116.3459103,
       39.9496129
      ],
      [
       116.3459285,
       39.9495647
      ]
     ],
     [
      [
       116.3431199,
       39.9544757
      ],
      [
       116.3421021,
       39.9563274
      ],
      [
       116.3406266,
       39.959086
      ],
      [
       116.3403376,
       39.9596663
      ],
      [
       116.3401184,
       39.9601983
      ],
      [
       116.3399314,
       39.9607846
      ],
      [
       116.3397683,
       39.9614525
      ],
      [
       116.3396476,
       39.9622003
      ],
      [
       116.3391633,
       39.9653292
      ],
      [
       116.33909026643698,
       39.96579924650308
      ]
     ],
     [
      [
       116.33909026643698,
       39.96579924650308
      ],
      [
       116.3390695,
       39.9659329
      ]
     ],
     [
      [
       116.3307903,
       40.0071611
      ],
      [
       116.3304777,
       40.0077278
      ],
      [
       116.3302973,
       40.0080068
      ],
      [
       116.3299999,
       40.0083956
      ],
      [
       116.3297214,
       40.0087223
      ],
      [
       116.3294268,
       40.009021
      ],
      [
       116.3289573,
       40.0094666
      ],
      [
       116.325,
       40.01296309482658
      ]
     ],
     [
      [
       116.325,
       40.013019932545156
      ],
      [
       116.3290066,
       40.0094908
      ],
      [
       116.3294768,
       40.0090484
      ],
      [
       116.3297702,
       40.0087542
      ],
      [
       116.330046,
       40.0084323
      ],
      [
       116.3303569,
       40.0080352
      ],
      [
       116.330539,
       40.0077516
      ],
      [
       116.3308473,
       40.0071783
      ]
     ],
     [
      [
       116.3308473,
       40.0071783
      ],
      [
       116.3309688,
       40.0068737
      ],
      [
       116.3310376,
       40.0066602
      ],
      [
       116.3311822,
       40.0061579
      ],
      [
       116.3312969,
       40.0055994
      ],
      [
       116.3313611,
       40.0050148
      ],
      [
       116.331548,
       40.0004956
      ],
      [
       116.3316332,
       39.9988243
      ],
      [
       116.3316478,
       39.9979244
      ],
      [
       116.3317671,
       39.9952423
      ],
      [
       116.3318413,
       39.993573
      ],
      [
       116.3319227,
       39.9909307
      ],
      [
       116.3319834,
       39.9894758
      ],
      [
       116.3320534,
       39.9877958
      ],
      [
       116.332086,
       39.9874812
      ],
      [
       116.3323566,
       39.9854794
      ],
      [
       116.3324919,
       39.9846715
      ],
      [
       116.3325655,
       39.9842056
      ],
      [
       116.3325992,
       39.9839923
      ],
      [
       116.3326552,
       39.9836098
      ],
      [
       116.3328932,
       39.9822779
      ],
      [
       116.3331684,
       39.9807264
      ],
      [
       116.3334344,
       39.9792713
      ],
      [
       116.3336443,
       39.9781129
      ],
      [
       116.3337189,
       39.9776693
      ],
      [
       116.3339762,
       39.9762466
      ],
      [
       116.3340975,
       39.9755852
      ],
      [
       116.3342702,
       39.9746606
      ],
      [
       116.3344335,
       39.9740742
      ],
      [
       116.3346294,
       39.9735379
      ],
      [
       116.3348681,
       39.9730697
      ],
      [
       116.3357359,
       39.9719327
      ],
      [
       116.3377234,
       39.9693584
      ],
      [
       116.3380779,
       39.9688575
      ],
      [
       116.3381881,
       39.9686771
      ],
      [
       116.3383066,
       39.9684645
      ],
      [
       116.3384699,
       39.9681534
      ],
      [
       116.3386845,
       39.9677064
      ],
      [
       116.3388478,
       39.967238
      ],
      [
       116.339017,
       39.9666593
      ],
      [
       116.3396736,
       39.9623792
      ],
      [
       116.3398275,
       39.9614631
      ],
      [
       116.3399348,
       39.9609946
      ],
      [
       116.3401634,
       39.9603009
      ],
      [
       116.3403967,
       39.9596929
      ],
      [
       116.3410359,
       39.9584234
      ],
      [
       116.341717,
       39.9571684
      ],
      [
       116.3421208,
       39.956417
      ],
      [
       116.3431788,
       39.95449
      ]
     ],
     [
      [
       116.3447964,
       39.9515476
      ],
      [
       116.3449938,
       39.9511863
      ],
      [
       116.3451669,
       39.9508696
      ]
     ],
     [
      [
       116.3451669,
       39.9508696
      ],
      [
       116.3452508,
       39.9507227
      ]
     ],
     [
      [
       116.3452508,
       39.9507227
      ],
      [
       116.3456136,
       39.950068
      ],
      [
       116.345648,
       39.9500055
      ],
      [
       116.3456705,
       39.949963
      ],
      [
       116.3457462,
       39.9498068
      ],
      [
       116.3458279,
       39.9495965
      ],
      [
       116.3458481,
       39.9495349
      ]
     ],
     [
      [
       116.3442823,
       39.9523748
      ],
      [
       116.3441015,
       39.952691
      ],
      [
       116.3431199,
       39.9544757
      ]
     ],
     [
      [
       116.3431788,
       39.95449
      ],
      [
       116.3443324,
       39.9523906
      ]
     ],
     [
      [
       116.3457108,
       39.9494864
      ],
      [
       116.3457325,
       39.9493838
      ],
      [
       116.3457499,
       39.949291
      ]
     ],
     [
      [
       116.3457916,
       39.9487252
      ],
      [
       116.3457867,
       39.948385
      ],
      [
       116.3457807,
       39.9481682
      ],
      [
       116.345747,
       39.9478885
      ],
      [
       116.3457069,
       39.9475623
      ],
      [
       116.3456759,
       39.9472655
      ],
      [
       116.345646,
       39.9470199
      ],
      [
       116.3456108,
       39.9466958
      ],
      [
       116.3456024,
       39.9465193
      ],
      [
       116.345599,
       39.9463417
      ],
      [
       116.345603,
       39.9461532
      ],
      [
       116.3456159,
       39.9459758
      ],
      [
       116.3456367,
       39.945783
      ],
      [
       116.3456605,
       39.9456189
      ],
      [
       116.3456902,
       39.9454588
      ],
      [
       116.3457281,
       39.9452853
      ],
      [
       116.3457865,
       39.9450613
      ],
      [
       116.3458412,
       39.9448656
      ],
      [
       116.345907,
       39.9446432
      ],
      [
       116.3464781,
       39.9430292
      ],
      [
       116.3466472,
       39.9425504
      ]
     ],
     [
      [
       116.3458916,
       39.9486911
      ],
      [
       116.345874,
       39.9484032
      ],
      [
       116.3458447,
       39.9481812
      ],
      [
       116.3458103,
       39.9478843
      ],
      [
       116.3457721,
       39.9475627
      ],
      [
       116.3457377,
       39.947267
      ],
      [
       116.34571,
       39.9470198
      ],
      [
       116.3456812,
       39.9466869
      ],
      [
       116.3456728,
       39.9465193
      ],
      [
       116.3456693,
       39.9463417
      ],
      [
       116.3456733,
       39.9461552
      ],
      [
       116.3456861,
       39.9459795
      ],
      [
       116.3457067,
       39.9457882
      ],
      [
       116.3457303,
       39.9456257
      ],
      [
       116.3457597,
       39.945467
      ],
      [
       116.3457973,
       39.945295
      ],
      [
       116.3458553,
       39.9450723
      ],
      [
       116.3459099,
       39.9448772
      ],
      [
       116.3459755,
       39.9446552
      ],
      [
       116.3460416,
       39.9444654
      ],
      [
       116.3467149,
       39.9425648
      ]
     ],
     [
      [
       116.3457112,
       39.9500054
      ],
      [
       116.3455554,
       39.9502613
      ],
      [
       116.3454,
       39.9504919
      ],
      [
       116.3452508,
       39.9507227
      ]
     ],
     [
      [
       116.3455717,
       39.9498889
      ],
      [
       116.3453866,
       39.9503151
      ],
      [
       116.3453285,
       39.9504394
      ],
      [
       116.3451972,
       39.9507052
      ]
     ],
     [
      [
       116.3451669,
       39.9508696
      ],
      [
       116.3449674,
       39.951181
      ]
     ],
     [
      [
       116.3449674,
       39.951181
      ],
      [
       116.3447446,
       39.9515287
      ]
     ],
     [
      [
       116.3451143,
       39.9508543
      ],
      [
       116.3449674,
       39.951181
      ]
     ],
     [
      [
       116.3449674,
       39.951181
      ],
      [
       116.3447964,
       39.9515476
      ]
     ],
     [
      [
       116.3458358,
       39.949319
      ],
      [
       116.3458183,
       39.949408
      ],
      [
       116.3457891,
       39.949513
      ]
     ],
     [
      [
       116.3459285,
       39.9495647
      ],
      [
       116.3459695,
       39.9494484
      ],
      [
       116.3459918,
       39.9493696
      ]
     ],
     [
      [
       116.3444038,
       39.9521639
      ],
      [
       116.3445952,
       39.9517492
      ],
      [
       116.344638,
       39.9516564
      ],
      [
       116.3447293,
       39.9514654
      ]
     ],
     [
      [
       116.3451143,
       39.9508543
      ],
      [
       116.3449394,
       39.9511734
      ],
      [
       116.3447446,
       39.9515287
      ]
     ],
     [
      [
       116.3447446,
       39.9515287
      ],
      [
       116.3446961,
       39.9516166
      ],
      [
       116.3444038,
       39.9521639
      ]
     ],
     [
      [
       116.3458481,
       39.9495349
      ],
      [
       116.3458998,
       39.9493397
      ]
     ],
     [
      [
       116.3459918,
       39.9493696
      ],
      [
       116.346052,
       39.9491125
      ],
      [
       116.3461053,
       39.9488281
      ],
      [
       116.3461468,
       39.9485977
      ]
     ],
     [
      [
       116.3461468,
       39.9485977
      ],
      [
       116.3462209,
       39.9482065
      ]
     ],
     [
      [
       116.3457916,
       39.9487252
      ],
      [
       116.3457606,
       39.9483845
      ],
      [
       116.3457312,
       39.9481621
      ],
      [
       116.3456651,
       39.9477605
      ],
      [
       116.3456225,
       39.9475111
      ],
      [
       116.3455925,
       39.9472785
      ],
      [
       116.3455483,
       39.9469716
      ],
      [
       116.3454839,
       39.9464866
      ],
      [
       116.3454643,
       39.9462896
      ],
      [
       116.3454612,
       39.9460983
      ],
      [
       116.3454745,
       39.9458035
      ],
      [
       116.3455094,
       39.9455097
      ],
      [
       116.3455362,
       39.9453865
      ],
      [
       116.3455804,
       39.9451872
      ],
      [
       116.3456527,
       39.9449283
      ],
      [
       116.3463177,
       39.9429883
      ],
      [
       116.3464984,
       39.9424813
      ]
     ],
     [
      [
       116.3473055,
       39.9414648
      ],
      [
       116.346887,
       39.9426018
      ],
      [
       116.3467143,
       39.9430709
      ],
      [
       116.3463773,
       39.9440119
      ],
      [
       116.346137,
       39.9446893
      ],
      [
       116.3460313,
       39.9450334
      ],
      [
       116.3459134,
       39.9455357
      ],
      [
       116.3458696,
       39.9457558
      ],
      [
       116.3458321,
       39.9460399
      ],
      [
       116.3458096,
       39.9462382
      ],
      [
       116.3458032,
       39.9463773
      ],
      [
       116.3458022,
       39.9465816
      ],
      [
       116.3458102,
       39.9469151
      ],
      [
       116.3458195,
       39.9473075
      ],
      [
       116.3458272,
       39.94747
      ],
      [
       116.3458398,
       39.9476447
      ],
      [
       116.3458712,
       39.9479044
      ],
      [
       116.3458912,
       39.9481538
      ]
     ],
     [
      [
       116.3417161,
       39.9569989
      ],
      [
       116.3413907,
       39.9576027
      ],
      [
       116.3407438,
       39.9587612
      ],
      [
       116.3405863,
       39.9590569
      ],
      [
       116.3404714,
       39.9592739
      ],
      [
       116.3403259,
       39.9595442
      ],
      [
       116.3401923,
       39.9598454
      ],
      [
       116.3400734,
       39.9601583
      ],
      [
       116.3399755,
       39.9604719
      ],
      [
       116.3398736,
       39.9608327
      ],
      [
       116.3397717,
       39.9612284
      ],
      [
       116.3397006,
       39.9615574
      ],
      [
       116.3396564,
       39.9618298
      ],
      [
       116.3394271,
       39.9633793
      ],
      [
       116.3393426,
       39.9640061
      ],
      [
       116.33909026643698,
       39.96579924650308
      ]
     ],
     [
      [
       116.33909026643698,
       39.96579924650308
      ],
      [
       116.3390612,
       39.9660058
      ]
     ],
     [
      [
       116.3389559,
       39.9666187
      ],
      [
       116.33895138381676,
       39.966639372142595
      ]
     ],
     [
      [
       116.33895138381676,
       39.966639372142595
      ],
      [
       116.33894316674771,
       39.96667698452773
      ]
     ],
     [
      [
       116.33894316674771,
       39.96667698452773
      ],
      [
       116.3389197,
       39.9667844
      ],
      [
       116.3388801,
       39.9669467
      ],
      [
       116.3388181,
       39.9671468
      ],
      [
       116.3387469,
       39.967381
      ],
      [
       116.3386492,
       39.9676524
      ],
      [
       116.3386064,
       39.9677581
      ],
      [
       116.3385345,
       39.9679339
      ],
      [
       116.3384576,
       39.9680874
      ],
      [
       116.3383799,
       39.9682465
      ],
      [
       116.3382731,
       39.9684374
      ],
      [
       116.33819706014629,
       39.96855859165589
      ]
     ],
     [
      [
       116.33819706014629,
       39.96855859165589
      ],
      [
       116.3381217,
       39.9686787
      ],
      [
       116.3380425,
       39.9687992
      ],
      [
       116.3378739,
       39.9690394
      ],
      [
       116.3376556,
       39.969323
      ],
      [
       116.3351548,
       39.9725172
      ],
      [
       116.3349966,
       39.9727309
      ],
      [
       116.334829,
       39.9729512
      ]
     ],
     [
      [
       116.3390612,
       39.9660058
      ],
      [
       116.3390221,
       39.9662546
      ],
      [
       116.3389559,
       39.9666187
      ]
     ],
     [
      [
       116.3443324,
       39.9523906
      ],
      [
       116.3444507,
       39.9521748
      ]
     ],
     [
      [
       116.3444507,
       39.9521748
      ],
      [
       116.3447514,
       39.9516349
      ],
      [
       116.3447964,
       39.9515476
      ]
     ],
     [
      [
       116.3457891,
       39.949513
      ],
      [
       116.3457658,
       39.9495844
      ],
      [
       116.345691,
       39.9497864
      ],
      [
       116.3456156,
       39.9499433
      ],
      [
       116.3455909,
       39.9499882
      ],
      [
       116.3455571,
       39.9500489
      ],
      [
       116.3451972,
       39.9507052
      ]
     ],
     [
      [
       116.3451972,
       39.9507052
      ],
      [
       116.3451143,
       39.9508543
      ]
     ],
     [
      [
       116.3455717,
       39.9498889
      ],
      [
       116.3456017,
       39.9498156
      ],
      [
       116.3456213,
       39.9497631
      ],
      [
       116.3456886,
       39.949565
      ],
      [
       116.3457108,
       39.9494864
      ]
     ],
     [
      [
       116.3444038,
       39.9521639
      ],
      [
       116.3443609,
       39.9522296
      ],
      [
       116.3442823,
       39.9523748
      ]
     ],
     [
      [
       116.3457499,
       39.949291
      ],
      [
       116.3457794,
       39.9491049
      ],
      [
       116.3457915,
       39.9489737
      ],
      [
       116.3457916,
       39.9487252
      ]
     ],
     [
      [
       116.3330289,
       39.9815033
      ],
      [
       116.3330433,
       39.9814145
      ],
      [
       116.3331607,
       39.9807143
      ],
      [
       116.3331788,
       39.9806064
      ]
     ],
     [
      [
       116.3458916,
       39.9486911
      ],
      [
       116.3458909,
       39.9488623
      ],
      [
       116.3458857,
       39.9489833
      ],
      [
       116.3458723,
       39.9491149
      ],
      [
       116.3458358,
       39.949319
      ]
     ],
     [
      [
       116.3458998,
       39.9493397
      ],
      [
       116.3459377,
       39.9491215
      ]
     ],
     [
      [
       116.3459377,
       39.9491215
      ],
      [
       116.3460393,
       39.9485876
      ]
     ],
     [
      [
       116.3447293,
       39.9514654
      ],
      [
       116.3450676,
       39.9508233
      ],
      [
       116.3453127,
       39.9503805
      ],
      [
       116.3455717,
       39.9498889
      ]
     ]
    ]
   }
  },
  {
   "type": "Feature",
   "id": "BASE-SUBWAY",
   "properties": {
    "id": "BASE-SUBWAY",
    "layer": "EXISTING_RAIL",
    "name_zh": "现状地铁线路（OSM简化提取）",
    "name_en": "Existing subway lines (OSM extract)",
    "source_type": "osm",
    "confidence": "medium",
    "geometry_role": "existing_condition",
    "official_boundary": false,
    "license_note": "Base data (c) OpenStreetMap contributors, ODbL; retrieved 2026-08-17 via Overpass API; simplified context extract, not a survey basemap."
   },
   "geometry": {
    "type": "MultiLineString",
    "coordinates": [
     [
      [
       116.347295,
       39.9397398
      ],
      [
       116.3470711,
       39.9403046
      ]
     ],
     [
      [
       116.3312299,
       40.0039807
      ],
      [
       116.3310843,
       40.0055227
      ],
      [
       116.3310377,
       40.0059351
      ],
      [
       116.3309245,
       40.0064078
      ],
      [
       116.330766,
       40.0068506
      ],
      [
       116.3305868,
       40.0072537
      ],
      [
       116.3303939,
       40.0076031
      ],
      [
       116.3301101,
       40.0080444
      ],
      [
       116.3298048,
       40.0084488
      ],
      [
       116.3295552,
       40.0087562
      ],
      [
       116.3292704,
       40.0090405
      ],
      [
       116.3279791,
       40.0101988
      ],
      [
       116.3250444,
       40.0128182
      ],
      [
       116.325,
       40.012856404065204
      ]
     ],
     [
      [
       116.3462506,
       39.9424387
      ],
      [
       116.346271,
       39.942337
      ]
     ],
     [
      [
       116.346271,
       39.942337
      ],
      [
       116.3462911,
       39.9422366
      ]
     ],
     [
      [
       116.3462093,
       39.9424207
      ],
      [
       116.346271,
       39.942337
      ]
     ],
     [
      [
       116.346271,
       39.942337
      ],
      [
       116.3463313,
       39.9422551
      ]
     ],
     [
      [
       116.3471505,
       39.9404291
      ],
      [
       116.3465172,
       39.9420588
      ],
      [
       116.346379,
       39.942351
      ],
      [
       116.3462591,
       39.942564
      ],
      [
       116.3460778,
       39.9428879
      ]
     ],
     [
      [
       116.3458438,
       39.9433506
      ],
      [
       116.3459627,
       39.9431678
      ]
     ],
     [
      [
       116.3311695,
       40.0039713
      ],
      [
       116.3312477,
       40.0023407
      ],
      [
       116.331295,
       40.0010623
      ],
      [
       116.3313614881909,
       39.99926372788494
      ]
     ],
     [
      [
       116.3313614881909,
       39.99926372788494
      ],
      [
       116.33136260263022,
       39.9992335811853
      ]
     ],
     [
      [
       116.33136260263022,
       39.9992335811853
      ],
      [
       116.3315048,
       39.995387
      ],
      [
       116.3315728,
       39.9938425
      ],
      [
       116.331651,
       39.9922772
      ],
      [
       116.3316772,
       39.9915751
      ],
      [
       116.3317009,
       39.9909417
      ],
      [
       116.3317136,
       39.9903828
      ],
      [
       116.3317557,
       39.9893865
      ],
      [
       116.3318362,
       39.9873864
      ],
      [
       116.3318619,
       39.9866283
      ],
      [
       116.3318793,
       39.9864629
      ],
      [
       116.331941,
       39.9858773
      ],
      [
       116.3320108,
       39.9854307
      ],
      [
       116.3321557,
       39.9845505
      ],
      [
       116.3322695,
       39.9838678
      ],
      [
       116.3329768,
       39.9798889
      ]
     ],
     [
      [
       116.3567302,
       39.9463976
      ],
      [
       116.3567301,
       39.9462765
      ],
      [
       116.3567476,
       39.9461483
      ],
      [
       116.3567739,
       39.9460363
      ],
      [
       116.356834,
       39.9459049
      ]
     ],
     [
      [
       116.3566829,
       39.9464057
      ],
      [
       116.3566699,
       39.9463198
      ],
      [
       116.3566178,
       39.9458127
      ]
     ],
     [
      [
       116.3572326,
       39.9472777
      ],
      [
       116.3570533,
       39.94712
      ],
      [
       116.3569194,
       39.9469568
      ],
      [
       116.3568315,
       39.9467839
      ],
      [
       116.3567667,
       39.9466018
      ],
      [
       116.3567302,
       39.9463976
      ]
     ],
     [
      [
       116.34970926844066,
       39.93
      ],
      [
       116.3497061,
       39.9300618
      ],
      [
       116.3497539,
       39.9303696
      ],
      [
       116.34974387480383,
       39.93093624537968
      ]
     ],
     [
      [
       116.34974387480383,
       39.93093624537968
      ],
      [
       116.3497426,
       39.9310083
      ],
      [
       116.34973993322143,
       39.93109644941844
      ]
     ],
     [
      [
       116.34973993322143,
       39.93109644941844
      ],
      [
       116.3497243,
       39.9316132
      ],
      [
       116.3496408,
       39.9320711
      ],
      [
       116.3494156,
       39.9382321
      ],
      [
       116.3494179,
       39.938539
      ],
      [
       116.34939910152596,
       39.93909467172503
      ]
     ],
     [
      [
       116.34939910152596,
       39.93909467172503
      ],
      [
       116.3493977,
       39.9391361
      ]
     ],
     [
      [
       116.3521609,
       39.943123
      ],
      [
       116.3525924,
       39.9432004
      ]
     ],
     [
      [
       116.356834,
       39.9459049
      ],
      [
       116.3570055,
       39.9456243
      ],
      [
       116.35729,
       39.9454038
      ],
      [
       116.3576799,
       39.9452442
      ],
      [
       116.3581853,
       39.945189
      ],
      [
       116.3588328,
       39.9452413
      ],
      [
       116.3597756,
       39.9454499
      ],
      [
       116.3605621,
       39.9456817
      ],
      [
       116.36096621943699,
       39.94583112231284
      ]
     ],
     [
      [
       116.36096621943699,
       39.94583112231284
      ],
      [
       116.3614903,
       39.9460249
      ],
      [
       116.3626301,
       39.9464771
      ],
      [
       116.3632905,
       39.9467076
      ]
     ],
     [
      [
       116.3635374,
       39.9468274
      ],
      [
       116.3632905,
       39.9467076
      ]
     ],
     [
      [
       116.357203,
       39.947304
      ],
      [
       116.3570141,
       39.947139
      ],
      [
       116.3568802,
       39.9469724
      ],
      [
       116.3567812,
       39.9467897
      ],
      [
       116.3567236,
       39.9466097
      ],
      [
       116.3566829,
       39.9464057
      ]
     ],
     [
      [
       116.3525924,
       39.9432004
      ],
      [
       116.3521813,
       39.9430442
      ]
     ],
     [
      [
       116.3566178,
       39.9458127
      ],
      [
       116.3565811,
       39.945422
      ],
      [
       116.3564969,
       39.9449967
      ],
      [
       116.3561924,
       39.9445839
      ],
      [
       116.3558539,
       39.94434
      ],
      [
       116.3553417,
       39.9440833
      ],
      [
       116.3544078,
       39.9437588
      ],
      [
       116.3541919542884,
       39.943688785844614
      ]
     ],
     [
      [
       116.3541919542884,
       39.943688785844614
      ],
      [
       116.3535449,
       39.9434789
      ],
      [
       116.3525924,
       39.9432004
      ]
     ],
     [
      [
       116.372,
       40.00053023845733
      ],
      [
       116.3630658,
       40.000215
      ],
      [
       116.3620549,
       40.0001896
      ],
      [
       116.3609126,
       40.0001608
      ],
      [
       116.3605138,
       40.0001492
      ],
      [
       116.3490988,
       39.9998177
      ],
      [
       116.3466403,
       39.9997438
      ],
      [
       116.34660843847661,
       39.9997427705294
      ]
     ],
     [
      [
       116.34660843847661,
       39.9997427705294
      ],
      [
       116.34652982875268,
       39.99974023058808
      ]
     ],
     [
      [
       116.34652982875268,
       39.99974023058808
      ],
      [
       116.3439477,
       39.9996568
      ],
      [
       116.3386276,
       39.9994753
      ],
      [
       116.334482,
       39.9993338
      ]
     ],
     [
      [
       116.334482,
       39.9993338
      ],
      [
       116.3342534,
       39.999326
      ],
      [
       116.3336257,
       39.999314
      ],
      [
       116.3327238,
       39.999294
      ]
     ],
     [
      [
       116.3327238,
       39.999294
      ],
      [
       116.332549,
       39.9992901
      ]
     ],
     [
      [
       116.332549,
       39.9992901
      ],
      [
       116.331402184724,
       39.9992646316685
      ]
     ],
     [
      [
       116.331402184724,
       39.9992646316685
      ],
      [
       116.3313614881909,
       39.99926372788494
      ]
     ],
     [
      [
       116.3313614881909,
       39.99926372788494
      ],
      [
       116.331,
       39.9992557
      ]
     ],
     [
      [
       116.3337129,
       39.9762062
      ],
      [
       116.3337027,
       39.9759811
      ]
     ],
     [
      [
       116.3646786,
       39.9749825
      ],
      [
       116.365041,
       39.9749138
      ],
      [
       116.3651526,
       39.9749147
      ]
     ],
     [
      [
       116.3651526,
       39.9749147
      ],
      [
       116.3667558,
       39.9749283
      ]
     ],
     [
      [
       116.3469724,
       39.9402806
      ],
      [
       116.3471881,
       39.9397138
      ]
     ],
     [
      [
       116.3470711,
       39.9403046
      ],
      [
       116.3465728,
       39.9416209
      ],
      [
       116.3463313,
       39.9422551
      ]
     ],
     [
      [
       116.3463313,
       39.9422551
      ],
      [
       116.3462506,
       39.9424387
      ]
     ],
     [
      [
       116.3462506,
       39.9424387
      ],
      [
       116.3460778,
       39.9428879
      ]
     ],
     [
      [
       116.3460778,
       39.9428879
      ],
      [
       116.3459627,
       39.9431678
      ]
     ],
     [
      [
       116.3459627,
       39.9431678
      ],
      [
       116.3453275,
       39.9447884
      ],
      [
       116.3452326,
       39.945034
      ],
      [
       116.3451594,
       39.9452742
      ],
      [
       116.3451114,
       39.945611
      ],
      [
       116.3450934,
       39.9459738
      ],
      [
       116.3451062,
       39.9462339
      ],
      [
       116.3451513,
       39.946496
      ],
      [
       116.3452829,
       39.9473161
      ],
      [
       116.3453741,
       39.9478411
      ],
      [
       116.3454673,
       39.9483619
      ],
      [
       116.3454978,
       39.948522
      ],
      [
       116.3455153,
       39.9486957
      ],
      [
       116.345521,
       39.9490075
      ],
      [
       116.3455167,
       39.9491573
      ],
      [
       116.3455052,
       39.9493066
      ],
      [
       116.345489,
       39.9494449
      ],
      [
       116.3454604,
       39.9495778
      ],
      [
       116.3453892,
       39.9498337
      ],
      [
       116.3452529,
       39.9501592
      ],
      [
       116.3450957,
       39.9504532
      ],
      [
       116.3434819,
       39.9534911
      ],
      [
       116.3426438,
       39.9550012
      ],
      [
       116.3422182,
       39.9557639
      ],
      [
       116.3419732,
       39.9562157
      ],
      [
       116.3418051,
       39.9565511
      ],
      [
       116.341539,
       39.9571237
      ],
      [
       116.3413781,
       39.9574596
      ],
      [
       116.3411053,
       39.9580021
      ],
      [
       116.3405028,
       39.9590932
      ],
      [
       116.3403895,
       39.9593128
      ],
      [
       116.3402783,
       39.9595338
      ],
      [
       116.340094,
       39.9599422
      ],
      [
       116.3399466,
       39.9603459
      ],
      [
       116.3398766,
       39.960553
      ],
      [
       116.3398147,
       39.9607613
      ],
      [
       116.3397009,
       39.9611754
      ],
      [
       116.3396501,
       39.9613998
      ],
      [
       116.3396067,
       39.9616057
      ],
      [
       116.3395474,
       39.9619233
      ],
      [
       116.339513,
       39.9622273
      ]
     ],
     [
      [
       116.3388491,
       39.9666532
      ],
      [
       116.3387649,
       39.9670417
      ],
      [
       116.3386261,
       39.967461
      ],
      [
       116.3384582,
       39.9678653
      ],
      [
       116.3382818,
       39.9682358
      ],
      [
       116.3380356,
       39.9686569
      ],
      [
       116.3377901,
       39.9690311
      ],
      [
       116.3362318,
       39.9710231
      ],
      [
       116.3354389,
       39.972007
      ],
      [
       116.3346799,
       39.9729891
      ],
      [
       116.3344078,
       39.9733949
      ],
      [
       116.3342834,
       39.9736203
      ],
      [
       116.3341692,
       39.9738701
      ],
      [
       116.3340774,
       39.9741928
      ],
      [
       116.334013,
       39.9744834
      ]
     ],
     [
      [
       116.3339725,
       39.9744804
      ],
      [
       116.3340334,
       39.974187
      ],
      [
       116.3341291,
       39.9738612
      ],
      [
       116.3342367,
       39.9736053
      ],
      [
       116.3343542,
       39.9733848
      ],
      [
       116.3346396,
       39.9729693
      ],
      [
       116.3353997,
       39.9719848
      ],
      [
       116.3361898,
       39.9710034
      ],
      [
       116.3377368,
       39.969007
      ],
      [
       116.3379887,
       39.9686321
      ],
      [
       116.3382247,
       39.9682187
      ],
      [
       116.3384043,
       39.9678455
      ],
      [
       116.3385654,
       39.9674508
      ],
      [
       116.3387053,
       39.9670289
      ],
      [
       116.3388001,
       39.9666525
      ]
     ],
     [
      [
       116.3330264,
       39.9798956
      ],
      [
       116.3323121,
       39.9838734
      ],
      [
       116.3321904,
       39.9845484
      ],
      [
       116.3321537,
       39.9847699
      ],
      [
       116.3320436,
       39.9854342
      ],
      [
       116.331978,
       39.985879
      ],
      [
       116.3318929,
       39.9866272
      ],
      [
       116.3318755,
       39.987386
      ],
      [
       116.3317991,
       39.9893859
      ],
      [
       116.331757,
       39.9903828
      ],
      [
       116.3317436,
       39.9909426
      ],
      [
       116.331724,
       39.9915734
      ],
      [
       116.3316943,
       39.9922749
      ],
      [
       116.3316065,
       39.9938424
      ],
      [
       116.3315422,
       39.9953885
      ],
      [
       116.3314469,
       39.9980268
      ],
      [
       116.33140326523493,
       39.99923472039971
      ]
     ],
     [
      [
       116.33140326523493,
       39.99923472039971
      ],
      [
       116.331402184724,
       39.9992646316685
      ]
     ],
     [
      [
       116.331402184724,
       39.9992646316685
      ],
      [
       116.3313502,
       40.0007037
      ],
      [
       116.3313373,
       40.0010623
      ],
      [
       116.3312912,
       40.0023406
      ],
      [
       116.3312299,
       40.0039807
      ]
     ],
     [
      [
       116.334013,
       39.9744834
      ],
      [
       116.33391520219017,
       39.975072830043
      ]
     ],
     [
      [
       116.33391520219017,
       39.975072830043
      ],
      [
       116.333902,
       39.9751524
      ],
      [
       116.33389061684576,
       39.975214597186
      ]
     ],
     [
      [
       116.33389061684576,
       39.975214597186
      ],
      [
       116.3337785,
       39.9758272
      ]
     ],
     [
      [
       116.3337289,
       39.9758227
      ],
      [
       116.33383930671413,
       39.975214072898375
      ]
     ],
     [
      [
       116.33383930671413,
       39.975214072898375
      ],
      [
       116.333852,
       39.9751441
      ],
      [
       116.33386436328392,
       39.975076004468555
      ]
     ],
     [
      [
       116.33386436328392,
       39.975076004468555
      ],
      [
       116.3339725,
       39.9744804
      ]
     ],
     [
      [
       116.3394771,
       39.9622254
      ],
      [
       116.3395118,
       39.9619172
      ],
      [
       116.3395697,
       39.9616019
      ],
      [
       116.3396103,
       39.9613966
      ],
      [
       116.3396641,
       39.9611708
      ],
      [
       116.3397781,
       39.9607576
      ],
      [
       116.3398431,
       39.9605465
      ],
      [
       116.3399117,
       39.9603361
      ],
      [
       116.3400583,
       39.9599368
      ],
      [
       116.3402352,
       39.9595183
      ],
      [
       116.3403419,
       39.9593039
      ],
      [
       116.3404579,
       39.9590796
      ],
      [
       116.3410651,
       39.9579884
      ],
      [
       116.3412201,
       39.9576869
      ],
      [
       116.3413425,
       39.9574487
      ],
      [
       116.3415004,
       39.9571171
      ],
      [
       116.3417676,
       39.956537
      ],
      [
       116.3419381,
       39.9562049
      ],
      [
       116.3421807,
       39.9557528
      ],
      [
       116.3426063,
       39.954985
      ],
      [
       116.3434561,
       39.9534854
      ],
      [
       116.3450766,
       39.9504463
      ],
      [
       116.3452306,
       39.9501486
      ],
      [
       116.3453635,
       39.9498233
      ],
      [
       116.3454324,
       39.949577
      ],
      [
       116.3454663,
       39.9494442
      ],
      [
       116.3454843,
       39.9492979
      ],
      [
       116.3454902,
       39.9491537
      ],
      [
       116.3454983,
       39.9490064
      ],
      [
       116.3454881,
       39.9486921
      ],
      [
       116.3454694,
       39.9485278
      ],
      [
       116.3454395,
       39.9483642
      ],
      [
       116.3453491,
       39.9478412
      ],
      [
       116.345256,
       39.9473183
      ],
      [
       116.3451258,
       39.9465025
      ],
      [
       116.3450814,
       39.946233
      ],
      [
       116.345068,
       39.9459725
      ],
      [
       116.3450799,
       39.9456061
      ],
      [
       116.3451255,
       39.9452658
      ],
      [
       116.3451948,
       39.9450213
      ],
      [
       116.3452874,
       39.9447743
      ],
      [
       116.3458438,
       39.9433506
      ]
     ],
     [
      [
       116.3458438,
       39.9433506
      ],
      [
       116.3459797,
       39.942989
      ],
      [
       116.3461391,
       39.9425862
      ],
      [
       116.3462093,
       39.9424207
      ]
     ],
     [
      [
       116.3462093,
       39.9424207
      ],
      [
       116.3462911,
       39.9422366
      ]
     ],
     [
      [
       116.3462911,
       39.9422366
      ],
      [
       116.3464291,
       39.9416932
      ],
      [
       116.3469724,
       39.9402806
      ]
     ],
     [
      [
       116.3388001,
       39.9666525
      ],
      [
       116.3388722,
       39.9661866
      ]
     ],
     [
      [
       116.3388722,
       39.9661866
      ],
      [
       116.33889533776096,
       39.96603726192455
      ]
     ],
     [
      [
       116.33889533776096,
       39.96603726192455
      ],
      [
       116.3389094,
       39.9659465
      ],
      [
       116.338924,
       39.965844
      ],
      [
       116.3389967,
       39.9652709
      ],
      [
       116.3390621,
       39.9646967
      ]
     ],
     [
      [
       116.3390982,
       39.9646978
      ],
      [
       116.3390282,
       39.965274
      ],
      [
       116.3389522,
       39.9658437
      ],
      [
       116.3389365,
       39.9659474
      ],
      [
       116.33892523254671,
       39.96603839048662
      ]
     ],
     [
      [
       116.33892523254671,
       39.96603839048662
      ],
      [
       116.33890675116429,
       39.96618763716535
      ]
     ],
     [
      [
       116.33890675116429,
       39.96618763716535
      ],
      [
       116.3388491,
       39.9666532
      ]
     ],
     [
      [
       116.339513,
       39.9622273
      ],
      [
       116.3394725,
       39.9625326
      ],
      [
       116.3394141,
       39.96291
      ],
      [
       116.339287,
       39.9635398
      ],
      [
       116.3391749,
       39.9641801
      ],
      [
       116.3390982,
       39.9646978
      ]
     ],
     [
      [
       116.3390621,
       39.9646967
      ],
      [
       116.3391264,
       39.9641734
      ],
      [
       116.3392451,
       39.9635342
      ],
      [
       116.339369,
       39.9629047
      ],
      [
       116.3394342,
       39.9625266
      ],
      [
       116.3394771,
       39.9622254
      ]
     ],
     [
      [
       116.3329768,
       39.9798889
      ],
      [
       116.3331243,
       39.9787224
      ],
      [
       116.3332917,
       39.9779548
      ],
      [
       116.333467,
       39.977238
      ],
      [
       116.3336105,
       39.9765396
      ],
      [
       116.3337027,
       39.9759811
      ]
     ],
     [
      [
       116.3337027,
       39.9759811
      ],
      [
       116.3337289,
       39.9758227
      ]
     ],
     [
      [
       116.3337785,
       39.9758272
      ],
      [
       116.3337129,
       39.9762062
      ]
     ],
     [
      [
       116.3337129,
       39.9762062
      ],
      [
       116.3336548,
       39.9765424
      ],
      [
       116.3335131,
       39.9772438
      ],
      [
       116.3333447,
       39.9779625
      ],
      [
       116.3331752,
       39.9787339
      ],
      [
       116.3330264,
       39.9798956
      ]
     ],
     [
      [
       116.325,
       40.012770484715396
      ],
      [
       116.3279213,
       40.0101653
      ],
      [
       116.3292265,
       40.0090142
      ],
      [
       116.3294978,
       40.0087232
      ],
      [
       116.3297614,
       40.0084187
      ],
      [
       116.3300676,
       40.0080263
      ],
      [
       116.330346,
       40.0075801
      ],
      [
       116.330531,
       40.0072415
      ],
      [
       116.3307053,
       40.0068393
      ],
      [
       116.3308605,
       40.0063948
      ],
      [
       116.3309668,
       40.0059291
      ],
      [
       116.3310178,
       40.0055204
      ],
      [
       116.3311695,
       40.0039713
      ]
     ],
     [
      [
       116.3648879,
       39.9748665
      ],
      [
       116.3651526,
       39.9749147
      ]
     ],
     [
      [
       116.372,
       39.97511104464342
      ],
      [
       116.3646786,
       39.9749825
      ]
     ],
     [
      [
       116.3646786,
       39.9749825
      ],
      [
       116.36376260201124,
       39.97497247814017
      ]
     ],
     [
      [
       116.36376260201124,
       39.97497247814017
      ],
      [
       116.36359273394302,
       39.974970619627385
      ]
     ],
     [
      [
       116.36359273394302,
       39.974970619627385
      ],
      [
       116.3630791,
       39.974965
      ],
      [
       116.34816508459483,
       39.974950006636604
      ]
     ],
     [
      [
       116.34816508459483,
       39.974950006636604
      ],
      [
       116.34809892217017,
       39.97494994012217
      ]
     ],
     [
      [
       116.34809892217017,
       39.97494994012217
      ],
      [
       116.3477606,
       39.9749496
      ],
      [
       116.3467265,
       39.9749443
      ],
      [
       116.3456238,
       39.9750127
      ],
      [
       116.3439634,
       39.9750796
      ],
      [
       116.3435029,
       39.9751754
      ],
      [
       116.342634,
       39.9752205
      ],
      [
       116.3420483,
       39.9752224
      ],
      [
       116.3419889,
       39.9752226
      ],
      [
       116.336838,
       39.975239
      ],
      [
       116.3357895,
       39.975234
      ],
      [
       116.33389061684576,
       39.975214597186
      ]
     ],
     [
      [
       116.33389061684576,
       39.975214597186
      ],
      [
       116.33383930671413,
       39.975214072898375
      ]
     ],
     [
      [
       116.33383930671413,
       39.975214072898375
      ],
      [
       116.333519,
       39.9752108
      ],
      [
       116.3275415,
       39.97508
      ],
      [
       116.325,
       39.9750334321942
      ]
     ],
     [
      [
       116.325,
       39.974949201788036
      ],
      [
       116.3275407,
       39.9749986
      ],
      [
       116.3335105,
       39.9750981
      ],
      [
       116.33386436328392,
       39.975076004468555
      ]
     ],
     [
      [
       116.33386436328392,
       39.975076004468555
      ],
      [
       116.33391520219017,
       39.975072830043
      ]
     ],
     [
      [
       116.33391520219017,
       39.975072830043
      ],
      [
       116.3347789,
       39.9750189
      ],
      [
       116.3357849,
       39.9750237
      ],
      [
       116.3368504,
       39.9750302
      ],
      [
       116.3420829,
       39.9750072
      ],
      [
       116.3433764,
       39.9749662
      ],
      [
       116.3440246,
       39.9749054
      ],
      [
       116.3453001,
       39.9748352
      ],
      [
       116.3458463,
       39.9748051
      ],
      [
       116.3467216,
       39.9747935
      ],
      [
       116.3477566,
       39.9748033
      ],
      [
       116.34810574785193,
       39.97480420432747
      ]
     ],
     [
      [
       116.34810574785193,
       39.97480420432747
      ],
      [
       116.34817992715412,
       39.9748043964592
      ]
     ],
     [
      [
       116.34817992715412,
       39.9748043964592
      ],
      [
       116.3630842,
       39.974843
      ],
      [
       116.36359580164057,
       39.974849665542244
      ]
     ],
     [
      [
       116.36359580164057,
       39.974849665542244
      ],
      [
       116.3637647328079,
       39.97485186650828
      ]
     ],
     [
      [
       116.3637647328079,
       39.97485186650828
      ],
      [
       116.3648879,
       39.9748665
      ]
     ],
     [
      [
       116.3648879,
       39.9748665
      ],
      [
       116.3669117,
       39.9748821
      ],
      [
       116.3686013,
       39.9749603
      ],
      [
       116.372,
       39.97500984416039
      ]
     ],
     [
      [
       116.372,
       40.020405240582996
      ],
      [
       116.3677493,
       40.0205336
      ],
      [
       116.366792,
       40.0205474
      ],
      [
       116.3657135,
       40.0205557
      ],
      [
       116.3638937,
       40.0208346
      ],
      [
       116.3628892,
       40.0212234
      ],
      [
       116.3531806,
       40.0263095
      ],
      [
       116.3526116,
       40.0267273
      ],
      [
       116.3519419,
       40.0278405
      ],
      [
       116.3515073,
       40.0291464
      ],
      [
       116.34967722728699,
       40.033
      ]
     ],
     [
      [
       116.325,
       39.936991891492674
      ],
      [
       116.32654582338706,
       39.93689468976901
      ]
     ],
     [
      [
       116.32654582338706,
       39.93689468976901
      ],
      [
       116.32661677165693,
       39.93689022852578
      ]
     ],
     [
      [
       116.32661677165693,
       39.93689022852578
      ],
      [
       116.3269337,
       39.9368703
      ],
      [
       116.3288578,
       39.9367727
      ],
      [
       116.3300875,
       39.9367748
      ],
      [
       116.3318905,
       39.936852
      ],
      [
       116.3327167,
       39.9368863
      ],
      [
       116.3347255,
       39.9369816
      ]
     ],
     [
      [
       116.3347255,
       39.9369816
      ],
      [
       116.3376245,
       39.9371325
      ],
      [
       116.3387244,
       39.9372273
      ],
      [
       116.339754,
       39.9374734
      ],
      [
       116.3419329,
       39.9381693
      ],
      [
       116.3428223,
       39.9384015
      ],
      [
       116.3437212,
       39.9385634
      ],
      [
       116.3467193,
       39.9389532
      ],
      [
       116.3470372,
       39.9389879
      ],
      [
       116.3473398,
       39.9390168
      ],
      [
       116.3475569,
       39.939034
      ],
      [
       116.347756,
       39.9390472
      ],
      [
       116.3480085,
       39.9390568
      ],
      [
       116.3482483,
       39.9390625
      ],
      [
       116.34926214972751,
       39.939090889672485
      ]
     ],
     [
      [
       116.34926214972751,
       39.939090889672485
      ],
      [
       116.3493268,
       39.9390927
      ],
      [
       116.34939910152596,
       39.93909467172503
      ]
     ],
     [
      [
       116.34939910152596,
       39.93909467172503
      ],
      [
       116.3503022,
       39.9391193
      ],
      [
       116.3575538,
       39.9393031
      ]
     ],
     [
      [
       116.3575538,
       39.9393031
      ],
      [
       116.3596077,
       39.9393642
      ]
     ],
     [
      [
       116.3596077,
       39.9393642
      ],
      [
       116.3605107,
       39.9393808
      ],
      [
       116.3613437,
       39.9393811
      ],
      [
       116.3621809,
       39.9393848
      ],
      [
       116.3624265324824,
       39.93936640815861
      ]
     ],
     [
      [
       116.3624265324824,
       39.93936640815861
      ],
      [
       116.36251759898353,
       39.939359589513835
      ]
     ],
     [
      [
       116.36251759898353,
       39.939359589513835
      ],
      [
       116.3628834,
       39.9393322
      ],
      [
       116.3636701,
       39.9391484
      ],
      [
       116.3644161,
       39.9388447
      ],
      [
       116.3651074,
       39.9384121
      ],
      [
       116.3652412,
       39.9383047
      ],
      [
       116.3653886,
       39.9381792
      ],
      [
       116.3655134,
       39.9380616
      ],
      [
       116.3656562,
       39.9378912
      ],
      [
       116.3657565,
       39.9377388
      ],
      [
       116.3659877,
       39.9372938
      ],
      [
       116.366193,
       39.9367993
      ],
      [
       116.3663494,
       39.9361729
      ],
      [
       116.3664235,
       39.9356659
      ],
      [
       116.3663564,
       39.9338312
      ],
      [
       116.3663949,
       39.9323177
      ],
      [
       116.366425,
       39.9314086
      ]
     ],
     [
      [
       116.366425,
       39.9314086
      ],
      [
       116.36642875926356,
       39.931294916943095
      ]
     ],
     [
      [
       116.36642875926356,
       39.931294916943095
      ],
      [
       116.3664715794884,
       39.93
      ]
     ],
     [
      [
       116.3666714263674,
       39.93
      ],
      [
       116.36662844017032,
       39.931296714612884
      ]
     ],
     [
      [
       116.36662844017032,
       39.931296714612884
      ],
      [
       116.36662471059265,
       39.93140922044503
      ]
     ],
     [
      [
       116.36662471059265,
       39.93140922044503
      ],
      [
       116.3665966,
       39.9322572
      ],
      [
       116.3665606,
       39.9337786
      ],
      [
       116.3666311,
       39.9356072
      ],
      [
       116.3665574,
       39.9361292
      ],
      [
       116.3663987,
       39.9367694
      ],
      [
       116.3661845,
       39.9372856
      ],
      [
       116.3658099,
       39.9379151
      ],
      [
       116.3657118,
       39.9380423
      ],
      [
       116.3656173,
       39.9381415
      ],
      [
       116.365475,
       39.9382873
      ],
      [
       116.3652627,
       39.9384547
      ],
      [
       116.3645397,
       39.938907
      ],
      [
       116.3637604,
       39.9392243
      ],
      [
       116.3629375,
       39.9394166
      ],
      [
       116.36254113565246,
       39.93944631222281
      ]
     ],
     [
      [
       116.36254113565246,
       39.93944631222281
      ],
      [
       116.36245072428807,
       39.939453089630064
      ]
     ],
     [
      [
       116.36245072428807,
       39.939453089630064
      ],
      [
       116.3622158,
       39.9394707
      ],
      [
       116.3613576,
       39.9394726
      ],
      [
       116.360529,
       39.9394745
      ],
      [
       116.3599031,
       39.9394637
      ]
     ],
     [
      [
       116.3599031,
       39.9394637
      ],
      [
       116.3565922,
       39.9393813
      ],
      [
       116.3502953,
       39.9392055
      ],
      [
       116.34939656337734,
       39.93917554211258
      ]
     ],
     [
      [
       116.34939656337734,
       39.93917554211258
      ],
      [
       116.3493233,
       39.9391731
      ],
      [
       116.34925833787717,
       39.93917143924176
      ]
     ],
     [
      [
       116.34925833787717,
       39.93917143924176
      ],
      [
       116.3482437,
       39.9391455
      ],
      [
       116.3473416,
       39.939091
      ],
      [
       116.3467079,
       39.9390235
      ],
      [
       116.3437004,
       39.9386507
      ],
      [
       116.3429413,
       39.9385037
      ],
      [
       116.3427945,
       39.938465
      ],
      [
       116.3418791,
       39.9382494
      ],
      [
       116.3397026,
       39.9375543
      ],
      [
       116.3386997,
       39.9373146
      ],
      [
       116.3376229,
       39.9372217
      ],
      [
       116.3339586,
       39.937031
      ]
     ],
     [
      [
       116.3339586,
       39.937031
      ],
      [
       116.3327289,
       39.9369733
      ],
      [
       116.330083,
       39.936892
      ],
      [
       116.3288838,
       39.9369062
      ],
      [
       116.3269779,
       39.9370235
      ],
      [
       116.32654712915922,
       39.937050750455306
      ]
     ],
     [
      [
       116.32654712915922,
       39.937050750455306
      ],
      [
       116.32647985834987,
       39.93705500598983
      ]
     ],
     [
      [
       116.32647985834987,
       39.93705500598983
      ],
      [
       116.325,
       39.937148621457744
      ]
     ],
     [
      [
       116.3575538,
       39.9393031
      ],
      [
       116.357685,
       39.939352
      ]
     ],
     [
      [
       116.3596077,
       39.9393642
      ],
      [
       116.3594761,
       39.9394054
      ]
     ],
     [
      [
       116.3339586,
       39.937031
      ],
      [
       116.3347255,
       39.9369816
      ]
     ],
     [
      [
       116.3599031,
       39.9394637
      ],
      [
       116.3595541,
       39.9394082
      ],
      [
       116.3594761,
       39.9394054
      ]
     ],
     [
      [
       116.3594761,
       39.9394054
      ],
      [
       116.357685,
       39.939352
      ]
     ],
     [
      [
       116.357685,
       39.939352
      ],
      [
       116.3575093,
       39.9393467
      ]
     ],
     [
      [
       116.3609785,
       39.9489229
      ],
      [
       116.3599239,
       39.948301
      ]
     ],
     [
      [
       116.3599239,
       39.948301
      ],
      [
       116.3597348,
       39.9482127
      ],
      [
       116.3595175,
       39.948118
      ]
     ],
     [
      [
       116.3595175,
       39.948118
      ],
      [
       116.3592348,
       39.9480332
      ]
     ],
     [
      [
       116.3592348,
       39.9480332
      ],
      [
       116.3588607,
       39.9479282
      ]
     ],
     [
      [
       116.3588607,
       39.9479282
      ],
      [
       116.3579225,
       39.9476615
      ],
      [
       116.3578025,
       39.9476235
      ],
      [
       116.3576837,
       39.9475818
      ],
      [
       116.3575265,
       39.9475116
      ],
      [
       116.3574065,
       39.947448
      ],
      [
       116.3572988,
       39.9473788
      ],
      [
       116.357203,
       39.947304
      ]
     ],
     [
      [
       116.3649844,
       39.9478613
      ],
      [
       116.3627522,
       39.94773
      ],
      [
       116.3625359,
       39.9477329
      ],
      [
       116.3623292,
       39.9477625
      ],
      [
       116.3621245,
       39.9478114
      ],
      [
       116.3613965,
       39.9480273
      ]
     ],
     [
      [
       116.3613965,
       39.9480273
      ],
      [
       116.361127,
       39.9481051
      ],
      [
       116.3609665,
       39.9481454
      ],
      [
       116.3607694,
       39.9481795
      ],
      [
       116.3605753,
       39.9481995
      ],
      [
       116.3604005,
       39.9482017
      ],
      [
       116.3602267,
       39.9481906
      ],
      [
       116.3600315,
       39.9481681
      ],
      [
       116.3598499,
       39.9481311
      ]
     ],
     [
      [
       116.3598499,
       39.9481311
      ],
      [
       116.3595254,
       39.9480289
      ]
     ],
     [
      [
       116.3595254,
       39.9480289
      ],
      [
       116.359199,
       39.9479356
      ]
     ],
     [
      [
       116.359199,
       39.9479356
      ],
      [
       116.3589048,
       39.9478553
      ]
     ],
     [
      [
       116.3589048,
       39.9478553
      ],
      [
       116.358604,
       39.9477699
      ]
     ],
     [
      [
       116.358604,
       39.9477699
      ],
      [
       116.3584152,
       39.9477184
      ],
      [
       116.3582401,
       39.9476661
      ]
     ],
     [
      [
       116.3582401,
       39.9476661
      ],
      [
       116.358002,
       39.9475636
      ]
     ],
     [
      [
       116.358002,
       39.9475636
      ],
      [
       116.3577692,
       39.9474746
      ],
      [
       116.3576306,
       39.9474119
      ],
      [
       116.3575093,
       39.9473436
      ],
      [
       116.3574115,
       39.9472772
      ],
      [
       116.3573138,
       39.9471937
      ]
     ],
     [
      [
       116.3618814,
       39.9484995
      ],
      [
       116.3610237,
       39.9484573
      ],
      [
       116.3608802,
       39.948444
      ],
      [
       116.3607737,
       39.9484314
      ],
      [
       116.3606576,
       39.9484063
      ],
      [
       116.3604418,
       39.9483466
      ]
     ],
     [
      [
       116.3604418,
       39.9483466
      ],
      [
       116.3601097,
       39.9482486
      ]
     ],
     [
      [
       116.3601097,
       39.9482486
      ],
      [
       116.3598646,
       39.9481776
      ]
     ],
     [
      [
       116.3598646,
       39.9481776
      ],
      [
       116.3594671,
       39.948058
      ]
     ],
     [
      [
       116.3594671,
       39.948058
      ],
      [
       116.3592436,
       39.9479994
      ]
     ],
     [
      [
       116.3592436,
       39.9479994
      ],
      [
       116.3588684,
       39.9478937
      ]
     ],
     [
      [
       116.3588684,
       39.9478937
      ],
      [
       116.3586164,
       39.9478227
      ]
     ],
     [
      [
       116.3586164,
       39.9478227
      ],
      [
       116.3579373,
       39.9476314
      ],
      [
       116.3578157,
       39.9475939
      ],
      [
       116.357694,
       39.9475529
      ],
      [
       116.3575453,
       39.9474832
      ],
      [
       116.357428,
       39.9474215
      ],
      [
       116.3573326,
       39.9473564
      ],
      [
       116.3572326,
       39.9472777
      ]
     ],
     [
      [
       116.358604,
       39.9477699
      ],
      [
       116.3582132,
       39.9476056
      ],
      [
       116.3580643,
       39.9475129
      ],
      [
       116.3579883,
       39.9474463
      ],
      [
       116.3579262,
       39.9473737
      ],
      [
       116.3578797,
       39.9472976
      ],
      [
       116.3578223,
       39.9472037
      ],
      [
       116.3577655,
       39.9471284
      ],
      [
       116.3577587,
       39.9471157
      ],
      [
       116.3576811,
       39.9470479
      ],
      [
       116.3575514,
       39.9469585
      ],
      [
       116.3573648,
       39.9468319
      ]
     ],
     [
      [
       116.3573648,
       39.9468319
      ],
      [
       116.3571755,
       39.9466995
      ],
      [
       116.3570638,
       39.9466079
      ],
      [
       116.3570079,
       39.9465139
      ],
      [
       116.3569831,
       39.9464438
      ]
     ],
     [
      [
       116.3588607,
       39.9479282
      ],
      [
       116.3590529,
       39.9479639
      ]
     ],
     [
      [
       116.3590529,
       39.9479639
      ],
      [
       116.3592436,
       39.9479994
      ]
     ],
     [
      [
       116.3586164,
       39.9478227
      ],
      [
       116.3582401,
       39.9476661
      ]
     ],
     [
      [
       116.3592348,
       39.9480332
      ],
      [
       116.3590529,
       39.9479639
      ]
     ],
     [
      [
       116.3590529,
       39.9479639
      ],
      [
       116.3588684,
       39.9478937
      ]
     ],
     [
      [
       116.3573138,
       39.9471937
      ],
      [
       116.357144,
       39.9469864
      ]
     ],
     [
      [
       116.357731,
       39.9471971
      ],
      [
       116.3575315,
       39.9470613
      ]
     ],
     [
      [
       116.3632905,
       39.9467076
      ],
      [
       116.3635676,
       39.9467706
      ]
     ],
     [
      [
       116.3596043,
       39.9475792
      ],
      [
       116.3583343,
       39.9471334
      ],
      [
       116.3581878,
       39.9470967
      ],
      [
       116.3579324,
       39.9470646
      ]
     ],
     [
      [
       116.357755,
       39.9474188
      ],
      [
       116.35763,
       39.9473192
      ],
      [
       116.3575099,
       39.9472187
      ],
      [
       116.3573971,
       39.9471133
      ],
      [
       116.3571712,
       39.9468321
      ]
     ],
     [
      [
       116.3573648,
       39.9468319
      ],
      [
       116.3575526,
       39.9469359
      ],
      [
       116.3576998,
       39.9469968
      ],
      [
       116.3579324,
       39.9470646
      ]
     ],
     [
      [
       116.3579324,
       39.9470646
      ],
      [
       116.3581869,
       39.9471361
      ],
      [
       116.3595798,
       39.9476264
      ]
     ],
     [
      [
       116.358002,
       39.9475636
      ],
      [
       116.357755,
       39.9474188
      ]
     ],
     [
      [
       116.357755,
       39.9474188
      ],
      [
       116.3576159,
       39.9473383
      ],
      [
       116.3575371,
       39.9472873
      ],
      [
       116.3574505,
       39.9472229
      ],
      [
       116.3573551,
       39.947135
      ],
      [
       116.3571234,
       39.946855
      ]
     ],
     [
      [
       116.3610484,
       39.9486883
      ],
      [
       116.3612788,
       39.9487514
      ],
      [
       116.3613703,
       39.9487786
      ],
      [
       116.3614714,
       39.948808
      ],
      [
       116.3615984,
       39.9488373
      ],
      [
       116.361735,
       39.9488561
      ],
      [
       116.3618429,
       39.9488656
      ],
      [
       116.361948,
       39.9488718
      ],
      [
       116.3620211,
       39.9488724
      ],
      [
       116.3620818,
       39.9488765
      ],
      [
       116.36503,
       39.9490467
      ]
     ],
     [
      [
       116.3607424,
       39.9485564
      ],
      [
       116.3612264,
       39.9486947
      ]
     ],
     [
      [
       116.3612264,
       39.9486947
      ],
      [
       116.3613591,
       39.9487346
      ],
      [
       116.3614812,
       39.9487676
      ],
      [
       116.3615913,
       39.9487898
      ],
      [
       116.361684,
       39.9488076
      ],
      [
       116.3617768,
       39.9488187
      ],
      [
       116.3618753,
       39.9488261
      ],
      [
       116.361966,
       39.9488306
      ],
      [
       116.362086,
       39.9488373
      ],
      [
       116.3650343,
       39.9490023
      ]
     ],
     [
      [
       116.3603744,
       39.9484122
      ],
      [
       116.3607424,
       39.9485564
      ]
     ],
     [
      [
       116.3607424,
       39.9485564
      ],
      [
       116.3610484,
       39.9486883
      ]
     ],
     [
      [
       116.3610484,
       39.9486883
      ],
      [
       116.3612806,
       39.9487847
      ],
      [
       116.3614049,
       39.9488286
      ],
      [
       116.3615333,
       39.9488642
      ],
      [
       116.3616575,
       39.9488904
      ],
      [
       116.3617641,
       39.9489051
      ],
      [
       116.3618774,
       39.9489155
      ],
      [
       116.3620086,
       39.948925
      ],
      [
       116.3620761,
       39.9489288
      ],
      [
       116.3650256,
       39.949091
      ]
     ],
     [
      [
       116.3595175,
       39.948118
      ],
      [
       116.3601142,
       39.9482981
      ]
     ],
     [
      [
       116.3601142,
       39.9482981
      ],
      [
       116.3603744,
       39.9484122
      ]
     ],
     [
      [
       116.3603744,
       39.9484122
      ],
      [
       116.3606845,
       39.9485849
      ]
     ],
     [
      [
       116.3606845,
       39.9485849
      ],
      [
       116.3609658,
       39.9487462
      ]
     ],
     [
      [
       116.3609658,
       39.9487462
      ],
      [
       116.3611762,
       39.9488677
      ],
      [
       116.3612772,
       39.9489137
      ],
      [
       116.3614247,
       39.948964
      ],
      [
       116.3615996,
       39.9490101
      ],
      [
       116.3617513,
       39.9490421
      ],
      [
       116.3619495,
       39.9490675
      ],
      [
       116.3620603,
       39.9490741
      ],
      [
       116.3650116,
       39.9492478
      ]
     ],
     [
      [
       116.3606845,
       39.9485849
      ],
      [
       116.3608499,
       39.9486503
      ],
      [
       116.3609842,
       39.9487073
      ],
      [
       116.3612053,
       39.9487984
      ],
      [
       116.3613232,
       39.9488443
      ],
      [
       116.3614304,
       39.9488776
      ],
      [
       116.3615559,
       39.9489109
      ],
      [
       116.3616834,
       39.9489383
      ],
      [
       116.3617964,
       39.9489561
      ],
      [
       116.3619036,
       39.948965
      ],
      [
       116.3620156,
       39.9489687
      ],
      [
       116.3620714,
       39.9489718
      ],
      [
       116.3650213,
       39.9491353
      ]
     ],
     [
      [
       116.3601142,
       39.9482981
      ],
      [
       116.3603027,
       39.9483501
      ],
      [
       116.3607644,
       39.9484778
      ]
     ],
     [
      [
       116.3607644,
       39.9484778
      ],
      [
       116.3610596,
       39.9485593
      ]
     ],
     [
      [
       116.3610596,
       39.9485593
      ],
      [
       116.3612334,
       39.9486126
      ],
      [
       116.3613503,
       39.9486452
      ],
      [
       116.3614585,
       39.9486756
      ],
      [
       116.3615782,
       39.9487015
      ],
      [
       116.361697,
       39.9487185
      ],
      [
       116.361812,
       39.9487326
      ],
      [
       116.361923,
       39.9487378
      ],
      [
       116.3620958,
       39.9487477
      ],
      [
       116.365043,
       39.9489137
      ]
     ],
     [
      [
       116.3611291,
       39.9485325
      ],
      [
       116.361386,
       39.9485483
      ],
      [
       116.3619843,
       39.9485756
      ],
      [
       116.3621137,
       39.9485824
      ],
      [
       116.3650604,
       39.9487364
      ]
     ],
     [
      [
       116.3613886,
       39.9485796
      ],
      [
       116.3616522,
       39.9486001
      ],
      [
       116.3618019,
       39.9486075
      ],
      [
       116.3621092,
       39.948624
      ],
      [
       116.365056,
       39.9487807
      ]
     ],
     [
      [
       116.3599239,
       39.948301
      ],
      [
       116.3601677,
       39.9483951
      ],
      [
       116.3602851,
       39.9484538
      ],
      [
       116.3610158,
       39.948882
      ]
     ],
     [
      [
       116.3612264,
       39.9486947
      ],
      [
       116.3614267,
       39.948727
      ],
      [
       116.3615658,
       39.9487514
      ],
      [
       116.3617,
       39.9487721
      ],
      [
       116.3618053,
       39.9487847
      ],
      [
       116.3618961,
       39.9487906
      ],
      [
       116.36209,
       39.9488009
      ],
      [
       116.3650386,
       39.948958
      ]
     ],
     [
      [
       116.3607644,
       39.9484778
      ],
      [
       116.3611291,
       39.9485325
      ]
     ],
     [
      [
       116.3611291,
       39.9485325
      ],
      [
       116.3613886,
       39.9485796
      ]
     ],
     [
      [
       116.3613886,
       39.9485796
      ],
      [
       116.3616536,
       39.9486247
      ],
      [
       116.3617806,
       39.9486372
      ],
      [
       116.3619554,
       39.9486508
      ],
      [
       116.3621054,
       39.9486593
      ],
      [
       116.3650517,
       39.948825
      ]
     ],
     [
      [
       116.3610596,
       39.9485593
      ],
      [
       116.3612498,
       39.9485904
      ],
      [
       116.3613891,
       39.9486155
      ],
      [
       116.3615462,
       39.9486449
      ],
      [
       116.3616554,
       39.9486606
      ],
      [
       116.3617674,
       39.9486763
      ],
      [
       116.3618671,
       39.9486847
      ],
      [
       116.3619832,
       39.9486909
      ],
      [
       116.3621012,
       39.9486978
      ],
      [
       116.3650473,
       39.9488694
      ]
     ],
     [
      [
       116.3609658,
       39.9487462
      ],
      [
       116.3611941,
       39.9488353
      ],
      [
       116.3613051,
       39.9488768
      ],
      [
       116.3614374,
       39.9489212
      ],
      [
       116.3615504,
       39.9489508
      ],
      [
       116.3616895,
       39.9489775
      ],
      [
       116.3618083,
       39.9489952
      ],
      [
       116.3619793,
       39.9490101
      ],
      [
       116.3620667,
       39.949015
      ],
      [
       116.3650169,
       39.9491796
      ]
     ],
     [
      [
       116.3601271,
       39.9482177
      ],
      [
       116.3603599,
       39.948236
      ],
      [
       116.3605169,
       39.9482371
      ],
      [
       116.360715,
       39.9482203
      ],
      [
       116.3609513,
       39.9481847
      ]
     ],
     [
      [
       116.3609513,
       39.9481847
      ],
      [
       116.3611759,
       39.9481269
      ],
      [
       116.3613835,
       39.9480735
      ],
      [
       116.3615761,
       39.9480264
      ],
      [
       116.3617714,
       39.9479939
      ],
      [
       116.3619367,
       39.9479845
      ],
      [
       116.3621128,
       39.9479855
      ],
      [
       116.3621782,
       39.9479894
      ],
      [
       116.3651308,
       39.9481712
      ]
     ],
     [
      [
       116.3598646,
       39.9481776
      ],
      [
       116.3601271,
       39.9482177
      ]
     ],
     [
      [
       116.3601271,
       39.9482177
      ],
      [
       116.3603525,
       39.9482574
      ],
      [
       116.3605218,
       39.9482763
      ],
      [
       116.3607171,
       39.9482836
      ],
      [
       116.3608988,
       39.9482742
      ],
      [
       116.3611624,
       39.9482407
      ]
     ],
     [
      [
       116.3611624,
       39.9482407
      ],
      [
       116.3614001,
       39.9482166
      ]
     ],
     [
      [
       116.3614001,
       39.9482166
      ],
      [
       116.3616787,
       39.9481873
      ],
      [
       116.3618344,
       39.9481674
      ],
      [
       116.3619792,
       39.9481611
      ],
      [
       116.362113,
       39.9481663
      ],
      [
       116.3621587,
       39.9481689
      ],
      [
       116.3651144,
       39.948342
      ]
     ],
     [
      [
       116.3594671,
       39.948058
      ],
      [
       116.3598499,
       39.9481311
      ]
     ],
     [
      [
       116.3616433,
       39.948372
      ],
      [
       116.3619095,
       39.9484146
      ],
      [
       116.362064,
       39.9484324
      ],
      [
       116.3621296,
       39.9484364
      ],
      [
       116.36509,
       39.9485982
      ]
     ],
     [
      [
       116.3618783,
       39.948457
      ],
      [
       116.3609598,
       39.9484074
      ],
      [
       116.3608623,
       39.9484014
      ],
      [
       116.3607483,
       39.9483896
      ],
      [
       116.3604418,
       39.9483466
      ]
     ],
     [
      [
       116.3612726,
       39.9483488
      ],
      [
       116.3615336,
       39.948335
      ],
      [
       116.3617152,
       39.9483308
      ],
      [
       116.3620326,
       39.9483443
      ],
      [
       116.3621391,
       39.9483493
      ],
      [
       116.3650981,
       39.9485128
      ]
     ],
     [
      [
       116.3651104,
       39.9483847
      ],
      [
       116.362154,
       39.948212
      ],
      [
       116.3621071,
       39.9482093
      ],
      [
       116.3619545,
       39.9482026
      ],
      [
       116.361798,
       39.9482056
      ],
      [
       116.3614001,
       39.9482166
      ]
     ],
     [
      [
       116.3600335,
       39.9481244
      ],
      [
       116.3604253,
       39.9481165
      ],
      [
       116.360605,
       39.9481061
      ],
      [
       116.3607595,
       39.9480765
      ],
      [
       116.3609507,
       39.9480351
      ],
      [
       116.3610096,
       39.948017
      ],
      [
       116.3625091,
       39.9475547
      ]
     ],
     [
      [
       116.3613965,
       39.9480273
      ],
      [
       116.3615928,
       39.9479826
      ],
      [
       116.3617239,
       39.9479606
      ],
      [
       116.3618577,
       39.9479449
      ],
      [
       116.3620435,
       39.9479407
      ],
      [
       116.3621826,
       39.947949
      ],
      [
       116.3651348,
       39.9481285
      ]
     ],
     [
      [
       116.361317,
       39.9483065
      ],
      [
       116.3615477,
       39.9482663
      ],
      [
       116.3617102,
       39.9482454
      ],
      [
       116.3618509,
       39.9482443
      ],
      [
       116.3620563,
       39.9482533
      ],
      [
       116.3621489,
       39.9482584
      ],
      [
       116.3651063,
       39.9484274
      ]
     ],
     [
      [
       116.3609112,
       39.9483261
      ],
      [
       116.3611531,
       39.9483212
      ],
      [
       116.361317,
       39.9483065
      ]
     ],
     [
      [
       116.361317,
       39.9483065
      ],
      [
       116.3615752,
       39.948295
      ],
      [
       116.3617486,
       39.9482877
      ],
      [
       116.3619262,
       39.9482919
      ],
      [
       116.362144,
       39.9483038
      ],
      [
       116.3651022,
       39.9484701
      ]
     ],
     [
      [
       116.3601097,
       39.9482486
      ],
      [
       116.3604293,
       39.948298
      ],
      [
       116.3606245,
       39.9483135
      ],
      [
       116.3609112,
       39.9483261
      ]
     ],
     [
      [
       116.3609112,
       39.9483261
      ],
      [
       116.3612726,
       39.9483488
      ]
     ],
     [
      [
       116.3612726,
       39.9483488
      ],
      [
       116.3616433,
       39.948372
      ]
     ],
     [
      [
       116.3616433,
       39.948372
      ],
      [
       116.3621339,
       39.9483972
      ],
      [
       116.3650941,
       39.9485555
      ]
     ],
     [
      [
       116.3612356,
       39.9481445
      ],
      [
       116.3614284,
       39.9481025
      ],
      [
       116.3616078,
       39.9480638
      ],
      [
       116.3617553,
       39.9480408
      ],
      [
       116.3618823,
       39.9480303
      ],
      [
       116.3620176,
       39.9480282
      ],
      [
       116.362173,
       39.9480371
      ],
      [
       116.3651267,
       39.9482139
      ]
     ],
     [
      [
       116.3609513,
       39.9481847
      ],
      [
       116.3612356,
       39.9481445
      ]
     ],
     [
      [
       116.3612356,
       39.9481445
      ],
      [
       116.3614527,
       39.9481215
      ],
      [
       116.3616166,
       39.9481037
      ],
      [
       116.3617778,
       39.9480796
      ],
      [
       116.3619294,
       39.9480733
      ],
      [
       116.3621247,
       39.9480754
      ],
      [
       116.3621686,
       39.9480779
      ],
      [
       116.3651226,
       39.9482566
      ]
     ],
     [
      [
       116.3611624,
       39.9482407
      ],
      [
       116.3613901,
       39.9481887
      ],
      [
       116.3615608,
       39.948151
      ],
      [
       116.3616796,
       39.9481343
      ],
      [
       116.3618449,
       39.9481165
      ],
      [
       116.3619869,
       39.9481165
      ],
      [
       116.3621235,
       39.9481207
      ],
      [
       116.3621637,
       39.948123
      ],
      [
       116.3651185,
       39.9482993
      ]
     ],
     [
      [
       116.3589048,
       39.9478553
      ],
      [
       116.3592308,
       39.9479046
      ]
     ],
     [
      [
       116.3592308,
       39.9479046
      ],
      [
       116.3594665,
       39.947912
      ],
      [
       116.3596306,
       39.9479046
      ],
      [
       116.3597987,
       39.9478868
      ],
      [
       116.3599146,
       39.9478646
      ],
      [
       116.3600691,
       39.9478231
      ],
      [
       116.3601363,
       39.9478051
      ],
      [
       116.3615537,
       39.9473785
      ]
     ],
     [
      [
       116.359199,
       39.9479356
      ],
      [
       116.3594048,
       39.9479753
      ],
      [
       116.3595381,
       39.9479931
      ],
      [
       116.3597216,
       39.948002
      ],
      [
       116.3598935,
       39.9479901
      ],
      [
       116.3600712,
       39.9479605
      ],
      [
       116.3601993,
       39.9479243
      ],
      [
       116.3602332,
       39.9479147
      ],
      [
       116.3616136,
       39.947499
      ]
     ],
     [
      [
       116.3592308,
       39.9479046
      ],
      [
       116.3594188,
       39.9479376
      ],
      [
       116.3595424,
       39.9479494
      ],
      [
       116.359668,
       39.9479524
      ],
      [
       116.3598129,
       39.9479464
      ],
      [
       116.3599326,
       39.9479301
      ],
      [
       116.3600582,
       39.9478991
      ],
      [
       116.3601663,
       39.9478618
      ],
      [
       116.3615837,
       39.9474388
      ]
     ],
     [
      [
       116.3595254,
       39.9480289
      ],
      [
       116.3598213,
       39.9480897
      ],
      [
       116.3600335,
       39.9481244
      ]
     ],
     [
      [
       116.3600335,
       39.9481244
      ],
      [
       116.3602787,
       39.9481536
      ],
      [
       116.3604412,
       39.9481588
      ],
      [
       116.3606078,
       39.9481494
      ],
      [
       116.3607772,
       39.9481222
      ],
      [
       116.3609752,
       39.9480793
      ],
      [
       116.3610341,
       39.9480618
      ],
      [
       116.3625364,
       39.9476154
      ]
     ],
     [
      [
       116.3309992,
       39.9992234
      ],
      [
       116.33136260263022,
       39.9992335811853
      ]
     ],
     [
      [
       116.33136260263022,
       39.9992335811853
      ],
      [
       116.33140326523493,
       39.99923472039971
      ]
     ],
     [
      [
       116.33140326523493,
       39.99923472039971
      ],
      [
       116.3325483,
       39.9992668
      ]
     ],
     [
      [
       116.3325483,
       39.9992668
      ],
      [
       116.3327213,
       39.9992716
      ]
     ],
     [
      [
       116.3327213,
       39.9992716
      ],
      [
       116.3329651,
       39.9992784
      ],
      [
       116.3336263,
       39.999297
      ],
      [
       116.334253,
       39.999309
      ],
      [
       116.3343473,
       39.9993112
      ]
     ],
     [
      [
       116.3343473,
       39.9993112
      ],
      [
       116.3425507,
       39.9994916
      ],
      [
       116.3425943,
       39.9994927
      ],
      [
       116.3426726,
       39.9994946
      ],
      [
       116.3457492,
       39.9995738
      ],
      [
       116.34653734447663,
       39.9995963410553
      ]
     ],
     [
      [
       116.34653734447663,
       39.9995963410553
      ],
      [
       116.34661514860187,
       39.999598566265455
      ]
     ],
     [
      [
       116.34661514860187,
       39.999598566265455
      ],
      [
       116.3466443,
       39.9995994
      ],
      [
       116.3489454,
       39.9996694
      ],
      [
       116.3502518,
       39.9997026
      ],
      [
       116.3580459,
       39.9999402
      ],
      [
       116.360934,
       40.0000283
      ],
      [
       116.3620457,
       40.0000584
      ],
      [
       116.3630965,
       40.0000869
      ],
      [
       116.372,
       40.00036748166875
      ]
     ],
     [
      [
       116.372,
       39.93139568967723
      ],
      [
       116.371181,
       39.9313377
      ],
      [
       116.36662844017032,
       39.931296714612884
      ]
     ],
     [
      [
       116.36662844017032,
       39.931296714612884
      ],
      [
       116.36642875926356,
       39.931294916943095
      ]
     ],
     [
      [
       116.36642875926356,
       39.931294916943095
      ],
      [
       116.3651717,
       39.9312836
      ],
      [
       116.362623,
       39.9311248
      ],
      [
       116.3616743653772,
       39.93109583329352
      ]
     ],
     [
      [
       116.3616743653772,
       39.93109583329352
      ],
      [
       116.36158338825001,
       39.93109305529272
      ]
     ],
     [
      [
       116.36158338825001,
       39.93109305529272
      ],
      [
       116.3550383,
       39.9308932
      ],
      [
       116.3505291,
       39.9309066
      ],
      [
       116.3501236,
       39.9309319
      ],
      [
       116.34974387480383,
       39.93093624537968
      ]
     ],
     [
      [
       116.34974387480383,
       39.93093624537968
      ],
      [
       116.34956824119456,
       39.93093825524029
      ]
     ],
     [
      [
       116.34956824119456,
       39.93093825524029
      ],
      [
       116.3486293,
       39.930949
      ],
      [
       116.347769,
       39.9309682
      ],
      [
       116.3454247,
       39.9309847
      ],
      [
       116.3383427,
       39.931024
      ],
      [
       116.3379919,
       39.9310249
      ],
      [
       116.3321039,
       39.9310402
      ],
      [
       116.3286524,
       39.931047
      ],
      [
       116.32765364470548,
       39.931044401588096
      ]
     ],
     [
      [
       116.32765364470548,
       39.931044401588096
      ],
      [
       116.32750068294197,
       39.9310440036351
      ]
     ],
     [
      [
       116.32750068294197,
       39.9310440036351
      ],
      [
       116.3273071,
       39.9310435
      ],
      [
       116.3261603,
       39.9310405
      ],
      [
       116.325,
       39.93107560037929
      ]
     ],
     [
      [
       116.325,
       39.93115619088438
      ],
      [
       116.3262848,
       39.9311235
      ],
      [
       116.3273057,
       39.9311178
      ],
      [
       116.32749428284951,
       39.931116746149385
      ]
     ],
     [
      [
       116.32749428284951,
       39.931116746149385
      ],
      [
       116.327647389744,
       39.93111589054775
      ]
     ],
     [
      [
       116.327647389744,
       39.93111589054775
      ],
      [
       116.3346604,
       39.9310767
      ],
      [
       116.3370672,
       39.9310983
      ],
      [
       116.3379924,
       39.9310984
      ],
      [
       116.3383505,
       39.9310988
      ],
      [
       116.3437428,
       39.9311086
      ],
      [
       116.3486306,
       39.9310974
      ],
      [
       116.3490933,
       39.9310963
      ],
      [
       116.34956410223057,
       39.93109640878893
      ]
     ],
     [
      [
       116.34956410223057,
       39.93109640878893
      ],
      [
       116.34973993322143,
       39.93109644941844
      ]
     ],
     [
      [
       116.34973993322143,
       39.93109644941844
      ],
      [
       116.3503916,
       39.9310966
      ],
      [
       116.3557961,
       39.931102
      ],
      [
       116.36159887541203,
       39.93122211205877
      ]
     ],
     [
      [
       116.36159887541203,
       39.93122211205877
      ],
      [
       116.36168916679055,
       39.9312239810064
      ]
     ],
     [
      [
       116.36168916679055,
       39.9312239810064
      ],
      [
       116.362608,
       39.931243
      ],
      [
       116.3651691,
       39.9313596
      ],
      [
       116.366425,
       39.9314086
      ]
     ],
     [
      [
       116.366425,
       39.9314086
      ],
      [
       116.36662471059265,
       39.93140922044503
      ]
     ],
     [
      [
       116.36662471059265,
       39.93140922044503
      ],
      [
       116.3705451,
       39.9314214
      ],
      [
       116.372,
       39.931505411662506
      ]
     ],
     [
      [
       116.3473181,
       39.9399979
      ],
      [
       116.3471505,
       39.9404291
      ]
     ],
     [
      [
       116.372,
       40.02050394089444
      ],
      [
       116.3677592,
       40.0206527
      ],
      [
       116.366788,
       40.0206718
      ],
      [
       116.3657356,
       40.0206805
      ],
      [
       116.363906,
       40.0208984
      ],
      [
       116.3629233,
       40.0212637
      ],
      [
       116.3533503,
       40.0262862
      ],
      [
       116.3527537,
       40.0267242
      ],
      [
       116.3520675,
       40.0278649
      ],
      [
       116.3516314,
       40.0291752
      ],
      [
       116.3503298,
       40.0319354
      ],
      [
       116.3498432,
       40.0329087
      ],
      [
       116.3498004231838,
       40.033
      ]
     ],
     [
      [
       116.325,
       39.965988674413275
      ],
      [
       116.3280941,
       39.9660992
      ],
      [
       116.3287497,
       39.9660982
      ],
      [
       116.3305902,
       39.9660953
      ],
      [
       116.3315069,
       39.9660701
      ],
      [
       116.3325824,
       39.9661119
      ],
      [
       116.3335193,
       39.9660948
      ],
      [
       116.3346351,
       39.9660346
      ],
      [
       116.3355806,
       39.9660191
      ],
      [
       116.3371862,
       39.9660144
      ],
      [
       116.3378337,
       39.9660217
      ],
      [
       116.3387639,
       39.9660323
      ],
      [
       116.33889533776096,
       39.96603726192455
      ]
     ],
     [
      [
       116.33889533776096,
       39.96603726192455
      ],
      [
       116.33892523254671,
       39.96603839048662
      ]
     ],
     [
      [
       116.33892523254671,
       39.96603839048662
      ],
      [
       116.3412327,
       39.9661255
      ],
      [
       116.3427768,
       39.9661693
      ],
      [
       116.3449243,
       39.9661988
      ],
      [
       116.3464868,
       39.9662233
      ],
      [
       116.3480785,
       39.9662223
      ],
      [
       116.34842430255073,
       39.96622374102591
      ]
     ],
     [
      [
       116.34842430255073,
       39.96622374102591
      ],
      [
       116.34853400084981,
       39.96622419815987
      ]
     ],
     [
      [
       116.34853400084981,
       39.96622419815987
      ],
      [
       116.3496623,
       39.9662289
      ],
      [
       116.3537145,
       39.9662457
      ],
      [
       116.3566777,
       39.9662631
      ],
      [
       116.3584716,
       39.9663487
      ],
      [
       116.3600444,
       39.9664285
      ],
      [
       116.3614594,
       39.9665235
      ],
      [
       116.3630039,
       39.9665863
      ],
      [
       116.36383285959332,
       39.96661324238957
      ]
     ],
     [
      [
       116.36383285959332,
       39.96661324238957
      ],
      [
       116.3638654,
       39.9666143
      ],
      [
       116.36393952921918,
       39.96661671325069
      ]
     ],
     [
      [
       116.36393952921918,
       39.96661671325069
      ],
      [
       116.3649313,
       39.966649
      ],
      [
       116.3672485,
       39.9666127
      ],
      [
       116.3683335,
       39.9666374
      ],
      [
       116.372,
       39.966695283758646
      ]
     ],
     [
      [
       116.33737158175492,
       40.033
      ],
      [
       116.3380025,
       40.0321842
      ],
      [
       116.3386242,
       40.0315167
      ],
      [
       116.3393654,
       40.0309325
      ],
      [
       116.3401275,
       40.0303855
      ],
      [
       116.3405993,
       40.0299926
      ],
      [
       116.3411516,
       40.0293959
      ],
      [
       116.3427473,
       40.0273503
      ],
      [
       116.3437416,
       40.026024
      ],
      [
       116.3440298,
       40.0256038
      ],
      [
       116.344432,
       40.0246939
      ],
      [
       116.3449302,
       40.0238028
      ],
      [
       116.3452124,
       40.0227736
      ],
      [
       116.3452734,
       40.0214847
      ],
      [
       116.3454283,
       40.020041
      ],
      [
       116.3453774,
       40.0179762
      ],
      [
       116.3454962,
       40.0159161
      ],
      [
       116.3456879,
       40.0136288
      ],
      [
       116.346156,
       40.0080417
      ],
      [
       116.3462975,
       40.0041887
      ],
      [
       116.3464587,
       40.001102
      ]
     ],
     [
      [
       116.3492602,
       39.9391324
      ],
      [
       116.34926214972751,
       39.939090889672485
      ]
     ],
     [
      [
       116.34926214972751,
       39.939090889672485
      ],
      [
       116.3492881,
       39.9385384
      ],
      [
       116.3493036,
       39.9382321
      ],
      [
       116.3496015,
       39.9320704
      ],
      [
       116.3495514,
       39.931612
      ],
      [
       116.34956410223057,
       39.93109640878893
      ]
     ],
     [
      [
       116.34956410223057,
       39.93109640878893
      ],
      [
       116.3495663,
       39.9310072
      ],
      [
       116.34956824119456,
       39.93093825524029
      ]
     ],
     [
      [
       116.34956824119456,
       39.93093825524029
      ],
      [
       116.3495843,
       39.9303679
      ],
      [
       116.3496668,
       39.9300616
      ],
      [
       116.34966992937069,
       39.93
      ]
     ],
     [
      [
       116.325,
       39.93885680102529
      ],
      [
       116.3258545,
       39.9378645
      ],
      [
       116.3264418,
       39.9371475
      ],
      [
       116.32647985834987,
       39.93705500598983
      ]
     ],
     [
      [
       116.32647985834987,
       39.93705500598983
      ],
      [
       116.32654582338706,
       39.93689468976901
      ]
     ],
     [
      [
       116.32654582338706,
       39.93689468976901
      ],
      [
       116.3267439,
       39.9364133
      ],
      [
       116.3267897,
       39.9358533
      ],
      [
       116.3268816,
       39.9352862
      ],
      [
       116.32698,
       39.9343917
      ],
      [
       116.3274525,
       39.9315913
      ],
      [
       116.3274887,
       39.9311802
      ],
      [
       116.32749428284951,
       39.931116746149385
      ]
     ],
     [
      [
       116.32749428284951,
       39.931116746149385
      ],
      [
       116.32750068294197,
       39.9310440036351
      ]
     ],
     [
      [
       116.32750068294197,
       39.9310440036351
      ],
      [
       116.32759253733906,
       39.93
      ]
     ],
     [
      [
       116.32776040510404,
       39.93
      ],
      [
       116.32765364470548,
       39.931044401588096
      ]
     ],
     [
      [
       116.32765364470548,
       39.931044401588096
      ],
      [
       116.3276502,
       39.9310781
      ],
      [
       116.327647389744,
       39.93111589054775
      ]
     ],
     [
      [
       116.327647389744,
       39.93111589054775
      ],
      [
       116.3276426,
       39.9311803
      ],
      [
       116.3275866,
       39.9319332
      ],
      [
       116.3272674,
       39.9346514
      ],
      [
       116.3270614,
       39.9353892
      ],
      [
       116.3268313,
       39.9359143
      ],
      [
       116.3268036,
       39.9364596
      ],
      [
       116.32661677165693,
       39.93689022852578
      ]
     ],
     [
      [
       116.32661677165693,
       39.93689022852578
      ],
      [
       116.32654712915922,
       39.937050750455306
      ]
     ],
     [
      [
       116.32654712915922,
       39.937050750455306
      ],
      [
       116.3265183,
       39.9371172
      ],
      [
       116.3259886,
       39.9378418
      ],
      [
       116.325258,
       39.9386716
      ],
      [
       116.325,
       39.93895297663776
      ]
     ],
     [
      [
       116.3465452,
       40.0011018
      ],
      [
       116.3463167,
       40.0060108
      ],
      [
       116.3457854,
       40.0136303
      ],
      [
       116.3457522,
       40.0141061
      ],
      [
       116.3456026,
       40.0163199
      ],
      [
       116.3454938,
       40.0179659
      ],
      [
       116.3455006,
       40.020315
      ],
      [
       116.3453577,
       40.0227682
      ],
      [
       116.3451061,
       40.0237994
      ],
      [
       116.3446096,
       40.0245234
      ],
      [
       116.3440791,
       40.0256379
      ],
      [
       116.3429297,
       40.0272472
      ],
      [
       116.3413802,
       40.0292959
      ],
      [
       116.3410477,
       40.0296457
      ],
      [
       116.3407444,
       40.029959
      ],
      [
       116.3403534,
       40.030292
      ],
      [
       116.3397432,
       40.0307536
      ],
      [
       116.3392646,
       40.0311397
      ],
      [
       116.3388334,
       40.0314558
      ],
      [
       116.3385375,
       40.0317356
      ],
      [
       116.3380077,
       40.0323539
      ],
      [
       116.33751825700831,
       40.033
      ]
     ],
     [
      [
       116.372,
       39.94743145589488
      ],
      [
       116.368508,
       39.9474048
      ],
      [
       116.3679609,
       39.9474284
      ],
      [
       116.3670499,
       39.947388
      ],
      [
       116.3661782,
       39.947351
      ],
      [
       116.3658842,
       39.9472918
      ],
      [
       116.36578949368766,
       39.947282538029256
      ]
     ],
     [
      [
       116.36578949368766,
       39.947282538029256
      ],
      [
       116.36566573168028,
       39.947270434505604
      ]
     ],
     [
      [
       116.36566573168028,
       39.947270434505604
      ],
      [
       116.3654394,
       39.9472483
      ],
      [
       116.3650064,
       39.9471966
      ],
      [
       116.3645264,
       39.947103
      ],
      [
       116.3639128,
       39.9469384
      ],
      [
       116.3635374,
       39.9468274
      ]
     ],
     [
      [
       116.3635374,
       39.9468274
      ],
      [
       116.3626166,
       39.9465113
      ],
      [
       116.361604,
       39.9461032
      ],
      [
       116.36096621943699,
       39.94583112231284
      ]
     ],
     [
      [
       116.36096621943699,
       39.94583112231284
      ],
      [
       116.3601469,
       39.9454816
      ],
      [
       116.3590625,
       39.9450493
      ],
      [
       116.3580321,
       39.9447284
      ],
      [
       116.3568121,
       39.9443931
      ],
      [
       116.3541938,
       39.9436893
      ],
      [
       116.3541919542884,
       39.943688785844614
      ]
     ],
     [
      [
       116.3541919542884,
       39.943688785844614
      ],
      [
       116.3521609,
       39.943123
      ]
     ],
     [
      [
       116.3521609,
       39.943123
      ],
      [
       116.3514984,
       39.9429208
      ],
      [
       116.3510816,
       39.9427936
      ],
      [
       116.3507667,
       39.9426613
      ],
      [
       116.3504756,
       39.9424964
      ],
      [
       116.3502461,
       39.9423216
      ],
      [
       116.3499715,
       39.9420874
      ],
      [
       116.3497443,
       39.9418506
      ],
      [
       116.3495497,
       39.941577
      ],
      [
       116.3494408,
       39.9411975
      ],
      [
       116.3492466,
       39.9404611
      ],
      [
       116.349236,
       39.9403723
      ],
      [
       116.3492295,
       39.9402742
      ],
      [
       116.349226,
       39.9401752
      ],
      [
       116.3492246,
       39.9400623
      ],
      [
       116.3492317,
       39.9397299
      ],
      [
       116.34925833787717,
       39.93917143924176
      ]
     ],
     [
      [
       116.34925833787717,
       39.93917143924176
      ],
      [
       116.3492602,
       39.9391324
      ]
     ],
     [
      [
       116.3493977,
       39.9391361
      ],
      [
       116.34939656337734,
       39.93917554211258
      ]
     ],
     [
      [
       116.34939656337734,
       39.93917554211258
      ],
      [
       116.3493803,
       39.9397399
      ],
      [
       116.3493713,
       39.940057
      ],
      [
       116.3493721,
       39.9401777
      ],
      [
       116.3493757,
       39.9402854
      ],
      [
       116.3493813,
       39.9403689
      ],
      [
       116.3493857,
       39.9404577
      ],
      [
       116.3494836,
       39.941195
      ],
      [
       116.3495985,
       39.9415701
      ],
      [
       116.3497796,
       39.9418249
      ],
      [
       116.350006,
       39.9420597
      ],
      [
       116.3502849,
       39.9423005
      ],
      [
       116.3505151,
       39.9424698
      ],
      [
       116.3507839,
       39.9426306
      ],
      [
       116.3511008,
       39.9427648
      ],
      [
       116.3515131,
       39.9428831
      ],
      [
       116.3521813,
       39.9430442
      ]
     ],
     [
      [
       116.3521813,
       39.9430442
      ],
      [
       116.3542242,
       39.9436375
      ],
      [
       116.3568237,
       39.9443383
      ],
      [
       116.3580579,
       39.9446758
      ],
      [
       116.3590903,
       39.9449956
      ],
      [
       116.3601848,
       39.9454283
      ],
      [
       116.3616401,
       39.9460508
      ],
      [
       116.3626418,
       39.9464447
      ],
      [
       116.3635676,
       39.9467706
      ]
     ],
     [
      [
       116.3635676,
       39.9467706
      ],
      [
       116.3639406,
       39.946887
      ],
      [
       116.3645393,
       39.9470618
      ],
      [
       116.3650168,
       39.9471554
      ],
      [
       116.365443,
       39.9472108
      ],
      [
       116.36566998562824,
       39.947221538308675
      ]
     ],
     [
      [
       116.36566998562824,
       39.947221538308675
      ],
      [
       116.3657495,
       39.9472253
      ],
      [
       116.36579393893733,
       39.947232209119456
      ]
     ],
     [
      [
       116.36579393893733,
       39.947232209119456
      ],
      [
       116.3658865,
       39.9472466
      ],
      [
       116.3661933,
       39.9472333
      ],
      [
       116.3670584,
       39.9472675
      ],
      [
       116.3679699,
       39.947305
      ],
      [
       116.3685106,
       39.9473762
      ],
      [
       116.372,
       39.947402568651526
      ]
     ],
     [
      [
       116.332549,
       39.9992901
      ],
      [
       116.332636,
       39.9992808
      ]
     ],
     [
      [
       116.332636,
       39.9992808
      ],
      [
       116.3327213,
       39.9992716
      ]
     ],
     [
      [
       116.3327238,
       39.999294
      ],
      [
       116.332636,
       39.9992808
      ]
     ],
     [
      [
       116.332636,
       39.9992808
      ],
      [
       116.3325483,
       39.9992668
      ]
     ],
     [
      [
       116.3343473,
       39.9993112
      ],
      [
       116.334482,
       39.9993338
      ]
     ],
     [
      [
       116.3481576,
       39.9738563
      ],
      [
       116.3481617,
       39.9732049
      ],
      [
       116.3480984,
       39.9727576
      ],
      [
       116.3481095,
       39.9721887
      ],
      [
       116.3484132,
       39.966434
      ],
      [
       116.34841715253616,
       39.966359147272904
      ]
     ],
     [
      [
       116.34841715253616,
       39.966359147272904
      ],
      [
       116.34842430255073,
       39.96622374102591
      ]
     ],
     [
      [
       116.34842430255073,
       39.96622374102591
      ],
      [
       116.348476,
       39.9652447
      ],
      [
       116.3486519,
       39.9616997
      ]
     ],
     [
      [
       116.3488022,
       39.9616951
      ],
      [
       116.3486802,
       39.9641102
      ],
      [
       116.3485476,
       39.9658747
      ],
      [
       116.34853400084981,
       39.96622419815987
      ]
     ],
     [
      [
       116.34853400084981,
       39.96622419815987
      ],
      [
       116.34852870884801,
       39.966360202606396
      ]
     ],
     [
      [
       116.34852870884801,
       39.966360202606396
      ],
      [
       116.3485256,
       39.9664401
      ],
      [
       116.3483937,
       39.9698223
      ],
      [
       116.3482545,
       39.9726516
      ],
      [
       116.3482366,
       39.9738577
      ]
     ],
     [
      [
       116.3615477936173,
       39.93
      ],
      [
       116.3616743653772,
       39.93109583329352
      ]
     ],
     [
      [
       116.3616743653772,
       39.93109583329352
      ],
      [
       116.36168916679055,
       39.9312239810064
      ]
     ],
     [
      [
       116.36168916679055,
       39.9312239810064
      ],
      [
       116.3617759,
       39.9319749
      ],
      [
       116.3621641,
       39.9352221
      ],
      [
       116.36225,
       39.9383736
      ],
      [
       116.36251759898353,
       39.939359589513835
      ]
     ],
     [
      [
       116.36251759898353,
       39.939359589513835
      ],
      [
       116.36254113565246,
       39.93944631222281
      ]
     ],
     [
      [
       116.36254113565246,
       39.93944631222281
      ],
      [
       116.3625645,
       39.9395324
      ],
      [
       116.3628155,
       39.9400639
      ],
      [
       116.3631916,
       39.9405405
      ],
      [
       116.3642907,
       39.9412484
      ],
      [
       116.3654882,
       39.9420966
      ],
      [
       116.365664,
       39.9423795
      ],
      [
       116.3657927,
       39.9429388
      ],
      [
       116.3658678,
       39.9443659
      ],
      [
       116.3658891,
       39.9461548
      ],
      [
       116.36579393893733,
       39.947232209119456
      ]
     ],
     [
      [
       116.36579393893733,
       39.947232209119456
      ],
      [
       116.36578949368766,
       39.947282538029256
      ]
     ],
     [
      [
       116.36578949368766,
       39.947282538029256
      ],
      [
       116.3654468,
       39.9511625
      ],
      [
       116.3653393,
       39.9523119
      ],
      [
       116.3651322,
       39.9549126
      ],
      [
       116.3648377,
       39.9570644
      ],
      [
       116.3640436,
       39.96577
      ],
      [
       116.36393952921918,
       39.96661671325069
      ]
     ],
     [
      [
       116.36393952921918,
       39.96661671325069
      ],
      [
       116.36393398708016,
       39.966661803741175
      ]
     ],
     [
      [
       116.36393398708016,
       39.966661803741175
      ],
      [
       116.3639053,
       39.9668952
      ],
      [
       116.3637647328079,
       39.97485186650828
      ]
     ],
     [
      [
       116.3637647328079,
       39.97485186650828
      ],
      [
       116.36376260201124,
       39.97497247814017
      ]
     ],
     [
      [
       116.36376260201124,
       39.97497247814017
      ],
      [
       116.3637606,
       39.9750858
      ]
     ],
     [
      [
       116.36145221864976,
       39.93
      ],
      [
       116.36158338825001,
       39.93109305529272
      ]
     ],
     [
      [
       116.36158338825001,
       39.93109305529272
      ],
      [
       116.36159887541203,
       39.93122211205877
      ]
     ],
     [
      [
       116.36159887541203,
       39.93122211205877
      ],
      [
       116.3616889,
       39.9319723
      ],
      [
       116.3620646,
       39.9352263
      ],
      [
       116.3621504,
       39.938377
      ],
      [
       116.3624265324824,
       39.93936640815861
      ]
     ],
     [
      [
       116.3624265324824,
       39.93936640815861
      ],
      [
       116.36245072428807,
       39.939453089630064
      ]
     ],
     [
      [
       116.36245072428807,
       39.939453089630064
      ],
      [
       116.3624615,
       39.9394917
      ],
      [
       116.3627243,
       39.9401009
      ],
      [
       116.3631321,
       39.9406104
      ],
      [
       116.3642263,
       39.9413883
      ],
      [
       116.3653207,
       39.9421815
      ],
      [
       116.3654977,
       39.9424165
      ],
      [
       116.365664,
       39.9430293
      ],
      [
       116.3656747,
       39.9436956
      ],
      [
       116.3656908,
       39.9443495
      ],
      [
       116.3657626,
       39.946157
      ],
      [
       116.36566998562824,
       39.947221538308675
      ]
     ],
     [
      [
       116.36566998562824,
       39.947221538308675
      ],
      [
       116.36566573168028,
       39.947270434505604
      ]
     ],
     [
      [
       116.36566573168028,
       39.947270434505604
      ],
      [
       116.3653408,
       39.9510053
      ],
      [
       116.3653204,
       39.9512366
      ],
      [
       116.3652557,
       39.9523155
      ],
      [
       116.3647294,
       39.9571056
      ],
      [
       116.3642394,
       39.9628559
      ],
      [
       116.364224,
       39.9629937
      ],
      [
       116.3642071,
       39.9631682
      ],
      [
       116.3641675,
       39.9636586
      ],
      [
       116.3641463,
       39.9639333
      ],
      [
       116.36383285959332,
       39.96661324238957
      ]
     ],
     [
      [
       116.36383285959332,
       39.96661324238957
      ],
      [
       116.36382736935009,
       39.966660184440585
      ]
     ],
     [
      [
       116.36382736935009,
       39.966660184440585
      ],
      [
       116.3637969,
       39.9669207
      ],
      [
       116.36359580164057,
       39.974849665542244
      ]
     ],
     [
      [
       116.36359580164057,
       39.974849665542244
      ],
      [
       116.36359273394302,
       39.974970619627385
      ]
     ],
     [
      [
       116.36359273394302,
       39.974970619627385
      ],
      [
       116.3635898,
       39.9750863
      ]
     ],
     [
      [
       116.372,
       39.96681635753233
      ],
      [
       116.3672265,
       39.9667118
      ],
      [
       116.36393398708016,
       39.966661803741175
      ]
     ],
     [
      [
       116.36393398708016,
       39.966661803741175
      ],
      [
       116.3638613,
       39.9666607
      ],
      [
       116.36382736935009,
       39.966660184440585
      ]
     ],
     [
      [
       116.36382736935009,
       39.966660184440585
      ],
      [
       116.3611827,
       39.96662
      ],
      [
       116.3525608,
       39.9663984
      ],
      [
       116.3496595,
       39.9663709
      ],
      [
       116.34852870884801,
       39.966360202606396
      ]
     ],
     [
      [
       116.34852870884801,
       39.966360202606396
      ],
      [
       116.34841715253616,
       39.966359147272904
      ]
     ],
     [
      [
       116.34841715253616,
       39.966359147272904
      ],
      [
       116.3428731,
       39.9663067
      ],
      [
       116.33890675116429,
       39.96618763716535
      ]
     ],
     [
      [
       116.33890675116429,
       39.96618763716535
      ],
      [
       116.3388722,
       39.9661866
      ]
     ],
     [
      [
       116.3388722,
       39.9661866
      ],
      [
       116.337828,
       39.9661897
      ],
      [
       116.3338797,
       39.9662015
      ],
      [
       116.325,
       39.96613641719076
      ]
     ],
     [
      [
       116.3466388,
       39.9976539
      ],
      [
       116.3467224,
       39.9960535
      ],
      [
       116.3469352,
       39.9917675
      ],
      [
       116.3472065,
       39.9867982
      ],
      [
       116.3472656,
       39.9857157
      ],
      [
       116.3473211,
       39.9846992
      ],
      [
       116.3475027,
       39.9819599
      ],
      [
       116.347811,
       39.9772827
      ],
      [
       116.3478521,
       39.9769088
      ],
      [
       116.3479455,
       39.9765141
      ],
      [
       116.3480579,
       39.97557
      ],
      [
       116.3480884,
       39.9751746
      ],
      [
       116.34809892217017,
       39.97494994012217
      ]
     ],
     [
      [
       116.34809892217017,
       39.97494994012217
      ],
      [
       116.34810574785193,
       39.97480420432747
      ]
     ],
     [
      [
       116.34810574785193,
       39.97480420432747
      ],
      [
       116.3481203,
       39.9744935
      ],
      [
       116.3481576,
       39.9738563
      ]
     ],
     [
      [
       116.3482366,
       39.9738577
      ],
      [
       116.3482112,
       39.9744976
      ],
      [
       116.34817992715412,
       39.9748043964592
      ]
     ],
     [
      [
       116.34817992715412,
       39.9748043964592
      ],
      [
       116.34816508459483,
       39.974950006636604
      ]
     ],
     [
      [
       116.34816508459483,
       39.974950006636604
      ],
      [
       116.3479824,
       39.9767422
      ],
      [
       116.3478759,
       39.9771007
      ],
      [
       116.3478114,
       39.97807
      ],
      [
       116.3477339,
       39.9794078
      ],
      [
       116.3476597,
       39.9806589
      ],
      [
       116.3475791,
       39.9817889
      ],
      [
       116.3474418,
       39.9838162
      ],
      [
       116.3474049,
       39.9843613
      ],
      [
       116.3473717,
       39.9857271
      ],
      [
       116.3473132,
       39.9868023
      ],
      [
       116.3473036,
       39.9869693
      ],
      [
       116.3470445,
       39.9916932
      ],
      [
       116.3467167,
       39.9976516
      ]
     ],
     [
      [
       116.3464587,
       40.001102
      ],
      [
       116.34652982875268,
       39.99974023058808
      ]
     ],
     [
      [
       116.34652982875268,
       39.99974023058808
      ],
      [
       116.34653734447663,
       39.9995963410553
      ]
     ],
     [
      [
       116.34653734447663,
       39.9995963410553
      ],
      [
       116.3465717,
       39.9989386
      ],
      [
       116.3466388,
       39.9976539
      ]
     ],
     [
      [
       116.3467167,
       39.9976516
      ],
      [
       116.3466457,
       39.998942
      ],
      [
       116.34661514860187,
       39.999598566265455
      ]
     ],
     [
      [
       116.34661514860187,
       39.999598566265455
      ],
      [
       116.34660843847661,
       39.9997427705294
      ]
     ],
     [
      [
       116.34660843847661,
       39.9997427705294
      ],
      [
       116.3465452,
       40.0011018
      ]
     ]
    ]
   }
  },
  {
   "type": "Feature",
   "id": "BASE-WATER-AREA",
   "properties": {
    "id": "BASE-WATER-AREA",
    "layer": "EXISTING_WATER",
    "name_zh": "现状水面（OSM简化提取）",
    "name_en": "Existing water bodies (OSM extract)",
    "source_type": "osm",
    "confidence": "medium",
    "geometry_role": "existing_condition",
    "official_boundary": false,
    "license_note": "Base data (c) OpenStreetMap contributors, ODbL; retrieved 2026-08-17 via Overpass API; simplified context extract, not a survey basemap."
   },
   "geometry": {
    "type": "MultiPolygon",
    "coordinates": [
     [
      [
       [
        116.3261798,
        39.9387448
       ],
       [
        116.3261998,
        39.9386173
       ],
       [
        116.3260547,
        39.9385569
       ],
       [
        116.3258651,
        39.9386305
       ],
       [
        116.3259258,
        39.9387584
       ],
       [
        116.3260595,
        39.9387316
       ],
       [
        116.3261798,
        39.9387448
       ]
      ]
     ],
     [
      [
       [
        116.3340862,
        39.9400405
       ],
       [
        116.334449,
        39.9400856
       ],
       [
        116.334624,
        39.9400179
       ],
       [
        116.3347499,
        39.9400241
       ],
       [
        116.3348641,
        39.9400699
       ],
       [
        116.3349509,
        39.9401617
       ],
       [
        116.3349628,
        39.9402854
       ],
       [
        116.3350088,
        39.9403654
       ],
       [
        116.3351764,
        39.9403944
       ],
       [
        116.3352445,
        39.9403664
       ],
       [
        116.335317,
        39.9403859
       ],
       [
        116.3354829,
        39.9403239
       ],
       [
        116.3355509,
        39.9399767
       ],
       [
        116.3354952,
        39.939927
       ],
       [
        116.335345,
        39.9399147
       ],
       [
        116.3350739,
        39.9398862
       ],
       [
        116.3348174,
        39.9398002
       ],
       [
        116.3347245,
        39.9397485
       ],
       [
        116.3345497,
        39.9397142
       ],
       [
        116.3343628,
        39.9396636
       ],
       [
        116.334356,
        39.9395512
       ],
       [
        116.3344724,
        39.9395449
       ],
       [
        116.3344901,
        39.9394931
       ],
       [
        116.3343445,
        39.9394047
       ],
       [
        116.3342309,
        39.9393803
       ],
       [
        116.3340179,
        39.9393719
       ],
       [
        116.3340107,
        39.9394352
       ],
       [
        116.3339891,
        39.939527
       ],
       [
        116.3339896,
        39.9396251
       ],
       [
        116.3339896,
        39.9397402
       ],
       [
        116.3339645,
        39.9398672
       ],
       [
        116.3339574,
        39.939987
       ],
       [
        116.3340862,
        39.9400405
       ]
      ]
     ],
     [
      [
       [
        116.331937,
        39.9400481
       ],
       [
        116.3319074,
        39.9399987
       ],
       [
        116.3317814,
        39.9399859
       ],
       [
        116.3317358,
        39.9400275
       ],
       [
        116.3317224,
        39.94012
       ],
       [
        116.3317331,
        39.9402188
       ],
       [
        116.3318055,
        39.9402928
       ],
       [
        116.3319048,
        39.9402948
       ],
       [
        116.3319316,
        39.9402804
       ],
       [
        116.3319504,
        39.9402229
       ],
       [
        116.3319289,
        39.9401941
       ],
       [
        116.3318887,
        39.9400995
       ],
       [
        116.331937,
        39.9400481
       ]
      ]
     ],
     [
      [
       [
        116.3322554,
        39.9404866
       ],
       [
        116.3323466,
        39.9405195
       ],
       [
        116.332411,
        39.9404907
       ],
       [
        116.3324324,
        39.9404249
       ],
       [
        116.3324512,
        39.940355
       ],
       [
        116.3324298,
        39.9402954
       ],
       [
        116.3323868,
        39.940246
       ],
       [
        116.3323332,
        39.9402193
       ],
       [
        116.3322313,
        39.940244
       ],
       [
        116.3321347,
        39.9402625
       ],
       [
        116.3320489,
        39.9402666
       ],
       [
        116.3320221,
        39.9402481
       ],
       [
        116.331955,
        39.9403242
       ],
       [
        116.3319309,
        39.9403776
       ],
       [
        116.3319845,
        39.9404373
       ],
       [
        116.3320489,
        39.940464
       ],
       [
        116.3321642,
        39.9404661
       ],
       [
        116.3322554,
        39.9404866
       ]
      ]
     ],
     [
      [
       [
        116.336522,
        39.9508822
       ],
       [
        116.3365794,
        39.9508437
       ],
       [
        116.336583,
        39.9507955
       ],
       [
        116.336601,
        39.9506909
       ],
       [
        116.3366154,
        39.9505946
       ],
       [
        116.3366441,
        39.9505464
       ],
       [
        116.3366997,
        39.9504335
       ],
       [
        116.336689,
        39.9503619
       ],
       [
        116.3366638,
        39.9503151
       ],
       [
        116.3366172,
        39.9503151
       ],
       [
        116.3365364,
        39.9503193
       ],
       [
        116.3364017,
        39.9502959
       ],
       [
        116.3363155,
        39.950278
       ],
       [
        116.3362473,
        39.9502821
       ],
       [
        116.3362024,
        39.9503303
       ],
       [
        116.3361058,
        39.9505207
       ],
       [
        116.3360795,
        39.9506696
       ],
       [
        116.3360677,
        39.9507623
       ],
       [
        116.336076,
        39.9508277
       ],
       [
        116.3360914,
        39.950874
       ],
       [
        116.336197,
        39.9508643
       ],
       [
        116.3362347,
        39.9508726
       ],
       [
        116.3363191,
        39.9508712
       ],
       [
        116.3363712,
        39.9508891
       ],
       [
        116.3364466,
        39.950907
       ],
       [
        116.336522,
        39.9508822
       ]
      ]
     ],
     [
      [
       [
        116.3405012,
        39.9785687
       ],
       [
        116.3404139,
        39.9785685
       ],
       [
        116.3404152,
        39.9786038
       ],
       [
        116.3404517,
        39.9786038
       ],
       [
        116.3404539,
        39.9785926
       ],
       [
        116.3404769,
        39.9785939
       ],
       [
        116.3404777,
        39.9785828
       ],
       [
        116.3405014,
        39.9785832
       ],
       [
        116.3405012,
        39.9785687
       ]
      ]
     ],
     [
      [
       [
        116.3404981,
        39.9786273
       ],
       [
        116.3404098,
        39.9786269
       ],
       [
        116.3404086,
        39.9786626
       ],
       [
        116.3404416,
        39.9786628
       ],
       [
        116.3404418,
        39.9786531
       ],
       [
        116.3404688,
        39.9786534
       ],
       [
        116.3404684,
        39.9786439
       ],
       [
        116.3404964,
        39.9786437
       ],
       [
        116.3404981,
        39.9786273
       ]
      ]
     ],
     [
      [
       [
        116.3287246,
        39.9870674
       ],
       [
        116.3288011,
        39.987053
       ],
       [
        116.3288681,
        39.9870171
       ],
       [
        116.3289285,
        39.9869688
       ],
       [
        116.3290049,
        39.9869266
       ],
       [
        116.3290519,
        39.9868999
       ],
       [
        116.3292034,
        39.9868527
       ],
       [
        116.3293831,
        39.9868383
       ],
       [
        116.3293308,
        39.9867653
       ],
       [
        116.3291752,
        39.9867283
       ],
       [
        116.3290974,
        39.9867252
       ],
       [
        116.329013,
        39.9867766
       ],
       [
        116.3289486,
        39.9868301
       ],
       [
        116.3288869,
        39.9868598
       ],
       [
        116.328861,
        39.9868678
       ],
       [
        116.3287863,
        39.9868917
       ],
       [
        116.3287112,
        39.9868968
       ],
       [
        116.3286066,
        39.9869092
       ],
       [
        116.3285221,
        39.9869287
       ],
       [
        116.3284644,
        39.9869492
       ],
       [
        116.3284269,
        39.9869893
       ],
       [
        116.3283826,
        39.9870068
       ],
       [
        116.3283196,
        39.9870551
       ],
       [
        116.3282861,
        39.9871126
       ],
       [
        116.328266,
        39.9871548
       ],
       [
        116.3282539,
        39.9871907
       ],
       [
        116.3282676,
        39.9872301
       ],
       [
        116.328333,
        39.9872698
       ],
       [
        116.3284135,
        39.9872719
       ],
       [
        116.3284618,
        39.987202
       ],
       [
        116.3284805,
        39.9871352
       ],
       [
        116.3285758,
        39.9870818
       ],
       [
        116.3286442,
        39.9870726
       ],
       [
        116.3287246,
        39.9870674
       ]
      ]
     ],
     [
      [
       [
        116.3336437,
        39.9910215
       ],
       [
        116.333628,
        39.9913126
       ],
       [
        116.3337284,
        39.9913154
       ],
       [
        116.3337483,
        39.9910215
       ],
       [
        116.3336437,
        39.9910215
       ]
      ]
     ],
     [
      [
       [
        116.3271731,
        40.0070716
       ],
       [
        116.3271934,
        40.0071526
       ],
       [
        116.3272845,
        40.0072093
       ],
       [
        116.3273452,
        40.0072277
       ],
       [
        116.3274054,
        40.0071824
       ],
       [
        116.3273981,
        40.0070642
       ],
       [
        116.3273218,
        40.0069861
       ],
       [
        116.327251,
        40.0069705
       ],
       [
        116.3271889,
        40.0069924
       ],
       [
        116.3271731,
        40.0070716
       ]
      ]
     ],
     [
      [
       [
        116.3274068,
        40.0139405
       ],
       [
        116.3275116,
        40.013947
       ],
       [
        116.3277098,
        40.0139557
       ],
       [
        116.3279051,
        40.0139579
       ],
       [
        116.32816,
        40.0139535
       ],
       [
        116.3282562,
        40.0138798
       ],
       [
        116.3282053,
        40.0138321
       ],
       [
        116.3280212,
        40.0137844
       ],
       [
        116.3279306,
        40.013754
       ],
       [
        116.3277664,
        40.0137475
       ],
       [
        116.3275002,
        40.013767
       ],
       [
        116.3273077,
        40.0137866
       ],
       [
        116.3271237,
        40.0138169
       ],
       [
        116.3269028,
        40.0138104
       ],
       [
        116.3267329,
        40.0138061
       ],
       [
        116.3266282,
        40.0138516
       ],
       [
        116.3265687,
        40.0139947
       ],
       [
        116.3265432,
        40.0141292
       ],
       [
        116.3265348,
        40.0142875
       ],
       [
        116.3265432,
        40.0144241
       ],
       [
        116.3266197,
        40.0144935
       ],
       [
        116.3267471,
        40.0143027
       ],
       [
        116.3268434,
        40.0141747
       ],
       [
        116.3269142,
        40.0140923
       ],
       [
        116.3270529,
        40.0139861
       ],
       [
        116.3272001,
        40.0139449
       ],
       [
        116.3274068,
        40.0139405
       ]
      ]
     ],
     [
      [
       [
        116.3503672,
        40.0143168
       ],
       [
        116.3503922,
        40.0142794
       ],
       [
        116.3504662,
        40.0142593
       ],
       [
        116.3505031,
        40.014273
       ],
       [
        116.350558,
        40.0142438
       ],
       [
        116.3505639,
        40.0142155
       ],
       [
        116.3505925,
        40.0141798
       ],
       [
        116.3506414,
        40.0141442
       ],
       [
        116.3507308,
        40.014126
       ],
       [
        116.3508023,
        40.0141378
       ],
       [
        116.3508524,
        40.0141561
       ],
       [
        116.3509025,
        40.0141579
       ],
       [
        116.3509108,
        40.0141415
       ],
       [
        116.3509466,
        40.0141141
       ],
       [
        116.3509156,
        40.0140228
       ],
       [
        116.3503946,
        40.0141214
       ],
       [
        116.3503815,
        40.0141607
       ],
       [
        116.350366,
        40.0142282
       ],
       [
        116.3503148,
        40.0142784
       ],
       [
        116.3502265,
        40.0142967
       ],
       [
        116.3501312,
        40.0142748
       ],
       [
        116.3500954,
        40.0143341
       ],
       [
        116.350192,
        40.0143688
       ],
       [
        116.3502373,
        40.0143506
       ],
       [
        116.3503052,
        40.0143506
       ],
       [
        116.3503326,
        40.0143634
       ],
       [
        116.3503684,
        40.014346
       ],
       [
        116.3503672,
        40.0143168
       ]
      ]
     ],
     [
      [
       [
        116.3277579,
        40.0145911
       ],
       [
        116.3279136,
        40.0145694
       ],
       [
        116.328041,
        40.0144913
       ],
       [
        116.3281798,
        40.0144306
       ],
       [
        116.3282534,
        40.0143135
       ],
       [
        116.3282279,
        40.0141986
       ],
       [
        116.3281543,
        40.0140836
       ],
       [
        116.3278712,
        40.0140598
       ],
       [
        116.3276333,
        40.0140663
       ],
       [
        116.327404,
        40.0141032
       ],
       [
        116.3270897,
        40.0141595
       ],
       [
        116.3269283,
        40.0142723
       ],
       [
        116.3270982,
        40.014333
       ],
       [
        116.3272256,
        40.0143569
       ],
       [
        116.3274181,
        40.0143959
       ],
       [
        116.3275484,
        40.0144241
       ],
       [
        116.3276843,
        40.014461
       ],
       [
        116.3277579,
        40.0145911
       ]
      ]
     ],
     [
      [
       [
        116.3267754,
        40.0149438
       ],
       [
        116.326805,
        40.0148787
       ],
       [
        116.326821,
        40.0148249
       ],
       [
        116.3267471,
        40.0147286
       ],
       [
        116.3266776,
        40.0146199
       ],
       [
        116.3266182,
        40.014669
       ],
       [
        116.3266596,
        40.014773
       ],
       [
        116.3266719,
        40.0148136
       ],
       [
        116.3265745,
        40.0149146
       ],
       [
        116.3265326,
        40.0149892
       ],
       [
        116.3265782,
        40.0150392
       ],
       [
        116.3266694,
        40.0150637
       ],
       [
        116.3267348,
        40.0150382
       ],
       [
        116.3267754,
        40.0149438
       ]
      ]
     ],
     [
      [
       [
        116.3250619,
        40.0171777
       ],
       [
        116.325,
        40.01715161669612
       ],
       [
        116.325,
        40.01756065005192
       ],
       [
        116.3250223,
        40.0175506
       ],
       [
        116.3250818,
        40.0174877
       ],
       [
        116.3251384,
        40.0174205
       ],
       [
        116.325161,
        40.0173251
       ],
       [
        116.3251582,
        40.017234
       ],
       [
        116.3250619,
        40.0171777
       ]
      ]
     ],
     [
      [
       [
        116.3257897,
        40.0191522
       ],
       [
        116.3258653,
        40.0188739
       ],
       [
        116.3258569,
        40.0188047
       ],
       [
        116.3257918,
        40.0187565
       ],
       [
        116.3256846,
        40.0187565
       ],
       [
        116.3255985,
        40.0187999
       ],
       [
        116.3255208,
        40.0190461
       ],
       [
        116.3253023,
        40.019141
       ],
       [
        116.3252246,
        40.0191265
       ],
       [
        116.3251615,
        40.0190831
       ],
       [
        116.3250838,
        40.0189479
       ],
       [
        116.325,
        40.018924559952794
       ],
       [
        116.325,
        40.01911815125372
       ],
       [
        116.325046,
        40.0191603
       ],
       [
        116.325422,
        40.0193936
       ],
       [
        116.3256006,
        40.0194595
       ],
       [
        116.3257518,
        40.0194434
       ],
       [
        116.3257981,
        40.0193807
       ],
       [
        116.3257897,
        40.0191522
       ]
      ]
     ],
     [
      [
       [
        116.3437173,
        40.0222486
       ],
       [
        116.3437596,
        40.0224041
       ],
       [
        116.3438357,
        40.0225305
       ],
       [
        116.3439711,
        40.022754
       ],
       [
        116.3440558,
        40.0229225
       ],
       [
        116.3441404,
        40.0232206
       ],
       [
        116.3441362,
        40.0234021
       ],
       [
        116.3441235,
        40.0235641
       ],
       [
        116.344115,
        40.0237358
       ],
       [
        116.3441054,
        40.0237865
       ],
       [
        116.3441175,
        40.0238869
       ],
       [
        116.3441446,
        40.0239432
       ],
       [
        116.3442165,
        40.0240792
       ],
       [
        116.3442462,
        40.0242218
       ],
       [
        116.3442462,
        40.0244227
       ],
       [
        116.3441996,
        40.0245977
       ],
       [
        116.3442624,
        40.0246227
       ],
       [
        116.3442969,
        40.0246139
       ],
       [
        116.3443392,
        40.0245199
       ],
       [
        116.3443562,
        40.0242996
       ],
       [
        116.3443562,
        40.0240663
       ],
       [
        116.3444027,
        40.0238946
       ],
       [
        116.3443773,
        40.0237164
       ],
       [
        116.3443054,
        40.0235738
       ],
       [
        116.3442715,
        40.0232206
       ],
       [
        116.3441573,
        40.0228415
       ],
       [
        116.3439584,
        40.0224884
       ],
       [
        116.3438823,
        40.0223555
       ],
       [
        116.3438484,
        40.0220931
       ],
       [
        116.3438484,
        40.0220056
       ],
       [
        116.3440896,
        40.0215001
       ],
       [
        116.3442546,
        40.0212538
       ],
       [
        116.34439,
        40.0210335
       ],
       [
        116.3452193,
        40.0196823
       ],
       [
        116.3451441,
        40.0196625
       ],
       [
        116.3450458,
        40.0196467
       ],
       [
        116.3442589,
        40.0209525
       ],
       [
        116.344172,
        40.0210992
       ],
       [
        116.3440092,
        40.021377
       ],
       [
        116.3439161,
        40.0215325
       ],
       [
        116.3437003,
        40.0220056
       ],
       [
        116.3436961,
        40.0220898
       ],
       [
        116.3437173,
        40.0222486
       ]
      ]
     ],
     [
      [
       [
        116.3373726,
        40.0246467
       ],
       [
        116.338729,
        40.0248289
       ],
       [
        116.3389742,
        40.024826
       ],
       [
        116.3409289,
        40.0250821
       ],
       [
        116.3410366,
        40.0250736
       ],
       [
        116.3423335,
        40.0252671
       ],
       [
        116.3430072,
        40.0253607
       ],
       [
        116.3434595,
        40.0254236
       ],
       [
        116.3436899,
        40.0254151
       ],
       [
        116.3455145,
        40.0256939
       ],
       [
        116.3460124,
        40.0258504
       ],
       [
        116.3462094,
        40.0258846
       ],
       [
        116.3485133,
        40.0261976
       ],
       [
        116.3503342,
        40.0264765
       ],
       [
        116.3513338,
        40.0266187
       ],
       [
        116.3515233,
        40.0266671
       ],
       [
        116.3518652,
        40.0267155
       ],
       [
        116.3518912,
        40.0267383
       ],
       [
        116.3522591,
        40.0268037
       ],
       [
        116.3558005,
        40.0270655
       ],
       [
        116.3571234,
        40.027185
       ],
       [
        116.3577998,
        40.0272704
       ],
       [
        116.3599031,
        40.0276659
       ],
       [
        116.3651836,
        40.0286931
       ],
       [
        116.3688625,
        40.0294073
       ],
       [
        116.3713857,
        40.0298939
       ],
       [
        116.3718948,
        40.0299821
       ],
       [
        116.372,
        40.02999030523299
       ],
       [
        116.372,
        40.02949654259073
       ],
       [
        116.3712036,
        40.0293675
       ],
       [
        116.3688625,
        40.0289008
       ],
       [
        116.3664953,
        40.0284484
       ],
       [
        116.3656927,
        40.0283346
       ],
       [
        116.3653657,
        40.0283061
       ],
       [
        116.3651724,
        40.028235
       ],
       [
        116.3650349,
        40.0281525
       ],
       [
        116.3617797,
        40.0275094
       ],
       [
        116.3582717,
        40.0268549
       ],
       [
        116.356841,
        40.0266842
       ],
       [
        116.3567333,
        40.0266614
       ],
       [
        116.3552394,
        40.0265362
       ],
       [
        116.3525378,
        40.0263285
       ],
       [
        116.3516051,
        40.0262118
       ],
       [
        116.3463655,
        40.0254151
       ],
       [
        116.3456483,
        40.0253638
       ],
       [
        116.344177,
        40.0251503
       ],
       [
        116.3442265,
        40.0250745
       ],
       [
        116.3441434,
        40.0250604
       ],
       [
        116.3440851,
        40.0250506
       ],
       [
        116.3440452,
        40.0251303
       ],
       [
        116.3437531,
        40.0250878
       ],
       [
        116.3435859,
        40.0250309
       ],
       [
        116.3431051,
        40.0249311
       ],
       [
        116.342969,
        40.0249028
       ],
       [
        116.3410924,
        40.0245927
       ],
       [
        116.3365216,
        40.0239325
       ],
       [
        116.3335748,
        40.0234743
       ],
       [
        116.3326978,
        40.0233064
       ],
       [
        116.3317242,
        40.0230731
       ],
       [
        116.3305834,
        40.0227714
       ],
       [
        116.3287514,
        40.0221995
       ],
       [
        116.3254255,
        40.0211579
       ],
       [
        116.325,
        40.0210243594604
       ],
       [
        116.325,
        40.02161778105219
       ],
       [
        116.3257674,
        40.021858
       ],
       [
        116.3288926,
        40.0228312
       ],
       [
        116.3305611,
        40.0233434
       ],
       [
        116.3318394,
        40.0236906
       ],
       [
        116.3329728,
        40.023941
       ],
       [
        116.3341545,
        40.0241459
       ],
       [
        116.3373726,
        40.0246467
       ]
      ]
     ],
     [
      [
       [
        116.3693389,
        39.9425645
       ],
       [
        116.3692756,
        39.9425291
       ],
       [
        116.3689875,
        39.9425126
       ],
       [
        116.3689447,
        39.9426329
       ],
       [
        116.3689684,
        39.9427481
       ],
       [
        116.3688788,
        39.9429976
       ],
       [
        116.3688818,
        39.9431139
       ],
       [
        116.3689717,
        39.9432265
       ],
       [
        116.3691085,
        39.9433279
       ],
       [
        116.3692541,
        39.9433723
       ],
       [
        116.3693131,
        39.9434463
       ],
       [
        116.3693131,
        39.9435121
       ],
       [
        116.3693443,
        39.9435849
       ],
       [
        116.3693438,
        39.9436665
       ],
       [
        116.3693594,
        39.9437583
       ],
       [
        116.3694312,
        39.9438082
       ],
       [
        116.3695383,
        39.943819
       ],
       [
        116.3695598,
        39.9436904
       ],
       [
        116.3694629,
        39.9435924
       ],
       [
        116.3694569,
        39.9435063
       ],
       [
        116.3694043,
        39.943434
       ],
       [
        116.3694151,
        39.943364
       ],
       [
        116.3693697,
        39.9433145
       ],
       [
        116.3692649,
        39.9432777
       ],
       [
        116.3690955,
        39.9431399
       ],
       [
        116.3691533,
        39.9429629
       ],
       [
        116.3691545,
        39.9428431
       ],
       [
        116.3691905,
        39.9427421
       ],
       [
        116.369297,
        39.9427019
       ],
       [
        116.3695867,
        39.942817
       ],
       [
        116.3698067,
        39.9428417
       ],
       [
        116.3699612,
        39.9427784
       ],
       [
        116.3700395,
        39.9426272
       ],
       [
        116.3700032,
        39.9425172
       ],
       [
        116.3699403,
        39.9424314
       ],
       [
        116.369847,
        39.9424581
       ],
       [
        116.3697783,
        39.9425341
       ],
       [
        116.3698549,
        39.9426279
       ],
       [
        116.3698871,
        39.942706
       ],
       [
        116.369811,
        39.9427907
       ],
       [
        116.3696071,
        39.9427743
       ],
       [
        116.3693228,
        39.9426714
       ],
       [
        116.3693389,
        39.9425645
       ]
      ]
     ],
     [
      [
       [
        116.3510724,
        39.9465258
       ],
       [
        116.3535858,
        39.9464115
       ],
       [
        116.3538582,
        39.9464118
       ],
       [
        116.3539917,
        39.9462536
       ],
       [
        116.3534546,
        39.9462024
       ],
       [
        116.3512818,
        39.946335
       ],
       [
        116.3508418,
        39.9464374
       ],
       [
        116.3509237,
        39.9465561
       ],
       [
        116.3510724,
        39.9465258
       ]
      ]
     ],
     [
      [
       [
        116.3671233,
        39.9478733
       ],
       [
        116.3661557,
        39.9477189
       ],
       [
        116.3652609,
        39.9475341
       ],
       [
        116.3635174,
        39.94721
       ],
       [
        116.3619919,
        39.9468657
       ],
       [
        116.3602385,
        39.9462886
       ],
       [
        116.360113,
        39.946481
       ],
       [
        116.3613843,
        39.9469037
       ],
       [
        116.3627943,
        39.9472379
       ],
       [
        116.3650958,
        39.9476733
       ],
       [
        116.3665619,
        39.9479517
       ],
       [
        116.3676714,
        39.9481011
       ],
       [
        116.3679025,
        39.9481214
       ],
       [
        116.3696922,
        39.9482327
       ],
       [
        116.3710362,
        39.9483467
       ],
       [
        116.3712635,
        39.9483769
       ],
       [
        116.371457,
        39.9484355
       ],
       [
        116.3717695,
        39.9486172
       ],
       [
        116.3719951,
        39.94873
       ],
       [
        116.372,
        39.9487323713538
       ],
       [
        116.372,
        39.948551684445036
       ],
       [
        116.3718914,
        39.9484985
       ],
       [
        116.3714655,
        39.9482682
       ],
       [
        116.3710989,
        39.9481821
       ],
       [
        116.369722,
        39.9480707
       ],
       [
        116.3679389,
        39.9479644
       ],
       [
        116.3671233,
        39.9478733
       ]
      ]
     ],
     [
      [
       [
        116.3667573,
        39.958797
       ],
       [
        116.3667256,
        39.9588125
       ],
       [
        116.3667133,
        39.9588253
       ],
       [
        116.3667111,
        39.9588431
       ],
       [
        116.366739,
        39.9588584
       ],
       [
        116.3667695,
        39.9588749
       ],
       [
        116.3668095,
        39.9588862
       ],
       [
        116.3668325,
        39.9588824
       ],
       [
        116.366839,
        39.9588628
       ],
       [
        116.366855,
        39.9588488
       ],
       [
        116.3668672,
        39.9588254
       ],
       [
        116.3668451,
        39.9588025
       ],
       [
        116.3668027,
        39.9587941
       ],
       [
        116.3667573,
        39.958797
       ]
      ]
     ],
     [
      [
       [
        116.3640643,
        39.9746035
       ],
       [
        116.3633088,
        39.9745987
       ],
       [
        116.3619829,
        39.9745904
       ],
       [
        116.3596139,
        39.9745542
       ],
       [
        116.3592964,
        39.9745537
       ],
       [
        116.3573051,
        39.9745509
       ],
       [
        116.3530779,
        39.9745049
       ],
       [
        116.3490868,
        39.9744259
       ],
       [
        116.3485085,
        39.9744969
       ],
       [
        116.3478572,
        39.9745249
       ],
       [
        116.3476049,
        39.9744818
       ],
       [
        116.3473506,
        39.9743895
       ],
       [
        116.3471875,
        39.9742188
       ],
       [
        116.3471071,
        39.9739952
       ],
       [
        116.3471185,
        39.9737829
       ],
       [
        116.3471698,
        39.9728078
       ],
       [
        116.3472182,
        39.9719332
       ],
       [
        116.3472966,
        39.9707135
       ],
       [
        116.3473079,
        39.9699345
       ],
       [
        116.3473722,
        39.9687452
       ],
       [
        116.347467,
        39.9680986
       ],
       [
        116.3475443,
        39.9674401
       ],
       [
        116.3475681,
        39.9672221
       ],
       [
        116.3475347,
        39.9667216
       ],
       [
        116.3475865,
        39.9659142
       ],
       [
        116.3476204,
        39.9655944
       ],
       [
        116.3476963,
        39.9649654
       ],
       [
        116.3476777,
        39.9647729
       ],
       [
        116.3476093,
        39.9642599
       ],
       [
        116.347628,
        39.9637749
       ],
       [
        116.3476356,
        39.9635801
       ],
       [
        116.3476906,
        39.9629877
       ],
       [
        116.3477243,
        39.9622856
       ],
       [
        116.3477659,
        39.9615204
       ],
       [
        116.347812,
        39.9606231
       ],
       [
        116.3478401,
        39.9600067
       ],
       [
        116.3478777,
        39.959305
       ],
       [
        116.3479152,
        39.9583941
       ],
       [
        116.3478874,
        39.9583427
       ],
       [
        116.347854,
        39.9583343
       ],
       [
        116.3478217,
        39.9583293
       ],
       [
        116.3477741,
        39.9584143
       ],
       [
        116.3477113,
        39.9596047
       ],
       [
        116.3476947,
        39.9600046
       ],
       [
        116.3476692,
        39.9606418
       ],
       [
        116.3476399,
        39.9606612
       ],
       [
        116.3476361,
        39.960747
       ],
       [
        116.347654,
        39.9608053
       ],
       [
        116.3475982,
        39.9617331
       ],
       [
        116.3475589,
        39.9625419
       ],
       [
        116.3475007,
        39.9634867
       ],
       [
        116.3474883,
        39.9639956
       ],
       [
        116.3474643,
        39.9642867
       ],
       [
        116.3475775,
        39.9648191
       ],
       [
        116.3475862,
        39.9652204
       ],
       [
        116.3474808,
        39.9658261
       ],
       [
        116.3474567,
        39.9666219
       ],
       [
        116.34744,
        39.9671559
       ],
       [
        116.3473715,
        39.9678574
       ],
       [
        116.3472658,
        39.9684845
       ],
       [
        116.3472104,
        39.968744
       ],
       [
        116.3471711,
        39.9699065
       ],
       [
        116.3471399,
        39.9707062
       ],
       [
        116.3470972,
        39.9719705
       ],
       [
        116.347068,
        39.9728046
       ],
       [
        116.3469869,
        39.9738561
       ],
       [
        116.3470166,
        39.9740571
       ],
       [
        116.3470958,
        39.9743414
       ],
       [
        116.3472034,
        39.9744575
       ],
       [
        116.347468,
        39.9745714
       ],
       [
        116.3478369,
        39.9746375
       ],
       [
        116.3484643,
        39.9746342
       ],
       [
        116.3491555,
        39.9745936
       ],
       [
        116.3592835,
        39.974685
       ],
       [
        116.3597043,
        39.9746888
       ],
       [
        116.3632877,
        39.9747211
       ],
       [
        116.3640768,
        39.9747282
       ],
       [
        116.3699437,
        39.9747811
       ],
       [
        116.3714757,
        39.974791
       ],
       [
        116.3714823,
        39.9747439
       ],
       [
        116.3714929,
        39.9746693
       ],
       [
        116.3685317,
        39.9746298
       ],
       [
        116.3666692,
        39.9746232
       ],
       [
        116.3640643,
        39.9746035
       ]
      ]
     ],
     [
      [
       [
        116.369254,
        39.9811998
       ],
       [
        116.368946,
        39.9811983
       ],
       [
        116.3689402,
        39.9813185
       ],
       [
        116.3693564,
        39.981326
       ],
       [
        116.369254,
        39.9811998
       ]
      ]
     ],
     [
      [
       [
        116.3719582,
        40.0066703
       ],
       [
        116.371954,
        40.006737
       ],
       [
        116.3717856,
        40.006736
       ],
       [
        116.3717654,
        40.0071023
       ],
       [
        116.3718466,
        40.0071085
       ],
       [
        116.3718734,
        40.0068312
       ],
       [
        116.3719496,
        40.006793
       ],
       [
        116.372,
        40.00679065714286
       ],
       [
        116.372,
        40.00666861564809
       ],
       [
        116.3719582,
        40.0066703
       ]
      ]
     ],
     [
      [
       [
        116.3706154,
        40.0070651
       ],
       [
        116.3705445,
        40.0070592
       ],
       [
        116.3705575,
        40.0072202
       ],
       [
        116.3706841,
        40.0072164
       ],
       [
        116.3707608,
        40.007186
       ],
       [
        116.3707691,
        40.0071688
       ],
       [
        116.3707437,
        40.007115
       ],
       [
        116.3707114,
        40.0070857
       ],
       [
        116.3706154,
        40.0070651
       ]
      ]
     ],
     [
      [
       [
        116.347273,
        40.0166286
       ],
       [
        116.3479039,
        40.0157526
       ],
       [
        116.3484415,
        40.0149522
       ],
       [
        116.3488502,
        40.0142358
       ],
       [
        116.3490806,
        40.0138514
       ],
       [
        116.3494537,
        40.0132211
       ],
       [
        116.3500928,
        40.0122925
       ],
       [
        116.3501943,
        40.0121371
       ],
       [
        116.3506195,
        40.0114312
       ],
       [
        116.3507978,
        40.0111013
       ],
       [
        116.3510638,
        40.0106055
       ],
       [
        116.3519005,
        40.0089226
       ],
       [
        116.3527288,
        40.0072607
       ],
       [
        116.3527755,
        40.0071305
       ],
       [
        116.3527755,
        40.0071137
       ],
       [
        116.3530031,
        40.0065989
       ],
       [
        116.3530333,
        40.0064476
       ],
       [
        116.3530717,
        40.0063384
       ],
       [
        116.3531897,
        40.0061703
       ],
       [
        116.3532226,
        40.0061178
       ],
       [
        116.3534749,
        40.0058005
       ],
       [
        116.3542896,
        40.0049664
       ],
       [
        116.3549507,
        40.0042709
       ],
       [
        116.3553841,
        40.0038212
       ],
       [
        116.3554636,
        40.0037393
       ],
       [
        116.3570792,
        40.0024009
       ],
       [
        116.357167,
        40.0023252
       ],
       [
        116.3578802,
        40.0016087
       ],
       [
        116.3587086,
        40.0007892
       ],
       [
        116.3597153,
        39.9997554
       ],
       [
        116.3595205,
        39.9997155
       ],
       [
        116.3589911,
        40.0002429
       ],
       [
        116.3582862,
        40.0009489
       ],
       [
        116.3574523,
        40.0017915
       ],
       [
        116.3570902,
        40.0021634
       ],
       [
        116.356975,
        40.0022664
       ],
       [
        116.356602,
        40.0025753
       ],
       [
        116.3556255,
        40.0033779
       ],
       [
        116.3552579,
        40.003712
       ],
       [
        116.3548026,
        40.0041826
       ],
       [
        116.3542567,
        40.0047689
       ],
       [
        116.3536615,
        40.0053824
       ],
       [
        116.353442,
        40.0055967
       ],
       [
        116.3533104,
        40.0057396
       ],
       [
        116.3531129,
        40.0059707
       ],
       [
        116.3529675,
        40.0062333
       ],
       [
        116.3529593,
        40.0063005
       ],
       [
        116.3529209,
        40.0063888
       ],
       [
        116.3528194,
        40.0065001
       ],
       [
        116.3527508,
        40.0066535
       ],
       [
        116.3525423,
        40.0070758
       ],
       [
        116.352194,
        40.0077923
       ],
       [
        116.3519498,
        40.0083049
       ],
       [
        116.3514808,
        40.0093029
       ],
       [
        116.3509761,
        40.0102946
       ],
       [
        116.3504823,
        40.011198
       ],
       [
        116.3499474,
        40.0120614
       ],
       [
        116.3495771,
        40.0126098
       ],
       [
        116.3488914,
        40.0136833
       ],
       [
        116.3486527,
        40.0141098
       ],
       [
        116.3485485,
        40.0143093
       ],
       [
        116.3479752,
        40.0153429
       ],
       [
        116.3470278,
        40.0166942
       ],
       [
        116.3466974,
        40.0171823
       ],
       [
        116.3466139,
        40.0173075
       ],
       [
        116.3463737,
        40.0175631
       ],
       [
        116.3461317,
        40.0179222
       ],
       [
        116.3459643,
        40.0182108
       ],
       [
        116.3460247,
        40.0182327
       ],
       [
        116.3461034,
        40.0182645
       ],
       [
        116.3461484,
        40.0181831
       ],
       [
        116.3463706,
        40.0178323
       ],
       [
        116.3465818,
        40.0175277
       ],
       [
        116.3466915,
        40.0173576
       ],
       [
        116.346878,
        40.0171391
       ],
       [
        116.3469493,
        40.0171328
       ],
       [
        116.347273,
        40.0166286
       ]
      ]
     ],
     [
      [
       [
        116.3538477,
        40.0119611
       ],
       [
        116.3538591,
        40.0118889
       ],
       [
        116.3538494,
        40.0118253
       ],
       [
        116.3538698,
        40.0117125
       ],
       [
        116.3539453,
        40.0117143
       ],
       [
        116.3540478,
        40.0116328
       ],
       [
        116.3541099,
        40.0115577
       ],
       [
        116.3541109,
        40.0114917
       ],
       [
        116.354087,
        40.0114287
       ],
       [
        116.3540336,
        40.0113554
       ],
       [
        116.3538842,
        40.0113134
       ],
       [
        116.3538135,
        40.0113107
       ],
       [
        116.3537381,
        40.0113905
       ],
       [
        116.3537273,
        40.011474
       ],
       [
        116.3536542,
        40.0115088
       ],
       [
        116.353574,
        40.011596
       ],
       [
        116.3534386,
        40.0116584
       ],
       [
        116.353362,
        40.0117432
       ],
       [
        116.3533038,
        40.0118354
       ],
       [
        116.3532405,
        40.0118934
       ],
       [
        116.3532413,
        40.0119477
       ],
       [
        116.3532707,
        40.0119934
       ],
       [
        116.3533693,
        40.0120418
       ],
       [
        116.3534099,
        40.0120629
       ],
       [
        116.3534405,
        40.0120887
       ],
       [
        116.353466,
        40.0121567
       ],
       [
        116.3534982,
        40.0122232
       ],
       [
        116.3535465,
        40.0122657
       ],
       [
        116.3535887,
        40.0122812
       ],
       [
        116.3536536,
        40.0122746
       ],
       [
        116.3536847,
        40.0122481
       ],
       [
        116.3537161,
        40.0121746
       ],
       [
        116.3537369,
        40.0121176
       ],
       [
        116.3537916,
        40.0120254
       ],
       [
        116.3538477,
        40.0119611
       ]
      ]
     ],
     [
      [
       [
        116.3699663,
        40.0145907
       ],
       [
        116.3699663,
        40.0145671
       ],
       [
        116.3699381,
        40.0145517
       ],
       [
        116.369922,
        40.0145321
       ],
       [
        116.3699287,
        40.0145054
       ],
       [
        116.3699475,
        40.0144952
       ],
       [
        116.3699877,
        40.0144993
       ],
       [
        116.3700682,
        40.0145311
       ],
       [
        116.3701393,
        40.0145547
       ],
       [
        116.3701916,
        40.0145578
       ],
       [
        116.3702452,
        40.0145445
       ],
       [
        116.3702761,
        40.0145219
       ],
       [
        116.3702828,
        40.0144952
       ],
       [
        116.3702694,
        40.0144777
       ],
       [
        116.3702144,
        40.0144531
       ],
       [
        116.3702063,
        40.0144274
       ],
       [
        116.3702211,
        40.0144048
       ],
       [
        116.370268,
        40.0143884
       ],
       [
        116.3702761,
        40.0143565
       ],
       [
        116.3702627,
        40.0143247
       ],
       [
        116.3702975,
        40.0143226
       ],
       [
        116.3702171,
        40.0142353
       ],
       [
        116.3701339,
        40.0141809
       ],
       [
        116.3699891,
        40.0141511
       ],
       [
        116.3698241,
        40.0141747
       ],
       [
        116.369745,
        40.0142384
       ],
       [
        116.369698,
        40.0143123
       ],
       [
        116.3696833,
        40.0144099
       ],
       [
        116.3697088,
        40.0145106
       ],
       [
        116.3697705,
        40.0145917
       ],
       [
        116.3697866,
        40.0145712
       ],
       [
        116.3698161,
        40.014566
       ],
       [
        116.3698603,
        40.0145815
       ],
       [
        116.3699126,
        40.0146123
       ],
       [
        116.3699475,
        40.0146092
       ],
       [
        116.3699663,
        40.0145907
       ]
      ]
     ],
     [
      [
       [
        116.3567537,
        40.0232936
       ],
       [
        116.3568354,
        40.0232694
       ],
       [
        116.3569711,
        40.0231798
       ],
       [
        116.3570398,
        40.0231371
       ],
       [
        116.357103,
        40.0230475
       ],
       [
        116.3571049,
        40.0229706
       ],
       [
        116.356999,
        40.0229009
       ],
       [
        116.3568559,
        40.022834
       ],
       [
        116.3567258,
        40.0228042
       ],
       [
        116.3566255,
        40.0227942
       ],
       [
        116.356475,
        40.0227529
       ],
       [
        116.3564174,
        40.0227601
       ],
       [
        116.3563394,
        40.0227899
       ],
       [
        116.3562948,
        40.0227771
       ],
       [
        116.3562706,
        40.0227572
       ],
       [
        116.3562074,
        40.0227529
       ],
       [
        116.3560811,
        40.0227899
       ],
       [
        116.3560179,
        40.022854
       ],
       [
        116.3559938,
        40.0229422
       ],
       [
        116.3559938,
        40.0229991
       ],
       [
        116.3560123,
        40.0230304
       ],
       [
        116.3561981,
        40.02313
       ],
       [
        116.3562855,
        40.0232068
       ],
       [
        116.3563505,
        40.0232524
       ],
       [
        116.3564861,
        40.0232822
       ],
       [
        116.3566366,
        40.0233007
       ],
       [
        116.3567537,
        40.0232936
       ]
      ]
     ],
     [
      [
       [
        116.3660181,
        40.0226912
       ],
       [
        116.3659134,
        40.0226542
       ],
       [
        116.3657793,
        40.0226501
       ],
       [
        116.3656157,
        40.0227014
       ],
       [
        116.3655111,
        40.0228021
       ],
       [
        116.365369,
        40.0230424
       ],
       [
        116.3652536,
        40.023143
       ],
       [
        116.3649076,
        40.023332
       ],
       [
        116.3648325,
        40.0233936
       ],
       [
        116.3647629,
        40.0234448
       ],
       [
        116.3646958,
        40.0235039
       ],
       [
        116.3645763,
        40.0236073
       ],
       [
        116.3645043,
        40.0236646
       ],
       [
        116.3643916,
        40.023706
       ],
       [
        116.3643342,
        40.0237239
       ],
       [
        116.3642986,
        40.0237631
       ],
       [
        116.3643086,
        40.0238155
       ],
       [
        116.3643465,
        40.0238391
       ],
       [
        116.3644111,
        40.0238469
       ],
       [
        116.3644998,
        40.0238299
       ],
       [
        116.3646105,
        40.0237866
       ],
       [
        116.364745,
        40.0237526
       ],
       [
        116.3649826,
        40.0237073
       ],
       [
        116.3651047,
        40.0236685
       ],
       [
        116.365207,
        40.0236082
       ],
       [
        116.3652554,
        40.0235116
       ],
       [
        116.3653716,
        40.023295
       ],
       [
        116.3654736,
        40.0232437
       ],
       [
        116.3659242,
        40.0230609
       ],
       [
        116.3662755,
        40.0229767
       ],
       [
        116.3664338,
        40.022913
       ],
       [
        116.3665491,
        40.0228062
       ],
       [
        116.3665813,
        40.0227138
       ],
       [
        116.366584,
        40.0225844
       ],
       [
        116.3665384,
        40.0225453
       ],
       [
        116.3664821,
        40.0225474
       ],
       [
        116.3663748,
        40.0225618
       ],
       [
        116.3662729,
        40.0225987
       ],
       [
        116.3660771,
        40.0226912
       ],
       [
        116.3660181,
        40.0226912
       ]
      ]
     ],
     [
      [
       [
        116.3560105,
        40.0250224
       ],
       [
        116.3561052,
        40.0250565
       ],
       [
        116.3563078,
        40.0251547
       ],
       [
        116.3564341,
        40.0252045
       ],
       [
        116.3566199,
        40.0252272
       ],
       [
        116.3567054,
        40.0252201
       ],
       [
        116.3568503,
        40.0252016
       ],
       [
        116.3569153,
        40.0251718
       ],
       [
        116.3569451,
        40.0251305
       ],
       [
        116.3569544,
        40.025075
       ],
       [
        116.3569005,
        40.0249896
       ],
       [
        116.3568782,
        40.0249014
       ],
       [
        116.356789,
        40.0247563
       ],
       [
        116.3566924,
        40.0246724
       ],
       [
        116.3565177,
        40.0245301
       ],
       [
        116.3563672,
        40.0244419
       ],
       [
        116.3563338,
        40.0244006
       ],
       [
        116.3562576,
        40.0242697
       ],
       [
        116.356174,
        40.0241744
       ],
       [
        116.3560829,
        40.0240221
       ],
       [
        116.3560235,
        40.0239538
       ],
       [
        116.3557782,
        40.0237603
       ],
       [
        116.3557262,
        40.023702
       ],
       [
        116.3556835,
        40.0236052
       ],
       [
        116.3556463,
        40.0235256
       ],
       [
        116.3555088,
        40.023379
       ],
       [
        116.3554401,
        40.0233292
       ],
       [
        116.3553732,
        40.0233377
       ],
       [
        116.3553156,
        40.0233904
       ],
       [
        116.3553342,
        40.0235071
       ],
       [
        116.3553602,
        40.0236138
       ],
       [
        116.3555162,
        40.0237731
       ],
       [
        116.3557206,
        40.0239368
       ],
       [
        116.3558321,
        40.0240278
       ],
       [
        116.3558463,
        40.0240474
       ],
       [
        116.3559324,
        40.0241658
       ],
       [
        116.3559417,
        40.0242185
       ],
       [
        116.3559288,
        40.0242528
       ],
       [
        116.3559176,
        40.0242825
       ],
       [
        116.3558656,
        40.0243608
       ],
       [
        116.3558483,
        40.024405
       ],
       [
        116.3558395,
        40.0244276
       ],
       [
        116.3558303,
        40.0245002
       ],
       [
        116.3557912,
        40.0245415
       ],
       [
        116.3556798,
        40.0245984
       ],
       [
        116.3555924,
        40.0246709
       ],
       [
        116.3555423,
        40.0247321
       ],
       [
        116.355533,
        40.0247819
       ],
       [
        116.3555497,
        40.0248374
       ],
       [
        116.3555738,
        40.0248744
       ],
       [
        116.3556147,
        40.0249128
       ],
       [
        116.3556742,
        40.024947
       ],
       [
        116.3557596,
        40.0249569
       ],
       [
        116.3558228,
        40.0249413
       ],
       [
        116.3558879,
        40.0249213
       ],
       [
        116.355925,
        40.0249768
       ],
       [
        116.3560105,
        40.0250224
       ]
      ]
     ],
     [
      [
       [
        116.3658383,
        40.0242748
       ],
       [
        116.3658947,
        40.0241947
       ],
       [
        116.3658759,
        40.0240591
       ],
       [
        116.365841,
        40.0240283
       ],
       [
        116.3657874,
        40.024018
       ],
       [
        116.3656774,
        40.0240447
       ],
       [
        116.3655433,
        40.0241885
       ],
       [
        116.3653475,
        40.0243118
       ],
       [
        116.3653153,
        40.0243467
       ],
       [
        116.3653019,
        40.0244822
       ],
       [
        116.3651678,
        40.0248026
       ],
       [
        116.3651356,
        40.0250183
       ],
       [
        116.3650846,
        40.02516
       ],
       [
        116.3649827,
        40.0253223
       ],
       [
        116.3647521,
        40.0256119
       ],
       [
        116.3647762,
        40.025692
       ],
       [
        116.3648298,
        40.0257043
       ],
       [
        116.3650015,
        40.0256571
       ],
       [
        116.3651007,
        40.0256037
       ],
       [
        116.3652107,
        40.0253921
       ],
       [
        116.3652268,
        40.0253326
       ],
       [
        116.3652778,
        40.0252525
       ],
       [
        116.3653877,
        40.0251415
       ],
       [
        116.3655782,
        40.0245315
       ],
       [
        116.3656935,
        40.0243734
       ],
       [
        116.3658383,
        40.0242748
       ]
      ]
     ],
     [
      [
       [
        116.3595479,
        40.0240916
       ],
       [
        116.3596939,
        40.0240498
       ],
       [
        116.3597628,
        40.0240308
       ],
       [
        116.3599858,
        40.0240332
       ],
       [
        116.3600478,
        40.0240609
       ],
       [
        116.3600818,
        40.0240954
       ],
       [
        116.3601118,
        40.0241665
       ],
       [
        116.3600954,
        40.024277
       ],
       [
        116.3600716,
        40.024398
       ],
       [
        116.35997,
        40.0246334
       ],
       [
        116.3598936,
        40.0250366
       ],
       [
        116.3599405,
        40.0256172
       ],
       [
        116.3599992,
        40.0258091
       ],
       [
        116.3600233,
        40.0260268
       ],
       [
        116.3600528,
        40.0261172
       ],
       [
        116.3600931,
        40.02615
       ],
       [
        116.360144,
        40.0261706
       ],
       [
        116.3602567,
        40.0261747
       ],
       [
        116.3603666,
        40.0261439
       ],
       [
        116.3604096,
        40.026111
       ],
       [
        116.3604605,
        40.0260309
       ],
       [
        116.360482,
        40.0258522
       ],
       [
        116.3605222,
        40.0257557
       ],
       [
        116.3605919,
        40.0256858
       ],
       [
        116.3606429,
        40.0256694
       ],
       [
        116.3606992,
        40.0256817
       ],
       [
        116.3607448,
        40.0257105
       ],
       [
        116.360769,
        40.0257475
       ],
       [
        116.3607502,
        40.0257516
       ],
       [
        116.3607421,
        40.0257947
       ],
       [
        116.3606188,
        40.0259426
       ],
       [
        116.3605705,
        40.0261213
       ],
       [
        116.360608,
        40.026378
       ],
       [
        116.3606295,
        40.0264191
       ],
       [
        116.3606751,
        40.0264561
       ],
       [
        116.3607261,
        40.0264766
       ],
       [
        116.3609728,
        40.0265012
       ],
       [
        116.3610291,
        40.0265197
       ],
       [
        116.3611767,
        40.026606
       ],
       [
        116.3613752,
        40.0267744
       ],
       [
        116.3615495,
        40.0268976
       ],
       [
        116.3616514,
        40.0269367
       ],
       [
        116.3621208,
        40.0270619
       ],
       [
        116.3623542,
        40.0270907
       ],
       [
        116.3626841,
        40.0270928
       ],
       [
        116.362853,
        40.0270517
       ],
       [
        116.3629496,
        40.026986
       ],
       [
        116.3630569,
        40.0268792
       ],
       [
        116.3630488,
        40.026836
       ],
       [
        116.3629362,
        40.0268216
       ],
       [
        116.3627887,
        40.0267559
       ],
       [
        116.3625634,
        40.026758
       ],
       [
        116.3622469,
        40.0267949
       ],
       [
        116.3618794,
        40.0267991
       ],
       [
        116.3616836,
        40.0266861
       ],
       [
        116.3615602,
        40.0265485
       ],
       [
        116.3613456,
        40.026226
       ],
       [
        116.360997,
        40.0257762
       ],
       [
        116.3608494,
        40.0255359
       ],
       [
        116.360777,
        40.0253552
       ],
       [
        116.3605383,
        40.0249896
       ],
       [
        116.3603452,
        40.0248088
       ],
       [
        116.3602808,
        40.0247287
       ],
       [
        116.360313,
        40.0246917
       ],
       [
        116.3604042,
        40.0246548
       ],
       [
        116.3604444,
        40.024624
       ],
       [
        116.3606697,
        40.024589
       ],
       [
        116.36071,
        40.0245562
       ],
       [
        116.3607234,
        40.024513
       ],
       [
        116.3607046,
        40.0244247
       ],
       [
        116.3606644,
        40.0243857
       ],
       [
        116.3605785,
        40.02432
       ],
       [
        116.3603839,
        40.0242269
       ],
       [
        116.3603756,
        40.024195
       ],
       [
        116.3603743,
        40.0241676
       ],
       [
        116.3603743,
        40.0241315
       ],
       [
        116.3603735,
        40.024082
       ],
       [
        116.3603929,
        40.0240515
       ],
       [
        116.3604126,
        40.0240034
       ],
       [
        116.3604437,
        40.0238812
       ],
       [
        116.3604634,
        40.0238448
       ],
       [
        116.3604809,
        40.0238038
       ],
       [
        116.3604919,
        40.0237437
       ],
       [
        116.3605252,
        40.0236311
       ],
       [
        116.3605374,
        40.0235389
       ],
       [
        116.3605609,
        40.023425
       ],
       [
        116.3605737,
        40.0233247
       ],
       [
        116.3605181,
        40.0232457
       ],
       [
        116.3604397,
        40.023195
       ],
       [
        116.3603103,
        40.0231882
       ],
       [
        116.360195,
        40.0232129
       ],
       [
        116.3600099,
        40.0232231
       ],
       [
        116.3598999,
        40.0232601
       ],
       [
        116.3598597,
        40.023293
       ],
       [
        116.3598275,
        40.0233751
       ],
       [
        116.359857,
        40.0236175
       ],
       [
        116.3598302,
        40.0236565
       ],
       [
        116.3597766,
        40.0236771
       ],
       [
        116.3596666,
        40.0237058
       ],
       [
        116.3594332,
        40.0237264
       ],
       [
        116.3589397,
        40.023712
       ],
       [
        116.3588271,
        40.0237243
       ],
       [
        116.3587761,
        40.0237449
       ],
       [
        116.3587105,
        40.0237711
       ],
       [
        116.3586628,
        40.0238164
       ],
       [
        116.3586507,
        40.0238985
       ],
       [
        116.3586519,
        40.0239847
       ],
       [
        116.3586254,
        40.0240933
       ],
       [
        116.358567,
        40.0242175
       ],
       [
        116.3585568,
        40.0242995
       ],
       [
        116.3585697,
        40.0243472
       ],
       [
        116.358625,
        40.0243988
       ],
       [
        116.3587363,
        40.0244261
       ],
       [
        116.3588093,
        40.0244296
       ],
       [
        116.3588852,
        40.0244199
       ],
       [
        116.3589527,
        40.0243511
       ],
       [
        116.3589717,
        40.0242799
       ],
       [
        116.3590448,
        40.0241815
       ],
       [
        116.3591207,
        40.0241129
       ],
       [
        116.3592017,
        40.024049
       ],
       [
        116.359262,
        40.0240289
       ],
       [
        116.3593402,
        40.024026
       ],
       [
        116.3594011,
        40.0240488
       ],
       [
        116.3594705,
        40.0240794
       ],
       [
        116.3595479,
        40.0240916
       ]
      ]
     ],
     [
      [
       [
        116.3500377,
        40.0251815
       ],
       [
        116.3501482,
        40.0252125
       ],
       [
        116.3503036,
        40.0252693
       ],
       [
        116.350482,
        40.0253539
       ],
       [
        116.3505804,
        40.0254277
       ],
       [
        116.3507619,
        40.025489
       ],
       [
        116.3509127,
        40.0254927
       ],
       [
        116.3510629,
        40.0254419
       ],
       [
        116.351219,
        40.0253694
       ],
       [
        116.3513537,
        40.0253472
       ],
       [
        116.3515851,
        40.0253491
       ],
       [
        116.351746,
        40.0253291
       ],
       [
        116.3519955,
        40.0253687
       ],
       [
        116.3521345,
        40.0253985
       ],
       [
        116.3525438,
        40.0255569
       ],
       [
        116.3527419,
        40.0256914
       ],
       [
        116.3528129,
        40.0257629
       ],
       [
        116.3530184,
        40.0259174
       ],
       [
        116.353265,
        40.0259661
       ],
       [
        116.3533995,
        40.0259603
       ],
       [
        116.3533098,
        40.0258888
       ],
       [
        116.3532239,
        40.0258659
       ],
       [
        116.3530259,
        40.0258316
       ],
       [
        116.3529324,
        40.0257572
       ],
       [
        116.3528988,
        40.0256713
       ],
       [
        116.3528465,
        40.0256141
       ],
       [
        116.3526896,
        40.0255798
       ],
       [
        116.3523831,
        40.0254396
       ],
       [
        116.3522038,
        40.025328
       ],
       [
        116.3519721,
        40.0251391
       ],
       [
        116.3517404,
        40.0251363
       ],
       [
        116.3516844,
        40.0251534
       ],
       [
        116.351591,
        40.0251849
       ],
       [
        116.351449,
        40.0251906
       ],
       [
        116.3513518,
        40.0251763
       ],
       [
        116.3508175,
        40.0252192
       ],
       [
        116.3505484,
        40.0252192
       ],
       [
        116.3504513,
        40.0251992
       ],
       [
        116.3502906,
        40.0251105
       ],
       [
        116.3500776,
        40.0250418
       ],
       [
        116.3497237,
        40.0250205
       ],
       [
        116.3496239,
        40.0249787
       ],
       [
        116.3494883,
        40.0248807
       ],
       [
        116.3493846,
        40.0248349
       ],
       [
        116.3492564,
        40.0248195
       ],
       [
        116.3492257,
        40.0248358
       ],
       [
        116.3491547,
        40.0248501
       ],
       [
        116.3491046,
        40.0249165
       ],
       [
        116.3489551,
        40.0250596
       ],
       [
        116.3489249,
        40.0251256
       ],
       [
        116.3489578,
        40.0251639
       ],
       [
        116.3490008,
        40.0251916
       ],
       [
        116.3490569,
        40.0251925
       ],
       [
        116.3491122,
        40.0251635
       ],
       [
        116.3492155,
        40.0250781
       ],
       [
        116.3492872,
        40.0250479
       ],
       [
        116.349428,
        40.0250393
       ],
       [
        116.3495181,
        40.0250762
       ],
       [
        116.3497041,
        40.0251347
       ],
       [
        116.3498656,
        40.0251535
       ],
       [
        116.3500377,
        40.0251815
       ]
      ]
     ],
     [
      [
       [
        116.3543225,
        40.0254143
       ],
       [
        116.3542655,
        40.0253741
       ],
       [
        116.3541744,
        40.0253573
       ],
       [
        116.3540991,
        40.0253768
       ],
       [
        116.3540448,
        40.0254143
       ],
       [
        116.3540053,
        40.025464
       ],
       [
        116.3539948,
        40.0255223
       ],
       [
        116.3540158,
        40.0255693
       ],
       [
        116.3540404,
        40.0256115
       ],
       [
        116.3540737,
        40.0256431
       ],
       [
        116.3541245,
        40.0257276
       ],
       [
        116.3541525,
        40.0257652
       ],
       [
        116.3542314,
        40.0257263
       ],
       [
        116.3542874,
        40.0256894
       ],
       [
        116.3543566,
        40.0256377
       ],
       [
        116.354382,
        40.0255954
       ],
       [
        116.3543864,
        40.0255431
       ],
       [
        116.3543575,
        40.0254781
       ],
       [
        116.3543225,
        40.0254143
       ]
      ]
     ]
    ]
   }
  },
  {
   "type": "Feature",
   "id": "BASE-WATER-LINE",
   "properties": {
    "id": "BASE-WATER-LINE",
    "layer": "EXISTING_WATER",
    "name_zh": "现状河渠（OSM简化提取）",
    "name_en": "Existing rivers/canals (OSM extract)",
    "source_type": "osm",
    "confidence": "medium",
    "geometry_role": "existing_condition",
    "official_boundary": false,
    "license_note": "Base data (c) OpenStreetMap contributors, ODbL; retrieved 2026-08-17 via Overpass API; simplified context extract, not a survey basemap."
   },
   "geometry": {
    "type": "MultiLineString",
    "coordinates": [
     [
      [
       116.3281259,
       39.9407273
      ],
      [
       116.3276527,
       39.9408009
      ],
      [
       116.3262406,
       39.9407938
      ],
      [
       116.325,
       39.94077413362907
      ]
     ],
     [
      [
       116.3706557,
       39.9871346
      ],
      [
       116.3700504,
       39.9882289
      ],
      [
       116.36888,
       39.9894502
      ],
      [
       116.365236,
       39.9936723
      ],
      [
       116.3631139,
       39.9959905
      ],
      [
       116.3620732,
       39.9970426
      ],
      [
       116.3594764,
       39.9999626
      ],
      [
       116.3571198,
       40.0023247
      ],
      [
       116.3554375,
       40.0036857
      ],
      [
       116.3533862,
       40.0058027
      ],
      [
       116.3530171,
       40.0063681
      ],
      [
       116.3528898,
       40.0066377
      ],
      [
       116.351558,
       40.009458
      ],
      [
       116.3501844,
       40.0120927
      ],
      [
       116.3495124,
       40.0130409
      ],
      [
       116.348162,
       40.0153624
      ],
      [
       116.3467457,
       40.0172125
      ],
      [
       116.3460247,
       40.0182327
      ]
     ],
     [
      [
       116.3718774,
       39.9847777
      ],
      [
       116.3706557,
       39.9871346
      ]
     ],
     [
      [
       116.372,
       39.98453353722505
      ],
      [
       116.3718774,
       39.9847777
      ]
     ],
     [
      [
       116.3442624,
       40.0246227
      ],
      [
       116.3441434,
       40.0250604
      ]
     ],
     [
      [
       116.3451441,
       40.0196625
      ],
      [
       116.3445456,
       40.020679
      ],
      [
       116.3441426,
       40.0213074
      ],
      [
       116.3440027,
       40.0214942
      ],
      [
       116.3437921,
       40.021982
      ],
      [
       116.3437751,
       40.0220866
      ],
      [
       116.3437743,
       40.0221981
      ],
      [
       116.3438125,
       40.0223742
      ],
      [
       116.3438663,
       40.0224782
      ],
      [
       116.3439963,
       40.0226811
      ],
      [
       116.3441323,
       40.0229169
      ],
      [
       116.3441752,
       40.0230587
      ],
      [
       116.3443047,
       40.0241931
      ],
      [
       116.3442954,
       40.0243861
      ],
      [
       116.3442624,
       40.0246227
      ]
     ],
     [
      [
       116.3460247,
       40.0182327
      ],
      [
       116.3451441,
       40.0196625
      ]
     ],
     [
      [
       116.3603912,
       39.9464208
      ],
      [
       116.3617243,
       39.9468421
      ],
      [
       116.3636088,
       39.9472798
      ],
      [
       116.3650722,
       39.9475555
      ],
      [
       116.3661259,
       39.9477645
      ],
      [
       116.3670569,
       39.9479091
      ],
      [
       116.3678606,
       39.9480165
      ]
     ],
     [
      [
       116.3678606,
       39.9480165
      ],
      [
       116.3681627,
       39.948045
      ],
      [
       116.3692098,
       39.9481437
      ],
      [
       116.3701711,
       39.9482161
      ],
      [
       116.3711067,
       39.9482885
      ],
      [
       116.3715273,
       39.948374
      ],
      [
       116.3719564,
       39.9486241
      ],
      [
       116.372,
       39.94864456984127
      ]
     ],
     [
      [
       116.367279,
       40.0271913
      ],
      [
       116.3674202,
       40.0272198
      ]
     ],
     [
      [
       116.347854,
       39.9583343
      ],
      [
       116.3477341,
       39.9602436
      ],
      [
       116.3477263,
       39.9611421
      ],
      [
       116.3475778,
       39.9633806
      ],
      [
       116.3475295,
       39.9642949
      ],
      [
       116.3476394,
       39.9648229
      ],
      [
       116.347603,
       39.9654461
      ],
      [
       116.34758,
       39.9655738
      ],
      [
       116.3475316,
       39.9659089
      ],
      [
       116.3474972,
       39.9667416
      ],
      [
       116.3475226,
       39.9670879
      ],
      [
       116.3473028,
       39.9687018
      ],
      [
       116.3472606,
       39.9699101
      ],
      [
       116.3472162,
       39.9707404
      ],
      [
       116.3471514,
       39.9720034
      ],
      [
       116.3471296,
       39.9725983
      ],
      [
       116.3471005,
       39.9732452
      ],
      [
       116.3470568,
       39.9737137
      ],
      [
       116.3470583,
       39.9738411
      ],
      [
       116.3470755,
       39.9741174
      ],
      [
       116.3471284,
       39.9742861
      ],
      [
       116.3472068,
       39.9743609
      ],
      [
       116.3472829,
       39.9744142
      ],
      [
       116.3475232,
       39.9745173
      ],
      [
       116.3479094,
       39.9745699
      ],
      [
       116.3484677,
       39.9745552
      ],
      [
       116.3491866,
       39.9745094
      ],
      [
       116.3498867,
       39.9745152
      ],
      [
       116.3512486,
       39.9745279
      ],
      [
       116.357609,
       39.974606
      ],
      [
       116.3606364,
       39.9746283
      ],
      [
       116.3645371,
       39.9746729
      ],
      [
       116.3674917,
       39.9746729
      ],
      [
       116.3692529,
       39.9746952
      ],
      [
       116.3714823,
       39.9747439
      ]
     ],
     [
      [
       116.3700191,
       40.0293344
      ],
      [
       116.3701564,
       40.0289923
      ]
     ],
     [
      [
       116.3283357,
       39.938904
      ],
      [
       116.3284792,
       39.9392454
      ],
      [
       116.328565,
       39.9394552
      ],
      [
       116.3286187,
       39.9397472
      ],
      [
       116.3287045,
       39.9399899
      ],
      [
       116.3287273,
       39.9401836
      ],
      [
       116.3287528,
       39.9404012
      ],
      [
       116.3288172,
       39.9404999
      ],
      [
       116.3293858,
       39.9404999
      ],
      [
       116.3298659,
       39.9404403
      ],
      [
       116.3300268,
       39.9394038
      ],
      [
       116.330055,
       39.9389092
      ]
     ],
     [
      [
       116.3660126,
       39.9428823
      ],
      [
       116.3632335,
       39.9429012
      ],
      [
       116.3630856,
       39.9423626
      ],
      [
       116.3630795,
       39.9415311
      ],
      [
       116.3629747,
       39.9409358
      ],
      [
       116.3627775,
       39.9403547
      ],
      [
       116.3625927,
       39.9400476
      ],
      [
       116.3624201,
       39.9396176
      ],
      [
       116.3623585,
       39.9390507
      ],
      [
       116.3623462,
       39.9384979
      ],
      [
       116.3622969,
       39.9379593
      ],
      [
       116.3623,
       39.9369955
      ]
     ],
     [
      [
       116.3623,
       39.9369955
      ],
      [
       116.362303,
       39.9360694
      ],
      [
       116.3618409,
       39.9312876
      ],
      [
       116.3617423,
       39.9305836
      ],
      [
       116.36165773272,
       39.93
      ]
     ],
     [
      [
       116.3603912,
       39.9464208
      ],
      [
       116.3488738,
       39.9421669
      ],
      [
       116.3484672,
       39.9413067
      ],
      [
       116.3485719,
       39.9403326
      ],
      [
       116.3480768,
       39.9398965
      ],
      [
       116.3480678,
       39.9398079
      ],
      [
       116.3480738,
       39.9397284
      ],
      [
       116.3482134,
       39.9385298
      ],
      [
       116.3488141,
       39.9380783
      ],
      [
       116.3489871,
       39.9364689
      ]
     ],
     [
      [
       116.3489871,
       39.9364689
      ],
      [
       116.34931352034991,
       39.93
      ]
     ],
     [
      [
       116.3489871,
       39.9364689
      ],
      [
       116.3525519,
       39.9366553
      ],
      [
       116.3574309,
       39.9369953
      ],
      [
       116.3623,
       39.9369955
      ]
     ],
     [
      [
       116.325,
       39.94214377679004
      ],
      [
       116.3252798,
       39.9422905
      ],
      [
       116.3257017,
       39.9425892
      ],
      [
       116.3260452,
       39.9427097
      ],
      [
       116.3263387,
       39.942765
      ],
      [
       116.3266429,
       39.94275
      ],
      [
       116.3270141,
       39.9426711
      ],
      [
       116.3273159,
       39.9425321
      ],
      [
       116.3277975,
       39.9421755
      ],
      [
       116.3279435,
       39.9421275
      ],
      [
       116.3280978,
       39.9421181
      ],
      [
       116.3283387,
       39.9421454
      ],
      [
       116.3284703,
       39.942168
      ],
      [
       116.3285964,
       39.9421846
      ],
      [
       116.3286977,
       39.9421926
      ],
      [
       116.32879,
       39.9421822
      ],
      [
       116.3288883,
       39.9421487
      ],
      [
       116.3289864,
       39.9421027
      ],
      [
       116.3296976,
       39.9418547
      ],
      [
       116.3298065,
       39.9418239
      ],
      [
       116.3299129,
       39.9418137
      ],
      [
       116.3301541,
       39.9418058
      ],
      [
       116.3302988,
       39.9418101
      ],
      [
       116.3304323,
       39.9418202
      ],
      [
       116.3305537,
       39.9418263
      ],
      [
       116.3306866,
       39.9418188
      ],
      [
       116.3308264,
       39.941799
      ],
      [
       116.3309693,
       39.9417723
      ],
      [
       116.3318604,
       39.9415847
      ],
      [
       116.3319681,
       39.941564
      ],
      [
       116.33211,
       39.9415513
      ],
      [
       116.3322549,
       39.9415525
      ],
      [
       116.3323936,
       39.9415606
      ],
      [
       116.3325219,
       39.9415797
      ],
      [
       116.3326381,
       39.9416059
      ],
      [
       116.3332612,
       39.9417051
      ],
      [
       116.3338874,
       39.9418048
      ],
      [
       116.3340429,
       39.9418146
      ],
      [
       116.3343655,
       39.9418348
      ],
      [
       116.3347059,
       39.9418203
      ],
      [
       116.3350681,
       39.9417807
      ],
      [
       116.3354368,
       39.9417306
      ],
      [
       116.3357482,
       39.9417446
      ],
      [
       116.3361226,
       39.9417697
      ],
      [
       116.3367529,
       39.9418267
      ],
      [
       116.337219,
       39.9418977
      ],
      [
       116.3399771,
       39.9422173
      ],
      [
       116.3405879,
       39.9422473
      ]
     ],
     [
      [
       116.325,
       40.02130398517192
      ],
      [
       116.3308251,
       40.0229947
      ],
      [
       116.3329709,
       40.0235205
      ],
      [
       116.33546,
       40.0239937
      ],
      [
       116.3384383,
       40.0244538
      ],
      [
       116.3394683,
       40.0245853
      ],
      [
       116.3402145,
       40.0246674
      ],
      [
       116.3440486,
       40.0252713
      ]
     ],
     [
      [
       116.3440486,
       40.0252713
      ],
      [
       116.3487615,
       40.0260039
      ],
      [
       116.3528303,
       40.0265882
      ],
      [
       116.3576922,
       40.0269419
      ],
      [
       116.358367,
       40.0270192
      ],
      [
       116.3586925,
       40.0270614
      ],
      [
       116.3700191,
       40.0293344
      ]
     ],
     [
      [
       116.3700191,
       40.0293344
      ],
      [
       116.3718847,
       40.0297035
      ],
      [
       116.372,
       40.02971116733127
      ]
     ],
     [
      [
       116.3674202,
       40.0272198
      ],
      [
       116.3676026,
       40.0272565
      ]
     ],
     [
      [
       116.3441434,
       40.0250604
      ],
      [
       116.3440486,
       40.0252713
      ]
     ],
     [
      [
       116.3676026,
       40.0272565
      ],
      [
       116.3701444,
       40.0277689
      ]
     ],
     [
      [
       116.3701444,
       40.0277689
      ],
      [
       116.3703808,
       40.0275322
      ],
      [
       116.370573,
       40.0271999
      ],
      [
       116.3705382,
       40.0270105
      ],
      [
       116.3706001,
       40.0268211
      ],
      [
       116.3707569,
       40.0266982
      ],
      [
       116.3708686,
       40.0266107
      ],
      [
       116.3711613,
       40.0264235
      ],
      [
       116.3718879,
       40.0251016
      ],
      [
       116.372,
       40.024954411540556
      ]
     ],
     [
      [
       116.3405879,
       39.9422473
      ],
      [
       116.3410265,
       39.9422234
      ],
      [
       116.341349,
       39.942141
      ],
      [
       116.3423509,
       39.9419698
      ],
      [
       116.3436349,
       39.9416382
      ],
      [
       116.3440499,
       39.9416024
      ],
      [
       116.3442523,
       39.9416402
      ],
      [
       116.3445141,
       39.941694
      ],
      [
       116.3451496,
       39.9418662
      ],
      [
       116.3454076,
       39.9420839
      ],
      [
       116.3457022,
       39.9425193
      ],
      [
       116.3457429,
       39.9426131
      ],
      [
       116.3457673,
       39.9427443
      ],
      [
       116.3457548,
       39.9428454
      ],
      [
       116.3457268,
       39.9429505
      ],
      [
       116.3456705,
       39.9430867
      ],
      [
       116.3455741,
       39.9433032
      ],
      [
       116.3452107,
       39.9442339
      ],
      [
       116.3450757,
       39.944574
      ],
      [
       116.3449676,
       39.9449159
      ],
      [
       116.3448385,
       39.9453641
      ],
      [
       116.3448056,
       39.9455498
      ],
      [
       116.3447973,
       39.9456976
      ],
      [
       116.3447971,
       39.9458052
      ],
      [
       116.344809,
       39.9459314
      ],
      [
       116.344914,
       39.9467065
      ],
      [
       116.3450139,
       39.9473446
      ],
      [
       116.3452816,
       39.9490469
      ],
      [
       116.3453173,
       39.9491248
      ],
      [
       116.3453774,
       39.9492152
      ],
      [
       116.3455544,
       39.949315
      ],
      [
       116.3456223,
       39.949335
      ],
      [
       116.3461471,
       39.9494901
      ],
      [
       116.3476497,
       39.949921
      ],
      [
       116.3488982,
       39.950225
      ],
      [
       116.3494385,
       39.9502186
      ],
      [
       116.3499781,
       39.9500657
      ],
      [
       116.3502592,
       39.9498303
      ],
      [
       116.3506077,
       39.9488875
      ],
      [
       116.3508106,
       39.9481222
      ],
      [
       116.350691,
       39.9476245
      ],
      [
       116.3505782,
       39.9472266
      ],
      [
       116.3505536,
       39.9468181
      ],
      [
       116.3506058,
       39.9466295
      ],
      [
       116.3508234,
       39.9465095
      ],
      [
       116.3509489,
       39.9464762
      ],
      [
       116.3513489,
       39.9463925
      ],
      [
       116.3536445,
       39.9462657
      ],
      [
       116.3539041,
       39.9463064
      ],
      [
       116.3580039,
       39.948168
      ],
      [
       116.3601196,
       39.9488875
      ],
      [
       116.3612709,
       39.9492317
      ],
      [
       116.3622474,
       39.949414
      ],
      [
       116.3628119,
       39.9494836
      ],
      [
       116.3646241,
       39.9494871
      ],
      [
       116.365124,
       39.9494583
      ],
      [
       116.3658698,
       39.9493959
      ],
      [
       116.3659422,
       39.9493837
      ],
      [
       116.366044,
       39.9493205
      ],
      [
       116.3665285,
       39.9490894
      ],
      [
       116.3668593,
       39.9490676
      ],
      [
       116.3669524,
       39.9490371
      ],
      [
       116.3670982,
       39.948946
      ],
      [
       116.3671613,
       39.948874
      ],
      [
       116.367246,
       39.9487909
      ],
      [
       116.3672878,
       39.9487195
      ],
      [
       116.3673469,
       39.948626
      ],
      [
       116.3674903,
       39.9485056
      ],
      [
       116.3676112,
       39.9484217
      ],
      [
       116.3676893,
       39.9483715
      ],
      [
       116.367733,
       39.9483197
      ],
      [
       116.3677668,
       39.9482538
      ],
      [
       116.3678606,
       39.9480165
      ]
     ],
     [
      [
       116.370205,
       40.0289
      ],
      [
       116.3702938,
       40.0287317
      ],
      [
       116.3704815,
       40.0283127
      ],
      [
       116.370444,
       40.0281608
      ],
      [
       116.3701444,
       40.0277689
      ]
     ],
     [
      [
       116.3701564,
       40.0289923
      ],
      [
       116.370205,
       40.0289
      ]
     ],
     [
      [
       116.3714823,
       39.9747439
      ],
      [
       116.372,
       39.97474597340657
      ]
     ]
    ]
   }
  },
  {
   "type": "Feature",
   "id": "BASE-STATION-01",
   "properties": {
    "id": "BASE-STATION-01",
    "layer": "EXISTING_RAIL",
    "name_zh": "现状轨道车站·北沙滩",
    "name_en": "Existing station 北沙滩",
    "source_type": "osm",
    "confidence": "medium",
    "geometry_role": "existing_condition",
    "official_boundary": false,
    "license_note": "Base data (c) OpenStreetMap contributors, ODbL; retrieved 2026-08-17 via Overpass API; simplified context extract, not a survey basemap.",
    "station_name": "北沙滩"
   },
   "geometry": {
    "type": "Point",
    "coordinates": [
     116.3620432,
     40.0001238
    ]
   }
  },
  {
   "type": "Feature",
   "id": "BASE-STATION-02",
   "properties": {
    "id": "BASE-STATION-02",
    "layer": "EXISTING_RAIL",
    "name_zh": "现状轨道车站·清华东路西口",
    "name_en": "Existing station 清华东路西口",
    "source_type": "osm",
    "confidence": "medium",
    "geometry_role": "existing_condition",
    "official_boundary": false,
    "license_note": "Base data (c) OpenStreetMap contributors, ODbL; retrieved 2026-08-17 via Overpass API; simplified context extract, not a survey basemap.",
    "station_name": "清华东路西口"
   },
   "geometry": {
    "type": "Point",
    "coordinates": [
     116.3336262,
     39.9993038
    ]
   }
  },
  {
   "type": "Feature",
   "id": "BASE-STATION-03",
   "properties": {
    "id": "BASE-STATION-03",
    "layer": "EXISTING_RAIL",
    "name_zh": "现状轨道车站·林萃桥",
    "name_en": "Existing station 林萃桥",
    "source_type": "osm",
    "confidence": "medium",
    "geometry_role": "existing_condition",
    "official_boundary": false,
    "license_note": "Base data (c) OpenStreetMap contributors, ODbL; retrieved 2026-08-17 via Overpass API; simplified context extract, not a survey basemap.",
    "station_name": "林萃桥"
   },
   "geometry": {
    "type": "Point",
    "coordinates": [
     116.3667905,
     40.0206001
    ]
   }
  },
  {
   "type": "Feature",
   "id": "BASE-STATION-04",
   "properties": {
    "id": "BASE-STATION-04",
    "layer": "EXISTING_RAIL",
    "name_zh": "现状轨道车站·动物园",
    "name_en": "Existing station 动物园",
    "source_type": "osm",
    "confidence": "medium",
    "geometry_role": "existing_condition",
    "official_boundary": false,
    "license_note": "Base data (c) OpenStreetMap contributors, ODbL; retrieved 2026-08-17 via Overpass API; simplified context extract, not a survey basemap.",
    "station_name": "动物园"
   },
   "geometry": {
    "type": "Point",
    "coordinates": [
     116.332733,
     39.9369392
    ]
   }
  },
  {
   "type": "Feature",
   "id": "BASE-STATION-05",
   "properties": {
    "id": "BASE-STATION-05",
    "layer": "EXISTING_RAIL",
    "name_zh": "现状轨道车站·知春路",
    "name_en": "Existing station 知春路",
    "source_type": "osm",
    "confidence": "medium",
    "geometry_role": "existing_condition",
    "official_boundary": false,
    "license_note": "Base data (c) OpenStreetMap contributors, ODbL; retrieved 2026-08-17 via Overpass API; simplified context extract, not a survey basemap.",
    "station_name": "知春路"
   },
   "geometry": {
    "type": "Point",
    "coordinates": [
     116.3343902,
     39.9750927
    ]
   }
  },
  {
   "type": "Feature",
   "id": "BASE-STATION-06",
   "properties": {
    "id": "BASE-STATION-06",
    "layer": "EXISTING_RAIL",
    "name_zh": "现状轨道车站·西直门",
    "name_en": "Existing station 西直门",
    "source_type": "osm",
    "confidence": "medium",
    "geometry_role": "existing_condition",
    "official_boundary": false,
    "license_note": "Base data (c) OpenStreetMap contributors, ODbL; retrieved 2026-08-17 via Overpass API; simplified context extract, not a survey basemap.",
    "station_name": "西直门"
   },
   "geometry": {
    "type": "Point",
    "coordinates": [
     116.3492348,
     39.9392172
    ]
   }
  },
  {
   "type": "Feature",
   "id": "BASE-STATION-07",
   "properties": {
    "id": "BASE-STATION-07",
    "layer": "EXISTING_RAIL",
    "name_zh": "现状轨道车站·平安里",
    "name_en": "Existing station 平安里",
    "source_type": "osm",
    "confidence": "medium",
    "geometry_role": "existing_condition",
    "official_boundary": false,
    "license_note": "Base data (c) OpenStreetMap contributors, ODbL; retrieved 2026-08-17 via Overpass API; simplified context extract, not a survey basemap.",
    "station_name": "平安里"
   },
   "geometry": {
    "type": "Point",
    "coordinates": [
     116.3664868,
     39.9323165
    ]
   }
  },
  {
   "type": "Feature",
   "id": "BASE-STATION-08",
   "properties": {
    "id": "BASE-STATION-08",
    "layer": "EXISTING_RAIL",
    "name_zh": "现状轨道车站·车公庄",
    "name_en": "Existing station 车公庄",
    "source_type": "osm",
    "confidence": "medium",
    "geometry_role": "existing_condition",
    "official_boundary": false,
    "license_note": "Base data (c) OpenStreetMap contributors, ODbL; retrieved 2026-08-17 via Overpass API; simplified context extract, not a survey basemap.",
    "station_name": "车公庄"
   },
   "geometry": {
    "type": "Point",
    "coordinates": [
     116.3493426,
     39.9311554
    ]
   }
  },
  {
   "type": "Feature",
   "id": "BASE-STATION-09",
   "properties": {
    "id": "BASE-STATION-09",
    "layer": "EXISTING_RAIL",
    "name_zh": "现状轨道车站·新街口",
    "name_en": "Existing station 新街口",
    "source_type": "osm",
    "confidence": "medium",
    "geometry_role": "existing_condition",
    "official_boundary": false,
    "license_note": "Base data (c) OpenStreetMap contributors, ODbL; retrieved 2026-08-17 via Overpass API; simplified context extract, not a survey basemap.",
    "station_name": "新街口"
   },
   "geometry": {
    "type": "Point",
    "coordinates": [
     116.3612739,
     39.9394291
    ]
   }
  },
  {
   "type": "Feature",
   "id": "BASE-STATION-10",
   "properties": {
    "id": "BASE-STATION-10",
    "layer": "EXISTING_RAIL",
    "name_zh": "现状轨道车站·五道口",
    "name_en": "Existing station 五道口",
    "source_type": "osm",
    "confidence": "medium",
    "geometry_role": "existing_condition",
    "official_boundary": false,
    "license_note": "Base data (c) OpenStreetMap contributors, ODbL; retrieved 2026-08-17 via Overpass API; simplified context extract, not a survey basemap.",
    "station_name": "五道口"
   },
   "geometry": {
    "type": "Point",
    "coordinates": [
     116.3317017,
     39.9914779
    ]
   }
  },
  {
   "type": "Feature",
   "id": "BASE-STATION-11",
   "properties": {
    "id": "BASE-STATION-11",
    "layer": "EXISTING_RAIL",
    "name_zh": "现状轨道车站·牡丹园",
    "name_en": "Existing station 牡丹园",
    "source_type": "osm",
    "confidence": "medium",
    "geometry_role": "existing_condition",
    "official_boundary": false,
    "license_note": "Base data (c) OpenStreetMap contributors, ODbL; retrieved 2026-08-17 via Overpass API; simplified context extract, not a survey basemap.",
    "station_name": "牡丹园"
   },
   "geometry": {
    "type": "Point",
    "coordinates": [
     116.3630635,
     39.9749126
    ]
   }
  },
  {
   "type": "Feature",
   "id": "BASE-STATION-12",
   "properties": {
    "id": "BASE-STATION-12",
    "layer": "EXISTING_RAIL",
    "name_zh": "现状轨道车站·西土城",
    "name_en": "Existing station 西土城",
    "source_type": "osm",
    "confidence": "medium",
    "geometry_role": "existing_condition",
    "official_boundary": false,
    "license_note": "Base data (c) OpenStreetMap contributors, ODbL; retrieved 2026-08-17 via Overpass API; simplified context extract, not a survey basemap.",
    "station_name": "西土城"
   },
   "geometry": {
    "type": "Point",
    "coordinates": [
     116.3477745,
     39.9748659
    ]
   }
  },
  {
   "type": "Feature",
   "id": "BASE-STATION-13",
   "properties": {
    "id": "BASE-STATION-13",
    "layer": "EXISTING_RAIL",
    "name_zh": "现状轨道车站·六道口",
    "name_en": "Existing station 六道口",
    "source_type": "osm",
    "confidence": "medium",
    "geometry_role": "existing_condition",
    "official_boundary": false,
    "license_note": "Base data (c) OpenStreetMap contributors, ODbL; retrieved 2026-08-17 via Overpass API; simplified context extract, not a survey basemap.",
    "station_name": "六道口"
   },
   "geometry": {
    "type": "Point",
    "coordinates": [
     116.3466428,
     39.9996659
    ]
   }
  },
  {
   "type": "Feature",
   "id": "BASE-STATION-14",
   "properties": {
    "id": "BASE-STATION-14",
    "layer": "EXISTING_RAIL",
    "name_zh": "现状轨道车站·大钟寺",
    "name_en": "Existing station 大钟寺",
    "source_type": "osm",
    "confidence": "medium",
    "geometry_role": "existing_condition",
    "official_boundary": false,
    "license_note": "Base data (c) OpenStreetMap contributors, ODbL; retrieved 2026-08-17 via Overpass API; simplified context extract, not a survey basemap.",
    "station_name": "大钟寺"
   },
   "geometry": {
    "type": "Point",
    "coordinates": [
     116.3390137,
     39.9652731
    ]
   }
  },
  {
   "type": "Feature",
   "id": "BASE-STATION-15",
   "properties": {
    "id": "BASE-STATION-15",
    "layer": "EXISTING_RAIL",
    "name_zh": "现状轨道车站·积水潭",
    "name_en": "Existing station 积水潭",
    "source_type": "osm",
    "confidence": "medium",
    "geometry_role": "existing_condition",
    "official_boundary": false,
    "license_note": "Base data (c) OpenStreetMap contributors, ODbL; retrieved 2026-08-17 via Overpass API; simplified context extract, not a survey basemap.",
    "station_name": "积水潭"
   },
   "geometry": {
    "type": "Point",
    "coordinates": [
     116.3670609,
     39.947325
    ]
   }
  },
  {
   "type": "Feature",
   "id": "BASE-STATION-16",
   "properties": {
    "id": "BASE-STATION-16",
    "layer": "EXISTING_RAIL",
    "name_zh": "现状轨道车站·车公庄西",
    "name_en": "Existing station 车公庄西",
    "source_type": "osm",
    "confidence": "medium",
    "geometry_role": "existing_condition",
    "official_boundary": false,
    "license_note": "Base data (c) OpenStreetMap contributors, ODbL; retrieved 2026-08-17 via Overpass API; simplified context extract, not a survey basemap.",
    "station_name": "车公庄西"
   },
   "geometry": {
    "type": "Point",
    "coordinates": [
     116.3379903,
     39.931061
    ]
   }
  },
  {
   "type": "Feature",
   "id": "BASE-STATION-17",
   "properties": {
    "id": "BASE-STATION-17",
    "layer": "EXISTING_RAIL",
    "name_zh": "现状轨道车站·北京北",
    "name_en": "Existing station 北京北",
    "source_type": "osm",
    "confidence": "medium",
    "geometry_role": "existing_condition",
    "official_boundary": false,
    "license_note": "Base data (c) OpenStreetMap contributors, ODbL; retrieved 2026-08-17 via Overpass API; simplified context extract, not a survey basemap.",
    "station_name": "北京北"
   },
   "geometry": {
    "type": "Point",
    "coordinates": [
     116.3461866,
     39.9459061
    ]
   }
  },
  {
   "type": "Feature",
   "id": "BASE-STATION-18",
   "properties": {
    "id": "BASE-STATION-18",
    "layer": "EXISTING_RAIL",
    "name_zh": "现状轨道车站·二里沟",
    "name_en": "Existing station 二里沟",
    "source_type": "osm",
    "confidence": "medium",
    "geometry_role": "existing_condition",
    "official_boundary": false,
    "license_note": "Base data (c) OpenStreetMap contributors, ODbL; retrieved 2026-08-17 via Overpass API; simplified context extract, not a survey basemap.",
    "station_name": "二里沟"
   },
   "geometry": {
    "type": "Point",
    "coordinates": [
     116.3275776,
     39.9310721
    ]
   }
  },
  {
   "type": "Feature",
   "id": "BASE-STATION-19",
   "properties": {
    "id": "BASE-STATION-19",
    "layer": "EXISTING_RAIL",
    "name_zh": "现状轨道车站·北太平庄",
    "name_en": "Existing station 北太平庄",
    "source_type": "osm",
    "confidence": "medium",
    "geometry_role": "existing_condition",
    "official_boundary": false,
    "license_note": "Base data (c) OpenStreetMap contributors, ODbL; retrieved 2026-08-17 via Overpass API; simplified context extract, not a survey basemap.",
    "station_name": "北太平庄"
   },
   "geometry": {
    "type": "Point",
    "coordinates": [
     116.364124,
     39.9667708
    ]
   }
  },
  {
   "type": "Feature",
   "id": "BASE-STATION-20",
   "properties": {
    "id": "BASE-STATION-20",
    "layer": "EXISTING_RAIL",
    "name_zh": "现状轨道车站·学院桥",
    "name_en": "Existing station 学院桥",
    "source_type": "osm",
    "confidence": "medium",
    "geometry_role": "existing_condition",
    "official_boundary": false,
    "license_note": "Base data (c) OpenStreetMap contributors, ODbL; retrieved 2026-08-17 via Overpass API; simplified context extract, not a survey basemap.",
    "station_name": "学院桥"
   },
   "geometry": {
    "type": "Point",
    "coordinates": [
     116.3472515,
     39.9868013
    ]
   }
  },
  {
   "type": "Feature",
   "id": "BASE-STATION-21",
   "properties": {
    "id": "BASE-STATION-21",
    "layer": "EXISTING_RAIL",
    "name_zh": "现状轨道车站·学知园",
    "name_en": "Existing station 学知园",
    "source_type": "osm",
    "confidence": "medium",
    "geometry_role": "existing_condition",
    "official_boundary": false,
    "license_note": "Base data (c) OpenStreetMap contributors, ODbL; retrieved 2026-08-17 via Overpass API; simplified context extract, not a survey basemap.",
    "station_name": "学知园"
   },
   "geometry": {
    "type": "Point",
    "coordinates": [
     116.3457528,
     40.0136302
    ]
   }
  },
  {
   "type": "Feature",
   "id": "BASE-STATION-22",
   "properties": {
    "id": "BASE-STATION-22",
    "layer": "EXISTING_RAIL",
    "name_zh": "现状轨道车站·蓟门桥",
    "name_en": "Existing station 蓟门桥",
    "source_type": "osm",
    "confidence": "medium",
    "geometry_role": "existing_condition",
    "official_boundary": false,
    "license_note": "Base data (c) OpenStreetMap contributors, ODbL; retrieved 2026-08-17 via Overpass API; simplified context extract, not a survey basemap.",
    "station_name": "蓟门桥"
   },
   "geometry": {
    "type": "Point",
    "coordinates": [
     116.3488274,
     39.9663129
    ]
   }
  }
 ]
}