{
  "type": "FeatureCollection",
  "features": [
    {
      "type": "Feature",
      "properties": {
        "layer": "LAND_USE",
        "land_use_code": "0802",
        "land_use_name_zh": "AI研发用地",
        "parcel_id": "LU-001",
        "key_area_id": "PROV-KEY-001",
        "area_sqm": 101142.1,
        "id": "LU-001",
        "source_type": "agent_inferred_from_public_data",
        "confidence": "low",
        "geometry_role": "design_proposal"
      },
      "geometry": {
        "type": "Polygon",
        "coordinates": [
          [
            [
              116.3436,
              39.982749999999996
            ],
            [
              116.3436,
              39.988218749999994
            ],
            [
              116.34555,
              39.988218749999994
            ],
            [
              116.34555,
              39.982749999999996
            ],
            [
              116.3436,
              39.982749999999996
            ]
          ]
        ]
      },
      "id": "LU-001"
    },
    {
      "type": "Feature",
      "properties": {
        "layer": "LAND_USE",
        "land_use_code": "0802",
        "land_use_name_zh": "AI研发用地",
        "parcel_id": "LU-002",
        "key_area_id": "PROV-KEY-001",
        "area_sqm": 101141.9,
        "id": "LU-002",
        "source_type": "agent_inferred_from_public_data",
        "confidence": "low",
        "geometry_role": "design_proposal"
      },
      "geometry": {
        "type": "Polygon",
        "coordinates": [
          [
            [
              116.3514,
              39.982749999999996
            ],
            [
              116.3514,
              39.988218749999994
            ],
            [
              116.35335,
              39.988218749999994
            ],
            [
              116.35335,
              39.982749999999996
            ],
            [
              116.3514,
              39.982749999999996
            ]
          ]
        ]
      },
      "id": "LU-002"
    },
    {
      "type": "Feature",
      "properties": {
        "layer": "LAND_USE",
        "land_use_code": "0802",
        "land_use_name_zh": "产业孵化用地",
        "parcel_id": "LU-003",
        "key_area_id": "PROV-KEY-001",
        "area_sqm": 101150.1,
        "id": "LU-003",
        "source_type": "agent_inferred_from_public_data",
        "confidence": "low",
        "geometry_role": "design_proposal"
      },
      "geometry": {
        "type": "Polygon",
        "coordinates": [
          [
            [
              116.3436,
              39.97728125
            ],
            [
              116.3436,
              39.982749999999996
            ],
            [
              116.34555,
              39.982749999999996
            ],
            [
              116.34555,
              39.97728125
            ],
            [
              116.3436,
              39.97728125
            ]
          ]
        ]
      },
      "id": "LU-003"
    },
    {
      "type": "Feature",
      "properties": {
        "layer": "LAND_USE",
        "land_use_code": "05",
        "land_use_name_zh": "商业服务用地",
        "parcel_id": "LU-004",
        "key_area_id": "PROV-KEY-001",
        "area_sqm": 101149.9,
        "id": "LU-004",
        "source_type": "agent_inferred_from_public_data",
        "confidence": "low",
        "geometry_role": "design_proposal"
      },
      "geometry": {
        "type": "Polygon",
        "coordinates": [
          [
            [
              116.3514,
              39.97728125
            ],
            [
              116.3514,
              39.982749999999996
            ],
            [
              116.35335,
              39.982749999999996
            ],
            [
              116.35335,
              39.97728125
            ],
            [
              116.3514,
              39.97728125
            ]
          ]
        ]
      },
      "id": "LU-004"
    },
    {
      "type": "Feature",
      "properties": {
        "layer": "LAND_USE",
        "land_use_code": "0701",
        "land_use_name_zh": "居住用地",
        "parcel_id": "LU-005",
        "key_area_id": "PROV-KEY-001",
        "area_sqm": 101158.1,
        "id": "LU-005",
        "source_type": "agent_inferred_from_public_data",
        "confidence": "low",
        "geometry_role": "design_proposal"
      },
      "geometry": {
        "type": "Polygon",
        "coordinates": [
          [
            [
              116.3436,
              39.9718125
            ],
            [
              116.3436,
              39.97728125
            ],
            [
              116.34555,
              39.97728125
            ],
            [
              116.34555,
              39.9718125
            ],
            [
              116.3436,
              39.9718125
            ]
          ]
        ]
      },
      "id": "LU-005"
    },
    {
      "type": "Feature",
      "properties": {
        "layer": "LAND_USE",
        "land_use_code": "08",
        "land_use_name_zh": "公共管理与公共服务用地",
        "parcel_id": "LU-006",
        "key_area_id": "PROV-KEY-001",
        "area_sqm": 101157.9,
        "id": "LU-006",
        "source_type": "agent_inferred_from_public_data",
        "confidence": "low",
        "geometry_role": "design_proposal"
      },
      "geometry": {
        "type": "Polygon",
        "coordinates": [
          [
            [
              116.3514,
              39.9718125
            ],
            [
              116.3514,
              39.97728125
            ],
            [
              116.35335,
              39.97728125
            ],
            [
              116.35335,
              39.9718125
            ],
            [
              116.3514,
              39.9718125
            ]
          ]
        ]
      },
      "id": "LU-006"
    },
    {
      "type": "Feature",
      "properties": {
        "layer": "LAND_USE",
        "land_use_code": "1401",
        "land_use_name_zh": "公园绿地",
        "parcel_id": "LU-007",
        "key_area_id": "PROV-KEY-001",
        "area_sqm": 101166.0,
        "id": "LU-007",
        "source_type": "agent_inferred_from_public_data",
        "confidence": "low",
        "geometry_role": "design_proposal"
      },
      "geometry": {
        "type": "Polygon",
        "coordinates": [
          [
            [
              116.3436,
              39.96634375
            ],
            [
              116.3436,
              39.9718125
            ],
            [
              116.34555,
              39.9718125
            ],
            [
              116.34555,
              39.96634375
            ],
            [
              116.3436,
              39.96634375
            ]
          ]
        ]
      },
      "id": "LU-007"
    },
    {
      "type": "Feature",
      "properties": {
        "layer": "LAND_USE",
        "land_use_code": "0802",
        "land_use_name_zh": "AI研发用地",
        "parcel_id": "LU-008",
        "key_area_id": "PROV-KEY-002",
        "area_sqm": 101165.9,
        "id": "LU-008",
        "source_type": "agent_inferred_from_public_data",
        "confidence": "low",
        "geometry_role": "design_proposal"
      },
      "geometry": {
        "type": "Polygon",
        "coordinates": [
          [
            [
              116.3514,
              39.96634375
            ],
            [
              116.3514,
              39.9718125
            ],
            [
              116.35335,
              39.9718125
            ],
            [
              116.35335,
              39.96634375
            ],
            [
              116.3514,
              39.96634375
            ]
          ]
        ]
      },
      "id": "LU-008"
    },
    {
      "type": "Feature",
      "properties": {
        "layer": "LAND_USE",
        "land_use_code": "05",
        "land_use_name_zh": "商业服务用地",
        "parcel_id": "LU-009",
        "key_area_id": "PROV-KEY-002",
        "area_sqm": 101174.0,
        "id": "LU-009",
        "source_type": "agent_inferred_from_public_data",
        "confidence": "low",
        "geometry_role": "design_proposal"
      },
      "geometry": {
        "type": "Polygon",
        "coordinates": [
          [
            [
              116.3436,
              39.960875
            ],
            [
              116.3436,
              39.96634375
            ],
            [
              116.34555,
              39.96634375
            ],
            [
              116.34555,
              39.960875
            ],
            [
              116.3436,
              39.960875
            ]
          ]
        ]
      },
      "id": "LU-009"
    },
    {
      "type": "Feature",
      "properties": {
        "layer": "LAND_USE",
        "land_use_code": "08",
        "land_use_name_zh": "公共管理与公共服务用地",
        "parcel_id": "LU-010",
        "key_area_id": "PROV-KEY-002",
        "area_sqm": 101173.8,
        "id": "LU-010",
        "source_type": "agent_inferred_from_public_data",
        "confidence": "low",
        "geometry_role": "design_proposal"
      },
      "geometry": {
        "type": "Polygon",
        "coordinates": [
          [
            [
              116.3514,
              39.960875
            ],
            [
              116.3514,
              39.96634375
            ],
            [
              116.35335,
              39.96634375
            ],
            [
              116.35335,
              39.960875
            ],
            [
              116.3514,
              39.960875
            ]
          ]
        ]
      },
      "id": "LU-010"
    },
    {
      "type": "Feature",
      "properties": {
        "layer": "LAND_USE",
        "land_use_code": "0701",
        "land_use_name_zh": "居住用地",
        "parcel_id": "LU-011",
        "key_area_id": "PROV-KEY-002",
        "area_sqm": 101182.0,
        "id": "LU-011",
        "source_type": "agent_inferred_from_public_data",
        "confidence": "low",
        "geometry_role": "design_proposal"
      },
      "geometry": {
        "type": "Polygon",
        "coordinates": [
          [
            [
              116.3436,
              39.95540625
            ],
            [
              116.3436,
              39.960875
            ],
            [
              116.34555,
              39.960875
            ],
            [
              116.34555,
              39.95540625
            ],
            [
              116.3436,
              39.95540625
            ]
          ]
        ]
      },
      "id": "LU-011"
    },
    {
      "type": "Feature",
      "properties": {
        "layer": "LAND_USE",
        "land_use_code": "0701",
        "land_use_name_zh": "居住用地",
        "parcel_id": "LU-012",
        "key_area_id": "PROV-KEY-002",
        "area_sqm": 101181.8,
        "id": "LU-012",
        "source_type": "agent_inferred_from_public_data",
        "confidence": "low",
        "geometry_role": "design_proposal"
      },
      "geometry": {
        "type": "Polygon",
        "coordinates": [
          [
            [
              116.3514,
              39.95540625
            ],
            [
              116.3514,
              39.960875
            ],
            [
              116.35335,
              39.960875
            ],
            [
              116.35335,
              39.95540625
            ],
            [
              116.3514,
              39.95540625
            ]
          ]
        ]
      },
      "id": "LU-012"
    },
    {
      "type": "Feature",
      "properties": {
        "layer": "LAND_USE",
        "land_use_code": "1401",
        "land_use_name_zh": "公园绿地",
        "parcel_id": "LU-013",
        "key_area_id": "PROV-KEY-002",
        "area_sqm": 101189.9,
        "id": "LU-013",
        "source_type": "agent_inferred_from_public_data",
        "confidence": "low",
        "geometry_role": "design_proposal"
      },
      "geometry": {
        "type": "Polygon",
        "coordinates": [
          [
            [
              116.3436,
              39.9499375
            ],
            [
              116.3436,
              39.955406249999996
            ],
            [
              116.34555,
              39.955406249999996
            ],
            [
              116.34555,
              39.9499375
            ],
            [
              116.3436,
              39.9499375
            ]
          ]
        ]
      },
      "id": "LU-013"
    },
    {
      "type": "Feature",
      "properties": {
        "layer": "LAND_USE",
        "land_use_code": "05",
        "land_use_name_zh": "商业服务用地",
        "parcel_id": "LU-014",
        "key_area_id": "PROV-KEY-003",
        "area_sqm": 101189.8,
        "id": "LU-014",
        "source_type": "agent_inferred_from_public_data",
        "confidence": "low",
        "geometry_role": "design_proposal"
      },
      "geometry": {
        "type": "Polygon",
        "coordinates": [
          [
            [
              116.3514,
              39.9499375
            ],
            [
              116.3514,
              39.955406249999996
            ],
            [
              116.35335,
              39.955406249999996
            ],
            [
              116.35335,
              39.9499375
            ],
            [
              116.3514,
              39.9499375
            ]
          ]
        ]
      },
      "id": "LU-014"
    },
    {
      "type": "Feature",
      "properties": {
        "layer": "LAND_USE",
        "land_use_code": "0802",
        "land_use_name_zh": "AI研发用地",
        "parcel_id": "LU-015",
        "key_area_id": "PROV-KEY-003",
        "area_sqm": 101197.9,
        "id": "LU-015",
        "source_type": "agent_inferred_from_public_data",
        "confidence": "low",
        "geometry_role": "design_proposal"
      },
      "geometry": {
        "type": "Polygon",
        "coordinates": [
          [
            [
              116.3436,
              39.94446875
            ],
            [
              116.3436,
              39.9499375
            ],
            [
              116.34555,
              39.9499375
            ],
            [
              116.34555,
              39.94446875
            ],
            [
              116.3436,
              39.94446875
            ]
          ]
        ]
      },
      "id": "LU-015"
    },
    {
      "type": "Feature",
      "properties": {
        "layer": "LAND_USE",
        "land_use_code": "0802",
        "land_use_name_zh": "产业孵化用地",
        "parcel_id": "LU-016",
        "key_area_id": "PROV-KEY-003",
        "area_sqm": 101197.7,
        "id": "LU-016",
        "source_type": "agent_inferred_from_public_data",
        "confidence": "low",
        "geometry_role": "design_proposal"
      },
      "geometry": {
        "type": "Polygon",
        "coordinates": [
          [
            [
              116.3514,
              39.94446875
            ],
            [
              116.3514,
              39.9499375
            ],
            [
              116.35335,
              39.9499375
            ],
            [
              116.35335,
              39.94446875
            ],
            [
              116.3514,
              39.94446875
            ]
          ]
        ]
      },
      "id": "LU-016"
    },
    {
      "type": "Feature",
      "properties": {
        "layer": "LAND_USE",
        "land_use_code": "1207",
        "land_use_name_zh": "城镇村道路用地",
        "parcel_id": "LU-017",
        "key_area_id": "PROV-KEY-003",
        "area_sqm": 101205.9,
        "id": "LU-017",
        "source_type": "agent_inferred_from_public_data",
        "confidence": "low",
        "geometry_role": "design_proposal"
      },
      "geometry": {
        "type": "Polygon",
        "coordinates": [
          [
            [
              116.3436,
              39.94446875
            ],
            [
              116.34555,
              39.94446875
            ],
            [
              116.34555,
              39.939
            ],
            [
              116.3436,
              39.939
            ],
            [
              116.3436,
              39.94446875
            ]
          ]
        ]
      },
      "id": "LU-017"
    },
    {
      "type": "Feature",
      "properties": {
        "layer": "LAND_USE",
        "land_use_code": "16",
        "land_use_name_zh": "留白用地",
        "parcel_id": "LU-018",
        "key_area_id": "PROV-KEY-003",
        "area_sqm": 101205.7,
        "id": "LU-018",
        "source_type": "agent_inferred_from_public_data",
        "confidence": "low",
        "geometry_role": "design_proposal"
      },
      "geometry": {
        "type": "Polygon",
        "coordinates": [
          [
            [
              116.3514,
              39.94446875
            ],
            [
              116.35335,
              39.94446875
            ],
            [
              116.35335,
              39.939
            ],
            [
              116.3514,
              39.939
            ],
            [
              116.3514,
              39.94446875
            ]
          ]
        ]
      },
      "id": "LU-018"
    },
    {
      "type": "Feature",
      "properties": {
        "layer": "LAND_USE",
        "land_use_code": "1401",
        "land_use_name_zh": "公园绿地",
        "parcel_id": "LU-019",
        "key_area_id": "PROV-KEY-002",
        "area_sqm": 101134.2,
        "id": "LU-019",
        "source_type": "agent_inferred_from_public_data",
        "confidence": "low",
        "geometry_role": "design_proposal"
      },
      "geometry": {
        "type": "Polygon",
        "coordinates": [
          [
            [
              116.3436,
              39.98821875
            ],
            [
              116.3436,
              39.9936875
            ],
            [
              116.34555,
              39.9936875
            ],
            [
              116.34555,
              39.98821875
            ],
            [
              116.3436,
              39.98821875
            ]
          ]
        ]
      },
      "id": "LU-019"
    },
    {
      "type": "Feature",
      "properties": {
        "layer": "LAND_USE",
        "land_use_code": "0803",
        "land_use_name_zh": "文化用地",
        "parcel_id": "LU-020",
        "key_area_id": "PROV-KEY-002",
        "area_sqm": 101126.2,
        "id": "LU-020",
        "source_type": "agent_inferred_from_public_data",
        "confidence": "low",
        "geometry_role": "design_proposal"
      },
      "geometry": {
        "type": "Polygon",
        "coordinates": [
          [
            [
              116.3436,
              39.9936875
            ],
            [
              116.3436,
              39.99915625
            ],
            [
              116.34555,
              39.99915625
            ],
            [
              116.34555,
              39.9936875
            ],
            [
              116.3436,
              39.9936875
            ]
          ]
        ]
      },
      "id": "LU-020"
    },
    {
      "type": "Feature",
      "properties": {
        "layer": "LAND_USE",
        "land_use_code": "1207",
        "land_use_name_zh": "城镇村道路用地",
        "parcel_id": "LU-021",
        "key_area_id": "PROV-KEY-002",
        "area_sqm": 101126.0,
        "id": "LU-021",
        "source_type": "agent_inferred_from_public_data",
        "confidence": "low",
        "geometry_role": "design_proposal"
      },
      "geometry": {
        "type": "Polygon",
        "coordinates": [
          [
            [
              116.3514,
              39.9936875
            ],
            [
              116.3514,
              39.99915625
            ],
            [
              116.35335,
              39.99915625
            ],
            [
              116.35335,
              39.9936875
            ],
            [
              116.3514,
              39.9936875
            ]
          ]
        ]
      },
      "id": "LU-021"
    },
    {
      "type": "Feature",
      "properties": {
        "layer": "LAND_USE",
        "land_use_code": "0804",
        "land_use_name_zh": "教育用地",
        "parcel_id": "LU-022",
        "key_area_id": "PROV-KEY-002",
        "area_sqm": 101118.2,
        "id": "LU-022",
        "source_type": "agent_inferred_from_public_data",
        "confidence": "low",
        "geometry_role": "design_proposal"
      },
      "geometry": {
        "type": "Polygon",
        "coordinates": [
          [
            [
              116.3436,
              39.99915625
            ],
            [
              116.3436,
              40.004625
            ],
            [
              116.34555,
              40.004625
            ],
            [
              116.34555,
              39.99915625
            ],
            [
              116.3436,
              39.99915625
            ]
          ]
        ]
      },
      "id": "LU-022"
    },
    {
      "type": "Feature",
      "properties": {
        "layer": "LAND_USE",
        "land_use_code": "0701",
        "land_use_name_zh": "居住用地",
        "parcel_id": "LU-023",
        "key_area_id": "PROV-KEY-002",
        "area_sqm": 101118.0,
        "id": "LU-023",
        "source_type": "agent_inferred_from_public_data",
        "confidence": "low",
        "geometry_role": "design_proposal"
      },
      "geometry": {
        "type": "Polygon",
        "coordinates": [
          [
            [
              116.3514,
              39.99915625
            ],
            [
              116.3514,
              40.004625
            ],
            [
              116.35335,
              40.004625
            ],
            [
              116.35335,
              39.99915625
            ],
            [
              116.3514,
              39.99915625
            ]
          ]
        ]
      },
      "id": "LU-023"
    },
    {
      "type": "Feature",
      "properties": {
        "layer": "LAND_USE",
        "land_use_code": "1401",
        "land_use_name_zh": "公园绿地",
        "parcel_id": "LU-024",
        "key_area_id": "PROV-KEY-001",
        "area_sqm": 101110.2,
        "id": "LU-024",
        "source_type": "agent_inferred_from_public_data",
        "confidence": "low",
        "geometry_role": "design_proposal"
      },
      "geometry": {
        "type": "Polygon",
        "coordinates": [
          [
            [
              116.3436,
              40.004625
            ],
            [
              116.3436,
              40.010093749999996
            ],
            [
              116.34555,
              40.010093749999996
            ],
            [
              116.34555,
              40.004625
            ],
            [
              116.3436,
              40.004625
            ]
          ]
        ]
      },
      "id": "LU-024"
    },
    {
      "type": "Feature",
      "properties": {
        "layer": "LAND_USE",
        "land_use_code": "1402",
        "land_use_name_zh": "防护绿地",
        "parcel_id": "LU-025",
        "key_area_id": "PROV-KEY-001",
        "area_sqm": 101110.1,
        "id": "LU-025",
        "source_type": "agent_inferred_from_public_data",
        "confidence": "low",
        "geometry_role": "design_proposal"
      },
      "geometry": {
        "type": "Polygon",
        "coordinates": [
          [
            [
              116.3514,
              40.004625
            ],
            [
              116.3514,
              40.010093749999996
            ],
            [
              116.35335,
              40.010093749999996
            ],
            [
              116.35335,
              40.004625
            ],
            [
              116.3514,
              40.004625
            ]
          ]
        ]
      },
      "id": "LU-025"
    },
    {
      "type": "Feature",
      "properties": {
        "layer": "LAND_USE",
        "land_use_code": "0803",
        "land_use_name_zh": "文化用地",
        "parcel_id": "LU-026",
        "key_area_id": "PROV-KEY-001",
        "area_sqm": 101102.3,
        "id": "LU-026",
        "source_type": "agent_inferred_from_public_data",
        "confidence": "low",
        "geometry_role": "design_proposal"
      },
      "geometry": {
        "type": "Polygon",
        "coordinates": [
          [
            [
              116.3436,
              40.010093749999996
            ],
            [
              116.3436,
              40.015562499999994
            ],
            [
              116.34555,
              40.015562499999994
            ],
            [
              116.34555,
              40.010093749999996
            ],
            [
              116.3436,
              40.010093749999996
            ]
          ]
        ]
      },
      "id": "LU-026"
    },
    {
      "type": "Feature",
      "properties": {
        "layer": "LAND_USE",
        "land_use_code": "1207",
        "land_use_name_zh": "城镇村道路用地",
        "parcel_id": "LU-027",
        "key_area_id": "PROV-KEY-001",
        "area_sqm": 101102.1,
        "id": "LU-027",
        "source_type": "agent_inferred_from_public_data",
        "confidence": "low",
        "geometry_role": "design_proposal"
      },
      "geometry": {
        "type": "Polygon",
        "coordinates": [
          [
            [
              116.3514,
              40.010093749999996
            ],
            [
              116.3514,
              40.015562499999994
            ],
            [
              116.35335,
              40.015562499999994
            ],
            [
              116.35335,
              40.010093749999996
            ],
            [
              116.3514,
              40.010093749999996
            ]
          ]
        ]
      },
      "id": "LU-027"
    },
    {
      "type": "Feature",
      "properties": {
        "layer": "LAND_USE",
        "land_use_code": "0804",
        "land_use_name_zh": "教育用地",
        "parcel_id": "LU-028",
        "key_area_id": "PROV-KEY-001",
        "area_sqm": 101094.3,
        "id": "LU-028",
        "source_type": "agent_inferred_from_public_data",
        "confidence": "low",
        "geometry_role": "design_proposal"
      },
      "geometry": {
        "type": "Polygon",
        "coordinates": [
          [
            [
              116.3436,
              40.0155625
            ],
            [
              116.3436,
              40.02103125
            ],
            [
              116.34555,
              40.02103125
            ],
            [
              116.34555,
              40.0155625
            ],
            [
              116.3436,
              40.0155625
            ]
          ]
        ]
      },
      "id": "LU-028"
    },
    {
      "type": "Feature",
      "properties": {
        "layer": "LAND_USE",
        "land_use_code": "0701",
        "land_use_name_zh": "居住用地",
        "parcel_id": "LU-029",
        "key_area_id": "PROV-KEY-001",
        "area_sqm": 101094.1,
        "id": "LU-029",
        "source_type": "agent_inferred_from_public_data",
        "confidence": "low",
        "geometry_role": "design_proposal"
      },
      "geometry": {
        "type": "Polygon",
        "coordinates": [
          [
            [
              116.3514,
              40.0155625
            ],
            [
              116.3514,
              40.02103125
            ],
            [
              116.35335,
              40.02103125
            ],
            [
              116.35335,
              40.0155625
            ],
            [
              116.3514,
              40.0155625
            ]
          ]
        ]
      },
      "id": "LU-029"
    },
    {
      "type": "Feature",
      "properties": {
        "layer": "LAND_USE",
        "land_use_code": "16",
        "land_use_name_zh": "留白用地",
        "parcel_id": "LU-030",
        "key_area_id": "PROV-KEY-001",
        "area_sqm": 101086.3,
        "id": "LU-030",
        "source_type": "agent_inferred_from_public_data",
        "confidence": "low",
        "geometry_role": "design_proposal"
      },
      "geometry": {
        "type": "Polygon",
        "coordinates": [
          [
            [
              116.34555,
              40.02103125
            ],
            [
              116.3436,
              40.02103125
            ],
            [
              116.3436,
              40.0265
            ],
            [
              116.34555,
              40.0265
            ],
            [
              116.34555,
              40.02103125
            ]
          ]
        ]
      },
      "id": "LU-030"
    },
    {
      "type": "Feature",
      "properties": {
        "layer": "LAND_USE",
        "land_use_code": "05",
        "land_use_name_zh": "商业服务用地",
        "parcel_id": "LU-031",
        "key_area_id": "PROV-KEY-001",
        "area_sqm": 101086.1,
        "id": "LU-031",
        "source_type": "agent_inferred_from_public_data",
        "confidence": "low",
        "geometry_role": "design_proposal"
      },
      "geometry": {
        "type": "Polygon",
        "coordinates": [
          [
            [
              116.35335,
              40.02103125
            ],
            [
              116.3514,
              40.02103125
            ],
            [
              116.3514,
              40.0265
            ],
            [
              116.35335,
              40.0265
            ],
            [
              116.35335,
              40.02103125
            ]
          ]
        ]
      },
      "id": "LU-031"
    },
    {
      "type": "Feature",
      "properties": {
        "layer": "LAND_USE",
        "land_use_code": "0804",
        "land_use_name_zh": "教育用地",
        "parcel_id": "LU-032",
        "key_area_id": "",
        "area_sqm": 101205.9,
        "id": "LU-032",
        "source_type": "agent_inferred_from_public_data",
        "confidence": "low",
        "geometry_role": "design_proposal"
      },
      "geometry": {
        "type": "Polygon",
        "coordinates": [
          [
            [
              116.34164999999999,
              39.94446875
            ],
            [
              116.34359999999998,
              39.94446875
            ],
            [
              116.34359999999998,
              39.939
            ],
            [
              116.34164999999999,
              39.939
            ],
            [
              116.34164999999999,
              39.94446875
            ]
          ]
        ]
      },
      "id": "LU-032"
    },
    {
      "type": "Feature",
      "properties": {
        "layer": "LAND_USE",
        "land_use_code": "1402",
        "land_use_name_zh": "防护绿地",
        "parcel_id": "LU-033",
        "key_area_id": "",
        "area_sqm": 101205.8,
        "id": "LU-033",
        "source_type": "agent_inferred_from_public_data",
        "confidence": "low",
        "geometry_role": "design_proposal"
      },
      "geometry": {
        "type": "Polygon",
        "coordinates": [
          [
            [
              116.34555,
              39.94446875
            ],
            [
              116.3475,
              39.94446875
            ],
            [
              116.3475,
              39.939
            ],
            [
              116.34555,
              39.939
            ],
            [
              116.34555,
              39.94446875
            ]
          ]
        ]
      },
      "id": "LU-033"
    },
    {
      "type": "Feature",
      "properties": {
        "layer": "LAND_USE",
        "land_use_code": "1207",
        "land_use_name_zh": "城镇村道路用地",
        "parcel_id": "LU-034",
        "key_area_id": "",
        "area_sqm": 101205.8,
        "id": "LU-034",
        "source_type": "agent_inferred_from_public_data",
        "confidence": "low",
        "geometry_role": "design_proposal"
      },
      "geometry": {
        "type": "Polygon",
        "coordinates": [
          [
            [
              116.3475,
              39.94446875
            ],
            [
              116.34944999999999,
              39.94446875
            ],
            [
              116.34944999999999,
              39.939
            ],
            [
              116.3475,
              39.939
            ],
            [
              116.3475,
              39.94446875
            ]
          ]
        ]
      },
      "id": "LU-034"
    },
    {
      "type": "Feature",
      "properties": {
        "layer": "LAND_USE",
        "land_use_code": "0701",
        "land_use_name_zh": "居住用地",
        "parcel_id": "LU-035",
        "key_area_id": "",
        "area_sqm": 101205.7,
        "id": "LU-035",
        "source_type": "agent_inferred_from_public_data",
        "confidence": "low",
        "geometry_role": "design_proposal"
      },
      "geometry": {
        "type": "Polygon",
        "coordinates": [
          [
            [
              116.34944999999999,
              39.94446875
            ],
            [
              116.35139999999998,
              39.94446875
            ],
            [
              116.35139999999998,
              39.939
            ],
            [
              116.34944999999999,
              39.939
            ],
            [
              116.34944999999999,
              39.94446875
            ]
          ]
        ]
      },
      "id": "LU-035"
    },
    {
      "type": "Feature",
      "properties": {
        "layer": "LAND_USE",
        "land_use_code": "08",
        "land_use_name_zh": "公共管理与公共服务用地",
        "parcel_id": "LU-036",
        "key_area_id": "",
        "area_sqm": 101205.6,
        "id": "LU-036",
        "source_type": "agent_inferred_from_public_data",
        "confidence": "low",
        "geometry_role": "design_proposal"
      },
      "geometry": {
        "type": "Polygon",
        "coordinates": [
          [
            [
              116.3553,
              39.939
            ],
            [
              116.35335,
              39.939
            ],
            [
              116.35335,
              39.94446875
            ],
            [
              116.3553,
              39.94446875
            ],
            [
              116.3553,
              39.939
            ]
          ]
        ]
      },
      "id": "LU-036"
    },
    {
      "type": "Feature",
      "properties": {
        "layer": "LAND_USE",
        "land_use_code": "16",
        "land_use_name_zh": "留白用地",
        "parcel_id": "LU-037",
        "key_area_id": "",
        "area_sqm": 101197.9,
        "id": "LU-037",
        "source_type": "agent_inferred_from_public_data",
        "confidence": "low",
        "geometry_role": "design_proposal"
      },
      "geometry": {
        "type": "Polygon",
        "coordinates": [
          [
            [
              116.34164999999999,
              39.94446875
            ],
            [
              116.34164999999999,
              39.9499375
            ],
            [
              116.34359999999998,
              39.9499375
            ],
            [
              116.34359999999998,
              39.94446875
            ],
            [
              116.34164999999999,
              39.94446875
            ]
          ]
        ]
      },
      "id": "LU-037"
    },
    {
      "type": "Feature",
      "properties": {
        "layer": "LAND_USE",
        "land_use_code": "1207",
        "land_use_name_zh": "城镇村道路用地",
        "parcel_id": "LU-038",
        "key_area_id": "",
        "area_sqm": 101197.9,
        "id": "LU-038",
        "source_type": "agent_inferred_from_public_data",
        "confidence": "low",
        "geometry_role": "design_proposal"
      },
      "geometry": {
        "type": "Polygon",
        "coordinates": [
          [
            [
              116.34555,
              39.94446875
            ],
            [
              116.34555,
              39.9499375
            ],
            [
              116.3475,
              39.9499375
            ],
            [
              116.3475,
              39.94446875
            ],
            [
              116.34555,
              39.94446875
            ]
          ]
        ]
      },
      "id": "LU-038"
    },
    {
      "type": "Feature",
      "properties": {
        "layer": "LAND_USE",
        "land_use_code": "0701",
        "land_use_name_zh": "居住用地",
        "parcel_id": "LU-039",
        "key_area_id": "",
        "area_sqm": 101197.8,
        "id": "LU-039",
        "source_type": "agent_inferred_from_public_data",
        "confidence": "low",
        "geometry_role": "design_proposal"
      },
      "geometry": {
        "type": "Polygon",
        "coordinates": [
          [
            [
              116.3475,
              39.94446875
            ],
            [
              116.3475,
              39.9499375
            ],
            [
              116.34944999999999,
              39.9499375
            ],
            [
              116.34944999999999,
              39.94446875
            ],
            [
              116.3475,
              39.94446875
            ]
          ]
        ]
      },
      "id": "LU-039"
    },
    {
      "type": "Feature",
      "properties": {
        "layer": "LAND_USE",
        "land_use_code": "05",
        "land_use_name_zh": "商业服务用地",
        "parcel_id": "LU-040",
        "key_area_id": "",
        "area_sqm": 101197.8,
        "id": "LU-040",
        "source_type": "agent_inferred_from_public_data",
        "confidence": "low",
        "geometry_role": "design_proposal"
      },
      "geometry": {
        "type": "Polygon",
        "coordinates": [
          [
            [
              116.34944999999999,
              39.94446875
            ],
            [
              116.34944999999999,
              39.9499375
            ],
            [
              116.35139999999998,
              39.9499375
            ],
            [
              116.35139999999998,
              39.94446875
            ],
            [
              116.34944999999999,
              39.94446875
            ]
          ]
        ]
      },
      "id": "LU-040"
    },
    {
      "type": "Feature",
      "properties": {
        "layer": "LAND_USE",
        "land_use_code": "1401",
        "land_use_name_zh": "公园绿地",
        "parcel_id": "LU-041",
        "key_area_id": "",
        "area_sqm": 101197.7,
        "id": "LU-041",
        "source_type": "agent_inferred_from_public_data",
        "confidence": "low",
        "geometry_role": "design_proposal"
      },
      "geometry": {
        "type": "Polygon",
        "coordinates": [
          [
            [
              116.3553,
              39.94446875
            ],
            [
              116.35335,
              39.94446875
            ],
            [
              116.35335,
              39.9499375
            ],
            [
              116.3553,
              39.9499375
            ],
            [
              116.3553,
              39.94446875
            ]
          ]
        ]
      },
      "id": "LU-041"
    },
    {
      "type": "Feature",
      "properties": {
        "layer": "LAND_USE",
        "land_use_code": "1402",
        "land_use_name_zh": "防护绿地",
        "parcel_id": "LU-042",
        "key_area_id": "PROV-KEY-003",
        "area_sqm": 101190.0,
        "id": "LU-042",
        "source_type": "agent_inferred_from_public_data",
        "confidence": "low",
        "geometry_role": "design_proposal"
      },
      "geometry": {
        "type": "Polygon",
        "coordinates": [
          [
            [
              116.34164999999999,
              39.9499375
            ],
            [
              116.34164999999999,
              39.955406249999996
            ],
            [
              116.34359999999998,
              39.955406249999996
            ],
            [
              116.34359999999998,
              39.9499375
            ],
            [
              116.34164999999999,
              39.9499375
            ]
          ]
        ]
      },
      "id": "LU-042"
    },
    {
      "type": "Feature",
      "properties": {
        "layer": "LAND_USE",
        "land_use_code": "0701",
        "land_use_name_zh": "居住用地",
        "parcel_id": "LU-043",
        "key_area_id": "PROV-KEY-003",
        "area_sqm": 101189.9,
        "id": "LU-043",
        "source_type": "agent_inferred_from_public_data",
        "confidence": "low",
        "geometry_role": "design_proposal"
      },
      "geometry": {
        "type": "Polygon",
        "coordinates": [
          [
            [
              116.34555,
              39.9499375
            ],
            [
              116.34555,
              39.955406249999996
            ],
            [
              116.3475,
              39.955406249999996
            ],
            [
              116.3475,
              39.9499375
            ],
            [
              116.34555,
              39.9499375
            ]
          ]
        ]
      },
      "id": "LU-043"
    },
    {
      "type": "Feature",
      "properties": {
        "layer": "LAND_USE",
        "land_use_code": "05",
        "land_use_name_zh": "商业服务用地",
        "parcel_id": "LU-044",
        "key_area_id": "PROV-KEY-003",
        "area_sqm": 101189.8,
        "id": "LU-044",
        "source_type": "agent_inferred_from_public_data",
        "confidence": "low",
        "geometry_role": "design_proposal"
      },
      "geometry": {
        "type": "Polygon",
        "coordinates": [
          [
            [
              116.3475,
              39.9499375
            ],
            [
              116.3475,
              39.955406249999996
            ],
            [
              116.34944999999999,
              39.955406249999996
            ],
            [
              116.34944999999999,
              39.9499375
            ],
            [
              116.3475,
              39.9499375
            ]
          ]
        ]
      },
      "id": "LU-044"
    },
    {
      "type": "Feature",
      "properties": {
        "layer": "LAND_USE",
        "land_use_code": "08",
        "land_use_name_zh": "公共管理与公共服务用地",
        "parcel_id": "LU-045",
        "key_area_id": "PROV-KEY-003",
        "area_sqm": 101189.8,
        "id": "LU-045",
        "source_type": "agent_inferred_from_public_data",
        "confidence": "low",
        "geometry_role": "design_proposal"
      },
      "geometry": {
        "type": "Polygon",
        "coordinates": [
          [
            [
              116.34944999999999,
              39.9499375
            ],
            [
              116.34944999999999,
              39.955406249999996
            ],
            [
              116.35139999999998,
              39.955406249999996
            ],
            [
              116.35139999999998,
              39.9499375
            ],
            [
              116.34944999999999,
              39.9499375
            ]
          ]
        ]
      },
      "id": "LU-045"
    },
    {
      "type": "Feature",
      "properties": {
        "layer": "LAND_USE",
        "land_use_code": "0803",
        "land_use_name_zh": "文化用地",
        "parcel_id": "LU-046",
        "key_area_id": "PROV-KEY-003",
        "area_sqm": 101189.7,
        "id": "LU-046",
        "source_type": "agent_inferred_from_public_data",
        "confidence": "low",
        "geometry_role": "design_proposal"
      },
      "geometry": {
        "type": "Polygon",
        "coordinates": [
          [
            [
              116.3553,
              39.9499375
            ],
            [
              116.35335,
              39.9499375
            ],
            [
              116.35335,
              39.955406249999996
            ],
            [
              116.3553,
              39.955406249999996
            ],
            [
              116.3553,
              39.9499375
            ]
          ]
        ]
      },
      "id": "LU-046"
    },
    {
      "type": "Feature",
      "properties": {
        "layer": "LAND_USE",
        "land_use_code": "1207",
        "land_use_name_zh": "城镇村道路用地",
        "parcel_id": "LU-047",
        "key_area_id": "PROV-KEY-003",
        "area_sqm": 101182.0,
        "id": "LU-047",
        "source_type": "agent_inferred_from_public_data",
        "confidence": "low",
        "geometry_role": "design_proposal"
      },
      "geometry": {
        "type": "Polygon",
        "coordinates": [
          [
            [
              116.34164999999999,
              39.95540625
            ],
            [
              116.34164999999999,
              39.960875
            ],
            [
              116.34359999999998,
              39.960875
            ],
            [
              116.34359999999998,
              39.95540625
            ],
            [
              116.34164999999999,
              39.95540625
            ]
          ]
        ]
      },
      "id": "LU-047"
    },
    {
      "type": "Feature",
      "properties": {
        "layer": "LAND_USE",
        "land_use_code": "05",
        "land_use_name_zh": "商业服务用地",
        "parcel_id": "LU-048",
        "key_area_id": "PROV-KEY-003",
        "area_sqm": 101181.9,
        "id": "LU-048",
        "source_type": "agent_inferred_from_public_data",
        "confidence": "low",
        "geometry_role": "design_proposal"
      },
      "geometry": {
        "type": "Polygon",
        "coordinates": [
          [
            [
              116.34555,
              39.95540625
            ],
            [
              116.34555,
              39.960875
            ],
            [
              116.3475,
              39.960875
            ],
            [
              116.3475,
              39.95540625
            ],
            [
              116.34555,
              39.95540625
            ]
          ]
        ]
      },
      "id": "LU-048"
    },
    {
      "type": "Feature",
      "properties": {
        "layer": "LAND_USE",
        "land_use_code": "08",
        "land_use_name_zh": "公共管理与公共服务用地",
        "parcel_id": "LU-049",
        "key_area_id": "PROV-KEY-003",
        "area_sqm": 101181.9,
        "id": "LU-049",
        "source_type": "agent_inferred_from_public_data",
        "confidence": "low",
        "geometry_role": "design_proposal"
      },
      "geometry": {
        "type": "Polygon",
        "coordinates": [
          [
            [
              116.3475,
              39.95540625
            ],
            [
              116.3475,
              39.960875
            ],
            [
              116.34944999999999,
              39.960875
            ],
            [
              116.34944999999999,
              39.95540625
            ],
            [
              116.3475,
              39.95540625
            ]
          ]
        ]
      },
      "id": "LU-049"
    },
    {
      "type": "Feature",
      "properties": {
        "layer": "LAND_USE",
        "land_use_code": "1401",
        "land_use_name_zh": "公园绿地",
        "parcel_id": "LU-050",
        "key_area_id": "PROV-KEY-003",
        "area_sqm": 101181.8,
        "id": "LU-050",
        "source_type": "agent_inferred_from_public_data",
        "confidence": "low",
        "geometry_role": "design_proposal"
      },
      "geometry": {
        "type": "Polygon",
        "coordinates": [
          [
            [
              116.34944999999999,
              39.95540625
            ],
            [
              116.34944999999999,
              39.960875
            ],
            [
              116.35139999999998,
              39.960875
            ],
            [
              116.35139999999998,
              39.95540625
            ],
            [
              116.34944999999999,
              39.95540625
            ]
          ]
        ]
      },
      "id": "LU-050"
    },
    {
      "type": "Feature",
      "properties": {
        "layer": "LAND_USE",
        "land_use_code": "0804",
        "land_use_name_zh": "教育用地",
        "parcel_id": "LU-051",
        "key_area_id": "PROV-KEY-003",
        "area_sqm": 101181.7,
        "id": "LU-051",
        "source_type": "agent_inferred_from_public_data",
        "confidence": "low",
        "geometry_role": "design_proposal"
      },
      "geometry": {
        "type": "Polygon",
        "coordinates": [
          [
            [
              116.3553,
              39.95540625
            ],
            [
              116.35335,
              39.95540625
            ],
            [
              116.35335,
              39.960875
            ],
            [
              116.3553,
              39.960875
            ],
            [
              116.3553,
              39.95540625
            ]
          ]
        ]
      },
      "id": "LU-051"
    },
    {
      "type": "Feature",
      "properties": {
        "layer": "LAND_USE",
        "land_use_code": "0701",
        "land_use_name_zh": "居住用地",
        "parcel_id": "LU-052",
        "key_area_id": "PROV-KEY-003",
        "area_sqm": 101174.1,
        "id": "LU-052",
        "source_type": "agent_inferred_from_public_data",
        "confidence": "low",
        "geometry_role": "design_proposal"
      },
      "geometry": {
        "type": "Polygon",
        "coordinates": [
          [
            [
              116.34164999999999,
              39.960875
            ],
            [
              116.34164999999999,
              39.96634375
            ],
            [
              116.34359999999998,
              39.96634375
            ],
            [
              116.34359999999998,
              39.960875
            ],
            [
              116.34164999999999,
              39.960875
            ]
          ]
        ]
      },
      "id": "LU-052"
    },
    {
      "type": "Feature",
      "properties": {
        "layer": "LAND_USE",
        "land_use_code": "08",
        "land_use_name_zh": "公共管理与公共服务用地",
        "parcel_id": "LU-053",
        "key_area_id": "PROV-KEY-003",
        "area_sqm": 101174.0,
        "id": "LU-053",
        "source_type": "agent_inferred_from_public_data",
        "confidence": "low",
        "geometry_role": "design_proposal"
      },
      "geometry": {
        "type": "Polygon",
        "coordinates": [
          [
            [
              116.34555,
              39.960875
            ],
            [
              116.34555,
              39.96634375
            ],
            [
              116.3475,
              39.96634375
            ],
            [
              116.3475,
              39.960875
            ],
            [
              116.34555,
              39.960875
            ]
          ]
        ]
      },
      "id": "LU-053"
    },
    {
      "type": "Feature",
      "properties": {
        "layer": "LAND_USE",
        "land_use_code": "1401",
        "land_use_name_zh": "公园绿地",
        "parcel_id": "LU-054",
        "key_area_id": "PROV-KEY-003",
        "area_sqm": 101173.9,
        "id": "LU-054",
        "source_type": "agent_inferred_from_public_data",
        "confidence": "low",
        "geometry_role": "design_proposal"
      },
      "geometry": {
        "type": "Polygon",
        "coordinates": [
          [
            [
              116.3475,
              39.960875
            ],
            [
              116.3475,
              39.96634375
            ],
            [
              116.34944999999999,
              39.96634375
            ],
            [
              116.34944999999999,
              39.960875
            ],
            [
              116.3475,
              39.960875
            ]
          ]
        ]
      },
      "id": "LU-054"
    },
    {
      "type": "Feature",
      "properties": {
        "layer": "LAND_USE",
        "land_use_code": "0803",
        "land_use_name_zh": "文化用地",
        "parcel_id": "LU-055",
        "key_area_id": "PROV-KEY-003",
        "area_sqm": 101173.9,
        "id": "LU-055",
        "source_type": "agent_inferred_from_public_data",
        "confidence": "low",
        "geometry_role": "design_proposal"
      },
      "geometry": {
        "type": "Polygon",
        "coordinates": [
          [
            [
              116.34944999999999,
              39.960875
            ],
            [
              116.34944999999999,
              39.96634375
            ],
            [
              116.35139999999998,
              39.96634375
            ],
            [
              116.35139999999998,
              39.960875
            ],
            [
              116.34944999999999,
              39.960875
            ]
          ]
        ]
      },
      "id": "LU-055"
    },
    {
      "type": "Feature",
      "properties": {
        "layer": "LAND_USE",
        "land_use_code": "05",
        "land_use_name_zh": "商业服务用地",
        "parcel_id": "LU-056",
        "key_area_id": "PROV-KEY-003",
        "area_sqm": 101166.1,
        "id": "LU-056",
        "source_type": "agent_inferred_from_public_data",
        "confidence": "low",
        "geometry_role": "design_proposal"
      },
      "geometry": {
        "type": "Polygon",
        "coordinates": [
          [
            [
              116.34164999999999,
              39.96634375
            ],
            [
              116.34164999999999,
              39.9718125
            ],
            [
              116.34359999999998,
              39.9718125
            ],
            [
              116.34359999999998,
              39.96634375
            ],
            [
              116.34164999999999,
              39.96634375
            ]
          ]
        ]
      },
      "id": "LU-056"
    },
    {
      "type": "Feature",
      "properties": {
        "layer": "LAND_USE",
        "land_use_code": "1401",
        "land_use_name_zh": "公园绿地",
        "parcel_id": "LU-057",
        "key_area_id": "PROV-KEY-003",
        "area_sqm": 101166.0,
        "id": "LU-057",
        "source_type": "agent_inferred_from_public_data",
        "confidence": "low",
        "geometry_role": "design_proposal"
      },
      "geometry": {
        "type": "Polygon",
        "coordinates": [
          [
            [
              116.34555,
              39.96634375
            ],
            [
              116.34555,
              39.9718125
            ],
            [
              116.3475,
              39.9718125
            ],
            [
              116.3475,
              39.96634375
            ],
            [
              116.34555,
              39.96634375
            ]
          ]
        ]
      },
      "id": "LU-057"
    },
    {
      "type": "Feature",
      "properties": {
        "layer": "LAND_USE",
        "land_use_code": "0803",
        "land_use_name_zh": "文化用地",
        "parcel_id": "LU-058",
        "key_area_id": "PROV-KEY-003",
        "area_sqm": 101165.9,
        "id": "LU-058",
        "source_type": "agent_inferred_from_public_data",
        "confidence": "low",
        "geometry_role": "design_proposal"
      },
      "geometry": {
        "type": "Polygon",
        "coordinates": [
          [
            [
              116.3475,
              39.96634375
            ],
            [
              116.3475,
              39.9718125
            ],
            [
              116.34944999999999,
              39.9718125
            ],
            [
              116.34944999999999,
              39.96634375
            ],
            [
              116.3475,
              39.96634375
            ]
          ]
        ]
      },
      "id": "LU-058"
    },
    {
      "type": "Feature",
      "properties": {
        "layer": "LAND_USE",
        "land_use_code": "0804",
        "land_use_name_zh": "教育用地",
        "parcel_id": "LU-059",
        "key_area_id": "PROV-KEY-003",
        "area_sqm": 101165.9,
        "id": "LU-059",
        "source_type": "agent_inferred_from_public_data",
        "confidence": "low",
        "geometry_role": "design_proposal"
      },
      "geometry": {
        "type": "Polygon",
        "coordinates": [
          [
            [
              116.34944999999999,
              39.96634375
            ],
            [
              116.34944999999999,
              39.9718125
            ],
            [
              116.35139999999998,
              39.9718125
            ],
            [
              116.35139999999998,
              39.96634375
            ],
            [
              116.34944999999999,
              39.96634375
            ]
          ]
        ]
      },
      "id": "LU-059"
    },
    {
      "type": "Feature",
      "properties": {
        "layer": "LAND_USE",
        "land_use_code": "1207",
        "land_use_name_zh": "城镇村道路用地",
        "parcel_id": "LU-060",
        "key_area_id": "PROV-KEY-002",
        "area_sqm": 101158.1,
        "id": "LU-060",
        "source_type": "agent_inferred_from_public_data",
        "confidence": "low",
        "geometry_role": "design_proposal"
      },
      "geometry": {
        "type": "Polygon",
        "coordinates": [
          [
            [
              116.34164999999999,
              39.9718125
            ],
            [
              116.34164999999999,
              39.97728125
            ],
            [
              116.34359999999998,
              39.97728125
            ],
            [
              116.34359999999998,
              39.9718125
            ],
            [
              116.34164999999999,
              39.9718125
            ]
          ]
        ]
      },
      "id": "LU-060"
    },
    {
      "type": "Feature",
      "properties": {
        "layer": "LAND_USE",
        "land_use_code": "05",
        "land_use_name_zh": "商业服务用地",
        "parcel_id": "LU-061",
        "key_area_id": "PROV-KEY-002",
        "area_sqm": 101158.0,
        "id": "LU-061",
        "source_type": "agent_inferred_from_public_data",
        "confidence": "low",
        "geometry_role": "design_proposal"
      },
      "geometry": {
        "type": "Polygon",
        "coordinates": [
          [
            [
              116.34555,
              39.9718125
            ],
            [
              116.34555,
              39.97728125
            ],
            [
              116.3475,
              39.97728125
            ],
            [
              116.3475,
              39.9718125
            ],
            [
              116.34555,
              39.9718125
            ]
          ]
        ]
      },
      "id": "LU-061"
    },
    {
      "type": "Feature",
      "properties": {
        "layer": "LAND_USE",
        "land_use_code": "08",
        "land_use_name_zh": "公共管理与公共服务用地",
        "parcel_id": "LU-062",
        "key_area_id": "PROV-KEY-002",
        "area_sqm": 101158.0,
        "id": "LU-062",
        "source_type": "agent_inferred_from_public_data",
        "confidence": "low",
        "geometry_role": "design_proposal"
      },
      "geometry": {
        "type": "Polygon",
        "coordinates": [
          [
            [
              116.3475,
              39.9718125
            ],
            [
              116.3475,
              39.97728125
            ],
            [
              116.34944999999999,
              39.97728125
            ],
            [
              116.34944999999999,
              39.9718125
            ],
            [
              116.3475,
              39.9718125
            ]
          ]
        ]
      },
      "id": "LU-062"
    },
    {
      "type": "Feature",
      "properties": {
        "layer": "LAND_USE",
        "land_use_code": "1401",
        "land_use_name_zh": "公园绿地",
        "parcel_id": "LU-063",
        "key_area_id": "PROV-KEY-002",
        "area_sqm": 101157.9,
        "id": "LU-063",
        "source_type": "agent_inferred_from_public_data",
        "confidence": "low",
        "geometry_role": "design_proposal"
      },
      "geometry": {
        "type": "Polygon",
        "coordinates": [
          [
            [
              116.34944999999999,
              39.9718125
            ],
            [
              116.34944999999999,
              39.97728125
            ],
            [
              116.35139999999998,
              39.97728125
            ],
            [
              116.35139999999998,
              39.9718125
            ],
            [
              116.34944999999999,
              39.9718125
            ]
          ]
        ]
      },
      "id": "LU-063"
    },
    {
      "type": "Feature",
      "properties": {
        "layer": "LAND_USE",
        "land_use_code": "0701",
        "land_use_name_zh": "居住用地",
        "parcel_id": "LU-064",
        "key_area_id": "PROV-KEY-002",
        "area_sqm": 101150.1,
        "id": "LU-064",
        "source_type": "agent_inferred_from_public_data",
        "confidence": "low",
        "geometry_role": "design_proposal"
      },
      "geometry": {
        "type": "Polygon",
        "coordinates": [
          [
            [
              116.34164999999999,
              39.97728125
            ],
            [
              116.34164999999999,
              39.982749999999996
            ],
            [
              116.34359999999998,
              39.982749999999996
            ],
            [
              116.34359999999998,
              39.97728125
            ],
            [
              116.34164999999999,
              39.97728125
            ]
          ]
        ]
      },
      "id": "LU-064"
    },
    {
      "type": "Feature",
      "properties": {
        "layer": "LAND_USE",
        "land_use_code": "08",
        "land_use_name_zh": "公共管理与公共服务用地",
        "parcel_id": "LU-065",
        "key_area_id": "PROV-KEY-002",
        "area_sqm": 101150.1,
        "id": "LU-065",
        "source_type": "agent_inferred_from_public_data",
        "confidence": "low",
        "geometry_role": "design_proposal"
      },
      "geometry": {
        "type": "Polygon",
        "coordinates": [
          [
            [
              116.34555,
              39.97728125
            ],
            [
              116.34555,
              39.982749999999996
            ],
            [
              116.3475,
              39.982749999999996
            ],
            [
              116.3475,
              39.97728125
            ],
            [
              116.34555,
              39.97728125
            ]
          ]
        ]
      },
      "id": "LU-065"
    },
    {
      "type": "Feature",
      "properties": {
        "layer": "LAND_USE",
        "land_use_code": "1401",
        "land_use_name_zh": "公园绿地",
        "parcel_id": "LU-066",
        "key_area_id": "PROV-KEY-002",
        "area_sqm": 101150.0,
        "id": "LU-066",
        "source_type": "agent_inferred_from_public_data",
        "confidence": "low",
        "geometry_role": "design_proposal"
      },
      "geometry": {
        "type": "Polygon",
        "coordinates": [
          [
            [
              116.3475,
              39.97728125
            ],
            [
              116.3475,
              39.982749999999996
            ],
            [
              116.34944999999999,
              39.982749999999996
            ],
            [
              116.34944999999999,
              39.97728125
            ],
            [
              116.3475,
              39.97728125
            ]
          ]
        ]
      },
      "id": "LU-066"
    },
    {
      "type": "Feature",
      "properties": {
        "layer": "LAND_USE",
        "land_use_code": "0803",
        "land_use_name_zh": "文化用地",
        "parcel_id": "LU-067",
        "key_area_id": "PROV-KEY-002",
        "area_sqm": 101150.0,
        "id": "LU-067",
        "source_type": "agent_inferred_from_public_data",
        "confidence": "low",
        "geometry_role": "design_proposal"
      },
      "geometry": {
        "type": "Polygon",
        "coordinates": [
          [
            [
              116.34944999999999,
              39.97728125
            ],
            [
              116.34944999999999,
              39.982749999999996
            ],
            [
              116.35139999999998,
              39.982749999999996
            ],
            [
              116.35139999999998,
              39.97728125
            ],
            [
              116.34944999999999,
              39.97728125
            ]
          ]
        ]
      },
      "id": "LU-067"
    },
    {
      "type": "Feature",
      "properties": {
        "layer": "LAND_USE",
        "land_use_code": "05",
        "land_use_name_zh": "商业服务用地",
        "parcel_id": "LU-068",
        "key_area_id": "PROV-KEY-002",
        "area_sqm": 101142.2,
        "id": "LU-068",
        "source_type": "agent_inferred_from_public_data",
        "confidence": "low",
        "geometry_role": "design_proposal"
      },
      "geometry": {
        "type": "Polygon",
        "coordinates": [
          [
            [
              116.34164999999999,
              39.982749999999996
            ],
            [
              116.34164999999999,
              39.988218749999994
            ],
            [
              116.34359999999998,
              39.988218749999994
            ],
            [
              116.34359999999998,
              39.982749999999996
            ],
            [
              116.34164999999999,
              39.982749999999996
            ]
          ]
        ]
      },
      "id": "LU-068"
    },
    {
      "type": "Feature",
      "properties": {
        "layer": "LAND_USE",
        "land_use_code": "1401",
        "land_use_name_zh": "公园绿地",
        "parcel_id": "LU-069",
        "key_area_id": "PROV-KEY-002",
        "area_sqm": 101142.1,
        "id": "LU-069",
        "source_type": "agent_inferred_from_public_data",
        "confidence": "low",
        "geometry_role": "design_proposal"
      },
      "geometry": {
        "type": "Polygon",
        "coordinates": [
          [
            [
              116.34555,
              39.982749999999996
            ],
            [
              116.34555,
              39.988218749999994
            ],
            [
              116.3475,
              39.988218749999994
            ],
            [
              116.3475,
              39.982749999999996
            ],
            [
              116.34555,
              39.982749999999996
            ]
          ]
        ]
      },
      "id": "LU-069"
    },
    {
      "type": "Feature",
      "properties": {
        "layer": "LAND_USE",
        "land_use_code": "0803",
        "land_use_name_zh": "文化用地",
        "parcel_id": "LU-070",
        "key_area_id": "PROV-KEY-002",
        "area_sqm": 101142.0,
        "id": "LU-070",
        "source_type": "agent_inferred_from_public_data",
        "confidence": "low",
        "geometry_role": "design_proposal"
      },
      "geometry": {
        "type": "Polygon",
        "coordinates": [
          [
            [
              116.3475,
              39.982749999999996
            ],
            [
              116.3475,
              39.988218749999994
            ],
            [
              116.34944999999999,
              39.988218749999994
            ],
            [
              116.34944999999999,
              39.982749999999996
            ],
            [
              116.3475,
              39.982749999999996
            ]
          ]
        ]
      },
      "id": "LU-070"
    },
    {
      "type": "Feature",
      "properties": {
        "layer": "LAND_USE",
        "land_use_code": "0804",
        "land_use_name_zh": "教育用地",
        "parcel_id": "LU-071",
        "key_area_id": "PROV-KEY-002",
        "area_sqm": 101142.0,
        "id": "LU-071",
        "source_type": "agent_inferred_from_public_data",
        "confidence": "low",
        "geometry_role": "design_proposal"
      },
      "geometry": {
        "type": "Polygon",
        "coordinates": [
          [
            [
              116.34944999999999,
              39.982749999999996
            ],
            [
              116.34944999999999,
              39.988218749999994
            ],
            [
              116.35139999999998,
              39.988218749999994
            ],
            [
              116.35139999999998,
              39.982749999999996
            ],
            [
              116.34944999999999,
              39.982749999999996
            ]
          ]
        ]
      },
      "id": "LU-071"
    },
    {
      "type": "Feature",
      "properties": {
        "layer": "LAND_USE",
        "land_use_code": "08",
        "land_use_name_zh": "公共管理与公共服务用地",
        "parcel_id": "LU-072",
        "key_area_id": "PROV-KEY-002",
        "area_sqm": 101134.2,
        "id": "LU-072",
        "source_type": "agent_inferred_from_public_data",
        "confidence": "low",
        "geometry_role": "design_proposal"
      },
      "geometry": {
        "type": "Polygon",
        "coordinates": [
          [
            [
              116.34164999999999,
              39.98821875
            ],
            [
              116.34164999999999,
              39.9936875
            ],
            [
              116.34359999999998,
              39.9936875
            ],
            [
              116.34359999999998,
              39.98821875
            ],
            [
              116.34164999999999,
              39.98821875
            ]
          ]
        ]
      },
      "id": "LU-072"
    },
    {
      "type": "Feature",
      "properties": {
        "layer": "LAND_USE",
        "land_use_code": "0803",
        "land_use_name_zh": "文化用地",
        "parcel_id": "LU-073",
        "key_area_id": "PROV-KEY-002",
        "area_sqm": 101134.1,
        "id": "LU-073",
        "source_type": "agent_inferred_from_public_data",
        "confidence": "low",
        "geometry_role": "design_proposal"
      },
      "geometry": {
        "type": "Polygon",
        "coordinates": [
          [
            [
              116.34555,
              39.98821875
            ],
            [
              116.34555,
              39.9936875
            ],
            [
              116.3475,
              39.9936875
            ],
            [
              116.3475,
              39.98821875
            ],
            [
              116.34555,
              39.98821875
            ]
          ]
        ]
      },
      "id": "LU-073"
    },
    {
      "type": "Feature",
      "properties": {
        "layer": "LAND_USE",
        "land_use_code": "0804",
        "land_use_name_zh": "教育用地",
        "parcel_id": "LU-074",
        "key_area_id": "PROV-KEY-002",
        "area_sqm": 101134.1,
        "id": "LU-074",
        "source_type": "agent_inferred_from_public_data",
        "confidence": "low",
        "geometry_role": "design_proposal"
      },
      "geometry": {
        "type": "Polygon",
        "coordinates": [
          [
            [
              116.3475,
              39.98821875
            ],
            [
              116.3475,
              39.9936875
            ],
            [
              116.34944999999999,
              39.9936875
            ],
            [
              116.34944999999999,
              39.98821875
            ],
            [
              116.3475,
              39.98821875
            ]
          ]
        ]
      },
      "id": "LU-074"
    },
    {
      "type": "Feature",
      "properties": {
        "layer": "LAND_USE",
        "land_use_code": "16",
        "land_use_name_zh": "留白用地",
        "parcel_id": "LU-075",
        "key_area_id": "PROV-KEY-002",
        "area_sqm": 101134.0,
        "id": "LU-075",
        "source_type": "agent_inferred_from_public_data",
        "confidence": "low",
        "geometry_role": "design_proposal"
      },
      "geometry": {
        "type": "Polygon",
        "coordinates": [
          [
            [
              116.34944999999999,
              39.98821875
            ],
            [
              116.34944999999999,
              39.9936875
            ],
            [
              116.35139999999998,
              39.9936875
            ],
            [
              116.35139999999998,
              39.98821875
            ],
            [
              116.34944999999999,
              39.98821875
            ]
          ]
        ]
      },
      "id": "LU-075"
    },
    {
      "type": "Feature",
      "properties": {
        "layer": "LAND_USE",
        "land_use_code": "1401",
        "land_use_name_zh": "公园绿地",
        "parcel_id": "LU-076",
        "key_area_id": "PROV-KEY-002",
        "area_sqm": 101126.2,
        "id": "LU-076",
        "source_type": "agent_inferred_from_public_data",
        "confidence": "low",
        "geometry_role": "design_proposal"
      },
      "geometry": {
        "type": "Polygon",
        "coordinates": [
          [
            [
              116.34164999999999,
              39.9936875
            ],
            [
              116.34164999999999,
              39.99915625
            ],
            [
              116.34359999999998,
              39.99915625
            ],
            [
              116.34359999999998,
              39.9936875
            ],
            [
              116.34164999999999,
              39.9936875
            ]
          ]
        ]
      },
      "id": "LU-076"
    },
    {
      "type": "Feature",
      "properties": {
        "layer": "LAND_USE",
        "land_use_code": "0804",
        "land_use_name_zh": "教育用地",
        "parcel_id": "LU-077",
        "key_area_id": "PROV-KEY-002",
        "area_sqm": 101126.1,
        "id": "LU-077",
        "source_type": "agent_inferred_from_public_data",
        "confidence": "low",
        "geometry_role": "design_proposal"
      },
      "geometry": {
        "type": "Polygon",
        "coordinates": [
          [
            [
              116.34555,
              39.9936875
            ],
            [
              116.34555,
              39.99915625
            ],
            [
              116.3475,
              39.99915625
            ],
            [
              116.3475,
              39.9936875
            ],
            [
              116.34555,
              39.9936875
            ]
          ]
        ]
      },
      "id": "LU-077"
    },
    {
      "type": "Feature",
      "properties": {
        "layer": "LAND_USE",
        "land_use_code": "16",
        "land_use_name_zh": "留白用地",
        "parcel_id": "LU-078",
        "key_area_id": "PROV-KEY-002",
        "area_sqm": 101126.1,
        "id": "LU-078",
        "source_type": "agent_inferred_from_public_data",
        "confidence": "low",
        "geometry_role": "design_proposal"
      },
      "geometry": {
        "type": "Polygon",
        "coordinates": [
          [
            [
              116.3475,
              39.9936875
            ],
            [
              116.3475,
              39.99915625
            ],
            [
              116.34944999999999,
              39.99915625
            ],
            [
              116.34944999999999,
              39.9936875
            ],
            [
              116.3475,
              39.9936875
            ]
          ]
        ]
      },
      "id": "LU-078"
    },
    {
      "type": "Feature",
      "properties": {
        "layer": "LAND_USE",
        "land_use_code": "1402",
        "land_use_name_zh": "防护绿地",
        "parcel_id": "LU-079",
        "key_area_id": "PROV-KEY-002",
        "area_sqm": 101126.1,
        "id": "LU-079",
        "source_type": "agent_inferred_from_public_data",
        "confidence": "low",
        "geometry_role": "design_proposal"
      },
      "geometry": {
        "type": "Polygon",
        "coordinates": [
          [
            [
              116.34944999999999,
              39.9936875
            ],
            [
              116.34944999999999,
              39.99915625
            ],
            [
              116.35139999999998,
              39.99915625
            ],
            [
              116.35139999999998,
              39.9936875
            ],
            [
              116.34944999999999,
              39.9936875
            ]
          ]
        ]
      },
      "id": "LU-079"
    },
    {
      "type": "Feature",
      "properties": {
        "layer": "LAND_USE",
        "land_use_code": "0803",
        "land_use_name_zh": "文化用地",
        "parcel_id": "LU-080",
        "key_area_id": "PROV-KEY-002",
        "area_sqm": 101118.3,
        "id": "LU-080",
        "source_type": "agent_inferred_from_public_data",
        "confidence": "low",
        "geometry_role": "design_proposal"
      },
      "geometry": {
        "type": "Polygon",
        "coordinates": [
          [
            [
              116.34164999999999,
              39.99915625
            ],
            [
              116.34164999999999,
              40.004625
            ],
            [
              116.34359999999998,
              40.004625
            ],
            [
              116.34359999999998,
              39.99915625
            ],
            [
              116.34164999999999,
              39.99915625
            ]
          ]
        ]
      },
      "id": "LU-080"
    },
    {
      "type": "Feature",
      "properties": {
        "layer": "LAND_USE",
        "land_use_code": "16",
        "land_use_name_zh": "留白用地",
        "parcel_id": "LU-081",
        "key_area_id": "PROV-KEY-002",
        "area_sqm": 101118.2,
        "id": "LU-081",
        "source_type": "agent_inferred_from_public_data",
        "confidence": "low",
        "geometry_role": "design_proposal"
      },
      "geometry": {
        "type": "Polygon",
        "coordinates": [
          [
            [
              116.34555,
              39.99915625
            ],
            [
              116.34555,
              40.004625
            ],
            [
              116.3475,
              40.004625
            ],
            [
              116.3475,
              39.99915625
            ],
            [
              116.34555,
              39.99915625
            ]
          ]
        ]
      },
      "id": "LU-081"
    },
    {
      "type": "Feature",
      "properties": {
        "layer": "LAND_USE",
        "land_use_code": "1402",
        "land_use_name_zh": "防护绿地",
        "parcel_id": "LU-082",
        "key_area_id": "PROV-KEY-002",
        "area_sqm": 101118.1,
        "id": "LU-082",
        "source_type": "agent_inferred_from_public_data",
        "confidence": "low",
        "geometry_role": "design_proposal"
      },
      "geometry": {
        "type": "Polygon",
        "coordinates": [
          [
            [
              116.3475,
              39.99915625
            ],
            [
              116.3475,
              40.004625
            ],
            [
              116.34944999999999,
              40.004625
            ],
            [
              116.34944999999999,
              39.99915625
            ],
            [
              116.3475,
              39.99915625
            ]
          ]
        ]
      },
      "id": "LU-082"
    },
    {
      "type": "Feature",
      "properties": {
        "layer": "LAND_USE",
        "land_use_code": "1207",
        "land_use_name_zh": "城镇村道路用地",
        "parcel_id": "LU-083",
        "key_area_id": "PROV-KEY-002",
        "area_sqm": 101118.1,
        "id": "LU-083",
        "source_type": "agent_inferred_from_public_data",
        "confidence": "low",
        "geometry_role": "design_proposal"
      },
      "geometry": {
        "type": "Polygon",
        "coordinates": [
          [
            [
              116.34944999999999,
              39.99915625
            ],
            [
              116.34944999999999,
              40.004625
            ],
            [
              116.35139999999998,
              40.004625
            ],
            [
              116.35139999999998,
              39.99915625
            ],
            [
              116.34944999999999,
              39.99915625
            ]
          ]
        ]
      },
      "id": "LU-083"
    },
    {
      "type": "Feature",
      "properties": {
        "layer": "LAND_USE",
        "land_use_code": "0803",
        "land_use_name_zh": "文化用地",
        "parcel_id": "LU-084",
        "key_area_id": "PROV-KEY-001",
        "area_sqm": 101110.2,
        "id": "LU-084",
        "source_type": "agent_inferred_from_public_data",
        "confidence": "low",
        "geometry_role": "design_proposal"
      },
      "geometry": {
        "type": "Polygon",
        "coordinates": [
          [
            [
              116.34555,
              40.004625
            ],
            [
              116.34555,
              40.010093749999996
            ],
            [
              116.3475,
              40.010093749999996
            ],
            [
              116.3475,
              40.004625
            ],
            [
              116.34555,
              40.004625
            ]
          ]
        ]
      },
      "id": "LU-084"
    },
    {
      "type": "Feature",
      "properties": {
        "layer": "LAND_USE",
        "land_use_code": "0804",
        "land_use_name_zh": "教育用地",
        "parcel_id": "LU-085",
        "key_area_id": "PROV-KEY-001",
        "area_sqm": 101110.2,
        "id": "LU-085",
        "source_type": "agent_inferred_from_public_data",
        "confidence": "low",
        "geometry_role": "design_proposal"
      },
      "geometry": {
        "type": "Polygon",
        "coordinates": [
          [
            [
              116.3475,
              40.004625
            ],
            [
              116.3475,
              40.010093749999996
            ],
            [
              116.34944999999999,
              40.010093749999996
            ],
            [
              116.34944999999999,
              40.004625
            ],
            [
              116.3475,
              40.004625
            ]
          ]
        ]
      },
      "id": "LU-085"
    },
    {
      "type": "Feature",
      "properties": {
        "layer": "LAND_USE",
        "land_use_code": "16",
        "land_use_name_zh": "留白用地",
        "parcel_id": "LU-086",
        "key_area_id": "PROV-KEY-001",
        "area_sqm": 101110.1,
        "id": "LU-086",
        "source_type": "agent_inferred_from_public_data",
        "confidence": "low",
        "geometry_role": "design_proposal"
      },
      "geometry": {
        "type": "Polygon",
        "coordinates": [
          [
            [
              116.34944999999999,
              40.004625
            ],
            [
              116.34944999999999,
              40.010093749999996
            ],
            [
              116.35139999999998,
              40.010093749999996
            ],
            [
              116.35139999999998,
              40.004625
            ],
            [
              116.34944999999999,
              40.004625
            ]
          ]
        ]
      },
      "id": "LU-086"
    },
    {
      "type": "Feature",
      "properties": {
        "layer": "LAND_USE",
        "land_use_code": "0804",
        "land_use_name_zh": "教育用地",
        "parcel_id": "LU-087",
        "key_area_id": "PROV-KEY-001",
        "area_sqm": 101102.2,
        "id": "LU-087",
        "source_type": "agent_inferred_from_public_data",
        "confidence": "low",
        "geometry_role": "design_proposal"
      },
      "geometry": {
        "type": "Polygon",
        "coordinates": [
          [
            [
              116.34555,
              40.010093749999996
            ],
            [
              116.34555,
              40.015562499999994
            ],
            [
              116.3475,
              40.015562499999994
            ],
            [
              116.3475,
              40.010093749999996
            ],
            [
              116.34555,
              40.010093749999996
            ]
          ]
        ]
      },
      "id": "LU-087"
    },
    {
      "type": "Feature",
      "properties": {
        "layer": "LAND_USE",
        "land_use_code": "16",
        "land_use_name_zh": "留白用地",
        "parcel_id": "LU-088",
        "key_area_id": "PROV-KEY-001",
        "area_sqm": 101102.2,
        "id": "LU-088",
        "source_type": "agent_inferred_from_public_data",
        "confidence": "low",
        "geometry_role": "design_proposal"
      },
      "geometry": {
        "type": "Polygon",
        "coordinates": [
          [
            [
              116.3475,
              40.010093749999996
            ],
            [
              116.3475,
              40.015562499999994
            ],
            [
              116.34944999999999,
              40.015562499999994
            ],
            [
              116.34944999999999,
              40.010093749999996
            ],
            [
              116.3475,
              40.010093749999996
            ]
          ]
        ]
      },
      "id": "LU-088"
    },
    {
      "type": "Feature",
      "properties": {
        "layer": "LAND_USE",
        "land_use_code": "1402",
        "land_use_name_zh": "防护绿地",
        "parcel_id": "LU-089",
        "key_area_id": "PROV-KEY-001",
        "area_sqm": 101102.1,
        "id": "LU-089",
        "source_type": "agent_inferred_from_public_data",
        "confidence": "low",
        "geometry_role": "design_proposal"
      },
      "geometry": {
        "type": "Polygon",
        "coordinates": [
          [
            [
              116.34944999999999,
              40.010093749999996
            ],
            [
              116.34944999999999,
              40.015562499999994
            ],
            [
              116.35139999999998,
              40.015562499999994
            ],
            [
              116.35139999999998,
              40.010093749999996
            ],
            [
              116.34944999999999,
              40.010093749999996
            ]
          ]
        ]
      },
      "id": "LU-089"
    },
    {
      "type": "Feature",
      "properties": {
        "layer": "LAND_USE",
        "land_use_code": "16",
        "land_use_name_zh": "留白用地",
        "parcel_id": "LU-090",
        "key_area_id": "PROV-KEY-001",
        "area_sqm": 101094.3,
        "id": "LU-090",
        "source_type": "agent_inferred_from_public_data",
        "confidence": "low",
        "geometry_role": "design_proposal"
      },
      "geometry": {
        "type": "Polygon",
        "coordinates": [
          [
            [
              116.34555,
              40.0155625
            ],
            [
              116.34555,
              40.02103125
            ],
            [
              116.3475,
              40.02103125
            ],
            [
              116.3475,
              40.0155625
            ],
            [
              116.34555,
              40.0155625
            ]
          ]
        ]
      },
      "id": "LU-090"
    },
    {
      "type": "Feature",
      "properties": {
        "layer": "LAND_USE",
        "land_use_code": "1402",
        "land_use_name_zh": "防护绿地",
        "parcel_id": "LU-091",
        "key_area_id": "PROV-KEY-001",
        "area_sqm": 101094.2,
        "id": "LU-091",
        "source_type": "agent_inferred_from_public_data",
        "confidence": "low",
        "geometry_role": "design_proposal"
      },
      "geometry": {
        "type": "Polygon",
        "coordinates": [
          [
            [
              116.3475,
              40.0155625
            ],
            [
              116.3475,
              40.02103125
            ],
            [
              116.34944999999999,
              40.02103125
            ],
            [
              116.34944999999999,
              40.0155625
            ],
            [
              116.3475,
              40.0155625
            ]
          ]
        ]
      },
      "id": "LU-091"
    },
    {
      "type": "Feature",
      "properties": {
        "layer": "LAND_USE",
        "land_use_code": "1207",
        "land_use_name_zh": "城镇村道路用地",
        "parcel_id": "LU-092",
        "key_area_id": "PROV-KEY-001",
        "area_sqm": 101094.2,
        "id": "LU-092",
        "source_type": "agent_inferred_from_public_data",
        "confidence": "low",
        "geometry_role": "design_proposal"
      },
      "geometry": {
        "type": "Polygon",
        "coordinates": [
          [
            [
              116.34944999999999,
              40.0155625
            ],
            [
              116.34944999999999,
              40.02103125
            ],
            [
              116.35139999999998,
              40.02103125
            ],
            [
              116.35139999999998,
              40.0155625
            ],
            [
              116.34944999999999,
              40.0155625
            ]
          ]
        ]
      },
      "id": "LU-092"
    },
    {
      "type": "Feature",
      "properties": {
        "layer": "LAND_USE",
        "land_use_code": "1402",
        "land_use_name_zh": "防护绿地",
        "parcel_id": "LU-093",
        "key_area_id": "PROV-KEY-001",
        "area_sqm": 101086.3,
        "id": "LU-093",
        "source_type": "agent_inferred_from_public_data",
        "confidence": "low",
        "geometry_role": "design_proposal"
      },
      "geometry": {
        "type": "Polygon",
        "coordinates": [
          [
            [
              116.3475,
              40.02103125
            ],
            [
              116.34555,
              40.02103125
            ],
            [
              116.34555,
              40.0265
            ],
            [
              116.3475,
              40.0265
            ],
            [
              116.3475,
              40.02103125
            ]
          ]
        ]
      },
      "id": "LU-093"
    },
    {
      "type": "Feature",
      "properties": {
        "layer": "LAND_USE",
        "land_use_code": "1207",
        "land_use_name_zh": "城镇村道路用地",
        "parcel_id": "LU-094",
        "key_area_id": "PROV-KEY-001",
        "area_sqm": 101086.2,
        "id": "LU-094",
        "source_type": "agent_inferred_from_public_data",
        "confidence": "low",
        "geometry_role": "design_proposal"
      },
      "geometry": {
        "type": "Polygon",
        "coordinates": [
          [
            [
              116.34944999999999,
              40.02103125
            ],
            [
              116.3475,
              40.02103125
            ],
            [
              116.3475,
              40.0265
            ],
            [
              116.34944999999999,
              40.0265
            ],
            [
              116.34944999999999,
              40.02103125
            ]
          ]
        ]
      },
      "id": "LU-094"
    },
    {
      "type": "Feature",
      "properties": {
        "layer": "LAND_USE",
        "land_use_code": "0701",
        "land_use_name_zh": "居住用地",
        "parcel_id": "LU-095",
        "key_area_id": "PROV-KEY-001",
        "area_sqm": 101086.2,
        "id": "LU-095",
        "source_type": "agent_inferred_from_public_data",
        "confidence": "low",
        "geometry_role": "design_proposal"
      },
      "geometry": {
        "type": "Polygon",
        "coordinates": [
          [
            [
              116.35139999999998,
              40.02103125
            ],
            [
              116.34944999999999,
              40.02103125
            ],
            [
              116.34944999999999,
              40.0265
            ],
            [
              116.35139999999998,
              40.0265
            ],
            [
              116.35139999999998,
              40.02103125
            ]
          ]
        ]
      },
      "id": "LU-095"
    },
    {
      "type": "Feature",
      "properties": {
        "layer": "LAND_USE",
        "land_use_code": "1402",
        "land_use_name_zh": "防护绿地",
        "parcel_id": "LU-096",
        "key_area_id": "PROV-KEY-002",
        "area_sqm": 100769.4,
        "id": "LU-096",
        "source_type": "agent_inferred_from_public_data",
        "confidence": "low",
        "geometry_role": "design_proposal"
      },
      "geometry": {
        "type": "Polygon",
        "coordinates": [
          [
            [
              116.35335,
              39.98821875
            ],
            [
              116.3514,
              39.98821875
            ],
            [
              116.3514,
              39.9936875
            ],
            [
              116.35335,
              39.9936875
            ],
            [
              116.35335,
              39.990912500000036
            ],
            [
              116.3533,
              39.99
            ],
            [
              116.35335,
              39.98937499999998
            ],
            [
              116.35335,
              39.98821875
            ]
          ]
        ]
      },
      "id": "LU-096"
    },
    {
      "type": "Feature",
      "properties": {
        "layer": "LAND_USE",
        "land_use_code": "16",
        "land_use_name_zh": "留白用地",
        "parcel_id": "LU-097",
        "key_area_id": "PROV-KEY-003",
        "area_sqm": 100488.5,
        "id": "LU-097",
        "source_type": "agent_inferred_from_public_data",
        "confidence": "low",
        "geometry_role": "design_proposal"
      },
      "geometry": {
        "type": "Polygon",
        "coordinates": [
          [
            [
              116.3553,
              39.960875
            ],
            [
              116.35335,
              39.960875
            ],
            [
              116.35335,
              39.96634375
            ],
            [
              116.3551925,
              39.96634375
            ],
            [
              116.3553,
              39.965
            ],
            [
              116.3553,
              39.960875
            ]
          ]
        ]
      },
      "id": "LU-097"
    },
    {
      "type": "Feature",
      "properties": {
        "layer": "LAND_USE",
        "land_use_code": "1402",
        "land_use_name_zh": "防护绿地",
        "parcel_id": "LU-098",
        "key_area_id": "PROV-KEY-002",
        "area_sqm": 98227.2,
        "id": "LU-098",
        "source_type": "agent_inferred_from_public_data",
        "confidence": "low",
        "geometry_role": "design_proposal"
      },
      "geometry": {
        "type": "Polygon",
        "coordinates": [
          [
            [
              116.34164999999999,
              39.97728125
            ],
            [
              116.34164999999999,
              39.9718125
            ],
            [
              116.33978854166666,
              39.9718125
            ],
            [
              116.3397,
              39.975
            ],
            [
              116.33984717741934,
              39.97728125
            ],
            [
              116.34164999999999,
              39.97728125
            ]
          ]
        ]
      },
      "id": "LU-098"
    },
    {
      "type": "Feature",
      "properties": {
        "layer": "LAND_USE",
        "land_use_code": "08",
        "land_use_name_zh": "公共管理与公共服务用地",
        "parcel_id": "LU-099",
        "key_area_id": "PROV-KEY-001",
        "area_sqm": 95110.5,
        "id": "LU-099",
        "source_type": "agent_inferred_from_public_data",
        "confidence": "low",
        "geometry_role": "design_proposal"
      },
      "geometry": {
        "type": "Polygon",
        "coordinates": [
          [
            [
              116.34359999999998,
              40.010093749999996
            ],
            [
              116.34359999999998,
              40.004625
            ],
            [
              116.34164999999999,
              40.004625
            ],
            [
              116.34164999999999,
              40.00522499999976
            ],
            [
              116.3417,
              40.006
            ],
            [
              116.34189969512195,
              40.010093749999996
            ],
            [
              116.34359999999998,
              40.010093749999996
            ]
          ]
        ]
      },
      "id": "LU-099"
    },
    {
      "type": "Feature",
      "properties": {
        "layer": "LAND_USE",
        "land_use_code": "08",
        "land_use_name_zh": "公共管理与公共服务用地",
        "parcel_id": "LU-100",
        "key_area_id": "PROV-KEY-001",
        "area_sqm": 93318.8,
        "id": "LU-100",
        "source_type": "agent_inferred_from_public_data",
        "confidence": "low",
        "geometry_role": "design_proposal"
      },
      "geometry": {
        "type": "Polygon",
        "coordinates": [
          [
            [
              116.3553,
              40.0265
            ],
            [
              116.35500034246576,
              40.02103125
            ],
            [
              116.35335,
              40.02103125
            ],
            [
              116.35335,
              40.0265
            ],
            [
              116.3553,
              40.0265
            ]
          ]
        ]
      },
      "id": "LU-100"
    },
    {
      "type": "Feature",
      "properties": {
        "layer": "LAND_USE",
        "land_use_code": "0701",
        "land_use_name_zh": "居住用地",
        "parcel_id": "LU-101",
        "key_area_id": "PROV-KEY-003",
        "area_sqm": 92631.9,
        "id": "LU-101",
        "source_type": "agent_inferred_from_public_data",
        "confidence": "low",
        "geometry_role": "design_proposal"
      },
      "geometry": {
        "type": "Polygon",
        "coordinates": [
          [
            [
              116.34164999999999,
              39.9718125
            ],
            [
              116.34164999999999,
              39.96634375
            ],
            [
              116.33994045138888,
              39.96634375
            ],
            [
              116.33978854166666,
              39.9718125
            ],
            [
              116.34164999999999,
              39.9718125
            ]
          ]
        ]
      },
      "id": "LU-101"
    },
    {
      "type": "Feature",
      "properties": {
        "layer": "LAND_USE",
        "land_use_code": "1207",
        "land_use_name_zh": "城镇村道路用地",
        "parcel_id": "LU-102",
        "key_area_id": "PROV-KEY-003",
        "area_sqm": 84757.5,
        "id": "LU-102",
        "source_type": "agent_inferred_from_public_data",
        "confidence": "low",
        "geometry_role": "design_proposal"
      },
      "geometry": {
        "type": "Polygon",
        "coordinates": [
          [
            [
              116.34164999999999,
              39.96634375
            ],
            [
              116.34164999999999,
              39.960875
            ],
            [
              116.3400923611111,
              39.960875
            ],
            [
              116.33994045138888,
              39.96634375
            ],
            [
              116.34164999999999,
              39.96634375
            ]
          ]
        ]
      },
      "id": "LU-102"
    },
    {
      "type": "Feature",
      "properties": {
        "layer": "LAND_USE",
        "land_use_code": "1207",
        "land_use_name_zh": "城镇村道路用地",
        "parcel_id": "LU-103",
        "key_area_id": "PROV-KEY-002",
        "area_sqm": 84365.4,
        "id": "LU-103",
        "source_type": "agent_inferred_from_public_data",
        "confidence": "low",
        "geometry_role": "design_proposal"
      },
      "geometry": {
        "type": "Polygon",
        "coordinates": [
          [
            [
              116.34164999999999,
              39.982749999999996
            ],
            [
              116.34164999999999,
              39.97728125
            ],
            [
              116.33984717741934,
              39.97728125
            ],
            [
              116.3402,
              39.982749999999996
            ],
            [
              116.34164999999999,
              39.982749999999996
            ]
          ]
        ]
      },
      "id": "LU-103"
    },
    {
      "type": "Feature",
      "properties": {
        "layer": "LAND_USE",
        "land_use_code": "1402",
        "land_use_name_zh": "防护绿地",
        "parcel_id": "LU-104",
        "key_area_id": "PROV-KEY-003",
        "area_sqm": 84240.4,
        "id": "LU-104",
        "source_type": "agent_inferred_from_public_data",
        "confidence": "low",
        "geometry_role": "design_proposal"
      },
      "geometry": {
        "type": "Polygon",
        "coordinates": [
          [
            [
              116.35335,
              39.96634375
            ],
            [
              116.35335,
              39.9718125
            ],
            [
              116.354755,
              39.9718125
            ],
            [
              116.3551925,
              39.96634375
            ],
            [
              116.35335,
              39.96634375
            ]
          ]
        ]
      },
      "id": "LU-104"
    },
    {
      "type": "Feature",
      "properties": {
        "layer": "LAND_USE",
        "land_use_code": "1401",
        "land_use_name_zh": "公园绿地",
        "parcel_id": "LU-105",
        "key_area_id": "PROV-KEY-001",
        "area_sqm": 81240.9,
        "id": "LU-105",
        "source_type": "agent_inferred_from_public_data",
        "confidence": "low",
        "geometry_role": "design_proposal"
      },
      "geometry": {
        "type": "Polygon",
        "coordinates": [
          [
            [
              116.34359999999998,
              40.015562499999994
            ],
            [
              116.34359999999998,
              40.010093749999996
            ],
            [
              116.34189969512195,
              40.010093749999996
            ],
            [
              116.34216646341463,
              40.015562499999994
            ],
            [
              116.34359999999998,
              40.015562499999994
            ]
          ]
        ]
      },
      "id": "LU-105"
    },
    {
      "type": "Feature",
      "properties": {
        "layer": "LAND_USE",
        "land_use_code": "05",
        "land_use_name_zh": "商业服务用地",
        "parcel_id": "LU-106",
        "key_area_id": "PROV-KEY-001",
        "area_sqm": 77791.0,
        "id": "LU-106",
        "source_type": "agent_inferred_from_public_data",
        "confidence": "low",
        "geometry_role": "design_proposal"
      },
      "geometry": {
        "type": "Polygon",
        "coordinates": [
          [
            [
              116.35335,
              40.0155625
            ],
            [
              116.35335,
              40.02103125
            ],
            [
              116.35500034246576,
              40.02103125
            ],
            [
              116.3547006849315,
              40.0155625
            ],
            [
              116.35335,
              40.0155625
            ]
          ]
        ]
      },
      "id": "LU-106"
    },
    {
      "type": "Feature",
      "properties": {
        "layer": "LAND_USE",
        "land_use_code": "1402",
        "land_use_name_zh": "防护绿地",
        "parcel_id": "LU-107",
        "key_area_id": "PROV-KEY-003",
        "area_sqm": 76881.8,
        "id": "LU-107",
        "source_type": "agent_inferred_from_public_data",
        "confidence": "low",
        "geometry_role": "design_proposal"
      },
      "geometry": {
        "type": "Polygon",
        "coordinates": [
          [
            [
              116.34164999999999,
              39.960875
            ],
            [
              116.34164999999999,
              39.95540625
            ],
            [
              116.34024427083332,
              39.95540625
            ],
            [
              116.3400923611111,
              39.960875
            ],
            [
              116.34164999999999,
              39.960875
            ]
          ]
        ]
      },
      "id": "LU-107"
    },
    {
      "type": "Feature",
      "properties": {
        "layer": "LAND_USE",
        "land_use_code": "16",
        "land_use_name_zh": "留白用地",
        "parcel_id": "LU-108",
        "key_area_id": "PROV-KEY-003",
        "area_sqm": 69004.9,
        "id": "LU-108",
        "source_type": "agent_inferred_from_public_data",
        "confidence": "low",
        "geometry_role": "design_proposal"
      },
      "geometry": {
        "type": "Polygon",
        "coordinates": [
          [
            [
              116.34164999999999,
              39.955406249999996
            ],
            [
              116.34164999999999,
              39.9499375
            ],
            [
              116.34039618055556,
              39.9499375
            ],
            [
              116.34024427083332,
              39.955406249999996
            ],
            [
              116.34164999999999,
              39.955406249999996
            ]
          ]
        ]
      },
      "id": "LU-108"
    },
    {
      "type": "Feature",
      "properties": {
        "layer": "LAND_USE",
        "land_use_code": "0803",
        "land_use_name_zh": "文化用地",
        "parcel_id": "LU-109",
        "key_area_id": "PROV-KEY-001",
        "area_sqm": 67404.4,
        "id": "LU-109",
        "source_type": "agent_inferred_from_public_data",
        "confidence": "low",
        "geometry_role": "design_proposal"
      },
      "geometry": {
        "type": "Polygon",
        "coordinates": [
          [
            [
              116.34359999999998,
              40.02103125
            ],
            [
              116.34359999999998,
              40.0155625
            ],
            [
              116.34216646341463,
              40.0155625
            ],
            [
              116.34243323170732,
              40.02103125
            ],
            [
              116.34359999999998,
              40.02103125
            ]
          ]
        ]
      },
      "id": "LU-109"
    },
    {
      "type": "Feature",
      "properties": {
        "layer": "LAND_USE",
        "land_use_code": "0701",
        "land_use_name_zh": "居住用地",
        "parcel_id": "LU-110",
        "key_area_id": "PROV-KEY-002",
        "area_sqm": 66058.6,
        "id": "LU-110",
        "source_type": "agent_inferred_from_public_data",
        "confidence": "low",
        "geometry_role": "design_proposal"
      },
      "geometry": {
        "type": "Polygon",
        "coordinates": [
          [
            [
              116.34164999999999,
              39.988218749999994
            ],
            [
              116.34164999999999,
              39.982749999999996
            ],
            [
              116.3402,
              39.982749999999996
            ],
            [
              116.34055282258065,
              39.988218749999994
            ],
            [
              116.34164999999999,
              39.988218749999994
            ]
          ]
        ]
      },
      "id": "LU-110"
    },
    {
      "type": "Feature",
      "properties": {
        "layer": "LAND_USE",
        "land_use_code": "0701",
        "land_use_name_zh": "居住用地",
        "parcel_id": "LU-111",
        "key_area_id": "PROV-KEY-001",
        "area_sqm": 62260.7,
        "id": "LU-111",
        "source_type": "agent_inferred_from_public_data",
        "confidence": "low",
        "geometry_role": "design_proposal"
      },
      "geometry": {
        "type": "Polygon",
        "coordinates": [
          [
            [
              116.35335,
              40.010093749999996
            ],
            [
              116.35335,
              40.015562499999994
            ],
            [
              116.3547006849315,
              40.015562499999994
            ],
            [
              116.35440102739726,
              40.010093749999996
            ],
            [
              116.35335,
              40.010093749999996
            ]
          ]
        ]
      },
      "id": "LU-111"
    },
    {
      "type": "Feature",
      "properties": {
        "layer": "LAND_USE",
        "land_use_code": "0804",
        "land_use_name_zh": "教育用地",
        "parcel_id": "LU-112",
        "key_area_id": "PROV-KEY-002",
        "area_sqm": 61538.1,
        "id": "LU-112",
        "source_type": "agent_inferred_from_public_data",
        "confidence": "low",
        "geometry_role": "design_proposal"
      },
      "geometry": {
        "type": "Polygon",
        "coordinates": [
          [
            [
              116.35335,
              39.9718125
            ],
            [
              116.35335,
              39.97728125
            ],
            [
              116.35431750000001,
              39.97728125
            ],
            [
              116.354755,
              39.9718125
            ],
            [
              116.35335,
              39.9718125
            ]
          ]
        ]
      },
      "id": "LU-112"
    },
    {
      "type": "Feature",
      "properties": {
        "layer": "LAND_USE",
        "land_use_code": "0804",
        "land_use_name_zh": "教育用地",
        "parcel_id": "LU-113",
        "key_area_id": "",
        "area_sqm": 61126.8,
        "id": "LU-113",
        "source_type": "agent_inferred_from_public_data",
        "confidence": "low",
        "geometry_role": "design_proposal"
      },
      "geometry": {
        "type": "Polygon",
        "coordinates": [
          [
            [
              116.34164999999999,
              39.9499375
            ],
            [
              116.34164999999999,
              39.94446875
            ],
            [
              116.34054809027778,
              39.94446875
            ],
            [
              116.34039618055556,
              39.9499375
            ],
            [
              116.34164999999999,
              39.9499375
            ]
          ]
        ]
      },
      "id": "LU-113"
    },
    {
      "type": "Feature",
      "properties": {
        "layer": "LAND_USE",
        "land_use_code": "0804",
        "land_use_name_zh": "教育用地",
        "parcel_id": "LU-114",
        "key_area_id": "PROV-KEY-001",
        "area_sqm": 53570.0,
        "id": "LU-114",
        "source_type": "agent_inferred_from_public_data",
        "confidence": "low",
        "geometry_role": "design_proposal"
      },
      "geometry": {
        "type": "Polygon",
        "coordinates": [
          [
            [
              116.34359999999998,
              40.02103125
            ],
            [
              116.34243323170732,
              40.02103125
            ],
            [
              116.3427,
              40.0265
            ],
            [
              116.34359999999998,
              40.0265
            ],
            [
              116.34359999999998,
              40.02103125
            ]
          ]
        ]
      },
      "id": "LU-114"
    },
    {
      "type": "Feature",
      "properties": {
        "layer": "LAND_USE",
        "land_use_code": "0803",
        "land_use_name_zh": "文化用地",
        "parcel_id": "LU-115",
        "key_area_id": "",
        "area_sqm": 53247.4,
        "id": "LU-115",
        "source_type": "agent_inferred_from_public_data",
        "confidence": "low",
        "geometry_role": "design_proposal"
      },
      "geometry": {
        "type": "Polygon",
        "coordinates": [
          [
            [
              116.34164999999999,
              39.94446875
            ],
            [
              116.34164999999999,
              39.939
            ],
            [
              116.3407,
              39.939
            ],
            [
              116.34054809027778,
              39.94446875
            ],
            [
              116.34164999999999,
              39.94446875
            ]
          ]
        ]
      },
      "id": "LU-115"
    },
    {
      "type": "Feature",
      "properties": {
        "layer": "LAND_USE",
        "land_use_code": "05",
        "land_use_name_zh": "商业服务用地",
        "parcel_id": "LU-116",
        "key_area_id": "PROV-KEY-002",
        "area_sqm": 47754.7,
        "id": "LU-116",
        "source_type": "agent_inferred_from_public_data",
        "confidence": "low",
        "geometry_role": "design_proposal"
      },
      "geometry": {
        "type": "Polygon",
        "coordinates": [
          [
            [
              116.34164999999999,
              39.9936875
            ],
            [
              116.34164999999999,
              39.98821875
            ],
            [
              116.34055282258065,
              39.98821875
            ],
            [
              116.34090564516129,
              39.9936875
            ],
            [
              116.34164999999999,
              39.9936875
            ]
          ]
        ]
      },
      "id": "LU-116"
    },
    {
      "type": "Feature",
      "properties": {
        "layer": "LAND_USE",
        "land_use_code": "1207",
        "land_use_name_zh": "城镇村道路用地",
        "parcel_id": "LU-117",
        "key_area_id": "PROV-KEY-001",
        "area_sqm": 46728.0,
        "id": "LU-117",
        "source_type": "agent_inferred_from_public_data",
        "confidence": "low",
        "geometry_role": "design_proposal"
      },
      "geometry": {
        "type": "Polygon",
        "coordinates": [
          [
            [
              116.35335,
              40.004625
            ],
            [
              116.35335,
              40.010093749999996
            ],
            [
              116.35440102739726,
              40.010093749999996
            ],
            [
              116.35410136986302,
              40.004625
            ],
            [
              116.35335,
              40.004625
            ]
          ]
        ]
      },
      "id": "LU-117"
    },
    {
      "type": "Feature",
      "properties": {
        "layer": "LAND_USE",
        "land_use_code": "16",
        "land_use_name_zh": "留白用地",
        "parcel_id": "LU-118",
        "key_area_id": "PROV-KEY-002",
        "area_sqm": 38839.4,
        "id": "LU-118",
        "source_type": "agent_inferred_from_public_data",
        "confidence": "low",
        "geometry_role": "design_proposal"
      },
      "geometry": {
        "type": "Polygon",
        "coordinates": [
          [
            [
              116.35335,
              39.97728125
            ],
            [
              116.35335,
              39.982749999999996
            ],
            [
              116.35388,
              39.982749999999996
            ],
            [
              116.35431750000001,
              39.97728125
            ],
            [
              116.35335,
              39.97728125
            ]
          ]
        ]
      },
      "id": "LU-118"
    },
    {
      "type": "Feature",
      "properties": {
        "layer": "LAND_USE",
        "land_use_code": "05",
        "land_use_name_zh": "商业服务用地",
        "parcel_id": "LU-119",
        "key_area_id": "PROV-KEY-002",
        "area_sqm": 31192.8,
        "id": "LU-119",
        "source_type": "agent_inferred_from_public_data",
        "confidence": "low",
        "geometry_role": "design_proposal"
      },
      "geometry": {
        "type": "Polygon",
        "coordinates": [
          [
            [
              116.35335,
              39.99915625
            ],
            [
              116.35335,
              40.004625
            ],
            [
              116.35410136986302,
              40.004625
            ],
            [
              116.35380171232877,
              39.99915625
            ],
            [
              116.35335,
              39.99915625
            ]
          ]
        ]
      },
      "id": "LU-119"
    },
    {
      "type": "Feature",
      "properties": {
        "layer": "LAND_USE",
        "land_use_code": "08",
        "land_use_name_zh": "公共管理与公共服务用地",
        "parcel_id": "LU-120",
        "key_area_id": "PROV-KEY-002",
        "area_sqm": 29453.7,
        "id": "LU-120",
        "source_type": "agent_inferred_from_public_data",
        "confidence": "low",
        "geometry_role": "design_proposal"
      },
      "geometry": {
        "type": "Polygon",
        "coordinates": [
          [
            [
              116.34164999999999,
              39.99915625
            ],
            [
              116.34164999999999,
              39.9936875
            ],
            [
              116.34090564516129,
              39.9936875
            ],
            [
              116.34125846774194,
              39.99915625
            ],
            [
              116.34164999999999,
              39.99915625
            ]
          ]
        ]
      },
      "id": "LU-120"
    },
    {
      "type": "Feature",
      "properties": {
        "layer": "LAND_USE",
        "land_use_code": "1402",
        "land_use_name_zh": "防护绿地",
        "parcel_id": "LU-121",
        "key_area_id": "PROV-KEY-002",
        "area_sqm": 16144.3,
        "id": "LU-121",
        "source_type": "agent_inferred_from_public_data",
        "confidence": "low",
        "geometry_role": "design_proposal"
      },
      "geometry": {
        "type": "Polygon",
        "coordinates": [
          [
            [
              116.35335,
              39.982749999999996
            ],
            [
              116.35335,
              39.988218749999994
            ],
            [
              116.3534425,
              39.988218749999994
            ],
            [
              116.35388,
              39.982749999999996
            ],
            [
              116.35335,
              39.982749999999996
            ]
          ]
        ]
      },
      "id": "LU-121"
    },
    {
      "type": "Feature",
      "properties": {
        "layer": "LAND_USE",
        "land_use_code": "0701",
        "land_use_name_zh": "居住用地",
        "parcel_id": "LU-122",
        "key_area_id": "PROV-KEY-002",
        "area_sqm": 15655.2,
        "id": "LU-122",
        "source_type": "agent_inferred_from_public_data",
        "confidence": "low",
        "geometry_role": "design_proposal"
      },
      "geometry": {
        "type": "Polygon",
        "coordinates": [
          [
            [
              116.35335,
              39.9936875
            ],
            [
              116.35335,
              39.99915625
            ],
            [
              116.35380171232877,
              39.99915625
            ],
            [
              116.35350205479452,
              39.9936875
            ],
            [
              116.35335,
              39.9936875
            ]
          ]
        ]
      },
      "id": "LU-122"
    },
    {
      "type": "Feature",
      "properties": {
        "layer": "LAND_USE",
        "land_use_code": "1401",
        "land_use_name_zh": "公园绿地",
        "parcel_id": "LU-123",
        "key_area_id": "PROV-KEY-002",
        "area_sqm": 11155.6,
        "id": "LU-123",
        "source_type": "agent_inferred_from_public_data",
        "confidence": "low",
        "geometry_role": "design_proposal"
      },
      "geometry": {
        "type": "Polygon",
        "coordinates": [
          [
            [
              116.34164999999999,
              40.004625
            ],
            [
              116.34164999999999,
              39.99915625
            ],
            [
              116.34125846774194,
              39.99915625
            ],
            [
              116.34161129032259,
              40.004625
            ],
            [
              116.34164999999999,
              40.004625
            ]
          ]
        ]
      },
      "id": "LU-123"
    },
    {
      "type": "Feature",
      "properties": {
        "layer": "LAND_USE",
        "land_use_code": "1207",
        "land_use_name_zh": "城镇村道路用地",
        "parcel_id": "LU-124",
        "key_area_id": "PROV-KEY-002",
        "area_sqm": 2507.9,
        "id": "LU-124",
        "source_type": "agent_inferred_from_public_data",
        "confidence": "low",
        "geometry_role": "design_proposal"
      },
      "geometry": {
        "type": "MultiPolygon",
        "coordinates": [
          [
            [
              [
                116.35335,
                39.9936875
              ],
              [
                116.35350205479452,
                39.9936875
              ],
              [
                116.35335,
                39.990912500000036
              ],
              [
                116.35335,
                39.9936875
              ]
            ]
          ],
          [
            [
              [
                116.35335,
                39.98821875
              ],
              [
                116.35335,
                39.98937499999998
              ],
              [
                116.3534425,
                39.98821875
              ],
              [
                116.35335,
                39.98821875
              ]
            ]
          ]
        ]
      },
      "id": "LU-124"
    },
    {
      "type": "Feature",
      "properties": {
        "layer": "LAND_USE",
        "land_use_code": "05",
        "land_use_name_zh": "商业服务用地",
        "parcel_id": "LU-125",
        "key_area_id": "PROV-KEY-001",
        "area_sqm": 110.1,
        "id": "LU-125",
        "source_type": "agent_inferred_from_public_data",
        "confidence": "low",
        "geometry_role": "design_proposal"
      },
      "geometry": {
        "type": "Polygon",
        "coordinates": [
          [
            [
              116.34164999999999,
              40.004625
            ],
            [
              116.34161129032259,
              40.004625
            ],
            [
              116.34164999999999,
              40.00522499999976
            ],
            [
              116.34164999999999,
              40.004625
            ]
          ]
        ]
      },
      "id": "LU-125"
    }
  ],
  "name": "land_use"
}