{
  "type": "FeatureCollection",
  "name": "land_use_open_rail",
  "features": [
    {
      "type": "Feature",
      "id": "LU-001",
      "properties": {
        "id": "LU-001",
        "layer": "LAND_USE",
        "source_type": "agent_generated_design",
        "confidence": "medium",
        "geometry_role": "design_proposal",
        "land_use_code": "16",
        "name_zh": "河流水面(清河/小月河)",
        "area_sqm_declared": 154336.558
      },
      "geometry": {
        "type": "Polygon",
        "coordinates": [
          [
            [
              116.353966,
              39.9816777
            ],
            [
              116.3543997,
              39.9762563
            ],
            [
              116.3544342,
              39.9758247
            ],
            [
              116.354434,
              39.944
            ],
            [
              116.353966,
              39.944
            ],
            [
              116.353966,
              39.9816777
            ]
          ]
        ]
      }
    },
    {
      "type": "Feature",
      "id": "LU-002",
      "properties": {
        "id": "LU-002",
        "layer": "LAND_USE",
        "source_type": "agent_generated_design",
        "confidence": "medium",
        "geometry_role": "design_proposal",
        "land_use_code": "16",
        "name_zh": "河流水面(清河/小月河)",
        "area_sqm_declared": 8874.875
      },
      "geometry": {
        "type": "Polygon",
        "coordinates": [
          [
            [
              116.3542861,
              40.008
            ],
            [
              116.3541845,
              40.0061462
            ],
            [
              116.3539658,
              40.0021551
            ],
            [
              116.3539658,
              40.008
            ],
            [
              116.3542861,
              40.008
            ]
          ]
        ]
      }
    },
    {
      "type": "Feature",
      "id": "LU-003",
      "properties": {
        "id": "LU-003",
        "layer": "LAND_USE",
        "source_type": "agent_generated_design",
        "confidence": "medium",
        "geometry_role": "design_proposal",
        "land_use_code": "16",
        "name_zh": "河流水面(清河/小月河)",
        "area_sqm_declared": 75161.321
      },
      "geometry": {
        "type": "Polygon",
        "coordinates": [
          [
            [
              116.3551018,
              40.0228836
            ],
            [
              116.3550799,
              40.0224849
            ],
            [
              116.3425041,
              40.0224851
            ],
            [
              116.3425345,
              40.0231084
            ],
            [
              116.3425349,
              40.0231155
            ],
            [
              116.3551145,
              40.0231153
            ],
            [
              116.3551018,
              40.0228836
            ]
          ]
        ]
      }
    },
    {
      "type": "Feature",
      "id": "LU-004",
      "properties": {
        "id": "LU-004",
        "layer": "LAND_USE",
        "source_type": "agent_generated_design",
        "confidence": "medium",
        "geometry_role": "design_proposal",
        "land_use_code": "1403",
        "name_zh": "开源主线站厅广场",
        "area_sqm_declared": 31412.81
      },
      "geometry": {
        "type": "Polygon",
        "coordinates": [
          [
            [
              116.3484219,
              39.9463963
            ],
            [
              116.3484183,
              39.9463744
            ],
            [
              116.3484139,
              39.9463525
            ],
            [
              116.3484089,
              39.9463308
            ],
            [
              116.3484031,
              39.9463091
            ],
            [
              116.3483967,
              39.9462876
            ],
            [
              116.3483896,
              39.9462662
            ],
            [
              116.3483818,
              39.9462449
            ],
            [
              116.3483733,
              39.9462238
            ],
            [
              116.3483642,
              39.9462028
            ],
            [
              116.3483543,
              39.946182
            ],
            [
              116.3483439,
              39.9461614
            ],
            [
              116.3483328,
              39.9461411
            ],
            [
              116.348321,
              39.9461209
            ],
            [
              116.3483086,
              39.946101
            ],
            [
              116.3482955,
              39.9460813
            ],
            [
              116.3482819,
              39.9460618
            ],
            [
              116.3482676,
              39.9460427
            ],
            [
              116.3482527,
              39.9460238
            ],
            [
              116.3482372,
              39.9460051
            ],
            [
              116.3482212,
              39.9459868
            ],
            [
              116.3482045,
              39.9459688
            ],
            [
              116.3481873,
              39.9459511
            ],
            [
              116.3481695,
              39.9459338
            ],
            [
              116.3481512,
              39.9459168
            ],
            [
              116.3481323,
              39.9459001
            ],
            [
              116.3481129,
              39.9458838
            ],
            [
              116.348093,
              39.9458679
            ],
            [
              116.3480726,
              39.9458523
            ],
            [
              116.3480517,
              39.9458371
            ],
            [
              116.3480303,
              39.9458224
            ],
            [
              116.3480085,
              39.945808
            ],
            [
              116.3479862,
              39.9457941
            ],
            [
              116.3479635,
              39.9457806
            ],
            [
              116.3479403,
              39.9457675
            ],
            [
              116.3479168,
              39.9457549
            ],
            [
              116.3478928,
              39.9457427
            ],
            [
              116.3478685,
              39.9457309
            ],
            [
              116.3478438,
              39.9457197
            ],
            [
              116.3478187,
              39.9457089
            ],
            [
              116.3477933,
              39.9456985
            ],
            [
              116.3477676,
              39.9456887
            ],
            [
              116.3477416,
              39.9456794
            ],
            [
              116.3477153,
              39.9456705
            ],
            [
              116.3476887,
              39.9456621
            ],
            [
              116.3476618,
              39.9456543
            ],
            [
              116.3476348,
              39.9456469
            ],
            [
              116.3476075,
              39.9456401
            ],
            [
              116.3475799,
              39.9456338
            ],
            [
              116.3475522,
              39.945628
            ],
            [
              116.3475243,
              39.9456228
            ],
            [
              116.3474963,
              39.945618
            ],
            [
              116.3474681,
              39.9456138
            ],
            [
              116.3474398,
              39.9456101
            ],
            [
              116.3474113,
              39.945607
            ],
            [
              116.3473828,
              39.9456044
            ],
            [
              116.3473542,
              39.9456024
            ],
            [
              116.3473256,
              39.9456008
            ],
            [
              116.3472969,
              39.9455999
            ],
            [
              116.3472682,
              39.9455994
            ],
            [
              116.3472395,
              39.9455995
            ],
            [
              116.3472108,
              39.9456002
            ],
            [
              116.3471821,
              39.9456014
            ],
            [
              116.3471534,
              39.9456031
            ],
            [
              116.3471249,
              39.9456054
            ],
            [
              116.3470964,
              39.9456082
            ],
            [
              116.347068,
              39.9456116
            ],
            [
              116.3470397,
              39.9456154
            ],
            [
              116.3470116,
              39.9456199
            ],
            [
              116.3469836,
              39.9456248
            ],
            [
              116.3469558,
              39.9456303
            ],
            [
              116.3469282,
              39.9456363
            ],
            [
              116.3469007,
              39.9456428
            ],
            [
              116.3468735,
              39.9456499
            ],
            [
              116.3468465,
              39.9456574
            ],
            [
              116.3468198,
              39.9456655
            ],
            [
              116.3467933,
              39.945674
            ],
            [
              116.3467671,
              39.9456831
            ],
            [
              116.3467412,
              39.9456926
            ],
            [
              116.3467156,
              39.9457027
            ],
            [
              116.3466904,
              39.9457132
            ],
            [
              116.3466654,
              39.9457242
            ],
            [
              116.3466409,
              39.9457356
            ],
            [
              116.3466167,
              39.9457475
            ],
            [
              116.3465929,
              39.9457599
            ],
            [
              116.3465695,
              39.9457727
            ],
            [
              116.3465465,
              39.945786
            ],
            [
              116.346524,
              39.9457997
            ],
            [
              116.3465019,
              39.9458138
            ],
            [
              116.3464802,
              39.9458283
            ],
            [
              116.346459,
              39.9458432
            ],
            [
              116.3464383,
              39.9458585
            ],
            [
              116.3464181,
              39.9458742
            ],
            [
              116.3463984,
              39.9458903
            ],
            [
              116.3463792,
              39.9459068
            ],
            [
              116.3463606,
              39.9459236
            ],
            [
              116.3463425,
              39.9459407
            ],
            [
              116.3463249,
              39.9459582
            ],
            [
              116.3463079,
              39.9459761
            ],
            [
              116.3462915,
              39.9459942
            ],
            [
              116.3462757,
              39.9460126
            ],
            [
              116.3462604,
              39.9460314
            ],
            [
              116.3462458,
              39.9460504
            ],
            [
              116.3462318,
              39.9460697
            ],
            [
              116.3462183,
              39.9460892
            ],
            [
              116.3462056,
              39.946109
            ],
            [
              116.3461934,
              39.946129
            ],
            [
              116.3461819,
              39.9461493
            ],
            [
              116.346171,
              39.9461697
            ],
            [
              116.3461608,
              39.9461904
            ],
            [
              116.3461513,
              39.9462112
            ],
            [
              116.3461424,
              39.9462323
            ],
            [
              116.3461342,
              39.9462535
            ],
            [
              116.3461267,
              39.9462748
            ],
            [
              116.3461199,
              39.9462963
            ],
            [
              116.3461137,
              39.9463178
            ],
            [
              116.3461083,
              39.9463395
            ],
            [
              116.3461035,
              39.9463613
            ],
            [
              116.3460994,
              39.9463832
            ],
            [
              116.346096,
              39.9464052
            ],
            [
              116.3460934,
              39.9464272
            ],
            [
              116.3460914,
              39.9464492
            ],
            [
              116.3460901,
              39.9464713
            ],
            [
              116.3460896,
              39.9464934
            ],
            [
              116.3460897,
              39.9465155
            ],
            [
              116.3460905,
              39.9465376
            ],
            [
              116.3460921,
              39.9465597
            ],
            [
              116.3460944,
              39.9465817
            ],
            [
              116.3460973,
              39.9466037
            ],
            [
              116.346101,
              39.9466256
            ],
            [
              116.3461053,
              39.9466475
            ],
            [
              116.3461104,
              39.9466692
            ],
            [
              116.3461161,
              39.9466909
            ],
            [
              116.3461225,
              39.9467124
            ],
            [
              116.3461297,
              39.9467338
            ],
            [
              116.3461375,
              39.9467551
            ],
            [
              116.3461459,
              39.9467762
            ],
            [
              116.3461551,
              39.9467972
            ],
            [
              116.3461649,
              39.946818
            ],
            [
              116.3461753,
              39.9468385
            ],
            [
              116.3461865,
              39.9468589
            ],
            [
              116.3461982,
              39.9468791
            ],
            [
              116.3462106,
              39.946899
            ],
            [
              116.3462237,
              39.9469187
            ],
            [
              116.3462373,
              39.9469382
            ],
            [
              116.3462516,
              39.9469573
            ],
            [
              116.3462665,
              39.9469762
            ],
            [
              116.346282,
              39.9469948
            ],
            [
              116.3462981,
              39.9470132
            ],
            [
              116.3463147,
              39.9470312
            ],
            [
              116.3463319,
              39.9470489
            ],
            [
              116.3463497,
              39.9470662
            ],
            [
              116.346368,
              39.9470832
            ],
            [
              116.3463869,
              39.9470999
            ],
            [
              116.3464063,
              39.9471162
            ],
            [
              116.3464262,
              39.9471321
            ],
            [
              116.3464466,
              39.9471477
            ],
            [
              116.3464675,
              39.9471629
            ],
            [
              116.3464889,
              39.9471776
            ],
            [
              116.3465107,
              39.947192
            ],
            [
              116.346533,
              39.9472059
            ],
            [
              116.3465557,
              39.9472194
            ],
            [
              116.3465789,
              39.9472325
            ],
            [
              116.3466024,
              39.9472451
            ],
            [
              116.3466264,
              39.9472573
            ],
            [
              116.3466507,
              39.9472691
            ],
            [
              116.3466754,
              39.9472803
            ],
            [
              116.3467005,
              39.9472911
            ],
            [
              116.3467259,
              39.9473014
            ],
            [
              116.3467516,
              39.9473113
            ],
            [
              116.3467776,
              39.9473206
            ],
            [
              116.3468039,
              39.9473295
            ],
            [
              116.3468305,
              39.9473379
            ],
            [
              116.3468574,
              39.9473457
            ],
            [
              116.3468845,
              39.947353
            ],
            [
              116.3469118,
              39.9473599
            ],
            [
              116.3469393,
              39.9473662
            ],
            [
              116.346967,
              39.947372
            ],
            [
              116.3469949,
              39.9473772
            ],
            [
              116.347023,
              39.947382
            ],
            [
              116.3470511,
              39.9473862
            ],
            [
              116.3470795,
              39.9473899
            ],
            [
              116.3471079,
              39.947393
            ],
            [
              116.3471364,
              39.9473956
            ],
            [
              116.347165,
              39.9473976
            ],
            [
              116.3471937,
              39.9473992
            ],
            [
              116.3472223,
              39.9474001
            ],
            [
              116.3472511,
              39.9474006
            ],
            [
              116.3472798,
              39.9474005
            ],
            [
              116.3473085,
              39.9473998
            ],
            [
              116.3473372,
              39.9473986
            ],
            [
              116.3473658,
              39.9473969
            ],
            [
              116.3473943,
              39.9473946
            ],
            [
              116.3474228,
              39.9473918
            ],
            [
              116.3474512,
              39.9473884
            ],
            [
              116.3474795,
              39.9473846
            ],
            [
              116.3475076,
              39.9473801
            ],
            [
              116.3475356,
              39.9473752
            ],
            [
              116.3475634,
              39.9473697
            ],
            [
              116.3475911,
              39.9473637
            ],
            [
              116.3476185,
              39.9473572
            ],
            [
              116.3476457,
              39.9473501
            ],
            [
              116.3476727,
              39.9473426
            ],
            [
              116.3476995,
              39.9473345
            ],
            [
              116.347726,
              39.947326
            ],
            [
              116.3477521,
              39.9473169
            ],
            [
              116.347778,
              39.9473074
            ],
            [
              116.3478036,
              39.9472973
            ],
            [
              116.3478289,
              39.9472868
            ],
            [
              116.3478538,
              39.9472758
            ],
            [
              116.3478784,
              39.9472644
            ],
            [
              116.3479026,
              39.9472525
            ],
            [
              116.3479264,
              39.9472401
            ],
            [
              116.3479497,
              39.9472273
            ],
            [
              116.3479727,
              39.947214
            ],
            [
              116.3479953,
              39.9472003
            ],
            [
              116.3480174,
              39.9471862
            ],
            [
              116.348039,
              39.9471717
            ],
            [
              116.3480602,
              39.9471568
            ],
            [
              116.3480809,
              39.9471415
            ],
            [
              116.3481011,
              39.9471257
            ],
            [
              116.3481208,
              39.9471097
            ],
            [
              116.34814,
              39.9470932
            ],
            [
              116.3481587,
              39.9470764
            ],
            [
              116.3481768,
              39.9470592
            ],
            [
              116.3481943,
              39.9470418
            ],
            [
              116.3482113,
              39.9470239
            ],
            [
              116.3482277,
              39.9470058
            ],
            [
              116.3482436,
              39.9469874
            ],
            [
              116.3482588,
              39.9469686
            ],
            [
              116.3482735,
              39.9469496
            ],
            [
              116.3482875,
              39.9469303
            ],
            [
              116.3483009,
              39.9469108
            ],
            [
              116.3483137,
              39.946891
            ],
            [
              116.3483258,
              39.946871
            ],
            [
              116.3483373,
              39.9468507
            ],
            [
              116.3483482,
              39.9468303
            ],
            [
              116.3483584,
              39.9468096
            ],
            [
              116.3483679,
              39.9467887
            ],
            [
              116.3483768,
              39.9467677
            ],
            [
              116.348385,
              39.9467465
            ],
            [
              116.3483925,
              39.9467252
            ],
            [
              116.3483994,
              39.9467037
            ],
            [
              116.3484055,
              39.9466821
            ],
            [
              116.348411,
              39.9466604
            ],
            [
              116.3484158,
              39.9466387
            ],
            [
              116.3484198,
              39.9466168
            ],
            [
              116.3484232,
              39.9465948
            ],
            [
              116.3484259,
              39.9465728
            ],
            [
              116.3484278,
              39.9465508
            ],
            [
              116.3484291,
              39.9465287
            ],
            [
              116.3484297,
              39.9465066
            ],
            [
              116.3484295,
              39.9464845
            ],
            [
              116.3484287,
              39.9464624
            ],
            [
              116.3484271,
              39.9464403
            ],
            [
              116.3484249,
              39.9464183
            ],
            [
              116.3484219,
              39.9463963
            ]
          ]
        ]
      }
    },
    {
      "type": "Feature",
      "id": "LU-005",
      "properties": {
        "id": "LU-005",
        "layer": "LAND_USE",
        "source_type": "agent_generated_design",
        "confidence": "medium",
        "geometry_role": "design_proposal",
        "land_use_code": "1403",
        "name_zh": "开源主线站厅广场",
        "area_sqm_declared": 31412.668
      },
      "geometry": {
        "type": "Polygon",
        "coordinates": [
          [
            [
              116.3493668,
              39.9748744
            ],
            [
              116.3493625,
              39.9748525
            ],
            [
              116.3493574,
              39.9748308
            ],
            [
              116.3493517,
              39.9748091
            ],
            [
              116.3493452,
              39.9747876
            ],
            [
              116.3493381,
              39.9747661
            ],
            [
              116.3493303,
              39.9747449
            ],
            [
              116.3493218,
              39.9747238
            ],
            [
              116.3493127,
              39.9747028
            ],
            [
              116.3493029,
              39.974682
            ],
            [
              116.3492924,
              39.9746614
            ],
            [
              116.3492813,
              39.9746411
            ],
            [
              116.3492695,
              39.9746209
            ],
            [
              116.3492571,
              39.974601
            ],
            [
              116.349244,
              39.9745813
            ],
            [
              116.3492304,
              39.9745618
            ],
            [
              116.3492161,
              39.9745427
            ],
            [
              116.3492012,
              39.9745238
            ],
            [
              116.3491857,
              39.9745051
            ],
            [
              116.3491696,
              39.9744868
            ],
            [
              116.349153,
              39.9744688
            ],
            [
              116.3491357,
              39.9744511
            ],
            [
              116.349118,
              39.9744338
            ],
            [
              116.3490996,
              39.9744168
            ],
            [
              116.3490807,
              39.9744001
            ],
            [
              116.3490613,
              39.9743838
            ],
            [
              116.3490414,
              39.9743679
            ],
            [
              116.349021,
              39.9743523
            ],
            [
              116.3490001,
              39.9743371
            ],
            [
              116.3489787,
              39.9743224
            ],
            [
              116.3489569,
              39.974308
            ],
            [
              116.3489346,
              39.9742941
            ],
            [
              116.3489118,
              39.9742806
            ],
            [
              116.3488887,
              39.9742675
            ],
            [
              116.3488651,
              39.9742549
            ],
            [
              116.3488412,
              39.9742427
            ],
            [
              116.3488168,
              39.9742309
            ],
            [
              116.3487921,
              39.9742197
            ],
            [
              116.348767,
              39.9742089
            ],
            [
              116.3487416,
              39.9741986
            ],
            [
              116.3487159,
              39.9741887
            ],
            [
              116.3486899,
              39.9741794
            ],
            [
              116.3486635,
              39.9741705
            ],
            [
              116.3486369,
              39.9741621
            ],
            [
              116.3486101,
              39.9741543
            ],
            [
              116.348583,
              39.974147
            ],
            [
              116.3485557,
              39.9741401
            ],
            [
              116.3485281,
              39.9741338
            ],
            [
              116.3485004,
              39.974128
            ],
            [
              116.3484725,
              39.9741228
            ],
            [
              116.3484444,
              39.974118
            ],
            [
              116.3484162,
              39.9741138
            ],
            [
              116.3483879,
              39.9741101
            ],
            [
              116.3483595,
              39.974107
            ],
            [
              116.3483309,
              39.9741044
            ],
            [
              116.3483023,
              39.9741024
            ],
            [
              116.3482737,
              39.9741008
            ],
            [
              116.348245,
              39.9740999
            ],
            [
              116.3482162,
              39.9740994
            ],
            [
              116.3481875,
              39.9740995
            ],
            [
              116.3481588,
              39.9741002
            ],
            [
              116.3481301,
              39.9741014
            ],
            [
              116.3481015,
              39.9741031
            ],
            [
              116.3480729,
              39.9741054
            ],
            [
              116.3480444,
              39.9741082
            ],
            [
              116.348016,
              39.9741116
            ],
            [
              116.3479877,
              39.9741155
            ],
            [
              116.3479596,
              39.9741199
            ],
            [
              116.3479316,
              39.9741248
            ],
            [
              116.3479037,
              39.9741303
            ],
            [
              116.3478761,
              39.9741363
            ],
            [
              116.3478486,
              39.9741428
            ],
            [
              116.3478214,
              39.9741499
            ],
            [
              116.3477944,
              39.9741574
            ],
            [
              116.3477677,
              39.9741655
            ],
            [
              116.3477412,
              39.974174
            ],
            [
              116.347715,
              39.9741831
            ],
            [
              116.3476891,
              39.9741926
            ],
            [
              116.3476635,
              39.9742027
            ],
            [
              116.3476382,
              39.9742132
            ],
            [
              116.3476133,
              39.9742242
            ],
            [
              116.3475887,
              39.9742356
            ],
            [
              116.3475645,
              39.9742475
            ],
            [
              116.3475407,
              39.9742599
            ],
            [
              116.3475173,
              39.9742727
            ],
            [
              116.3474943,
              39.974286
            ],
            [
              116.3474717,
              39.9742997
            ],
            [
              116.3474496,
              39.9743138
            ],
            [
              116.347428,
              39.9743283
            ],
            [
              116.3474068,
              39.9743432
            ],
            [
              116.3473861,
              39.9743585
            ],
            [
              116.3473658,
              39.9743743
            ],
            [
              116.3473461,
              39.9743903
            ],
            [
              116.3473269,
              39.9744068
            ],
            [
              116.3473083,
              39.9744236
            ],
            [
              116.3472902,
              39.9744408
            ],
            [
              116.3472726,
              39.9744582
            ],
            [
              116.3472556,
              39.9744761
            ],
            [
              116.3472392,
              39.9744942
            ],
            [
              116.3472233,
              39.9745126
            ],
            [
              116.3472081,
              39.9745314
            ],
            [
              116.3471934,
              39.9745504
            ],
            [
              116.3471794,
              39.9745697
            ],
            [
              116.347166,
              39.9745892
            ],
            [
              116.3471532,
              39.974609
            ],
            [
              116.347141,
              39.974629
            ],
            [
              116.3471295,
              39.9746493
            ],
            [
              116.3471187,
              39.9746697
            ],
            [
              116.3471085,
              39.9746904
            ],
            [
              116.3470989,
              39.9747113
            ],
            [
              116.34709,
              39.9747323
            ],
            [
              116.3470818,
              39.9747535
            ],
            [
              116.3470743,
              39.9747748
            ],
            [
              116.3470675,
              39.9747963
            ],
            [
              116.3470613,
              39.9748178
            ],
            [
              116.3470558,
              39.9748395
            ],
            [
              116.3470511,
              39.9748613
            ],
            [
              116.347047,
              39.9748832
            ],
            [
              116.3470436,
              39.9749052
            ],
            [
              116.347041,
              39.9749272
            ],
            [
              116.347039,
              39.9749492
            ],
            [
              116.3470377,
              39.9749713
            ],
            [
              116.3470372,
              39.9749934
            ],
            [
              116.3470373,
              39.9750155
            ],
            [
              116.3470381,
              39.9750376
            ],
            [
              116.3470397,
              39.9750597
            ],
            [
              116.3470419,
              39.9750817
            ],
            [
              116.3470449,
              39.9751037
            ],
            [
              116.3470486,
              39.9751256
            ],
            [
              116.3470529,
              39.9751475
            ],
            [
              116.347058,
              39.9751692
            ],
            [
              116.3470637,
              39.9751909
            ],
            [
              116.3470701,
              39.9752124
            ],
            [
              116.3470773,
              39.9752338
            ],
            [
              116.3470851,
              39.9752551
            ],
            [
              116.3470935,
              39.9752762
            ],
            [
              116.3471027,
              39.9752972
            ],
            [
              116.3471125,
              39.975318
            ],
            [
              116.347123,
              39.9753385
            ],
            [
              116.3471341,
              39.9753589
            ],
            [
              116.3471459,
              39.9753791
            ],
            [
              116.3471583,
              39.975399
            ],
            [
              116.3471713,
              39.9754187
            ],
            [
              116.347185,
              39.9754382
            ],
            [
              116.3471993,
              39.9754573
            ],
            [
              116.3472142,
              39.9754762
            ],
            [
              116.3472297,
              39.9754949
            ],
            [
              116.3472457,
              39.9755132
            ],
            [
              116.3472624,
              39.9755312
            ],
            [
              116.3472796,
              39.9755489
            ],
            [
              116.3472974,
              39.9755662
            ],
            [
              116.3473158,
              39.9755832
            ],
            [
              116.3473346,
              39.9755999
            ],
            [
              116.347354,
              39.9756162
            ],
            [
              116.3473739,
              39.9756321
            ],
            [
              116.3473944,
              39.9756477
            ],
            [
              116.3474153,
              39.9756629
            ],
            [
              116.3474366,
              39.9756776
            ],
            [
              116.3474585,
              39.975692
            ],
            [
              116.3474808,
              39.9757059
            ],
            [
              116.3475035,
              39.9757194
            ],
            [
              116.3475267,
              39.9757325
            ],
            [
              116.3475503,
              39.9757451
            ],
            [
              116.3475742,
              39.9757573
            ],
            [
              116.3475986,
              39.9757691
            ],
            [
              116.3476233,
              39.9757803
            ],
            [
              116.3476484,
              39.9757911
            ],
            [
              116.3476738,
              39.9758014
            ],
            [
              116.3476995,
              39.9758113
            ],
            [
              116.3477255,
              39.9758206
            ],
            [
              116.3477518,
              39.9758295
            ],
            [
              116.3477784,
              39.9758379
            ],
            [
              116.3478053,
              39.9758457
            ],
            [
              116.3478324,
              39.975853
            ],
            [
              116.3478597,
              39.9758599
            ],
            [
              116.3478872,
              39.9758662
            ],
            [
              116.347915,
              39.975872
            ],
            [
              116.3479429,
              39.9758772
            ],
            [
              116.3479709,
              39.975882
            ],
            [
              116.3479991,
              39.9758862
            ],
            [
              116.3480275,
              39.9758899
            ],
            [
              116.3480559,
              39.975893
            ],
            [
              116.3480844,
              39.9758956
            ],
            [
              116.348113,
              39.9758976
            ],
            [
              116.3481417,
              39.9758992
            ],
            [
              116.3481704,
              39.9759001
            ],
            [
              116.3481991,
              39.9759006
            ],
            [
              116.3482279,
              39.9759005
            ],
            [
              116.3482566,
              39.9758998
            ],
            [
              116.3482853,
              39.9758986
            ],
            [
              116.3483139,
              39.9758969
            ],
            [
              116.3483425,
              39.9758946
            ],
            [
              116.348371,
              39.9758918
            ],
            [
              116.3483994,
              39.9758884
            ],
            [
              116.3484277,
              39.9758845
            ],
            [
              116.3484558,
              39.9758801
            ],
            [
              116.3484838,
              39.9758752
            ],
            [
              116.3485116,
              39.9758697
            ],
            [
              116.3485393,
              39.9758637
            ],
            [
              116.3485668,
              39.9758572
            ],
            [
              116.348594,
              39.9758501
            ],
            [
              116.348621,
              39.9758426
            ],
            [
              116.3486477,
              39.9758345
            ],
            [
              116.3486742,
              39.975826
            ],
            [
              116.3487004,
              39.9758169
            ],
            [
              116.3487263,
              39.9758074
            ],
            [
              116.3487519,
              39.9757973
            ],
            [
              116.3487772,
              39.9757868
            ],
            [
              116.3488021,
              39.9757758
            ],
            [
              116.3488267,
              39.9757644
            ],
            [
              116.3488509,
              39.9757524
            ],
            [
              116.3488747,
              39.9757401
            ],
            [
              116.3488981,
              39.9757273
            ],
            [
              116.3489211,
              39.975714
            ],
            [
              116.3489437,
              39.9757003
            ],
            [
              116.3489658,
              39.9756862
            ],
            [
              116.3489874,
              39.9756717
            ],
            [
              116.3490086,
              39.9756568
            ],
            [
              116.3490293,
              39.9756414
            ],
            [
              116.3490496,
              39.9756257
            ],
            [
              116.3490693,
              39.9756097
            ],
            [
              116.3490885,
              39.9755932
            ],
            [
              116.3491071,
              39.9755764
            ],
            [
              116.3491252,
              39.9755592
            ],
            [
              116.3491428,
              39.9755417
            ],
            [
              116.3491598,
              39.9755239
            ],
            [
              116.3491762,
              39.9755058
            ],
            [
              116.3491921,
              39.9754874
            ],
            [
              116.3492073,
              39.9754686
            ],
            [
              116.349222,
              39.9754496
            ],
            [
              116.349236,
              39.9754303
            ],
            [
              116.3492494,
              39.9754108
            ],
            [
              116.3492622,
              39.975391
            ],
            [
              116.3492744,
              39.975371
            ],
            [
              116.3492859,
              39.9753507
            ],
            [
              116.3492967,
              39.9753302
            ],
            [
              116.3493069,
              39.9753096
            ],
            [
              116.3493165,
              39.9752887
            ],
            [
              116.3493254,
              39.9752677
            ],
            [
              116.3493336,
              39.9752465
            ],
            [
              116.3493411,
              39.9752252
            ],
            [
              116.3493479,
              39.9752037
            ],
            [
              116.3493541,
              39.9751821
            ],
            [
              116.3493595,
              39.9751604
            ],
            [
              116.3493643,
              39.9751386
            ],
            [
              116.3493684,
              39.9751168
            ],
            [
              116.3493718,
              39.9750948
            ],
            [
              116.3493744,
              39.9750728
            ],
            [
              116.3493764,
              39.9750508
            ],
            [
              116.3493777,
              39.9750287
            ],
            [
              116.3493782,
              39.9750066
            ],
            [
              116.3493781,
              39.9749845
            ],
            [
              116.3493772,
              39.9749624
            ],
            [
              116.3493757,
              39.9749403
            ],
            [
              116.3493734,
              39.9749183
            ],
            [
              116.3493705,
              39.9748963
            ],
            [
              116.3493668,
              39.9748744
            ]
          ]
        ]
      }
    },
    {
      "type": "Feature",
      "id": "LU-006",
      "properties": {
        "id": "LU-006",
        "layer": "LAND_USE",
        "source_type": "agent_generated_design",
        "confidence": "medium",
        "geometry_role": "design_proposal",
        "land_use_code": "1403",
        "name_zh": "开源主线站厅广场",
        "area_sqm_declared": 31412.731
      },
      "geometry": {
        "type": "Polygon",
        "coordinates": [
          [
            [
              116.3496736,
              39.9878744
            ],
            [
              116.3496693,
              39.9878525
            ],
            [
              116.3496642,
              39.9878308
            ],
            [
              116.3496585,
              39.9878091
            ],
            [
              116.349652,
              39.9877876
            ],
            [
              116.3496449,
              39.9877661
            ],
            [
              116.3496371,
              39.9877449
            ],
            [
              116.3496286,
              39.9877238
            ],
            [
              116.3496195,
              39.9877028
            ],
            [
              116.3496097,
              39.987682
            ],
            [
              116.3495992,
              39.9876614
            ],
            [
              116.3495881,
              39.9876411
            ],
            [
              116.3495763,
              39.9876209
            ],
            [
              116.3495639,
              39.987601
            ],
            [
              116.3495508,
              39.9875813
            ],
            [
              116.3495372,
              39.9875618
            ],
            [
              116.3495229,
              39.9875427
            ],
            [
              116.349508,
              39.9875238
            ],
            [
              116.3494925,
              39.9875051
            ],
            [
              116.3494764,
              39.9874868
            ],
            [
              116.3494597,
              39.9874688
            ],
            [
              116.3494425,
              39.9874511
            ],
            [
              116.3494247,
              39.9874338
            ],
            [
              116.3494064,
              39.9874168
            ],
            [
              116.3493875,
              39.9874001
            ],
            [
              116.3493681,
              39.9873838
            ],
            [
              116.3493482,
              39.9873679
            ],
            [
              116.3493278,
              39.9873523
            ],
            [
              116.3493069,
              39.9873371
            ],
            [
              116.3492855,
              39.9873224
            ],
            [
              116.3492636,
              39.987308
            ],
            [
              116.3492413,
              39.9872941
            ],
            [
              116.3492186,
              39.9872806
            ],
            [
              116.3491954,
              39.9872675
            ],
            [
              116.3491718,
              39.9872549
            ],
            [
              116.3491479,
              39.9872427
            ],
            [
              116.3491235,
              39.9872309
            ],
            [
              116.3490988,
              39.9872197
            ],
            [
              116.3490737,
              39.9872089
            ],
            [
              116.3490483,
              39.9871986
            ],
            [
              116.3490226,
              39.9871887
            ],
            [
              116.3489965,
              39.9871794
            ],
            [
              116.3489702,
              39.9871705
            ],
            [
              116.3489436,
              39.9871621
            ],
            [
              116.3489168,
              39.9871543
            ],
            [
              116.3488897,
              39.987147
            ],
            [
              116.3488623,
              39.9871401
            ],
            [
              116.3488348,
              39.9871338
            ],
            [
              116.3488071,
              39.987128
            ],
            [
              116.3487791,
              39.9871228
            ],
            [
              116.3487511,
              39.987118
            ],
            [
              116.3487229,
              39.9871138
            ],
            [
              116.3486945,
              39.9871101
            ],
            [
              116.3486661,
              39.987107
            ],
            [
              116.3486376,
              39.9871044
            ],
            [
              116.3486089,
              39.9871024
            ],
            [
              116.3485803,
              39.9871008
            ],
            [
              116.3485516,
              39.9870999
            ],
            [
              116.3485228,
              39.9870994
            ],
            [
              116.3484941,
              39.9870995
            ],
            [
              116.3484654,
              39.9871002
            ],
            [
              116.3484367,
              39.9871014
            ],
            [
              116.348408,
              39.9871031
            ],
            [
              116.3483795,
              39.9871054
            ],
            [
              116.348351,
              39.9871082
            ],
            [
              116.3483226,
              39.9871116
            ],
            [
              116.3482943,
              39.9871155
            ],
            [
              116.3482661,
              39.9871199
            ],
            [
              116.3482381,
              39.9871248
            ],
            [
              116.3482103,
              39.9871303
            ],
            [
              116.3481826,
              39.9871363
            ],
            [
              116.3481552,
              39.9871428
            ],
            [
              116.3481279,
              39.9871499
            ],
            [
              116.3481009,
              39.9871574
            ],
            [
              116.3480742,
              39.9871655
            ],
            [
              116.3480477,
              39.987174
            ],
            [
              116.3480215,
              39.9871831
            ],
            [
              116.3479955,
              39.9871926
            ],
            [
              116.3479699,
              39.9872027
            ],
            [
              116.3479447,
              39.9872132
            ],
            [
              116.3479197,
              39.9872242
            ],
            [
              116.3478952,
              39.9872356
            ],
            [
              116.347871,
              39.9872476
            ],
            [
              116.3478472,
              39.9872599
            ],
            [
              116.3478237,
              39.9872727
            ],
            [
              116.3478007,
              39.987286
            ],
            [
              116.3477782,
              39.9872997
            ],
            [
              116.3477561,
              39.9873138
            ],
            [
              116.3477344,
              39.9873283
            ],
            [
              116.3477132,
              39.9873432
            ],
            [
              116.3476925,
              39.9873585
            ],
            [
              116.3476723,
              39.9873743
            ],
            [
              116.3476526,
              39.9873903
            ],
            [
              116.3476334,
              39.9874068
            ],
            [
              116.3476147,
              39.9874236
            ],
            [
              116.3475966,
              39.9874408
            ],
            [
              116.347579,
              39.9874582
            ],
            [
              116.347562,
              39.9874761
            ],
            [
              116.3475456,
              39.9874942
            ],
            [
              116.3475297,
              39.9875126
            ],
            [
              116.3475145,
              39.9875314
            ],
            [
              116.3474998,
              39.9875504
            ],
            [
              116.3474858,
              39.9875697
            ],
            [
              116.3474724,
              39.9875892
            ],
            [
              116.3474596,
              39.987609
            ],
            [
              116.3474474,
              39.987629
            ],
            [
              116.3474359,
              39.9876493
            ],
            [
              116.3474251,
              39.9876697
            ],
            [
              116.3474148,
              39.9876904
            ],
            [
              116.3474053,
              39.9877113
            ],
            [
              116.3473964,
              39.9877323
            ],
            [
              116.3473882,
              39.9877535
            ],
            [
              116.3473807,
              39.9877748
            ],
            [
              116.3473738,
              39.9877963
            ],
            [
              116.3473677,
              39.9878178
            ],
            [
              116.3473622,
              39.9878395
            ],
            [
              116.3473575,
              39.9878613
            ],
            [
              116.3473534,
              39.9878832
            ],
            [
              116.34735,
              39.9879052
            ],
            [
              116.3473473,
              39.9879272
            ],
            [
              116.3473454,
              39.9879492
            ],
            [
              116.3473441,
              39.9879713
            ],
            [
              116.3473435,
              39.9879934
            ],
            [
              116.3473437,
              39.9880155
            ],
            [
              116.3473445,
              39.9880376
            ],
            [
              116.3473461,
              39.9880597
            ],
            [
              116.3473483,
              39.9880817
            ],
            [
              116.3473513,
              39.9881037
            ],
            [
              116.3473549,
              39.9881256
            ],
            [
              116.3473593,
              39.9881475
            ],
            [
              116.3473643,
              39.9881692
            ],
            [
              116.3473701,
              39.9881909
            ],
            [
              116.3473765,
              39.9882124
            ],
            [
              116.3473836,
              39.9882338
            ],
            [
              116.3473914,
              39.9882551
            ],
            [
              116.3473999,
              39.9882762
            ],
            [
              116.3474091,
              39.9882972
            ],
            [
              116.3474189,
              39.988318
            ],
            [
              116.3474294,
              39.9883385
            ],
            [
              116.3474405,
              39.9883589
            ],
            [
              116.3474523,
              39.9883791
            ],
            [
              116.3474647,
              39.988399
            ],
            [
              116.3474777,
              39.9884187
            ],
            [
              116.3474914,
              39.9884382
            ],
            [
              116.3475057,
              39.9884573
            ],
            [
              116.3475206,
              39.9884762
            ],
            [
              116.3475361,
              39.9884949
            ],
            [
              116.3475522,
              39.9885132
            ],
            [
              116.3475688,
              39.9885312
            ],
            [
              116.347586,
              39.9885489
            ],
            [
              116.3476038,
              39.9885662
            ],
            [
              116.3476222,
              39.9885832
            ],
            [
              116.3476411,
              39.9885999
            ],
            [
              116.3476605,
              39.9886162
            ],
            [
              116.3476804,
              39.9886321
            ],
            [
              116.3477008,
              39.9886477
            ],
            [
              116.3477217,
              39.9886629
            ],
            [
              116.3477431,
              39.9886776
            ],
            [
              116.3477649,
              39.988692
            ],
            [
              116.3477872,
              39.9887059
            ],
            [
              116.34781,
              39.9887194
            ],
            [
              116.3478331,
              39.9887325
            ],
            [
              116.3478567,
              39.9887451
            ],
            [
              116.3478807,
              39.9887573
            ],
            [
              116.347905,
              39.9887691
            ],
            [
              116.3479298,
              39.9887803
            ],
            [
              116.3479548,
              39.9887911
            ],
            [
              116.3479802,
              39.9888014
            ],
            [
              116.348006,
              39.9888113
            ],
            [
              116.348032,
              39.9888206
            ],
            [
              116.3480583,
              39.9888295
            ],
            [
              116.3480849,
              39.9888378
            ],
            [
              116.3481118,
              39.9888457
            ],
            [
              116.3481389,
              39.988853
            ],
            [
              116.3481662,
              39.9888599
            ],
            [
              116.3481938,
              39.9888662
            ],
            [
              116.3482215,
              39.988872
            ],
            [
              116.3482494,
              39.9888772
            ],
            [
              116.3482775,
              39.988882
            ],
            [
              116.3483057,
              39.9888862
            ],
            [
              116.348334,
              39.9888899
            ],
            [
              116.3483625,
              39.988893
            ],
            [
              116.348391,
              39.9888956
            ],
            [
              116.3484196,
              39.9888976
            ],
            [
              116.3484483,
              39.9888992
            ],
            [
              116.348477,
              39.9889001
            ],
            [
              116.3485057,
              39.9889006
            ],
            [
              116.3485345,
              39.9889005
            ],
            [
              116.3485632,
              39.9888998
            ],
            [
              116.3485919,
              39.9888986
            ],
            [
              116.3486205,
              39.9888969
            ],
            [
              116.3486491,
              39.9888946
            ],
            [
              116.3486776,
              39.9888918
            ],
            [
              116.348706,
              39.9888884
            ],
            [
              116.3487343,
              39.9888845
            ],
            [
              116.3487625,
              39.9888801
            ],
            [
              116.3487905,
              39.9888752
            ],
            [
              116.3488183,
              39.9888697
            ],
            [
              116.348846,
              39.9888637
            ],
            [
              116.3488734,
              39.9888572
            ],
            [
              116.3489007,
              39.9888501
            ],
            [
              116.3489277,
              39.9888426
            ],
            [
              116.3489544,
              39.9888345
            ],
            [
              116.3489809,
              39.988826
            ],
            [
              116.3490071,
              39.9888169
            ],
            [
              116.349033,
              39.9888074
            ],
            [
              116.3490586,
              39.9887973
            ],
            [
              116.3490839,
              39.9887868
            ],
            [
              116.3491088,
              39.9887758
            ],
            [
              116.3491334,
              39.9887644
            ],
            [
              116.3491576,
              39.9887524
            ],
            [
              116.3491814,
              39.9887401
            ],
            [
              116.3492048,
              39.9887273
            ],
            [
              116.3492278,
              39.988714
            ],
            [
              116.3492504,
              39.9887003
            ],
            [
              116.3492725,
              39.9886862
            ],
            [
              116.3492942,
              39.9886717
            ],
            [
              116.3493154,
              39.9886568
            ],
            [
              116.3493361,
              39.9886414
            ],
            [
              116.3493563,
              39.9886257
            ],
            [
              116.349376,
              39.9886097
            ],
            [
              116.3493952,
              39.9885932
            ],
            [
              116.3494139,
              39.9885764
            ],
            [
              116.349432,
              39.9885592
            ],
            [
              116.3494496,
              39.9885417
            ],
            [
              116.3494666,
              39.9885239
            ],
            [
              116.349483,
              39.9885058
            ],
            [
              116.3494988,
              39.9884874
            ],
            [
              116.3495141,
              39.9884686
            ],
            [
              116.3495287,
              39.9884496
            ],
            [
              116.3495428,
              39.9884303
            ],
            [
              116.3495562,
              39.9884108
            ],
            [
              116.349569,
              39.988391
            ],
            [
              116.3495811,
              39.988371
            ],
            [
              116.3495927,
              39.9883507
            ],
            [
              116.3496035,
              39.9883302
            ],
            [
              116.3496137,
              39.9883096
            ],
            [
              116.3496233,
              39.9882887
            ],
            [
              116.3496322,
              39.9882677
            ],
            [
              116.3496404,
              39.9882465
            ],
            [
              116.3496479,
              39.9882252
            ],
            [
              116.3496547,
              39.9882037
            ],
            [
              116.3496609,
              39.9881821
            ],
            [
              116.3496664,
              39.9881604
            ],
            [
              116.3496711,
              39.9881386
            ],
            [
              116.3496752,
              39.9881168
            ],
            [
              116.3496786,
              39.9880948
            ],
            [
              116.3496812,
              39.9880728
            ],
            [
              116.3496832,
              39.9880508
            ],
            [
              116.3496845,
              39.9880287
            ],
            [
              116.349685,
              39.9880066
            ],
            [
              116.3496849,
              39.9879845
            ],
            [
              116.3496841,
              39.9879624
            ],
            [
              116.3496825,
              39.9879403
            ],
            [
              116.3496802,
              39.9879183
            ],
            [
              116.3496773,
              39.9878963
            ],
            [
              116.3496736,
              39.9878744
            ]
          ]
        ]
      }
    },
    {
      "type": "Feature",
      "id": "LU-007",
      "properties": {
        "id": "LU-007",
        "layer": "LAND_USE",
        "source_type": "agent_generated_design",
        "confidence": "medium",
        "geometry_role": "design_proposal",
        "land_use_code": "1403",
        "name_zh": "开源主线站厅广场",
        "area_sqm_declared": 31412.577
      },
      "geometry": {
        "type": "Polygon",
        "coordinates": [
          [
            [
              116.3498489,
              39.9978963
            ],
            [
              116.3498452,
              39.9978744
            ],
            [
              116.3498409,
              39.9978525
            ],
            [
              116.3498358,
              39.9978308
            ],
            [
              116.3498301,
              39.9978091
            ],
            [
              116.3498236,
              39.9977876
            ],
            [
              116.3498165,
              39.9977661
            ],
            [
              116.3498087,
              39.9977449
            ],
            [
              116.3498002,
              39.9977238
            ],
            [
              116.3497911,
              39.9977028
            ],
            [
              116.3497813,
              39.997682
            ],
            [
              116.3497708,
              39.9976614
            ],
            [
              116.3497597,
              39.9976411
            ],
            [
              116.3497479,
              39.9976209
            ],
            [
              116.3497355,
              39.997601
            ],
            [
              116.3497224,
              39.9975813
            ],
            [
              116.3497087,
              39.9975618
            ],
            [
              116.3496945,
              39.9975427
            ],
            [
              116.3496796,
              39.9975238
            ],
            [
              116.3496641,
              39.9975051
            ],
            [
              116.349648,
              39.9974868
            ],
            [
              116.3496313,
              39.9974688
            ],
            [
              116.3496141,
              39.9974511
            ],
            [
              116.3495963,
              39.9974338
            ],
            [
              116.3495779,
              39.9974168
            ],
            [
              116.3495591,
              39.9974001
            ],
            [
              116.3495397,
              39.9973838
            ],
            [
              116.3495197,
              39.9973679
            ],
            [
              116.3494993,
              39.9973523
            ],
            [
              116.3494784,
              39.9973371
            ],
            [
              116.349457,
              39.9973224
            ],
            [
              116.3494352,
              39.997308
            ],
            [
              116.3494128,
              39.9972941
            ],
            [
              116.3493901,
              39.9972806
            ],
            [
              116.3493669,
              39.9972675
            ],
            [
              116.3493434,
              39.9972549
            ],
            [
              116.3493194,
              39.9972427
            ],
            [
              116.349295,
              39.9972309
            ],
            [
              116.3492703,
              39.9972197
            ],
            [
              116.3492452,
              39.9972089
            ],
            [
              116.3492198,
              39.9971986
            ],
            [
              116.3491941,
              39.9971887
            ],
            [
              116.349168,
              39.9971794
            ],
            [
              116.3491417,
              39.9971705
            ],
            [
              116.3491151,
              39.9971621
            ],
            [
              116.3490882,
              39.9971543
            ],
            [
              116.3490611,
              39.997147
            ],
            [
              116.3490338,
              39.9971401
            ],
            [
              116.3490063,
              39.9971338
            ],
            [
              116.3489785,
              39.997128
            ],
            [
              116.3489506,
              39.9971228
            ],
            [
              116.3489225,
              39.997118
            ],
            [
              116.3488943,
              39.9971138
            ],
            [
              116.348866,
              39.9971102
            ],
            [
              116.3488375,
              39.997107
            ],
            [
              116.348809,
              39.9971044
            ],
            [
              116.3487804,
              39.9971024
            ],
            [
              116.3487517,
              39.9971008
            ],
            [
              116.348723,
              39.9970999
            ],
            [
              116.3486943,
              39.9970994
            ],
            [
              116.3486655,
              39.9970995
            ],
            [
              116.3486368,
              39.9971002
            ],
            [
              116.3486081,
              39.9971014
            ],
            [
              116.3485795,
              39.9971031
            ],
            [
              116.3485509,
              39.9971054
            ],
            [
              116.3485224,
              39.9971082
            ],
            [
              116.348494,
              39.9971116
            ],
            [
              116.3484657,
              39.9971155
            ],
            [
              116.3484375,
              39.9971199
            ],
            [
              116.3484095,
              39.9971248
            ],
            [
              116.3483817,
              39.9971303
            ],
            [
              116.348354,
              39.9971363
            ],
            [
              116.3483265,
              39.9971428
            ],
            [
              116.3482993,
              39.9971499
            ],
            [
              116.3482723,
              39.9971574
            ],
            [
              116.3482455,
              39.9971655
            ],
            [
              116.348219,
              39.997174
            ],
            [
              116.3481928,
              39.9971831
            ],
            [
              116.3481669,
              39.9971926
            ],
            [
              116.3481413,
              39.9972027
            ],
            [
              116.348116,
              39.9972132
            ],
            [
              116.3480911,
              39.9972242
            ],
            [
              116.3480665,
              39.9972356
            ],
            [
              116.3480423,
              39.9972476
            ],
            [
              116.3480185,
              39.9972599
            ],
            [
              116.3479951,
              39.9972727
            ],
            [
              116.3479721,
              39.997286
            ],
            [
              116.3479495,
              39.9972997
            ],
            [
              116.3479274,
              39.9973138
            ],
            [
              116.3479057,
              39.9973283
            ],
            [
              116.3478845,
              39.9973432
            ],
            [
              116.3478638,
              39.9973586
            ],
            [
              116.3478436,
              39.9973743
            ],
            [
              116.3478239,
              39.9973903
            ],
            [
              116.3478047,
              39.9974068
            ],
            [
              116.347786,
              39.9974236
            ],
            [
              116.3477679,
              39.9974408
            ],
            [
              116.3477503,
              39.9974582
            ],
            [
              116.3477333,
              39.9974761
            ],
            [
              116.3477169,
              39.9974942
            ],
            [
              116.347701,
              39.9975126
            ],
            [
              116.3476858,
              39.9975314
            ],
            [
              116.3476711,
              39.9975504
            ],
            [
              116.3476571,
              39.9975697
            ],
            [
              116.3476437,
              39.9975892
            ],
            [
              116.3476309,
              39.997609
            ],
            [
              116.3476187,
              39.997629
            ],
            [
              116.3476072,
              39.9976493
            ],
            [
              116.3475963,
              39.9976697
            ],
            [
              116.3475861,
              39.9976904
            ],
            [
              116.3475766,
              39.9977113
            ],
            [
              116.3475677,
              39.9977323
            ],
            [
              116.3475595,
              39.9977535
            ],
            [
              116.347552,
              39.9977748
            ],
            [
              116.3475451,
              39.9977963
            ],
            [
              116.347539,
              39.9978178
            ],
            [
              116.3475335,
              39.9978395
            ],
            [
              116.3475287,
              39.9978613
            ],
            [
              116.3475246,
              39.9978832
            ],
            [
              116.3475213,
              39.9979052
            ],
            [
              116.3475186,
              39.9979272
            ],
            [
              116.3475166,
              39.9979492
            ],
            [
              116.3475153,
              39.9979713
            ],
            [
              116.3475148,
              39.9979934
            ],
            [
              116.3475149,
              39.9980155
            ],
            [
              116.3475158,
              39.9980376
            ],
            [
              116.3475173,
              39.9980597
            ],
            [
              116.3475196,
              39.9980817
            ],
            [
              116.3475225,
              39.9981037
            ],
            [
              116.3475262,
              39.9981256
            ],
            [
              116.3475306,
              39.9981475
            ],
            [
              116.3475356,
              39.9981692
            ],
            [
              116.3475414,
              39.9981909
            ],
            [
              116.3475478,
              39.9982124
            ],
            [
              116.3475549,
              39.9982338
            ],
            [
              116.3475627,
              39.9982551
            ],
            [
              116.3475712,
              39.9982762
            ],
            [
              116.3475803,
              39.9982972
            ],
            [
              116.3475902,
              39.998318
            ],
            [
              116.3476006,
              39.9983385
            ],
            [
              116.3476118,
              39.9983589
            ],
            [
              116.3476235,
              39.9983791
            ],
            [
              116.347636,
              39.998399
            ],
            [
              116.347649,
              39.9984187
            ],
            [
              116.3476627,
              39.9984382
            ],
            [
              116.347677,
              39.9984573
            ],
            [
              116.3476919,
              39.9984762
            ],
            [
              116.3477074,
              39.9984948
            ],
            [
              116.3477234,
              39.9985132
            ],
            [
              116.3477401,
              39.9985312
            ],
            [
              116.3477573,
              39.9985489
            ],
            [
              116.3477751,
              39.9985662
            ],
            [
              116.3477935,
              39.9985832
            ],
            [
              116.3478124,
              39.9985999
            ],
            [
              116.3478318,
              39.9986162
            ],
            [
              116.3478517,
              39.9986321
            ],
            [
              116.3478721,
              39.9986477
            ],
            [
              116.347893,
              39.9986629
            ],
            [
              116.3479144,
              39.9986776
            ],
            [
              116.3479363,
              39.998692
            ],
            [
              116.3479586,
              39.9987059
            ],
            [
              116.3479813,
              39.9987194
            ],
            [
              116.3480045,
              39.9987325
            ],
            [
              116.3480281,
              39.9987451
            ],
            [
              116.348052,
              39.9987573
            ],
            [
              116.3480764,
              39.9987691
            ],
            [
              116.3481011,
              39.9987803
            ],
            [
              116.3481262,
              39.9987911
            ],
            [
              116.3481516,
              39.9988014
            ],
            [
              116.3481773,
              39.9988113
            ],
            [
              116.3482034,
              39.9988206
            ],
            [
              116.3482297,
              39.9988295
            ],
            [
              116.3482563,
              39.9988378
            ],
            [
              116.3482832,
              39.9988457
            ],
            [
              116.3483103,
              39.998853
            ],
            [
              116.3483376,
              39.9988599
            ],
            [
              116.3483652,
              39.9988662
            ],
            [
              116.3483929,
              39.998872
            ],
            [
              116.3484208,
              39.9988772
            ],
            [
              116.3484489,
              39.998882
            ],
            [
              116.3484771,
              39.9988862
            ],
            [
              116.3485054,
              39.9988898
            ],
            [
              116.3485339,
              39.998893
            ],
            [
              116.3485624,
              39.9988956
            ],
            [
              116.348591,
              39.9988976
            ],
            [
              116.3486197,
              39.9988992
            ],
            [
              116.3486484,
              39.9989001
            ],
            [
              116.3486772,
              39.9989006
            ],
            [
              116.3487059,
              39.9989005
            ],
            [
              116.3487346,
              39.9988998
            ],
            [
              116.3487633,
              39.9988986
            ],
            [
              116.348792,
              39.9988969
            ],
            [
              116.3488206,
              39.9988946
            ],
            [
              116.3488491,
              39.9988918
            ],
            [
              116.3488775,
              39.9988884
            ],
            [
              116.3489058,
              39.9988845
            ],
            [
              116.3489339,
              39.9988801
            ],
            [
              116.3489619,
              39.9988752
            ],
            [
              116.3489898,
              39.9988697
            ],
            [
              116.3490174,
              39.9988637
            ],
            [
              116.3490449,
              39.9988572
            ],
            [
              116.3490721,
              39.9988501
            ],
            [
              116.3490992,
              39.9988426
            ],
            [
              116.3491259,
              39.9988345
            ],
            [
              116.3491524,
              39.998826
            ],
            [
              116.3491786,
              39.9988169
            ],
            [
              116.3492045,
              39.9988074
            ],
            [
              116.3492301,
              39.9987973
            ],
            [
              116.3492554,
              39.9987868
            ],
            [
              116.3492804,
              39.9987758
            ],
            [
              116.3493049,
              39.9987644
            ],
            [
              116.3493291,
              39.9987524
            ],
            [
              116.349353,
              39.9987401
            ],
            [
              116.3493764,
              39.9987273
            ],
            [
              116.3493994,
              39.998714
            ],
            [
              116.3494219,
              39.9987003
            ],
            [
              116.3494441,
              39.9986862
            ],
            [
              116.3494657,
              39.9986717
            ],
            [
              116.3494869,
              39.9986568
            ],
            [
              116.3495076,
              39.9986414
            ],
            [
              116.3495279,
              39.9986257
            ],
            [
              116.3495476,
              39.9986097
            ],
            [
              116.3495668,
              39.9985932
            ],
            [
              116.3495854,
              39.9985764
            ],
            [
              116.3496036,
              39.9985592
            ],
            [
              116.3496211,
              39.9985417
            ],
            [
              116.3496381,
              39.9985239
            ],
            [
              116.3496546,
              39.9985058
            ],
            [
              116.3496704,
              39.9984874
            ],
            [
              116.3496857,
              39.9984686
            ],
            [
              116.3497003,
              39.9984496
            ],
            [
              116.3497144,
              39.9984303
            ],
            [
              116.3497278,
              39.9984108
            ],
            [
              116.3497406,
              39.998391
            ],
            [
              116.3497527,
              39.998371
            ],
            [
              116.3497642,
              39.9983507
            ],
            [
              116.3497751,
              39.9983302
            ],
            [
              116.3497853,
              39.9983096
            ],
            [
              116.3497949,
              39.9982887
            ],
            [
              116.3498037,
              39.9982677
            ],
            [
              116.349812,
              39.9982465
            ],
            [
              116.3498195,
              39.9982252
            ],
            [
              116.3498263,
              39.9982037
            ],
            [
              116.3498325,
              39.9981821
            ],
            [
              116.3498379,
              39.9981604
            ],
            [
              116.3498427,
              39.9981386
            ],
            [
              116.3498468,
              39.9981168
            ],
            [
              116.3498502,
              39.9980948
            ],
            [
              116.3498528,
              39.9980728
            ],
            [
              116.3498548,
              39.9980508
            ],
            [
              116.3498561,
              39.9980287
            ],
            [
              116.3498566,
              39.9980066
            ],
            [
              116.3498565,
              39.9979845
            ],
            [
              116.3498557,
              39.9979624
            ],
            [
              116.3498541,
              39.9979403
            ],
            [
              116.3498518,
              39.9979183
            ],
            [
              116.3498489,
              39.9978963
            ]
          ]
        ]
      }
    },
    {
      "type": "Feature",
      "id": "LU-008",
      "properties": {
        "id": "LU-008",
        "layer": "LAND_USE",
        "source_type": "agent_generated_design",
        "confidence": "medium",
        "geometry_role": "design_proposal",
        "land_use_code": "1403",
        "name_zh": "开源主线站厅广场",
        "area_sqm_declared": 31412.566
      },
      "geometry": {
        "type": "Polygon",
        "coordinates": [
          [
            [
              116.3500526,
              40.0123744
            ],
            [
              116.3500483,
              40.0123525
            ],
            [
              116.3500432,
              40.0123308
            ],
            [
              116.3500375,
              40.0123091
            ],
            [
              116.350031,
              40.0122876
            ],
            [
              116.3500239,
              40.0122661
            ],
            [
              116.3500161,
              40.0122449
            ],
            [
              116.3500076,
              40.0122238
            ],
            [
              116.3499985,
              40.0122028
            ],
            [
              116.3499886,
              40.012182
            ],
            [
              116.3499782,
              40.0121614
            ],
            [
              116.349967,
              40.0121411
            ],
            [
              116.3499552,
              40.0121209
            ],
            [
              116.3499428,
              40.012101
            ],
            [
              116.3499298,
              40.0120813
            ],
            [
              116.3499161,
              40.0120618
            ],
            [
              116.3499018,
              40.0120427
            ],
            [
              116.3498869,
              40.0120238
            ],
            [
              116.3498714,
              40.0120051
            ],
            [
              116.3498553,
              40.0119868
            ],
            [
              116.3498386,
              40.0119688
            ],
            [
              116.3498214,
              40.0119511
            ],
            [
              116.3498036,
              40.0119338
            ],
            [
              116.3497853,
              40.0119168
            ],
            [
              116.3497664,
              40.0119001
            ],
            [
              116.349747,
              40.0118838
            ],
            [
              116.3497271,
              40.0118679
            ],
            [
              116.3497066,
              40.0118523
            ],
            [
              116.3496857,
              40.0118371
            ],
            [
              116.3496643,
              40.0118224
            ],
            [
              116.3496425,
              40.011808
            ],
            [
              116.3496201,
              40.0117941
            ],
            [
              116.3495974,
              40.0117806
            ],
            [
              116.3495742,
              40.0117675
            ],
            [
              116.3495506,
              40.0117549
            ],
            [
              116.3495267,
              40.0117427
            ],
            [
              116.3495023,
              40.0117309
            ],
            [
              116.3494776,
              40.0117197
            ],
            [
              116.3494525,
              40.0117089
            ],
            [
              116.3494271,
              40.0116986
            ],
            [
              116.3494013,
              40.0116887
            ],
            [
              116.3493753,
              40.0116794
            ],
            [
              116.3493489,
              40.0116705
            ],
            [
              116.3493223,
              40.0116622
            ],
            [
              116.3492955,
              40.0116543
            ],
            [
              116.3492684,
              40.011647
            ],
            [
              116.349241,
              40.0116401
            ],
            [
              116.3492135,
              40.0116338
            ],
            [
              116.3491857,
              40.011628
            ],
            [
              116.3491578,
              40.0116228
            ],
            [
              116.3491297,
              40.011618
            ],
            [
              116.3491015,
              40.0116138
            ],
            [
              116.3490732,
              40.0116102
            ],
            [
              116.3490447,
              40.011607
            ],
            [
              116.3490162,
              40.0116044
            ],
            [
              116.3489875,
              40.0116024
            ],
            [
              116.3489589,
              40.0116008
            ],
            [
              116.3489302,
              40.0115999
            ],
            [
              116.3489014,
              40.0115994
            ],
            [
              116.3488727,
              40.0115996
            ],
            [
              116.3488439,
              40.0116002
            ],
            [
              116.3488152,
              40.0116014
            ],
            [
              116.3487866,
              40.0116031
            ],
            [
              116.348758,
              40.0116054
            ],
            [
              116.3487295,
              40.0116082
            ],
            [
              116.3487011,
              40.0116116
            ],
            [
              116.3486728,
              40.0116155
            ],
            [
              116.3486446,
              40.0116199
            ],
            [
              116.3486166,
              40.0116248
            ],
            [
              116.3485887,
              40.0116303
            ],
            [
              116.3485611,
              40.0116363
            ],
            [
              116.3485336,
              40.0116428
            ],
            [
              116.3485064,
              40.0116499
            ],
            [
              116.3484793,
              40.0116574
            ],
            [
              116.3484526,
              40.0116655
            ],
            [
              116.3484261,
              40.011674
            ],
            [
              116.3483999,
              40.0116831
            ],
            [
              116.3483739,
              40.0116926
            ],
            [
              116.3483483,
              40.0117027
            ],
            [
              116.348323,
              40.0117132
            ],
            [
              116.3482981,
              40.0117242
            ],
            [
              116.3482735,
              40.0117356
            ],
            [
              116.3482493,
              40.0117476
            ],
            [
              116.3482255,
              40.0117599
            ],
            [
              116.3482021,
              40.0117727
            ],
            [
              116.3481791,
              40.011786
            ],
            [
              116.3481565,
              40.0117997
            ],
            [
              116.3481344,
              40.0118138
            ],
            [
              116.3481127,
              40.0118283
            ],
            [
              116.3480915,
              40.0118432
            ],
            [
              116.3480708,
              40.0118586
            ],
            [
              116.3480505,
              40.0118743
            ],
            [
              116.3480308,
              40.0118903
            ],
            [
              116.3480116,
              40.0119068
            ],
            [
              116.347993,
              40.0119236
            ],
            [
              116.3479748,
              40.0119408
            ],
            [
              116.3479573,
              40.0119582
            ],
            [
              116.3479403,
              40.0119761
            ],
            [
              116.3479238,
              40.0119942
            ],
            [
              116.347908,
              40.0120126
            ],
            [
              116.3478927,
              40.0120314
            ],
            [
              116.3478781,
              40.0120504
            ],
            [
              116.347864,
              40.0120697
            ],
            [
              116.3478506,
              40.0120892
            ],
            [
              116.3478378,
              40.012109
            ],
            [
              116.3478256,
              40.012129
            ],
            [
              116.3478141,
              40.0121493
            ],
            [
              116.3478032,
              40.0121697
            ],
            [
              116.347793,
              40.0121904
            ],
            [
              116.3477835,
              40.0122113
            ],
            [
              116.3477746,
              40.0122323
            ],
            [
              116.3477664,
              40.0122535
            ],
            [
              116.3477589,
              40.0122748
            ],
            [
              116.347752,
              40.0122963
            ],
            [
              116.3477459,
              40.0123179
            ],
            [
              116.3477404,
              40.0123395
            ],
            [
              116.3477356,
              40.0123613
            ],
            [
              116.3477315,
              40.0123832
            ],
            [
              116.3477282,
              40.0124052
            ],
            [
              116.3477255,
              40.0124272
            ],
            [
              116.3477235,
              40.0124492
            ],
            [
              116.3477222,
              40.0124713
            ],
            [
              116.3477217,
              40.0124934
            ],
            [
              116.3477218,
              40.0125155
            ],
            [
              116.3477227,
              40.0125376
            ],
            [
              116.3477242,
              40.0125597
            ],
            [
              116.3477265,
              40.0125817
            ],
            [
              116.3477294,
              40.0126037
            ],
            [
              116.3477331,
              40.0126256
            ],
            [
              116.3477375,
              40.0126475
            ],
            [
              116.3477425,
              40.0126692
            ],
            [
              116.3477483,
              40.0126909
            ],
            [
              116.3477547,
              40.0127124
            ],
            [
              116.3477618,
              40.0127338
            ],
            [
              116.3477696,
              40.0127551
            ],
            [
              116.3477781,
              40.0127762
            ],
            [
              116.3477872,
              40.0127972
            ],
            [
              116.3477971,
              40.012818
            ],
            [
              116.3478075,
              40.0128385
            ],
            [
              116.3478187,
              40.0128589
            ],
            [
              116.3478305,
              40.0128791
            ],
            [
              116.3478429,
              40.012899
            ],
            [
              116.3478559,
              40.0129187
            ],
            [
              116.3478696,
              40.0129382
            ],
            [
              116.3478839,
              40.0129573
            ],
            [
              116.3478988,
              40.0129762
            ],
            [
              116.3479143,
              40.0129948
            ],
            [
              116.3479304,
              40.0130132
            ],
            [
              116.347947,
              40.0130312
            ],
            [
              116.3479643,
              40.0130489
            ],
            [
              116.3479821,
              40.0130662
            ],
            [
              116.3480004,
              40.0130832
            ],
            [
              116.3480193,
              40.0130999
            ],
            [
              116.3480387,
              40.0131162
            ],
            [
              116.3480586,
              40.0131321
            ],
            [
              116.3480791,
              40.0131477
            ],
            [
              116.3481,
              40.0131628
            ],
            [
              116.3481214,
              40.0131776
            ],
            [
              116.3481432,
              40.013192
            ],
            [
              116.3481656,
              40.0132059
            ],
            [
              116.3481883,
              40.0132194
            ],
            [
              116.3482115,
              40.0132325
            ],
            [
              116.3482351,
              40.0132451
            ],
            [
              116.348259,
              40.0132573
            ],
            [
              116.3482834,
              40.0132691
            ],
            [
              116.3483081,
              40.0132803
            ],
            [
              116.3483332,
              40.0132911
            ],
            [
              116.3483586,
              40.0133014
            ],
            [
              116.3483844,
              40.0133113
            ],
            [
              116.3484104,
              40.0133206
            ],
            [
              116.3484368,
              40.0133295
            ],
            [
              116.3484634,
              40.0133378
            ],
            [
              116.3484902,
              40.0133457
            ],
            [
              116.3485173,
              40.013353
            ],
            [
              116.3485447,
              40.0133599
            ],
            [
              116.3485722,
              40.0133662
            ],
            [
              116.3486,
              40.013372
            ],
            [
              116.3486279,
              40.0133772
            ],
            [
              116.348656,
              40.013382
            ],
            [
              116.3486842,
              40.0133862
            ],
            [
              116.3487125,
              40.0133898
            ],
            [
              116.348741,
              40.013393
            ],
            [
              116.3487695,
              40.0133956
            ],
            [
              116.3487982,
              40.0133976
            ],
            [
              116.3488268,
              40.0133992
            ],
            [
              116.3488556,
              40.0134001
            ],
            [
              116.3488843,
              40.0134006
            ],
            [
              116.348913,
              40.0134004
            ],
            [
              116.3489418,
              40.0133998
            ],
            [
              116.3489705,
              40.0133986
            ],
            [
              116.3489991,
              40.0133969
            ],
            [
              116.3490277,
              40.0133946
            ],
            [
              116.3490562,
              40.0133918
            ],
            [
              116.3490847,
              40.0133884
            ],
            [
              116.349113,
              40.0133845
            ],
            [
              116.3491411,
              40.0133801
            ],
            [
              116.3491691,
              40.0133752
            ],
            [
              116.349197,
              40.0133697
            ],
            [
              116.3492246,
              40.0133637
            ],
            [
              116.3492521,
              40.0133572
            ],
            [
              116.3492794,
              40.0133501
            ],
            [
              116.3493064,
              40.0133426
            ],
            [
              116.3493331,
              40.0133345
            ],
            [
              116.3493597,
              40.013326
            ],
            [
              116.3493859,
              40.0133169
            ],
            [
              116.3494118,
              40.0133074
            ],
            [
              116.3494374,
              40.0132973
            ],
            [
              116.3494627,
              40.0132868
            ],
            [
              116.3494876,
              40.0132758
            ],
            [
              116.3495122,
              40.0132644
            ],
            [
              116.3495364,
              40.0132524
            ],
            [
              116.3495602,
              40.0132401
            ],
            [
              116.3495837,
              40.0132273
            ],
            [
              116.3496067,
              40.013214
            ],
            [
              116.3496292,
              40.0132003
            ],
            [
              116.3496514,
              40.0131862
            ],
            [
              116.349673,
              40.0131717
            ],
            [
              116.3496942,
              40.0131568
            ],
            [
              116.349715,
              40.0131414
            ],
            [
              116.3497352,
              40.0131257
            ],
            [
              116.3497549,
              40.0131097
            ],
            [
              116.3497741,
              40.0130932
            ],
            [
              116.3497928,
              40.0130764
            ],
            [
              116.3498109,
              40.0130592
            ],
            [
              116.3498285,
              40.0130417
            ],
            [
              116.3498455,
              40.0130239
            ],
            [
              116.3498619,
              40.0130058
            ],
            [
              116.3498778,
              40.0129874
            ],
            [
              116.349893,
              40.0129686
            ],
            [
              116.3499077,
              40.0129496
            ],
            [
              116.3499217,
              40.0129303
            ],
            [
              116.3499351,
              40.0129108
            ],
            [
              116.3499479,
              40.012891
            ],
            [
              116.3499601,
              40.012871
            ],
            [
              116.3499716,
              40.0128507
            ],
            [
              116.3499825,
              40.0128302
            ],
            [
              116.3499927,
              40.0128096
            ],
            [
              116.3500022,
              40.0127887
            ],
            [
              116.3500111,
              40.0127677
            ],
            [
              116.3500193,
              40.0127465
            ],
            [
              116.3500269,
              40.0127252
            ],
            [
              116.3500337,
              40.0127037
            ],
            [
              116.3500399,
              40.0126821
            ],
            [
              116.3500453,
              40.0126604
            ],
            [
              116.3500501,
              40.0126386
            ],
            [
              116.3500542,
              40.0126168
            ],
            [
              116.3500576,
              40.0125948
            ],
            [
              116.3500602,
              40.0125728
            ],
            [
              116.3500622,
              40.0125508
            ],
            [
              116.3500635,
              40.0125287
            ],
            [
              116.350064,
              40.0125066
            ],
            [
              116.3500639,
              40.0124845
            ],
            [
              116.350063,
              40.0124624
            ],
            [
              116.3500615,
              40.0124403
            ],
            [
              116.3500592,
              40.0124183
            ],
            [
              116.3500563,
              40.0123963
            ],
            [
              116.3500526,
              40.0123744
            ]
          ]
        ]
      }
    },
    {
      "type": "Feature",
      "id": "LU-009",
      "properties": {
        "id": "LU-009",
        "layer": "LAND_USE",
        "source_type": "agent_generated_design",
        "confidence": "medium",
        "geometry_role": "design_proposal",
        "land_use_code": "1403",
        "name_zh": "开源主线站厅广场",
        "area_sqm_declared": 4930.879
      },
      "geometry": {
        "type": "Polygon",
        "coordinates": [
          [
            [
              116.3500032,
              40.0224338
            ],
            [
              116.3499849,
              40.0224168
            ],
            [
              116.349966,
              40.0224001
            ],
            [
              116.3499466,
              40.0223838
            ],
            [
              116.3499266,
              40.0223679
            ],
            [
              116.3499062,
              40.0223523
            ],
            [
              116.3498853,
              40.0223371
            ],
            [
              116.3498639,
              40.0223224
            ],
            [
              116.349842,
              40.022308
            ],
            [
              116.3498197,
              40.0222941
            ],
            [
              116.349797,
              40.0222806
            ],
            [
              116.3497738,
              40.0222675
            ],
            [
              116.3497502,
              40.0222549
            ],
            [
              116.3497262,
              40.0222427
            ],
            [
              116.3497018,
              40.0222309
            ],
            [
              116.3496771,
              40.0222197
            ],
            [
              116.349652,
              40.0222089
            ],
            [
              116.3496266,
              40.0221986
            ],
            [
              116.3496009,
              40.0221887
            ],
            [
              116.3495748,
              40.0221794
            ],
            [
              116.3495485,
              40.0221705
            ],
            [
              116.3495219,
              40.0221622
            ],
            [
              116.349495,
              40.0221543
            ],
            [
              116.3494679,
              40.022147
            ],
            [
              116.3494405,
              40.0221401
            ],
            [
              116.349413,
              40.0221338
            ],
            [
              116.3493852,
              40.022128
            ],
            [
              116.3493573,
              40.0221228
            ],
            [
              116.3493292,
              40.022118
            ],
            [
              116.349301,
              40.0221138
            ],
            [
              116.3492726,
              40.0221102
            ],
            [
              116.3492442,
              40.022107
            ],
            [
              116.3492156,
              40.0221044
            ],
            [
              116.349187,
              40.0221024
            ],
            [
              116.3491583,
              40.0221008
            ],
            [
              116.3491296,
              40.0220999
            ],
            [
              116.3491009,
              40.0220994
            ],
            [
              116.3490721,
              40.0220996
            ],
            [
              116.3490434,
              40.0221002
            ],
            [
              116.3490147,
              40.0221014
            ],
            [
              116.348986,
              40.0221031
            ],
            [
              116.3489574,
              40.0221054
            ],
            [
              116.3489289,
              40.0221082
            ],
            [
              116.3489005,
              40.0221116
            ],
            [
              116.3488722,
              40.0221155
            ],
            [
              116.348844,
              40.0221199
            ],
            [
              116.348816,
              40.0221248
            ],
            [
              116.3487881,
              40.0221303
            ],
            [
              116.3487605,
              40.0221363
            ],
            [
              116.348733,
              40.0221428
            ],
            [
              116.3487058,
              40.0221499
            ],
            [
              116.3486787,
              40.0221574
            ],
            [
              116.348652,
              40.0221655
            ],
            [
              116.3486255,
              40.022174
            ],
            [
              116.3485992,
              40.0221831
            ],
            [
              116.3485733,
              40.0221926
            ],
            [
              116.3485477,
              40.0222027
            ],
            [
              116.3485224,
              40.0222132
            ],
            [
              116.3484975,
              40.0222242
            ],
            [
              116.3484729,
              40.0222356
            ],
            [
              116.3484487,
              40.0222476
            ],
            [
              116.3484248,
              40.0222599
            ],
            [
              116.3484014,
              40.0222727
            ],
            [
              116.3483784,
              40.022286
            ],
            [
              116.3483558,
              40.0222997
            ],
            [
              116.3483337,
              40.0223138
            ],
            [
              116.348312,
              40.0223283
            ],
            [
              116.3482908,
              40.0223432
            ],
            [
              116.3482701,
              40.0223586
            ],
            [
              116.3482499,
              40.0223743
            ],
            [
              116.3482301,
              40.0223903
            ],
            [
              116.3482109,
              40.0224068
            ],
            [
              116.3481923,
              40.0224236
            ],
            [
              116.3481741,
              40.0224408
            ],
            [
              116.3481566,
              40.0224582
            ],
            [
              116.3481396,
              40.0224761
            ],
            [
              116.348131319,
              40.022485179
            ],
            [
              116.348750765,
              40.022485171
            ],
            [
              116.3500533,
              40.0224851
            ],
            [
              116.3500382,
              40.0224688
            ],
            [
              116.350021,
              40.0224511
            ],
            [
              116.3500032,
              40.0224338
            ]
          ]
        ]
      }
    },
    {
      "type": "Feature",
      "id": "LU-010",
      "properties": {
        "id": "LU-010",
        "layer": "LAND_USE",
        "source_type": "agent_generated_design",
        "confidence": "medium",
        "geometry_role": "design_proposal",
        "land_use_code": "1403",
        "name_zh": "开源主线站厅广场",
        "area_sqm_declared": 13146.21
      },
      "geometry": {
        "type": "Polygon",
        "coordinates": [
          [
            [
              116.3479324,
              40.0231256
            ],
            [
              116.3479367,
              40.0231475
            ],
            [
              116.3479418,
              40.0231692
            ],
            [
              116.3479475,
              40.0231909
            ],
            [
              116.347954,
              40.0232124
            ],
            [
              116.3479611,
              40.0232338
            ],
            [
              116.3479689,
              40.0232551
            ],
            [
              116.3479774,
              40.0232762
            ],
            [
              116.3479865,
              40.0232972
            ],
            [
              116.3479964,
              40.023318
            ],
            [
              116.3480068,
              40.0233385
            ],
            [
              116.348018,
              40.0233589
            ],
            [
              116.3480297,
              40.0233791
            ],
            [
              116.3480422,
              40.023399
            ],
            [
              116.3480552,
              40.0234187
            ],
            [
              116.3480689,
              40.0234382
            ],
            [
              116.3480832,
              40.0234573
            ],
            [
              116.3480981,
              40.0234762
            ],
            [
              116.3481136,
              40.0234948
            ],
            [
              116.3481297,
              40.0235132
            ],
            [
              116.3481464,
              40.0235312
            ],
            [
              116.3481636,
              40.0235489
            ],
            [
              116.3481814,
              40.0235662
            ],
            [
              116.3481997,
              40.0235832
            ],
            [
              116.3482186,
              40.0235999
            ],
            [
              116.348238,
              40.0236162
            ],
            [
              116.348258,
              40.0236321
            ],
            [
              116.3482784,
              40.0236477
            ],
            [
              116.3482993,
              40.0236628
            ],
            [
              116.3483207,
              40.0236776
            ],
            [
              116.3483426,
              40.023692
            ],
            [
              116.3483649,
              40.0237059
            ],
            [
              116.3483876,
              40.0237194
            ],
            [
              116.3484108,
              40.0237325
            ],
            [
              116.3484344,
              40.0237451
            ],
            [
              116.3484584,
              40.0237573
            ],
            [
              116.3484828,
              40.0237691
            ],
            [
              116.3485075,
              40.0237803
            ],
            [
              116.3485326,
              40.0237911
            ],
            [
              116.348558,
              40.0238014
            ],
            [
              116.3485837,
              40.0238113
            ],
            [
              116.3486098,
              40.0238206
            ],
            [
              116.3486361,
              40.0238295
            ],
            [
              116.3486628,
              40.0238378
            ],
            [
              116.3486896,
              40.0238457
            ],
            [
              116.3487167,
              40.023853
            ],
            [
              116.3487441,
              40.0238599
            ],
            [
              116.3487716,
              40.0238662
            ],
            [
              116.3487994,
              40.023872
            ],
            [
              116.3488273,
              40.0238772
            ],
            [
              116.3488554,
              40.023882
            ],
            [
              116.3488836,
              40.0238862
            ],
            [
              116.348912,
              40.0238898
            ],
            [
              116.3489404,
              40.023893
            ],
            [
              116.348969,
              40.0238956
            ],
            [
              116.3489976,
              40.0238976
            ],
            [
              116.3490263,
              40.0238992
            ],
            [
              116.349055,
              40.0239001
            ],
            [
              116.3490837,
              40.0239006
            ],
            [
              116.3491125,
              40.0239004
            ],
            [
              116.3491412,
              40.0238998
            ],
            [
              116.3491699,
              40.0238986
            ],
            [
              116.3491986,
              40.0238969
            ],
            [
              116.3492272,
              40.0238946
            ],
            [
              116.3492557,
              40.0238918
            ],
            [
              116.3492841,
              40.0238884
            ],
            [
              116.3493124,
              40.0238845
            ],
            [
              116.3493406,
              40.0238801
            ],
            [
              116.3493686,
              40.0238752
            ],
            [
              116.3493965,
              40.0238697
            ],
            [
              116.3494242,
              40.0238637
            ],
            [
              116.3494516,
              40.0238572
            ],
            [
              116.3494789,
              40.0238501
            ],
            [
              116.3495059,
              40.0238426
            ],
            [
              116.3495327,
              40.0238345
            ],
            [
              116.3495592,
              40.023826
            ],
            [
              116.3495854,
              40.0238169
            ],
            [
              116.3496113,
              40.0238074
            ],
            [
              116.3496369,
              40.0237973
            ],
            [
              116.3496622,
              40.0237868
            ],
            [
              116.3496872,
              40.0237758
            ],
            [
              116.3497118,
              40.0237644
            ],
            [
              116.349736,
              40.0237524
            ],
            [
              116.3497598,
              40.0237401
            ],
            [
              116.3497832,
              40.0237273
            ],
            [
              116.3498062,
              40.023714
            ],
            [
              116.3498288,
              40.0237003
            ],
            [
              116.3498509,
              40.0236862
            ],
            [
              116.3498726,
              40.0236717
            ],
            [
              116.3498938,
              40.0236568
            ],
            [
              116.3499145,
              40.0236414
            ],
            [
              116.3499348,
              40.0236257
            ],
            [
              116.3499545,
              40.0236096
            ],
            [
              116.3499737,
              40.0235932
            ],
            [
              116.3499924,
              40.0235764
            ],
            [
              116.3500105,
              40.0235592
            ],
            [
              116.3500281,
              40.0235417
            ],
            [
              116.3500451,
              40.0235239
            ],
            [
              116.3500615,
              40.0235058
            ],
            [
              116.3500774,
              40.0234874
            ],
            [
              116.3500926,
              40.0234686
            ],
            [
              116.3501073,
              40.0234496
            ],
            [
              116.3501213,
              40.0234303
            ],
            [
              116.3501348,
              40.0234108
            ],
            [
              116.3501476,
              40.023391
            ],
            [
              116.3501597,
              40.023371
            ],
            [
              116.3501712,
              40.0233507
            ],
            [
              116.3501821,
              40.0233302
            ],
            [
              116.3501923,
              40.0233096
            ],
            [
              116.3502019,
              40.0232887
            ],
            [
              116.3502108,
              40.0232677
            ],
            [
              116.350219,
              40.0232465
            ],
            [
              116.3502265,
              40.0232252
            ],
            [
              116.3502333,
              40.0232037
            ],
            [
              116.3502395,
              40.0231821
            ],
            [
              116.350245,
              40.0231604
            ],
            [
              116.3502497,
              40.0231386
            ],
            [
              116.3502538,
              40.0231168
            ],
            [
              116.350254,
              40.0231156
            ],
            [
              116.3479307,
              40.0231156
            ],
            [
              116.3479324,
              40.0231256
            ]
          ]
        ]
      }
    },
    {
      "type": "Feature",
      "id": "LU-011",
      "properties": {
        "id": "LU-011",
        "layer": "LAND_USE",
        "source_type": "agent_generated_design",
        "confidence": "medium",
        "geometry_role": "design_proposal",
        "land_use_code": "1401",
        "name_zh": "京张遗址公园·开源主线廊道",
        "area_sqm_declared": 539577.116
      },
      "geometry": {
        "type": "Polygon",
        "coordinates": [
          [
            [
              116.3471794,
              39.9745697
            ],
            [
              116.3471934,
              39.9745504
            ],
            [
              116.3472081,
              39.9745314
            ],
            [
              116.3472233,
              39.9745126
            ],
            [
              116.3472392,
              39.9744942
            ],
            [
              116.3472556,
              39.9744761
            ],
            [
              116.3472726,
              39.9744582
            ],
            [
              116.3472902,
              39.9744408
            ],
            [
              116.3473083,
              39.9744236
            ],
            [
              116.3473269,
              39.9744068
            ],
            [
              116.3473461,
              39.9743903
            ],
            [
              116.3473658,
              39.9743743
            ],
            [
              116.3473861,
              39.9743585
            ],
            [
              116.3474068,
              39.9743432
            ],
            [
              116.347428,
              39.9743283
            ],
            [
              116.3474496,
              39.9743138
            ],
            [
              116.3474717,
              39.9742997
            ],
            [
              116.3474943,
              39.974286
            ],
            [
              116.3475173,
              39.9742727
            ],
            [
              116.3475407,
              39.9742599
            ],
            [
              116.3475645,
              39.9742475
            ],
            [
              116.3475887,
              39.9742356
            ],
            [
              116.3476133,
              39.9742242
            ],
            [
              116.3476382,
              39.9742132
            ],
            [
              116.3476635,
              39.9742027
            ],
            [
              116.3476891,
              39.9741926
            ],
            [
              116.347715,
              39.9741831
            ],
            [
              116.3477412,
              39.974174
            ],
            [
              116.3477677,
              39.9741655
            ],
            [
              116.3477944,
              39.9741574
            ],
            [
              116.3478214,
              39.9741499
            ],
            [
              116.3478486,
              39.9741428
            ],
            [
              116.3478761,
              39.9741363
            ],
            [
              116.3479037,
              39.9741303
            ],
            [
              116.3479316,
              39.9741248
            ],
            [
              116.3479596,
              39.9741199
            ],
            [
              116.3479877,
              39.9741155
            ],
            [
              116.348016,
              39.9741116
            ],
            [
              116.3480444,
              39.9741082
            ],
            [
              116.3480729,
              39.9741054
            ],
            [
              116.3481015,
              39.9741031
            ],
            [
              116.3481301,
              39.9741014
            ],
            [
              116.3481588,
              39.9741002
            ],
            [
              116.3481875,
              39.9740995
            ],
            [
              116.3482162,
              39.9740994
            ],
            [
              116.348245,
              39.9740999
            ],
            [
              116.3482737,
              39.9741008
            ],
            [
              116.3483023,
              39.9741024
            ],
            [
              116.3483309,
              39.9741044
            ],
            [
              116.3483595,
              39.974107
            ],
            [
              116.3483879,
              39.9741101
            ],
            [
              116.3484162,
              39.9741138
            ],
            [
              116.3484444,
              39.974118
            ],
            [
              116.3484725,
              39.9741228
            ],
            [
              116.3485004,
              39.974128
            ],
            [
              116.3485281,
              39.9741338
            ],
            [
              116.3485557,
              39.9741401
            ],
            [
              116.348583,
              39.974147
            ],
            [
              116.3486101,
              39.9741543
            ],
            [
              116.3486369,
              39.9741621
            ],
            [
              116.3486635,
              39.9741705
            ],
            [
              116.3486899,
              39.9741794
            ],
            [
              116.3487159,
              39.9741887
            ],
            [
              116.3487416,
              39.9741986
            ],
            [
              116.348767,
              39.9742089
            ],
            [
              116.3487921,
              39.9742197
            ],
            [
              116.3488168,
              39.9742309
            ],
            [
              116.3488412,
              39.9742427
            ],
            [
              116.3488651,
              39.9742549
            ],
            [
              116.3488887,
              39.9742675
            ],
            [
              116.3489118,
              39.9742806
            ],
            [
              116.3489346,
              39.9742941
            ],
            [
              116.3489569,
              39.974308
            ],
            [
              116.3489787,
              39.9743224
            ],
            [
              116.3490001,
              39.9743371
            ],
            [
              116.349021,
              39.9743523
            ],
            [
              116.3490414,
              39.9743679
            ],
            [
              116.3490613,
              39.9743838
            ],
            [
              116.3490807,
              39.9744001
            ],
            [
              116.3490996,
              39.9744168
            ],
            [
              116.349118,
              39.9744338
            ],
            [
              116.3491357,
              39.9744511
            ],
            [
              116.349153,
              39.9744688
            ],
            [
              116.3491696,
              39.9744868
            ],
            [
              116.3491857,
              39.9745051
            ],
            [
              116.3492012,
              39.9745238
            ],
            [
              116.3492161,
              39.9745427
            ],
            [
              116.3492304,
              39.9745618
            ],
            [
              116.349244,
              39.9745813
            ],
            [
              116.3492488,
              39.9745885
            ],
            [
              116.3491695,
              39.9720108
            ],
            [
              116.3489531,
              39.9649808
            ],
            [
              116.348953,
              39.9649784
            ],
            [
              116.3485028,
              39.9519784
            ],
            [
              116.3483259,
              39.9468709
            ],
            [
              116.3483258,
              39.946871
            ],
            [
              116.3483137,
              39.946891
            ],
            [
              116.3483009,
              39.9469108
            ],
            [
              116.3482875,
              39.9469303
            ],
            [
              116.3482735,
              39.9469496
            ],
            [
              116.3482588,
              39.9469686
            ],
            [
              116.3482436,
              39.9469874
            ],
            [
              116.3482277,
              39.9470058
            ],
            [
              116.3482113,
              39.9470239
            ],
            [
              116.3481943,
              39.9470418
            ],
            [
              116.3481768,
              39.9470592
            ],
            [
              116.3481587,
              39.9470764
            ],
            [
              116.34814,
              39.9470932
            ],
            [
              116.3481208,
              39.9471097
            ],
            [
              116.3481011,
              39.9471257
            ],
            [
              116.3480809,
              39.9471415
            ],
            [
              116.3480602,
              39.9471568
            ],
            [
              116.348039,
              39.9471717
            ],
            [
              116.3480174,
              39.9471862
            ],
            [
              116.3479953,
              39.9472003
            ],
            [
              116.3479727,
              39.947214
            ],
            [
              116.3479497,
              39.9472273
            ],
            [
              116.3479264,
              39.9472401
            ],
            [
              116.3479026,
              39.9472525
            ],
            [
              116.3478784,
              39.9472644
            ],
            [
              116.3478538,
              39.9472758
            ],
            [
              116.3478289,
              39.9472868
            ],
            [
              116.3478036,
              39.9472973
            ],
            [
              116.347778,
              39.9473074
            ],
            [
              116.3477521,
              39.9473169
            ],
            [
              116.347726,
              39.947326
            ],
            [
              116.3476995,
              39.9473345
            ],
            [
              116.3476727,
              39.9473426
            ],
            [
              116.3476457,
              39.9473501
            ],
            [
              116.3476185,
              39.9473572
            ],
            [
              116.3475911,
              39.9473637
            ],
            [
              116.3475634,
              39.9473697
            ],
            [
              116.3475356,
              39.9473752
            ],
            [
              116.3475076,
              39.9473801
            ],
            [
              116.3474795,
              39.9473846
            ],
            [
              116.3474512,
              39.9473884
            ],
            [
              116.3474228,
              39.9473918
            ],
            [
              116.3473943,
              39.9473946
            ],
            [
              116.3473658,
              39.9473969
            ],
            [
              116.3473372,
              39.9473986
            ],
            [
              116.3473085,
              39.9473998
            ],
            [
              116.3472798,
              39.9474005
            ],
            [
              116.3472511,
              39.9474006
            ],
            [
              116.3472223,
              39.9474001
            ],
            [
              116.3471937,
              39.9473992
            ],
            [
              116.347165,
              39.9473976
            ],
            [
              116.3471364,
              39.9473956
            ],
            [
              116.3471079,
              39.947393
            ],
            [
              116.3470795,
              39.9473899
            ],
            [
              116.3470511,
              39.9473862
            ],
            [
              116.347023,
              39.947382
            ],
            [
              116.3469949,
              39.9473772
            ],
            [
              116.346967,
              39.947372
            ],
            [
              116.3469393,
              39.9473662
            ],
            [
              116.3469118,
              39.9473599
            ],
            [
              116.3468845,
              39.947353
            ],
            [
              116.3468574,
              39.9473457
            ],
            [
              116.3468305,
              39.9473379
            ],
            [
              116.3468039,
              39.9473295
            ],
            [
              116.3467776,
              39.9473206
            ],
            [
              116.3467516,
              39.9473113
            ],
            [
              116.3467259,
              39.9473014
            ],
            [
              116.3467005,
              39.9472911
            ],
            [
              116.3466754,
              39.9472803
            ],
            [
              116.3466507,
              39.9472691
            ],
            [
              116.3466264,
              39.9472573
            ],
            [
              116.3466024,
              39.9472451
            ],
            [
              116.3465789,
              39.9472325
            ],
            [
              116.3465557,
              39.9472194
            ],
            [
              116.346533,
              39.9472059
            ],
            [
              116.3465107,
              39.947192
            ],
            [
              116.3464889,
              39.9471776
            ],
            [
              116.3464675,
              39.9471629
            ],
            [
              116.3464466,
              39.9471477
            ],
            [
              116.3464262,
              39.9471321
            ],
            [
              116.3464063,
              39.9471162
            ],
            [
              116.3463869,
              39.9470999
            ],
            [
              116.346368,
              39.9470832
            ],
            [
              116.3463497,
              39.9470662
            ],
            [
              116.3463319,
              39.9470489
            ],
            [
              116.3463147,
              39.9470312
            ],
            [
              116.3462981,
              39.9470132
            ],
            [
              116.346282,
              39.9469948
            ],
            [
              116.3462665,
              39.9469762
            ],
            [
              116.3462516,
              39.9469573
            ],
            [
              116.3462373,
              39.9469382
            ],
            [
              116.3462237,
              39.9469187
            ],
            [
              116.3462205,
              39.9469139
            ],
            [
              116.3463972,
              39.9520216
            ],
            [
              116.3467428,
              39.9620107
            ],
            [
              116.346847,
              39.9650204
            ],
            [
              116.3471424,
              39.9746268
            ],
            [
              116.3471532,
              39.974609
            ],
            [
              116.347166,
              39.9745892
            ],
            [
              116.3471794,
              39.9745697
            ]
          ]
        ]
      }
    },
    {
      "type": "Feature",
      "id": "LU-012",
      "properties": {
        "id": "LU-012",
        "layer": "LAND_USE",
        "source_type": "agent_generated_design",
        "confidence": "medium",
        "geometry_role": "design_proposal",
        "land_use_code": "1401",
        "name_zh": "京张遗址公园·开源主线廊道",
        "area_sqm_declared": 229636.174
      },
      "geometry": {
        "type": "Polygon",
        "coordinates": [
          [
            [
              116.3474523,
              39.987621
            ],
            [
              116.3474596,
              39.987609
            ],
            [
              116.3474724,
              39.9875892
            ],
            [
              116.3474858,
              39.9875697
            ],
            [
              116.3474998,
              39.9875504
            ],
            [
              116.3475145,
              39.9875314
            ],
            [
              116.3475297,
              39.9875126
            ],
            [
              116.3475456,
              39.9874942
            ],
            [
              116.347562,
              39.9874761
            ],
            [
              116.347579,
              39.9874582
            ],
            [
              116.3475966,
              39.9874408
            ],
            [
              116.3476147,
              39.9874236
            ],
            [
              116.3476334,
              39.9874068
            ],
            [
              116.3476526,
              39.9873903
            ],
            [
              116.3476723,
              39.9873743
            ],
            [
              116.3476925,
              39.9873585
            ],
            [
              116.3477132,
              39.9873432
            ],
            [
              116.3477344,
              39.9873283
            ],
            [
              116.3477561,
              39.9873138
            ],
            [
              116.3477782,
              39.9872997
            ],
            [
              116.3478007,
              39.987286
            ],
            [
              116.3478237,
              39.9872727
            ],
            [
              116.3478472,
              39.9872599
            ],
            [
              116.347871,
              39.9872476
            ],
            [
              116.3478952,
              39.9872356
            ],
            [
              116.3479197,
              39.9872242
            ],
            [
              116.3479447,
              39.9872132
            ],
            [
              116.3479699,
              39.9872027
            ],
            [
              116.3479955,
              39.9871926
            ],
            [
              116.3480215,
              39.9871831
            ],
            [
              116.3480477,
              39.987174
            ],
            [
              116.3480742,
              39.9871655
            ],
            [
              116.3481009,
              39.9871574
            ],
            [
              116.3481279,
              39.9871499
            ],
            [
              116.3481552,
              39.9871428
            ],
            [
              116.3481826,
              39.9871363
            ],
            [
              116.3482103,
              39.9871303
            ],
            [
              116.3482381,
              39.9871248
            ],
            [
              116.3482661,
              39.9871199
            ],
            [
              116.3482943,
              39.9871155
            ],
            [
              116.3483226,
              39.9871116
            ],
            [
              116.348351,
              39.9871082
            ],
            [
              116.3483795,
              39.9871054
            ],
            [
              116.348408,
              39.9871031
            ],
            [
              116.3484367,
              39.9871014
            ],
            [
              116.3484654,
              39.9871002
            ],
            [
              116.3484941,
              39.9870995
            ],
            [
              116.3485228,
              39.9870994
            ],
            [
              116.3485516,
              39.9870999
            ],
            [
              116.3485803,
              39.9871008
            ],
            [
              116.3486089,
              39.9871024
            ],
            [
              116.3486376,
              39.9871044
            ],
            [
              116.3486661,
              39.987107
            ],
            [
              116.3486945,
              39.9871101
            ],
            [
              116.3487229,
              39.9871138
            ],
            [
              116.3487511,
              39.987118
            ],
            [
              116.3487791,
              39.9871228
            ],
            [
              116.3488071,
              39.987128
            ],
            [
              116.3488348,
              39.9871338
            ],
            [
              116.3488623,
              39.9871401
            ],
            [
              116.3488897,
              39.987147
            ],
            [
              116.3489168,
              39.9871543
            ],
            [
              116.3489436,
              39.9871621
            ],
            [
              116.3489702,
              39.9871705
            ],
            [
              116.3489965,
              39.9871794
            ],
            [
              116.3490226,
              39.9871887
            ],
            [
              116.3490483,
              39.9871986
            ],
            [
              116.3490737,
              39.9872089
            ],
            [
              116.3490988,
              39.9872197
            ],
            [
              116.3491235,
              39.9872309
            ],
            [
              116.3491479,
              39.9872427
            ],
            [
              116.3491718,
              39.9872549
            ],
            [
              116.3491954,
              39.9872675
            ],
            [
              116.3492186,
              39.9872806
            ],
            [
              116.3492413,
              39.9872941
            ],
            [
              116.3492636,
              39.987308
            ],
            [
              116.3492855,
              39.9873224
            ],
            [
              116.3493069,
              39.9873371
            ],
            [
              116.3493278,
              39.9873523
            ],
            [
              116.3493482,
              39.9873679
            ],
            [
              116.3493681,
              39.9873838
            ],
            [
              116.3493875,
              39.9874001
            ],
            [
              116.3494064,
              39.9874168
            ],
            [
              116.3494247,
              39.9874338
            ],
            [
              116.3494425,
              39.9874511
            ],
            [
              116.3494597,
              39.9874688
            ],
            [
              116.3494764,
              39.9874868
            ],
            [
              116.3494925,
              39.9875051
            ],
            [
              116.349508,
              39.9875238
            ],
            [
              116.3495229,
              39.9875427
            ],
            [
              116.3495372,
              39.9875618
            ],
            [
              116.3495508,
              39.9875813
            ],
            [
              116.3495594,
              39.9875943
            ],
            [
              116.3493534,
              39.9779866
            ],
            [
              116.3493533,
              39.9779808
            ],
            [
              116.349273,
              39.9753732
            ],
            [
              116.3492622,
              39.975391
            ],
            [
              116.3492494,
              39.9754108
            ],
            [
              116.349236,
              39.9754303
            ],
            [
              116.349222,
              39.9754496
            ],
            [
              116.3492073,
              39.9754686
            ],
            [
              116.3491921,
              39.9754874
            ],
            [
              116.3491762,
              39.9755058
            ],
            [
              116.3491598,
              39.9755239
            ],
            [
              116.3491428,
              39.9755417
            ],
            [
              116.3491252,
              39.9755592
            ],
            [
              116.3491071,
              39.9755764
            ],
            [
              116.3490885,
              39.9755932
            ],
            [
              116.3490693,
              39.9756097
            ],
            [
              116.3490496,
              39.9756257
            ],
            [
              116.3490293,
              39.9756414
            ],
            [
              116.3490086,
              39.9756568
            ],
            [
              116.3489874,
              39.9756717
            ],
            [
              116.3489658,
              39.9756862
            ],
            [
              116.3489437,
              39.9757003
            ],
            [
              116.3489211,
              39.975714
            ],
            [
              116.3488981,
              39.9757273
            ],
            [
              116.3488747,
              39.9757401
            ],
            [
              116.3488509,
              39.9757524
            ],
            [
              116.3488267,
              39.9757644
            ],
            [
              116.3488021,
              39.9757758
            ],
            [
              116.3487772,
              39.9757868
            ],
            [
              116.3487519,
              39.9757973
            ],
            [
              116.3487263,
              39.9758074
            ],
            [
              116.3487004,
              39.9758169
            ],
            [
              116.3486742,
              39.975826
            ],
            [
              116.3486477,
              39.9758345
            ],
            [
              116.348621,
              39.9758426
            ],
            [
              116.348594,
              39.9758501
            ],
            [
              116.3485668,
              39.9758572
            ],
            [
              116.3485393,
              39.9758637
            ],
            [
              116.3485116,
              39.9758697
            ],
            [
              116.3484838,
              39.9758752
            ],
            [
              116.3484558,
              39.9758801
            ],
            [
              116.3484277,
              39.9758845
            ],
            [
              116.3483994,
              39.9758884
            ],
            [
              116.348371,
              39.9758918
            ],
            [
              116.3483425,
              39.9758946
            ],
            [
              116.3483139,
              39.9758969
            ],
            [
              116.3482853,
              39.9758986
            ],
            [
              116.3482566,
              39.9758998
            ],
            [
              116.3482279,
              39.9759005
            ],
            [
              116.3481991,
              39.9759006
            ],
            [
              116.3481704,
              39.9759001
            ],
            [
              116.3481417,
              39.9758992
            ],
            [
              116.348113,
              39.9758976
            ],
            [
              116.3480844,
              39.9758956
            ],
            [
              116.3480559,
              39.975893
            ],
            [
              116.3480275,
              39.9758899
            ],
            [
              116.3479991,
              39.9758862
            ],
            [
              116.3479709,
              39.975882
            ],
            [
              116.3479429,
              39.9758772
            ],
            [
              116.347915,
              39.975872
            ],
            [
              116.3478872,
              39.9758662
            ],
            [
              116.3478597,
              39.9758599
            ],
            [
              116.3478324,
              39.975853
            ],
            [
              116.3478053,
              39.9758457
            ],
            [
              116.3477784,
              39.9758379
            ],
            [
              116.3477518,
              39.9758295
            ],
            [
              116.3477255,
              39.9758206
            ],
            [
              116.3476995,
              39.9758113
            ],
            [
              116.3476738,
              39.9758014
            ],
            [
              116.3476484,
              39.9757911
            ],
            [
              116.3476233,
              39.9757803
            ],
            [
              116.3475986,
              39.9757691
            ],
            [
              116.3475742,
              39.9757573
            ],
            [
              116.3475503,
              39.9757451
            ],
            [
              116.3475267,
              39.9757325
            ],
            [
              116.3475035,
              39.9757194
            ],
            [
              116.3474808,
              39.9757059
            ],
            [
              116.3474585,
              39.975692
            ],
            [
              116.3474366,
              39.9756776
            ],
            [
              116.3474153,
              39.9756629
            ],
            [
              116.3473944,
              39.9756477
            ],
            [
              116.3473739,
              39.9756321
            ],
            [
              116.347354,
              39.9756162
            ],
            [
              116.3473346,
              39.9755999
            ],
            [
              116.3473158,
              39.9755832
            ],
            [
              116.3472974,
              39.9755662
            ],
            [
              116.3472796,
              39.9755489
            ],
            [
              116.3472624,
              39.9755312
            ],
            [
              116.3472457,
              39.9755132
            ],
            [
              116.3472297,
              39.9754949
            ],
            [
              116.3472142,
              39.9754762
            ],
            [
              116.3471993,
              39.9754573
            ],
            [
              116.347185,
              39.9754382
            ],
            [
              116.3471713,
              39.9754187
            ],
            [
              116.3471665,
              39.9754115
            ],
            [
              116.3472466,
              39.9780163
            ],
            [
              116.3474523,
              39.987621
            ]
          ]
        ]
      }
    },
    {
      "type": "Feature",
      "id": "LU-013",
      "properties": {
        "id": "LU-013",
        "layer": "LAND_USE",
        "source_type": "agent_generated_design",
        "confidence": "medium",
        "geometry_role": "design_proposal",
        "land_use_code": "1401",
        "name_zh": "京张遗址公园·开源主线廊道",
        "area_sqm_declared": 169649.376
      },
      "geometry": {
        "type": "Polygon",
        "coordinates": [
          [
            [
              116.3476263,
              39.9976165
            ],
            [
              116.3476309,
              39.997609
            ],
            [
              116.3476437,
              39.9975892
            ],
            [
              116.3476571,
              39.9975697
            ],
            [
              116.3476711,
              39.9975504
            ],
            [
              116.3476858,
              39.9975314
            ],
            [
              116.347701,
              39.9975126
            ],
            [
              116.3477169,
              39.9974942
            ],
            [
              116.3477333,
              39.9974761
            ],
            [
              116.3477503,
              39.9974582
            ],
            [
              116.3477679,
              39.9974408
            ],
            [
              116.347786,
              39.9974236
            ],
            [
              116.3478047,
              39.9974068
            ],
            [
              116.3478239,
              39.9973903
            ],
            [
              116.3478436,
              39.9973743
            ],
            [
              116.3478638,
              39.9973586
            ],
            [
              116.3478845,
              39.9973432
            ],
            [
              116.3479057,
              39.9973283
            ],
            [
              116.3479274,
              39.9973138
            ],
            [
              116.3479495,
              39.9972997
            ],
            [
              116.3479721,
              39.997286
            ],
            [
              116.3479951,
              39.9972727
            ],
            [
              116.3480185,
              39.9972599
            ],
            [
              116.3480423,
              39.9972476
            ],
            [
              116.3480665,
              39.9972356
            ],
            [
              116.3480911,
              39.9972242
            ],
            [
              116.348116,
              39.9972132
            ],
            [
              116.3481413,
              39.9972027
            ],
            [
              116.3481669,
              39.9971926
            ],
            [
              116.3481928,
              39.9971831
            ],
            [
              116.348219,
              39.997174
            ],
            [
              116.3482455,
              39.9971655
            ],
            [
              116.3482723,
              39.9971574
            ],
            [
              116.3482993,
              39.9971499
            ],
            [
              116.3483265,
              39.9971428
            ],
            [
              116.348354,
              39.9971363
            ],
            [
              116.3483817,
              39.9971303
            ],
            [
              116.3484095,
              39.9971248
            ],
            [
              116.3484375,
              39.9971199
            ],
            [
              116.3484657,
              39.9971155
            ],
            [
              116.348494,
              39.9971116
            ],
            [
              116.3485224,
              39.9971082
            ],
            [
              116.3485509,
              39.9971054
            ],
            [
              116.3485795,
              39.9971031
            ],
            [
              116.3486081,
              39.9971014
            ],
            [
              116.3486368,
              39.9971002
            ],
            [
              116.3486655,
              39.9970995
            ],
            [
              116.3486943,
              39.9970994
            ],
            [
              116.348723,
              39.9970999
            ],
            [
              116.3487517,
              39.9971008
            ],
            [
              116.3487804,
              39.9971024
            ],
            [
              116.348809,
              39.9971044
            ],
            [
              116.3488375,
              39.997107
            ],
            [
              116.348866,
              39.9971102
            ],
            [
              116.3488943,
              39.9971138
            ],
            [
              116.3489225,
              39.997118
            ],
            [
              116.3489506,
              39.9971228
            ],
            [
              116.3489785,
              39.997128
            ],
            [
              116.3490063,
              39.9971338
            ],
            [
              116.3490338,
              39.9971401
            ],
            [
              116.3490611,
              39.997147
            ],
            [
              116.3490882,
              39.9971543
            ],
            [
              116.3491151,
              39.9971621
            ],
            [
              116.3491417,
              39.9971705
            ],
            [
              116.349168,
              39.9971794
            ],
            [
              116.3491941,
              39.9971887
            ],
            [
              116.3492198,
              39.9971986
            ],
            [
              116.3492452,
              39.9972089
            ],
            [
              116.3492703,
              39.9972197
            ],
            [
              116.349295,
              39.9972309
            ],
            [
              116.3493194,
              39.9972427
            ],
            [
              116.3493434,
              39.9972549
            ],
            [
              116.3493669,
              39.9972675
            ],
            [
              116.3493901,
              39.9972806
            ],
            [
              116.3494128,
              39.9972941
            ],
            [
              116.3494352,
              39.997308
            ],
            [
              116.349457,
              39.9973224
            ],
            [
              116.3494784,
              39.9973371
            ],
            [
              116.3494993,
              39.9973523
            ],
            [
              116.3495197,
              39.9973679
            ],
            [
              116.3495397,
              39.9973838
            ],
            [
              116.3495591,
              39.9974001
            ],
            [
              116.3495779,
              39.9974168
            ],
            [
              116.3495963,
              39.9974338
            ],
            [
              116.3496141,
              39.9974511
            ],
            [
              116.3496313,
              39.9974688
            ],
            [
              116.349648,
              39.9974868
            ],
            [
              116.3496641,
              39.9975051
            ],
            [
              116.3496796,
              39.9975238
            ],
            [
              116.3496945,
              39.9975427
            ],
            [
              116.3497087,
              39.9975618
            ],
            [
              116.3497224,
              39.9975813
            ],
            [
              116.3497339,
              39.9975986
            ],
            [
              116.3496537,
              39.9919911
            ],
            [
              116.3496536,
              39.9919866
            ],
            [
              116.3495763,
              39.988379
            ],
            [
              116.349569,
              39.988391
            ],
            [
              116.3495562,
              39.9884108
            ],
            [
              116.3495428,
              39.9884303
            ],
            [
              116.3495287,
              39.9884496
            ],
            [
              116.3495141,
              39.9884686
            ],
            [
              116.3494988,
              39.9884874
            ],
            [
              116.349483,
              39.9885058
            ],
            [
              116.3494666,
              39.9885239
            ],
            [
              116.3494496,
              39.9885417
            ],
            [
              116.349432,
              39.9885592
            ],
            [
              116.3494139,
              39.9885764
            ],
            [
              116.3493952,
              39.9885932
            ],
            [
              116.349376,
              39.9886097
            ],
            [
              116.3493563,
              39.9886257
            ],
            [
              116.3493361,
              39.9886414
            ],
            [
              116.3493154,
              39.9886568
            ],
            [
              116.3492942,
              39.9886717
            ],
            [
              116.3492725,
              39.9886862
            ],
            [
              116.3492504,
              39.9887003
            ],
            [
              116.3492278,
              39.988714
            ],
            [
              116.3492048,
              39.9887273
            ],
            [
              116.3491814,
              39.9887401
            ],
            [
              116.3491576,
              39.9887524
            ],
            [
              116.3491334,
              39.9887644
            ],
            [
              116.3491088,
              39.9887758
            ],
            [
              116.3490839,
              39.9887868
            ],
            [
              116.3490586,
              39.9887973
            ],
            [
              116.349033,
              39.9888074
            ],
            [
              116.3490071,
              39.9888169
            ],
            [
              116.3489809,
              39.988826
            ],
            [
              116.3489544,
              39.9888345
            ],
            [
              116.3489277,
              39.9888426
            ],
            [
              116.3489007,
              39.9888501
            ],
            [
              116.3488734,
              39.9888572
            ],
            [
              116.348846,
              39.9888637
            ],
            [
              116.3488183,
              39.9888697
            ],
            [
              116.3487905,
              39.9888752
            ],
            [
              116.3487625,
              39.9888801
            ],
            [
              116.3487343,
              39.9888845
            ],
            [
              116.348706,
              39.9888884
            ],
            [
              116.3486776,
              39.9888918
            ],
            [
              116.3486491,
              39.9888946
            ],
            [
              116.3486205,
              39.9888969
            ],
            [
              116.3485919,
              39.9888986
            ],
            [
              116.3485632,
              39.9888998
            ],
            [
              116.3485345,
              39.9889005
            ],
            [
              116.3485057,
              39.9889006
            ],
            [
              116.348477,
              39.9889001
            ],
            [
              116.3484483,
              39.9888992
            ],
            [
              116.3484196,
              39.9888976
            ],
            [
              116.348391,
              39.9888956
            ],
            [
              116.3483625,
              39.988893
            ],
            [
              116.348334,
              39.9888899
            ],
            [
              116.3483057,
              39.9888862
            ],
            [
              116.3482775,
              39.988882
            ],
            [
              116.3482494,
              39.9888772
            ],
            [
              116.3482215,
              39.988872
            ],
            [
              116.3481938,
              39.9888662
            ],
            [
              116.3481662,
              39.9888599
            ],
            [
              116.3481389,
              39.988853
            ],
            [
              116.3481118,
              39.9888457
            ],
            [
              116.3480849,
              39.9888378
            ],
            [
              116.3480583,
              39.9888295
            ],
            [
              116.348032,
              39.9888206
            ],
            [
              116.348006,
              39.9888113
            ],
            [
              116.3479802,
              39.9888014
            ],
            [
              116.3479548,
              39.9887911
            ],
            [
              116.3479298,
              39.9887803
            ],
            [
              116.347905,
              39.9887691
            ],
            [
              116.3478807,
              39.9887573
            ],
            [
              116.3478567,
              39.9887451
            ],
            [
              116.3478331,
              39.9887325
            ],
            [
              116.34781,
              39.9887194
            ],
            [
              116.3477872,
              39.9887059
            ],
            [
              116.3477649,
              39.988692
            ],
            [
              116.3477431,
              39.9886776
            ],
            [
              116.3477217,
              39.9886629
            ],
            [
              116.3477008,
              39.9886477
            ],
            [
              116.3476804,
              39.9886321
            ],
            [
              116.3476605,
              39.9886162
            ],
            [
              116.3476411,
              39.9885999
            ],
            [
              116.3476222,
              39.9885832
            ],
            [
              116.3476038,
              39.9885662
            ],
            [
              116.347586,
              39.9885489
            ],
            [
              116.3475688,
              39.9885312
            ],
            [
              116.3475522,
              39.9885132
            ],
            [
              116.3475361,
              39.9884949
            ],
            [
              116.3475206,
              39.9884762
            ],
            [
              116.3475057,
              39.9884573
            ],
            [
              116.3474914,
              39.9884382
            ],
            [
              116.3474777,
              39.9884187
            ],
            [
              116.3474691,
              39.9884057
            ],
            [
              116.3475463,
              39.9920111
            ],
            [
              116.3476263,
              39.9976165
            ]
          ]
        ]
      }
    },
    {
      "type": "Feature",
      "id": "LU-014",
      "properties": {
        "id": "LU-014",
        "layer": "LAND_USE",
        "source_type": "agent_generated_design",
        "confidence": "medium",
        "geometry_role": "design_proposal",
        "land_use_code": "1401",
        "name_zh": "京张遗址公园·开源主线廊道",
        "area_sqm_declared": 259588.821
      },
      "geometry": {
        "type": "Polygon",
        "coordinates": [
          [
            [
              116.3478378,
              40.012109
            ],
            [
              116.3478506,
              40.0120892
            ],
            [
              116.347864,
              40.0120697
            ],
            [
              116.3478781,
              40.0120504
            ],
            [
              116.3478927,
              40.0120314
            ],
            [
              116.347908,
              40.0120126
            ],
            [
              116.3479238,
              40.0119942
            ],
            [
              116.3479403,
              40.0119761
            ],
            [
              116.3479573,
              40.0119582
            ],
            [
              116.3479748,
              40.0119408
            ],
            [
              116.347993,
              40.0119236
            ],
            [
              116.3480116,
              40.0119068
            ],
            [
              116.3480308,
              40.0118903
            ],
            [
              116.3480505,
              40.0118743
            ],
            [
              116.3480708,
              40.0118586
            ],
            [
              116.3480915,
              40.0118432
            ],
            [
              116.3481127,
              40.0118283
            ],
            [
              116.3481344,
              40.0118138
            ],
            [
              116.3481565,
              40.0117997
            ],
            [
              116.3481791,
              40.011786
            ],
            [
              116.3482021,
              40.0117727
            ],
            [
              116.3482255,
              40.0117599
            ],
            [
              116.3482493,
              40.0117476
            ],
            [
              116.3482735,
              40.0117356
            ],
            [
              116.3482981,
              40.0117242
            ],
            [
              116.348323,
              40.0117132
            ],
            [
              116.3483483,
              40.0117027
            ],
            [
              116.3483739,
              40.0116926
            ],
            [
              116.3483999,
              40.0116831
            ],
            [
              116.3484261,
              40.011674
            ],
            [
              116.3484526,
              40.0116655
            ],
            [
              116.3484793,
              40.0116574
            ],
            [
              116.3485064,
              40.0116499
            ],
            [
              116.3485336,
              40.0116428
            ],
            [
              116.3485611,
              40.0116363
            ],
            [
              116.3485887,
              40.0116303
            ],
            [
              116.3486166,
              40.0116248
            ],
            [
              116.3486446,
              40.0116199
            ],
            [
              116.3486728,
              40.0116155
            ],
            [
              116.3487011,
              40.0116116
            ],
            [
              116.3487295,
              40.0116082
            ],
            [
              116.348758,
              40.0116054
            ],
            [
              116.3487866,
              40.0116031
            ],
            [
              116.3488152,
              40.0116014
            ],
            [
              116.3488439,
              40.0116002
            ],
            [
              116.3488727,
              40.0115996
            ],
            [
              116.3489014,
              40.0115994
            ],
            [
              116.3489302,
              40.0115999
            ],
            [
              116.3489589,
              40.0116008
            ],
            [
              116.3489875,
              40.0116024
            ],
            [
              116.3490162,
              40.0116044
            ],
            [
              116.3490447,
              40.011607
            ],
            [
              116.3490732,
              40.0116102
            ],
            [
              116.3491015,
              40.0116138
            ],
            [
              116.3491297,
              40.011618
            ],
            [
              116.3491578,
              40.0116228
            ],
            [
              116.3491857,
              40.011628
            ],
            [
              116.3492135,
              40.0116338
            ],
            [
              116.349241,
              40.0116401
            ],
            [
              116.3492684,
              40.011647
            ],
            [
              116.3492955,
              40.0116543
            ],
            [
              116.3493223,
              40.0116622
            ],
            [
              116.3493489,
              40.0116705
            ],
            [
              116.3493753,
              40.0116794
            ],
            [
              116.3494013,
              40.0116887
            ],
            [
              116.3494271,
              40.0116986
            ],
            [
              116.3494525,
              40.0117089
            ],
            [
              116.3494776,
              40.0117197
            ],
            [
              116.3495023,
              40.0117309
            ],
            [
              116.3495267,
              40.0117427
            ],
            [
              116.3495506,
              40.0117549
            ],
            [
              116.3495742,
              40.0117675
            ],
            [
              116.3495974,
              40.0117806
            ],
            [
              116.3496201,
              40.0117941
            ],
            [
              116.3496425,
              40.011808
            ],
            [
              116.3496643,
              40.0118224
            ],
            [
              116.3496857,
              40.0118371
            ],
            [
              116.3497066,
              40.0118523
            ],
            [
              116.3497271,
              40.0118679
            ],
            [
              116.349747,
              40.0118838
            ],
            [
              116.3497664,
              40.0119001
            ],
            [
              116.3497853,
              40.0119168
            ],
            [
              116.3498036,
              40.0119338
            ],
            [
              116.3498214,
              40.0119511
            ],
            [
              116.3498386,
              40.0119688
            ],
            [
              116.3498553,
              40.0119868
            ],
            [
              116.3498714,
              40.0120051
            ],
            [
              116.3498869,
              40.0120238
            ],
            [
              116.3499018,
              40.0120427
            ],
            [
              116.3499161,
              40.0120618
            ],
            [
              116.3499298,
              40.0120813
            ],
            [
              116.3499413,
              40.0120986
            ],
            [
              116.3498757,
              40.0075108
            ],
            [
              116.3498539,
              40.0059911
            ],
            [
              116.3497451,
              39.9983835
            ],
            [
              116.3497406,
              39.998391
            ],
            [
              116.3497278,
              39.9984108
            ],
            [
              116.3497144,
              39.9984303
            ],
            [
              116.3497003,
              39.9984496
            ],
            [
              116.3496857,
              39.9984686
            ],
            [
              116.3496704,
              39.9984874
            ],
            [
              116.3496546,
              39.9985058
            ],
            [
              116.3496381,
              39.9985239
            ],
            [
              116.3496211,
              39.9985417
            ],
            [
              116.3496036,
              39.9985592
            ],
            [
              116.3495854,
              39.9985764
            ],
            [
              116.3495668,
              39.9985932
            ],
            [
              116.3495476,
              39.9986097
            ],
            [
              116.3495279,
              39.9986257
            ],
            [
              116.3495076,
              39.9986414
            ],
            [
              116.3494869,
              39.9986568
            ],
            [
              116.3494657,
              39.9986717
            ],
            [
              116.3494441,
              39.9986862
            ],
            [
              116.3494219,
              39.9987003
            ],
            [
              116.3493994,
              39.998714
            ],
            [
              116.3493764,
              39.9987273
            ],
            [
              116.349353,
              39.9987401
            ],
            [
              116.3493291,
              39.9987524
            ],
            [
              116.3493049,
              39.9987644
            ],
            [
              116.3492804,
              39.9987758
            ],
            [
              116.3492554,
              39.9987868
            ],
            [
              116.3492301,
              39.9987973
            ],
            [
              116.3492045,
              39.9988074
            ],
            [
              116.3491786,
              39.9988169
            ],
            [
              116.3491524,
              39.998826
            ],
            [
              116.3491259,
              39.9988345
            ],
            [
              116.3490992,
              39.9988426
            ],
            [
              116.3490721,
              39.9988501
            ],
            [
              116.3490449,
              39.9988572
            ],
            [
              116.3490174,
              39.9988637
            ],
            [
              116.3489898,
              39.9988697
            ],
            [
              116.3489619,
              39.9988752
            ],
            [
              116.3489339,
              39.9988801
            ],
            [
              116.3489058,
              39.9988845
            ],
            [
              116.3488775,
              39.9988884
            ],
            [
              116.3488491,
              39.9988918
            ],
            [
              116.3488206,
              39.9988946
            ],
            [
              116.348792,
              39.9988969
            ],
            [
              116.3487633,
              39.9988986
            ],
            [
              116.3487346,
              39.9988998
            ],
            [
              116.3487059,
              39.9989005
            ],
            [
              116.3486772,
              39.9989006
            ],
            [
              116.3486484,
              39.9989001
            ],
            [
              116.3486197,
              39.9988992
            ],
            [
              116.348591,
              39.9988976
            ],
            [
              116.3485624,
              39.9988956
            ],
            [
              116.3485339,
              39.998893
            ],
            [
              116.3485054,
              39.9988898
            ],
            [
              116.3484771,
              39.9988862
            ],
            [
              116.3484489,
              39.998882
            ],
            [
              116.3484208,
              39.9988772
            ],
            [
              116.3483929,
              39.998872
            ],
            [
              116.3483652,
              39.9988662
            ],
            [
              116.3483376,
              39.9988599
            ],
            [
              116.3483103,
              39.998853
            ],
            [
              116.3482832,
              39.9988457
            ],
            [
              116.3482563,
              39.9988378
            ],
            [
              116.3482297,
              39.9988295
            ],
            [
              116.3482034,
              39.9988206
            ],
            [
              116.3481773,
              39.9988113
            ],
            [
              116.3481516,
              39.9988014
            ],
            [
              116.3481262,
              39.9987911
            ],
            [
              116.3481011,
              39.9987803
            ],
            [
              116.3480764,
              39.9987691
            ],
            [
              116.348052,
              39.9987573
            ],
            [
              116.3480281,
              39.9987451
            ],
            [
              116.3480045,
              39.9987325
            ],
            [
              116.3479813,
              39.9987194
            ],
            [
              116.3479586,
              39.9987059
            ],
            [
              116.3479363,
              39.998692
            ],
            [
              116.3479144,
              39.9986776
            ],
            [
              116.347893,
              39.9986629
            ],
            [
              116.3478721,
              39.9986477
            ],
            [
              116.3478517,
              39.9986321
            ],
            [
              116.3478318,
              39.9986162
            ],
            [
              116.3478124,
              39.9985999
            ],
            [
              116.3477935,
              39.9985832
            ],
            [
              116.3477751,
              39.9985662
            ],
            [
              116.3477573,
              39.9985489
            ],
            [
              116.3477401,
              39.9985312
            ],
            [
              116.3477234,
              39.9985132
            ],
            [
              116.3477074,
              39.9984948
            ],
            [
              116.3476919,
              39.9984762
            ],
            [
              116.347677,
              39.9984573
            ],
            [
              116.3476627,
              39.9984382
            ],
            [
              116.347649,
              39.9984187
            ],
            [
              116.3476375,
              39.9984014
            ],
            [
              116.3477461,
              40.0060089
            ],
            [
              116.3478332,
              40.0121165
            ],
            [
              116.3478378,
              40.012109
            ]
          ]
        ]
      }
    },
    {
      "type": "Feature",
      "id": "LU-015",
      "properties": {
        "id": "LU-015",
        "layer": "LAND_USE",
        "source_type": "agent_generated_design",
        "confidence": "medium",
        "geometry_role": "design_proposal",
        "land_use_code": "1401",
        "name_zh": "京张遗址公园·开源主线廊道",
        "area_sqm_declared": 179547.283
      },
      "geometry": {
        "type": "Polygon",
        "coordinates": [
          [
            [
              116.3480219,
              40.0224852
            ],
            [
              116.3481313,
              40.0224852
            ],
            [
              116.3481396,
              40.0224761
            ],
            [
              116.3481566,
              40.0224582
            ],
            [
              116.3481741,
              40.0224408
            ],
            [
              116.3481923,
              40.0224236
            ],
            [
              116.3482109,
              40.0224068
            ],
            [
              116.3482301,
              40.0223903
            ],
            [
              116.3482499,
              40.0223743
            ],
            [
              116.3482701,
              40.0223586
            ],
            [
              116.3482908,
              40.0223432
            ],
            [
              116.348312,
              40.0223283
            ],
            [
              116.3483337,
              40.0223138
            ],
            [
              116.3483558,
              40.0222997
            ],
            [
              116.3483784,
              40.022286
            ],
            [
              116.3484014,
              40.0222727
            ],
            [
              116.3484248,
              40.0222599
            ],
            [
              116.3484487,
              40.0222476
            ],
            [
              116.3484729,
              40.0222356
            ],
            [
              116.3484975,
              40.0222242
            ],
            [
              116.3485224,
              40.0222132
            ],
            [
              116.3485477,
              40.0222027
            ],
            [
              116.3485733,
              40.0221926
            ],
            [
              116.3485992,
              40.0221831
            ],
            [
              116.3486255,
              40.022174
            ],
            [
              116.348652,
              40.0221655
            ],
            [
              116.3486787,
              40.0221574
            ],
            [
              116.3487058,
              40.0221499
            ],
            [
              116.348733,
              40.0221428
            ],
            [
              116.3487605,
              40.0221363
            ],
            [
              116.3487881,
              40.0221303
            ],
            [
              116.348816,
              40.0221248
            ],
            [
              116.348844,
              40.0221199
            ],
            [
              116.3488722,
              40.0221155
            ],
            [
              116.3489005,
              40.0221116
            ],
            [
              116.3489289,
              40.0221082
            ],
            [
              116.3489574,
              40.0221054
            ],
            [
              116.348986,
              40.0221031
            ],
            [
              116.3490147,
              40.0221014
            ],
            [
              116.3490434,
              40.0221002
            ],
            [
              116.3490721,
              40.0220996
            ],
            [
              116.3491009,
              40.0220994
            ],
            [
              116.3491296,
              40.0220999
            ],
            [
              116.3491583,
              40.0221008
            ],
            [
              116.349187,
              40.0221024
            ],
            [
              116.3492156,
              40.0221044
            ],
            [
              116.3492442,
              40.022107
            ],
            [
              116.3492726,
              40.0221102
            ],
            [
              116.349301,
              40.0221138
            ],
            [
              116.3493292,
              40.022118
            ],
            [
              116.3493573,
              40.0221228
            ],
            [
              116.3493852,
              40.022128
            ],
            [
              116.349413,
              40.0221338
            ],
            [
              116.3494405,
              40.0221401
            ],
            [
              116.3494679,
              40.022147
            ],
            [
              116.349495,
              40.0221543
            ],
            [
              116.3495219,
              40.0221622
            ],
            [
              116.3495485,
              40.0221705
            ],
            [
              116.3495748,
              40.0221794
            ],
            [
              116.3496009,
              40.0221887
            ],
            [
              116.3496266,
              40.0221986
            ],
            [
              116.349652,
              40.0222089
            ],
            [
              116.3496771,
              40.0222197
            ],
            [
              116.3497018,
              40.0222309
            ],
            [
              116.3497262,
              40.0222427
            ],
            [
              116.3497502,
              40.0222549
            ],
            [
              116.3497738,
              40.0222675
            ],
            [
              116.349797,
              40.0222806
            ],
            [
              116.3498197,
              40.0222941
            ],
            [
              116.349842,
              40.022308
            ],
            [
              116.3498639,
              40.0223224
            ],
            [
              116.3498853,
              40.0223371
            ],
            [
              116.3499062,
              40.0223523
            ],
            [
              116.3499266,
              40.0223679
            ],
            [
              116.3499466,
              40.0223838
            ],
            [
              116.349966,
              40.0224001
            ],
            [
              116.3499849,
              40.0224168
            ],
            [
              116.3500032,
              40.0224338
            ],
            [
              116.350021,
              40.0224511
            ],
            [
              116.3500382,
              40.0224688
            ],
            [
              116.3500533,
              40.0224851
            ],
            [
              116.350131,
              40.0224851
            ],
            [
              116.3500541,
              40.019986
            ],
            [
              116.3499525,
              40.0128835
            ],
            [
              116.3499479,
              40.012891
            ],
            [
              116.3499351,
              40.0129108
            ],
            [
              116.3499217,
              40.0129303
            ],
            [
              116.3499077,
              40.0129496
            ],
            [
              116.349893,
              40.0129686
            ],
            [
              116.3498778,
              40.0129874
            ],
            [
              116.3498619,
              40.0130058
            ],
            [
              116.3498455,
              40.0130239
            ],
            [
              116.3498285,
              40.0130417
            ],
            [
              116.3498109,
              40.0130592
            ],
            [
              116.3497928,
              40.0130764
            ],
            [
              116.3497741,
              40.0130932
            ],
            [
              116.3497549,
              40.0131097
            ],
            [
              116.3497352,
              40.0131257
            ],
            [
              116.349715,
              40.0131414
            ],
            [
              116.3496942,
              40.0131568
            ],
            [
              116.349673,
              40.0131717
            ],
            [
              116.3496514,
              40.0131862
            ],
            [
              116.3496292,
              40.0132003
            ],
            [
              116.3496067,
              40.013214
            ],
            [
              116.3495837,
              40.0132273
            ],
            [
              116.3495602,
              40.0132401
            ],
            [
              116.3495364,
              40.0132524
            ],
            [
              116.3495122,
              40.0132644
            ],
            [
              116.3494876,
              40.0132758
            ],
            [
              116.3494627,
              40.0132868
            ],
            [
              116.3494374,
              40.0132973
            ],
            [
              116.3494118,
              40.0133074
            ],
            [
              116.3493859,
              40.0133169
            ],
            [
              116.3493597,
              40.013326
            ],
            [
              116.3493331,
              40.0133345
            ],
            [
              116.3493064,
              40.0133426
            ],
            [
              116.3492794,
              40.0133501
            ],
            [
              116.3492521,
              40.0133572
            ],
            [
              116.3492246,
              40.0133637
            ],
            [
              116.349197,
              40.0133697
            ],
            [
              116.3491691,
              40.0133752
            ],
            [
              116.3491411,
              40.0133801
            ],
            [
              116.349113,
              40.0133845
            ],
            [
              116.3490847,
              40.0133884
            ],
            [
              116.3490562,
              40.0133918
            ],
            [
              116.3490277,
              40.0133946
            ],
            [
              116.3489991,
              40.0133969
            ],
            [
              116.3489705,
              40.0133986
            ],
            [
              116.3489418,
              40.0133998
            ],
            [
              116.348913,
              40.0134004
            ],
            [
              116.3488843,
              40.0134006
            ],
            [
              116.3488556,
              40.0134001
            ],
            [
              116.3488268,
              40.0133992
            ],
            [
              116.3487982,
              40.0133976
            ],
            [
              116.3487695,
              40.0133956
            ],
            [
              116.348741,
              40.013393
            ],
            [
              116.3487125,
              40.0133898
            ],
            [
              116.3486842,
              40.0133862
            ],
            [
              116.348656,
              40.013382
            ],
            [
              116.3486279,
              40.0133772
            ],
            [
              116.3486,
              40.013372
            ],
            [
              116.3485722,
              40.0133662
            ],
            [
              116.3485447,
              40.0133599
            ],
            [
              116.3485173,
              40.013353
            ],
            [
              116.3484902,
              40.0133457
            ],
            [
              116.3484634,
              40.0133378
            ],
            [
              116.3484368,
              40.0133295
            ],
            [
              116.3484104,
              40.0133206
            ],
            [
              116.3483844,
              40.0133113
            ],
            [
              116.3483586,
              40.0133014
            ],
            [
              116.3483332,
              40.0132911
            ],
            [
              116.3483081,
              40.0132803
            ],
            [
              116.3482834,
              40.0132691
            ],
            [
              116.348259,
              40.0132573
            ],
            [
              116.3482351,
              40.0132451
            ],
            [
              116.3482115,
              40.0132325
            ],
            [
              116.3481883,
              40.0132194
            ],
            [
              116.3481656,
              40.0132059
            ],
            [
              116.3481432,
              40.013192
            ],
            [
              116.3481214,
              40.0131776
            ],
            [
              116.3481,
              40.0131628
            ],
            [
              116.3480791,
              40.0131477
            ],
            [
              116.3480586,
              40.0131321
            ],
            [
              116.3480387,
              40.0131162
            ],
            [
              116.3480193,
              40.0130999
            ],
            [
              116.3480004,
              40.0130832
            ],
            [
              116.3479821,
              40.0130662
            ],
            [
              116.3479643,
              40.0130489
            ],
            [
              116.347947,
              40.0130312
            ],
            [
              116.3479304,
              40.0130132
            ],
            [
              116.3479143,
              40.0129948
            ],
            [
              116.3478988,
              40.0129762
            ],
            [
              116.3478839,
              40.0129573
            ],
            [
              116.3478696,
              40.0129382
            ],
            [
              116.3478559,
              40.0129187
            ],
            [
              116.3478444,
              40.0129014
            ],
            [
              116.3479459,
              40.0200089
            ],
            [
              116.3479461,
              40.0200192
            ],
            [
              116.3480219,
              40.0224852
            ]
          ]
        ]
      }
    },
    {
      "type": "Feature",
      "id": "LU-016",
      "properties": {
        "id": "LU-016",
        "layer": "LAND_USE",
        "source_type": "agent_generated_design",
        "confidence": "medium",
        "geometry_role": "design_proposal",
        "land_use_code": "1401",
        "name_zh": "京张遗址公园·开源主线廊道",
        "area_sqm_declared": 54760.395
      },
      "geometry": {
        "type": "Polygon",
        "coordinates": [
          [
            [
              116.3491906,
              40.0265002
            ],
            [
              116.350254,
              40.0264808
            ],
            [
              116.3501583,
              40.0233732
            ],
            [
              116.3501476,
              40.023391
            ],
            [
              116.3501348,
              40.0234108
            ],
            [
              116.3501213,
              40.0234303
            ],
            [
              116.3501073,
              40.0234496
            ],
            [
              116.3500926,
              40.0234686
            ],
            [
              116.3500774,
              40.0234874
            ],
            [
              116.3500615,
              40.0235058
            ],
            [
              116.3500451,
              40.0235239
            ],
            [
              116.3500281,
              40.0235417
            ],
            [
              116.3500105,
              40.0235592
            ],
            [
              116.3499924,
              40.0235764
            ],
            [
              116.3499737,
              40.0235932
            ],
            [
              116.3499545,
              40.0236096
            ],
            [
              116.3499348,
              40.0236257
            ],
            [
              116.3499145,
              40.0236414
            ],
            [
              116.3498938,
              40.0236568
            ],
            [
              116.3498726,
              40.0236717
            ],
            [
              116.3498509,
              40.0236862
            ],
            [
              116.3498288,
              40.0237003
            ],
            [
              116.3498062,
              40.023714
            ],
            [
              116.3497832,
              40.0237273
            ],
            [
              116.3497598,
              40.0237401
            ],
            [
              116.349736,
              40.0237524
            ],
            [
              116.3497118,
              40.0237644
            ],
            [
              116.3496872,
              40.0237758
            ],
            [
              116.3496622,
              40.0237868
            ],
            [
              116.3496369,
              40.0237973
            ],
            [
              116.3496113,
              40.0238074
            ],
            [
              116.3495854,
              40.0238169
            ],
            [
              116.3495592,
              40.023826
            ],
            [
              116.3495327,
              40.0238345
            ],
            [
              116.3495059,
              40.0238426
            ],
            [
              116.3494789,
              40.0238501
            ],
            [
              116.3494516,
              40.0238572
            ],
            [
              116.3494242,
              40.0238637
            ],
            [
              116.3493965,
              40.0238697
            ],
            [
              116.3493686,
              40.0238752
            ],
            [
              116.3493406,
              40.0238801
            ],
            [
              116.3493124,
              40.0238845
            ],
            [
              116.3492841,
              40.0238884
            ],
            [
              116.3492557,
              40.0238918
            ],
            [
              116.3492272,
              40.0238946
            ],
            [
              116.3491986,
              40.0238969
            ],
            [
              116.3491699,
              40.0238986
            ],
            [
              116.3491412,
              40.0238998
            ],
            [
              116.3491125,
              40.0239004
            ],
            [
              116.3490837,
              40.0239006
            ],
            [
              116.349055,
              40.0239001
            ],
            [
              116.3490263,
              40.0238992
            ],
            [
              116.3489976,
              40.0238976
            ],
            [
              116.348969,
              40.0238956
            ],
            [
              116.3489404,
              40.023893
            ],
            [
              116.348912,
              40.0238898
            ],
            [
              116.3488836,
              40.0238862
            ],
            [
              116.3488554,
              40.023882
            ],
            [
              116.3488273,
              40.0238772
            ],
            [
              116.3487994,
              40.023872
            ],
            [
              116.3487716,
              40.0238662
            ],
            [
              116.3487441,
              40.0238599
            ],
            [
              116.3487167,
              40.023853
            ],
            [
              116.3486896,
              40.0238457
            ],
            [
              116.3486628,
              40.0238378
            ],
            [
              116.3486361,
              40.0238295
            ],
            [
              116.3486098,
              40.0238206
            ],
            [
              116.3485837,
              40.0238113
            ],
            [
              116.348558,
              40.0238014
            ],
            [
              116.3485326,
              40.0237911
            ],
            [
              116.3485075,
              40.0237803
            ],
            [
              116.3484828,
              40.0237691
            ],
            [
              116.3484584,
              40.0237573
            ],
            [
              116.3484344,
              40.0237451
            ],
            [
              116.3484108,
              40.0237325
            ],
            [
              116.3483876,
              40.0237194
            ],
            [
              116.3483649,
              40.0237059
            ],
            [
              116.3483426,
              40.023692
            ],
            [
              116.3483207,
              40.0236776
            ],
            [
              116.3482993,
              40.0236628
            ],
            [
              116.3482784,
              40.0236477
            ],
            [
              116.348258,
              40.0236321
            ],
            [
              116.348238,
              40.0236162
            ],
            [
              116.3482186,
              40.0235999
            ],
            [
              116.3481997,
              40.0235832
            ],
            [
              116.3481814,
              40.0235662
            ],
            [
              116.3481636,
              40.0235489
            ],
            [
              116.3481464,
              40.0235312
            ],
            [
              116.3481297,
              40.0235132
            ],
            [
              116.3481136,
              40.0234948
            ],
            [
              116.3480981,
              40.0234762
            ],
            [
              116.3480832,
              40.0234573
            ],
            [
              116.3480689,
              40.0234382
            ],
            [
              116.3480552,
              40.0234187
            ],
            [
              116.3480504,
              40.0234115
            ],
            [
              116.3481454,
              40.0265002
            ],
            [
              116.3491906,
              40.0265002
            ]
          ]
        ]
      }
    },
    {
      "type": "Feature",
      "id": "LU-017",
      "properties": {
        "id": "LU-017",
        "layer": "LAND_USE",
        "source_type": "agent_generated_design",
        "confidence": "medium",
        "geometry_role": "design_proposal",
        "land_use_code": "1401",
        "name_zh": "京张遗址公园·开源主线廊道",
        "area_sqm_declared": 134723.599
      },
      "geometry": {
        "type": "Polygon",
        "coordinates": [
          [
            [
              116.346989,
              39.9390002
            ],
            [
              116.3459474,
              39.9390216
            ],
            [
              116.3461933,
              39.9461292
            ],
            [
              116.3461934,
              39.946129
            ],
            [
              116.3462056,
              39.946109
            ],
            [
              116.3462183,
              39.9460892
            ],
            [
              116.3462318,
              39.9460697
            ],
            [
              116.3462458,
              39.9460504
            ],
            [
              116.3462604,
              39.9460314
            ],
            [
              116.3462757,
              39.9460126
            ],
            [
              116.3462915,
              39.9459942
            ],
            [
              116.3463079,
              39.9459761
            ],
            [
              116.3463249,
              39.9459582
            ],
            [
              116.3463425,
              39.9459407
            ],
            [
              116.3463606,
              39.9459236
            ],
            [
              116.3463792,
              39.9459068
            ],
            [
              116.3463984,
              39.9458903
            ],
            [
              116.3464181,
              39.9458742
            ],
            [
              116.3464383,
              39.9458585
            ],
            [
              116.346459,
              39.9458432
            ],
            [
              116.3464802,
              39.9458283
            ],
            [
              116.3465019,
              39.9458138
            ],
            [
              116.346524,
              39.9457997
            ],
            [
              116.3465465,
              39.945786
            ],
            [
              116.3465695,
              39.9457727
            ],
            [
              116.3465929,
              39.9457599
            ],
            [
              116.3466167,
              39.9457475
            ],
            [
              116.3466409,
              39.9457356
            ],
            [
              116.3466654,
              39.9457242
            ],
            [
              116.3466904,
              39.9457132
            ],
            [
              116.3467156,
              39.9457027
            ],
            [
              116.3467412,
              39.9456926
            ],
            [
              116.3467671,
              39.9456831
            ],
            [
              116.3467933,
              39.945674
            ],
            [
              116.3468198,
              39.9456655
            ],
            [
              116.3468465,
              39.9456574
            ],
            [
              116.3468735,
              39.9456499
            ],
            [
              116.3469007,
              39.9456428
            ],
            [
              116.3469282,
              39.9456363
            ],
            [
              116.3469558,
              39.9456303
            ],
            [
              116.3469836,
              39.9456248
            ],
            [
              116.3470116,
              39.9456199
            ],
            [
              116.3470397,
              39.9456154
            ],
            [
              116.347068,
              39.9456116
            ],
            [
              116.3470964,
              39.9456082
            ],
            [
              116.3471249,
              39.9456054
            ],
            [
              116.3471534,
              39.9456031
            ],
            [
              116.3471821,
              39.9456014
            ],
            [
              116.3472108,
              39.9456002
            ],
            [
              116.3472395,
              39.9455995
            ],
            [
              116.3472682,
              39.9455994
            ],
            [
              116.3472969,
              39.9455999
            ],
            [
              116.3473256,
              39.9456008
            ],
            [
              116.3473542,
              39.9456024
            ],
            [
              116.3473828,
              39.9456044
            ],
            [
              116.3474113,
              39.945607
            ],
            [
              116.3474398,
              39.9456101
            ],
            [
              116.3474681,
              39.9456138
            ],
            [
              116.3474963,
              39.945618
            ],
            [
              116.3475243,
              39.9456228
            ],
            [
              116.3475522,
              39.945628
            ],
            [
              116.3475799,
              39.9456338
            ],
            [
              116.3476075,
              39.9456401
            ],
            [
              116.3476348,
              39.9456469
            ],
            [
              116.3476618,
              39.9456543
            ],
            [
              116.3476887,
              39.9456621
            ],
            [
              116.3477153,
              39.9456705
            ],
            [
              116.3477416,
              39.9456794
            ],
            [
              116.3477676,
              39.9456887
            ],
            [
              116.3477933,
              39.9456985
            ],
            [
              116.3478187,
              39.9457089
            ],
            [
              116.3478438,
              39.9457197
            ],
            [
              116.3478685,
              39.9457309
            ],
            [
              116.3478928,
              39.9457427
            ],
            [
              116.3479168,
              39.9457549
            ],
            [
              116.3479403,
              39.9457675
            ],
            [
              116.3479635,
              39.9457806
            ],
            [
              116.3479862,
              39.9457941
            ],
            [
              116.3480085,
              39.945808
            ],
            [
              116.3480303,
              39.9458224
            ],
            [
              116.3480517,
              39.9458371
            ],
            [
              116.3480726,
              39.9458523
            ],
            [
              116.348093,
              39.9458679
            ],
            [
              116.3481129,
              39.9458838
            ],
            [
              116.3481323,
              39.9459001
            ],
            [
              116.3481512,
              39.9459168
            ],
            [
              116.3481695,
              39.9459338
            ],
            [
              116.3481873,
              39.9459511
            ],
            [
              116.3482045,
              39.9459688
            ],
            [
              116.3482212,
              39.9459868
            ],
            [
              116.3482372,
              39.9460051
            ],
            [
              116.3482527,
              39.9460238
            ],
            [
              116.3482676,
              39.9460427
            ],
            [
              116.3482819,
              39.9460618
            ],
            [
              116.3482955,
              39.9460813
            ],
            [
              116.3482987,
              39.9460861
            ],
            [
              116.3480533,
              39.9390002
            ],
            [
              116.346989,
              39.9390002
            ]
          ]
        ]
      }
    },
    {
      "type": "Feature",
      "id": "LU-018",
      "properties": {
        "id": "LU-018",
        "layer": "LAND_USE",
        "source_type": "agent_generated_design",
        "confidence": "medium",
        "geometry_role": "design_proposal",
        "land_use_code": "1401",
        "name_zh": "清河/小月河滨水绿带",
        "area_sqm_declared": 156392.409
      },
      "geometry": {
        "type": "Polygon",
        "coordinates": [
          [
            [
              116.3535565,
              39.944
            ],
            [
              116.3535564,
              39.9520107
            ],
            [
              116.3535564,
              39.9620107
            ],
            [
              116.3535563,
              39.9720107
            ],
            [
              116.3535562,
              39.9835107
            ],
            [
              116.3535562,
              39.9867986
            ],
            [
              116.3535562,
              39.9867986
            ],
            [
              116.3535562,
              39.9867991
            ],
            [
              116.3537626,
              39.9842196
            ],
            [
              116.353966,
              39.9816777
            ],
            [
              116.353966,
              39.944
            ],
            [
              116.3535565,
              39.944
            ]
          ]
        ]
      }
    },
    {
      "type": "Feature",
      "id": "LU-019",
      "properties": {
        "id": "LU-019",
        "layer": "LAND_USE",
        "source_type": "agent_generated_design",
        "confidence": "medium",
        "geometry_role": "design_proposal",
        "land_use_code": "1401",
        "name_zh": "清河/小月河滨水绿带",
        "area_sqm_declared": 113734.128
      },
      "geometry": {
        "type": "Polygon",
        "coordinates": [
          [
            [
              116.3548435,
              39.944
            ],
            [
              116.354434,
              39.944
            ],
            [
              116.3544342,
              39.9758247
            ],
            [
              116.3548439,
              39.9707033
            ],
            [
              116.3548435,
              39.944
            ]
          ]
        ]
      }
    },
    {
      "type": "Feature",
      "id": "LU-020",
      "properties": {
        "id": "LU-020",
        "layer": "LAND_USE",
        "source_type": "agent_generated_design",
        "confidence": "medium",
        "geometry_role": "design_proposal",
        "land_use_code": "1401",
        "name_zh": "清河/小月河滨水绿带",
        "area_sqm_declared": 37246.94
      },
      "geometry": {
        "type": "Polygon",
        "coordinates": [
          [
            [
              116.3535561,
              39.9946751
            ],
            [
              116.3535559,
              40.008
            ],
            [
              116.3539658,
              40.008
            ],
            [
              116.3539658,
              40.0021551
            ],
            [
              116.3535561,
              39.9946751
            ]
          ]
        ]
      }
    },
    {
      "type": "Feature",
      "id": "LU-021",
      "properties": {
        "id": "LU-021",
        "layer": "LAND_USE",
        "source_type": "agent_generated_design",
        "confidence": "medium",
        "geometry_role": "design_proposal",
        "land_use_code": "1401",
        "name_zh": "清河/小月河滨水绿带",
        "area_sqm_declared": 25313.508
      },
      "geometry": {
        "type": "Polygon",
        "coordinates": [
          [
            [
              116.3550503,
              40.0219446
            ],
            [
              116.3501144,
              40.0219448
            ],
            [
              116.350131,
              40.0224851
            ],
            [
              116.3550799,
              40.0224849
            ],
            [
              116.3550503,
              40.0219446
            ]
          ]
        ]
      }
    },
    {
      "type": "Feature",
      "id": "LU-022",
      "properties": {
        "id": "LU-022",
        "layer": "LAND_USE",
        "source_type": "agent_generated_design",
        "confidence": "medium",
        "geometry_role": "design_proposal",
        "land_use_code": "1401",
        "name_zh": "清河/小月河滨水绿带",
        "area_sqm_declared": 28290.318
      },
      "geometry": {
        "type": "Polygon",
        "coordinates": [
          [
            [
              116.3480053,
              40.0219448
            ],
            [
              116.3424777,
              40.0219447
            ],
            [
              116.3425041,
              40.0224851
            ],
            [
              116.348021899,
              40.02248518
            ],
            [
              116.3480053,
              40.0219448
            ]
          ]
        ]
      }
    },
    {
      "type": "Feature",
      "id": "LU-023",
      "properties": {
        "id": "LU-023",
        "layer": "LAND_USE",
        "source_type": "agent_generated_design",
        "confidence": "medium",
        "geometry_role": "design_proposal",
        "land_use_code": "1401",
        "name_zh": "清河/小月河滨水绿带",
        "area_sqm_declared": 27990.327
      },
      "geometry": {
        "type": "Polygon",
        "coordinates": [
          [
            [
              116.3480297,
              40.0233791
            ],
            [
              116.348018,
              40.0233589
            ],
            [
              116.3480068,
              40.0233385
            ],
            [
              116.3479964,
              40.023318
            ],
            [
              116.3479865,
              40.0232972
            ],
            [
              116.3479774,
              40.0232762
            ],
            [
              116.3479689,
              40.0232551
            ],
            [
              116.3479611,
              40.0232338
            ],
            [
              116.347954,
              40.0232124
            ],
            [
              116.3479475,
              40.0231909
            ],
            [
              116.3479418,
              40.0231692
            ],
            [
              116.3479367,
              40.0231475
            ],
            [
              116.3479324,
              40.0231256
            ],
            [
              116.3479307,
              40.0231156
            ],
            [
              116.350254,
              40.0231156
            ],
            [
              116.3551145,
              40.0231153
            ],
            [
              116.3551145,
              40.0231153
            ],
            [
              116.3425349,
              40.0231155
            ],
            [
              116.3425371,
              40.0231617
            ],
            [
              116.3425612,
              40.0236558
            ],
            [
              116.3480579,
              40.0236559
            ],
            [
              116.3480504,
              40.0234115
            ],
            [
              116.3480422,
              40.023399
            ],
            [
              116.3480297,
              40.0233791
            ]
          ]
        ]
      }
    },
    {
      "type": "Feature",
      "id": "LU-024",
      "properties": {
        "id": "LU-024",
        "layer": "LAND_USE",
        "source_type": "agent_generated_design",
        "confidence": "medium",
        "geometry_role": "design_proposal",
        "land_use_code": "1401",
        "name_zh": "清河/小月河滨水绿带",
        "area_sqm_declared": 25311.28
      },
      "geometry": {
        "type": "Polygon",
        "coordinates": [
          [
            [
              116.350254,
              40.0231156
            ],
            [
              116.3502538,
              40.0231168
            ],
            [
              116.3502497,
              40.0231386
            ],
            [
              116.350245,
              40.0231604
            ],
            [
              116.3502395,
              40.0231821
            ],
            [
              116.3502333,
              40.0232037
            ],
            [
              116.3502265,
              40.0232252
            ],
            [
              116.350219,
              40.0232465
            ],
            [
              116.3502108,
              40.0232677
            ],
            [
              116.3502019,
              40.0232887
            ],
            [
              116.3501923,
              40.0233096
            ],
            [
              116.3501821,
              40.0233302
            ],
            [
              116.3501712,
              40.0233507
            ],
            [
              116.3501597,
              40.023371
            ],
            [
              116.3501583,
              40.0233732
            ],
            [
              116.350167,
              40.0236559
            ],
            [
              116.3551441,
              40.0236557
            ],
            [
              116.3551145,
              40.0231153
            ],
            [
              116.350254,
              40.0231156
            ]
          ]
        ]
      }
    },
    {
      "type": "Feature",
      "id": "LU-025",
      "properties": {
        "id": "LU-025",
        "layer": "LAND_USE",
        "source_type": "agent_generated_design",
        "confidence": "medium",
        "geometry_role": "design_proposal",
        "land_use_code": "1401",
        "name_zh": "社区公园绿地",
        "area_sqm_declared": 116686.045
      },
      "geometry": {
        "type": "Polygon",
        "coordinates": [
          [
            [
              116.3535328,
              39.9425198
            ],
            [
              116.35,
              39.9425
            ],
            [
              116.3499671,
              39.9459802
            ],
            [
              116.3535,
              39.946
            ],
            [
              116.3535328,
              39.9425198
            ]
          ]
        ]
      }
    },
    {
      "type": "Feature",
      "id": "LU-026",
      "properties": {
        "id": "LU-026",
        "layer": "LAND_USE",
        "source_type": "agent_generated_design",
        "confidence": "medium",
        "geometry_role": "design_proposal",
        "land_use_code": "1401",
        "name_zh": "社区公园绿地",
        "area_sqm_declared": 167609.133
      },
      "geometry": {
        "type": "Polygon",
        "coordinates": [
          [
            [
              116.3455475,
              39.9655201
            ],
            [
              116.342,
              39.9655
            ],
            [
              116.3419523,
              39.9704799
            ],
            [
              116.3455,
              39.9705
            ],
            [
              116.3455475,
              39.9655201
            ]
          ]
        ]
      }
    },
    {
      "type": "Feature",
      "id": "LU-027",
      "properties": {
        "id": "LU-027",
        "layer": "LAND_USE",
        "source_type": "agent_generated_design",
        "confidence": "medium",
        "geometry_role": "design_proposal",
        "land_use_code": "1401",
        "name_zh": "社区公园绿地",
        "area_sqm_declared": 85659.876
      },
      "geometry": {
        "type": "Polygon",
        "coordinates": [
          [
            [
              116.3535281,
              40.0010169
            ],
            [
              116.3505,
              40.001
            ],
            [
              116.3504717,
              40.0039831
            ],
            [
              116.3535,
              40.004
            ],
            [
              116.3535281,
              40.0010169
            ]
          ]
        ]
      }
    },
    {
      "type": "Feature",
      "id": "LU-028",
      "properties": {
        "id": "LU-028",
        "layer": "LAND_USE",
        "source_type": "agent_generated_design",
        "confidence": "medium",
        "geometry_role": "design_proposal",
        "land_use_code": "1401",
        "name_zh": "社区公园绿地",
        "area_sqm_declared": 114723.038
      },
      "geometry": {
        "type": "Polygon",
        "coordinates": [
          [
            [
              116.3475379,
              40.0105171
            ],
            [
              116.3445,
              40.0105
            ],
            [
              116.3444619,
              40.0144829
            ],
            [
              116.3475,
              40.0145
            ],
            [
              116.3475379,
              40.0105171
            ]
          ]
        ]
      }
    },
    {
      "type": "Feature",
      "id": "LU-029",
      "properties": {
        "id": "LU-029",
        "layer": "LAND_USE",
        "source_type": "agent_generated_design",
        "confidence": "medium",
        "geometry_role": "design_proposal",
        "land_use_code": "09",
        "name_zh": "大钟寺智能原生商业商务片(西)",
        "area_sqm_declared": 697395.266
      },
      "geometry": {
        "type": "Polygon",
        "coordinates": [
          [
            [
              116.3462205,
              39.9469139
            ],
            [
              116.3462106,
              39.946899
            ],
            [
              116.3461982,
              39.9468791
            ],
            [
              116.3461865,
              39.9468589
            ],
            [
              116.3461753,
              39.9468385
            ],
            [
              116.3461649,
              39.946818
            ],
            [
              116.3461551,
              39.9467972
            ],
            [
              116.3461459,
              39.9467762
            ],
            [
              116.3461375,
              39.9467551
            ],
            [
              116.3461297,
              39.9467338
            ],
            [
              116.3461225,
              39.9467124
            ],
            [
              116.3461161,
              39.9466909
            ],
            [
              116.3461104,
              39.9466692
            ],
            [
              116.3461053,
              39.9466475
            ],
            [
              116.346101,
              39.9466256
            ],
            [
              116.3460973,
              39.9466037
            ],
            [
              116.3460944,
              39.9465817
            ],
            [
              116.3460921,
              39.9465597
            ],
            [
              116.3460905,
              39.9465376
            ],
            [
              116.3460897,
              39.9465155
            ],
            [
              116.3460896,
              39.9464934
            ],
            [
              116.3460901,
              39.9464713
            ],
            [
              116.3460914,
              39.9464492
            ],
            [
              116.3460934,
              39.9464272
            ],
            [
              116.346096,
              39.9464052
            ],
            [
              116.3460994,
              39.9463832
            ],
            [
              116.3461035,
              39.9463613
            ],
            [
              116.3461083,
              39.9463395
            ],
            [
              116.3461137,
              39.9463178
            ],
            [
              116.3461199,
              39.9462963
            ],
            [
              116.3461267,
              39.9462748
            ],
            [
              116.3461342,
              39.9462535
            ],
            [
              116.3461424,
              39.9462323
            ],
            [
              116.3461513,
              39.9462112
            ],
            [
              116.3461608,
              39.9461904
            ],
            [
              116.346171,
              39.9461697
            ],
            [
              116.3461819,
              39.9461493
            ],
            [
              116.3461933,
              39.9461292
            ],
            [
              116.3459474,
              39.9390216
            ],
            [
              116.3469878,
              39.9390002
            ],
            [
              116.3407,
              39.939
            ],
            [
              116.3406997,
              39.9390104
            ],
            [
              116.3406997,
              39.9390104
            ],
            [
              116.3403388,
              39.9520104
            ],
            [
              116.3463968,
              39.9520107
            ],
            [
              116.3462205,
              39.9469139
            ]
          ]
        ]
      }
    },
    {
      "type": "Feature",
      "id": "LU-030",
      "properties": {
        "id": "LU-030",
        "layer": "LAND_USE",
        "source_type": "agent_generated_design",
        "confidence": "medium",
        "geometry_role": "design_proposal",
        "land_use_code": "09",
        "name_zh": "大钟寺智能原生商业商务片(东)",
        "area_sqm_declared": 651809.302
      },
      "geometry": {
        "type": "Polygon",
        "coordinates": [
          [
            [
              116.3483328,
              39.9461411
            ],
            [
              116.3483439,
              39.9461614
            ],
            [
              116.3483543,
              39.946182
            ],
            [
              116.3483642,
              39.9462028
            ],
            [
              116.3483733,
              39.9462238
            ],
            [
              116.3483818,
              39.9462449
            ],
            [
              116.3483896,
              39.9462662
            ],
            [
              116.3483967,
              39.9462876
            ],
            [
              116.3484031,
              39.9463091
            ],
            [
              116.3484089,
              39.9463308
            ],
            [
              116.3484139,
              39.9463525
            ],
            [
              116.3484183,
              39.9463744
            ],
            [
              116.3484219,
              39.9463963
            ],
            [
              116.3484249,
              39.9464183
            ],
            [
              116.3484271,
              39.9464403
            ],
            [
              116.3484287,
              39.9464624
            ],
            [
              116.3484295,
              39.9464845
            ],
            [
              116.3484297,
              39.9465066
            ],
            [
              116.3484291,
              39.9465287
            ],
            [
              116.3484278,
              39.9465508
            ],
            [
              116.3484259,
              39.9465728
            ],
            [
              116.3484232,
              39.9465948
            ],
            [
              116.3484198,
              39.9466168
            ],
            [
              116.3484158,
              39.9466387
            ],
            [
              116.348411,
              39.9466604
            ],
            [
              116.3484055,
              39.9466821
            ],
            [
              116.3483994,
              39.9467037
            ],
            [
              116.3483925,
              39.9467252
            ],
            [
              116.348385,
              39.9467465
            ],
            [
              116.3483768,
              39.9467677
            ],
            [
              116.3483679,
              39.9467887
            ],
            [
              116.3483584,
              39.9468096
            ],
            [
              116.3483482,
              39.9468303
            ],
            [
              116.3483373,
              39.9468507
            ],
            [
              116.3483259,
              39.9468709
            ],
            [
              116.3485028,
              39.9519784
            ],
            [
              116.3485039,
              39.9520108
            ],
            [
              116.3535564,
              39.9520107
            ],
            [
              116.3535565,
              39.944
            ],
            [
              116.353966,
              39.944
            ],
            [
              116.354434,
              39.944
            ],
            [
              116.3548435,
              39.944
            ],
            [
              116.354843635,
              39.9520107
            ],
            [
              116.3553,
              39.9520107
            ],
            [
              116.3553,
              39.9620107
            ],
            [
              116.3553,
              39.965
            ],
            [
              116.3553,
              39.939
            ],
            [
              116.3480533,
              39.9390002
            ],
            [
              116.3482987,
              39.9460861
            ],
            [
              116.3483086,
              39.946101
            ],
            [
              116.348321,
              39.9461209
            ],
            [
              116.3483328,
              39.9461411
            ]
          ],
          [
            [
              116.3499671,
              39.9459802
            ],
            [
              116.35,
              39.9425
            ],
            [
              116.3535328,
              39.9425198
            ],
            [
              116.3535,
              39.946
            ],
            [
              116.3499671,
              39.9459802
            ]
          ]
        ]
      }
    },
    {
      "type": "Feature",
      "id": "LU-031",
      "properties": {
        "id": "LU-031",
        "layer": "LAND_USE",
        "source_type": "agent_generated_design",
        "confidence": "medium",
        "geometry_role": "design_proposal",
        "land_use_code": "07",
        "name_zh": "双榆树居住更新片",
        "area_sqm_declared": 604397.166
      },
      "geometry": {
        "type": "Polygon",
        "coordinates": [
          [
            [
              116.3463968,
              39.9520107
            ],
            [
              116.3403388,
              39.9520104
            ],
            [
              116.340490628,
              39.946542154
            ],
            [
              116.3397,
              39.975
            ],
            [
              116.3397831,
              39.9720103
            ],
            [
              116.340061,
              39.9620104
            ],
            [
              116.3467428,
              39.9620107
            ],
            [
              116.3463972,
              39.9520216
            ],
            [
              116.3463968,
              39.9520107
            ]
          ]
        ]
      }
    },
    {
      "type": "Feature",
      "id": "LU-032",
      "properties": {
        "id": "LU-032",
        "layer": "LAND_USE",
        "source_type": "agent_generated_design",
        "confidence": "medium",
        "geometry_role": "design_proposal",
        "land_use_code": "0804",
        "name_zh": "北邮北航高校创新片",
        "area_sqm_declared": 43293.928
      },
      "geometry": {
        "type": "Polygon",
        "coordinates": [
          [
            [
              116.3553,
              39.9620107
            ],
            [
              116.3553,
              39.9520107
            ],
            [
              116.354843635,
              39.9520107
            ],
            [
              116.354843774,
              39.961218813
            ],
            [
              116.3548438,
              39.9620107
            ],
            [
              116.3553,
              39.9620107
            ]
          ]
        ]
      }
    },
    {
      "type": "Feature",
      "id": "LU-033",
      "properties": {
        "id": "LU-033",
        "layer": "LAND_USE",
        "source_type": "agent_generated_design",
        "confidence": "medium",
        "geometry_role": "design_proposal",
        "land_use_code": "0804",
        "name_zh": "北邮北航高校创新片",
        "area_sqm_declared": 462965.03
      },
      "geometry": {
        "type": "Polygon",
        "coordinates": [
          [
            [
              116.348503922,
              39.9520108
            ],
            [
              116.348850218,
              39.9620108
            ],
            [
              116.3535564,
              39.9620107
            ],
            [
              116.3535564,
              39.9520107
            ],
            [
              116.348503922,
              39.9520108
            ]
          ]
        ]
      }
    },
    {
      "type": "Feature",
      "id": "LU-034",
      "properties": {
        "id": "LU-034",
        "layer": "LAND_USE",
        "source_type": "agent_generated_design",
        "confidence": "medium",
        "geometry_role": "design_proposal",
        "land_use_code": "07",
        "name_zh": "知春里居住更新片",
        "area_sqm_declared": 494990.908
      },
      "geometry": {
        "type": "Polygon",
        "coordinates": [
          [
            [
              116.340061,
              39.9620104
            ],
            [
              116.3397831,
              39.9720103
            ],
            [
              116.3470619,
              39.9720107
            ],
            [
              116.347137517,
              39.97446801
            ],
            [
              116.346847,
              39.9650204
            ],
            [
              116.3467428,
              39.9620107
            ],
            [
              116.340061,
              39.9620104
            ]
          ],
          [
            [
              116.3455475,
              39.9655201
            ],
            [
              116.3455,
              39.9705
            ],
            [
              116.3419523,
              39.9704799
            ],
            [
              116.342,
              39.9655
            ],
            [
              116.3455475,
              39.9655201
            ]
          ]
        ]
      }
    },
    {
      "type": "Feature",
      "id": "LU-035",
      "properties": {
        "id": "LU-035",
        "layer": "LAND_USE",
        "source_type": "agent_generated_design",
        "confidence": "medium",
        "geometry_role": "design_proposal",
        "land_use_code": "0804",
        "name_zh": "学院路高校科研片",
        "area_sqm_declared": 25278.694
      },
      "geometry": {
        "type": "Polygon",
        "coordinates": [
          [
            [
              116.3548438,
              39.9620107
            ],
            [
              116.3548439,
              39.9707033
            ],
            [
              116.3553,
              39.965
            ],
            [
              116.3553,
              39.9620107
            ],
            [
              116.3548438,
              39.9620107
            ]
          ]
        ]
      }
    },
    {
      "type": "Feature",
      "id": "LU-036",
      "properties": {
        "id": "LU-036",
        "layer": "LAND_USE",
        "source_type": "agent_generated_design",
        "confidence": "medium",
        "geometry_role": "design_proposal",
        "land_use_code": "0804",
        "name_zh": "学院路高校科研片",
        "area_sqm_declared": 430939.933
      },
      "geometry": {
        "type": "Polygon",
        "coordinates": [
          [
            [
              116.3535563,
              39.9720107
            ],
            [
              116.3535564,
              39.9620107
            ],
            [
              116.348850218,
              39.9620108
            ],
            [
              116.348953,
              39.9649784
            ],
            [
              116.3489531,
              39.9649808
            ],
            [
              116.3491695,
              39.9720108
            ],
            [
              116.3535563,
              39.9720107
            ]
          ]
        ]
      }
    },
    {
      "type": "Feature",
      "id": "LU-037",
      "properties": {
        "id": "LU-037",
        "layer": "LAND_USE",
        "source_type": "agent_generated_design",
        "confidence": "medium",
        "geometry_role": "design_proposal",
        "land_use_code": "07",
        "name_zh": "知春路以北居住更新片",
        "area_sqm_declared": 797096.265
      },
      "geometry": {
        "type": "Polygon",
        "coordinates": [
          [
            [
              116.3471665,
              39.9754115
            ],
            [
              116.3471583,
              39.975399
            ],
            [
              116.3471459,
              39.9753791
            ],
            [
              116.3471341,
              39.9753589
            ],
            [
              116.347123,
              39.9753385
            ],
            [
              116.3471125,
              39.975318
            ],
            [
              116.3471027,
              39.9752972
            ],
            [
              116.3470935,
              39.9752762
            ],
            [
              116.3470851,
              39.9752551
            ],
            [
              116.3470773,
              39.9752338
            ],
            [
              116.3470701,
              39.9752124
            ],
            [
              116.3470637,
              39.9751909
            ],
            [
              116.347058,
              39.9751692
            ],
            [
              116.3470529,
              39.9751475
            ],
            [
              116.3470486,
              39.9751256
            ],
            [
              116.3470449,
              39.9751037
            ],
            [
              116.3470419,
              39.9750817
            ],
            [
              116.3470397,
              39.9750597
            ],
            [
              116.3470381,
              39.9750376
            ],
            [
              116.3470373,
              39.9750155
            ],
            [
              116.3470372,
              39.9749934
            ],
            [
              116.3470377,
              39.9749713
            ],
            [
              116.347039,
              39.9749492
            ],
            [
              116.347041,
              39.9749272
            ],
            [
              116.3470436,
              39.9749052
            ],
            [
              116.347047,
              39.9748832
            ],
            [
              116.3470511,
              39.9748613
            ],
            [
              116.3470558,
              39.9748395
            ],
            [
              116.3470613,
              39.9748178
            ],
            [
              116.3470675,
              39.9747963
            ],
            [
              116.3470743,
              39.9747748
            ],
            [
              116.3470818,
              39.9747535
            ],
            [
              116.34709,
              39.9747323
            ],
            [
              116.3470989,
              39.9747113
            ],
            [
              116.3471085,
              39.9746904
            ],
            [
              116.3471187,
              39.9746697
            ],
            [
              116.3471295,
              39.9746493
            ],
            [
              116.347141,
              39.974629
            ],
            [
              116.3471424,
              39.9746268
            ],
            [
              116.3470619,
              39.9720107
            ],
            [
              116.3397831,
              39.9720103
            ],
            [
              116.3397,
              39.975
            ],
            [
              116.3402489,
              39.9835104
            ],
            [
              116.347364269,
              39.9835108
            ],
            [
              116.3472466,
              39.9780163
            ],
            [
              116.3471665,
              39.9754115
            ]
          ]
        ]
      }
    },
    {
      "type": "Feature",
      "id": "LU-038",
      "properties": {
        "id": "LU-038",
        "layer": "LAND_USE",
        "source_type": "agent_generated_design",
        "confidence": "medium",
        "geometry_role": "design_proposal",
        "land_use_code": "0802",
        "name_zh": "学院路科研转化片",
        "area_sqm_declared": 459980.138
      },
      "geometry": {
        "type": "Polygon",
        "coordinates": [
          [
            [
              116.3492695,
              39.9746209
            ],
            [
              116.3492813,
              39.9746411
            ],
            [
              116.3492924,
              39.9746614
            ],
            [
              116.3493029,
              39.974682
            ],
            [
              116.3493127,
              39.9747028
            ],
            [
              116.3493218,
              39.9747238
            ],
            [
              116.3493303,
              39.9747449
            ],
            [
              116.3493381,
              39.9747661
            ],
            [
              116.3493452,
              39.9747876
            ],
            [
              116.3493517,
              39.9748091
            ],
            [
              116.3493574,
              39.9748308
            ],
            [
              116.3493625,
              39.9748525
            ],
            [
              116.3493668,
              39.9748744
            ],
            [
              116.3493705,
              39.9748963
            ],
            [
              116.3493734,
              39.9749183
            ],
            [
              116.3493757,
              39.9749403
            ],
            [
              116.3493772,
              39.9749624
            ],
            [
              116.3493781,
              39.9749845
            ],
            [
              116.3493782,
              39.9750066
            ],
            [
              116.3493777,
              39.9750287
            ],
            [
              116.3493764,
              39.9750508
            ],
            [
              116.3493744,
              39.9750728
            ],
            [
              116.3493718,
              39.9750948
            ],
            [
              116.3493684,
              39.9751168
            ],
            [
              116.3493643,
              39.9751386
            ],
            [
              116.3493595,
              39.9751604
            ],
            [
              116.3493541,
              39.9751821
            ],
            [
              116.3493479,
              39.9752037
            ],
            [
              116.3493411,
              39.9752252
            ],
            [
              116.3493336,
              39.9752465
            ],
            [
              116.3493254,
              39.9752677
            ],
            [
              116.3493165,
              39.9752887
            ],
            [
              116.3493069,
              39.9753096
            ],
            [
              116.3492967,
              39.9753302
            ],
            [
              116.3492859,
              39.9753507
            ],
            [
              116.3492744,
              39.975371
            ],
            [
              116.349273,
              39.9753732
            ],
            [
              116.3493533,
              39.9779808
            ],
            [
              116.3493534,
              39.9779866
            ],
            [
              116.3495594,
              39.9875942
            ],
            [
              116.3495594,
              39.9875942
            ],
            [
              116.3494719,
              39.9835108
            ],
            [
              116.3535562,
              39.9835107
            ],
            [
              116.3535563,
              39.9720107
            ],
            [
              116.3491695,
              39.9720108
            ],
            [
              116.3492488,
              39.9745885
            ],
            [
              116.3492571,
              39.974601
            ],
            [
              116.3492695,
              39.9746209
            ]
          ]
        ]
      }
    },
    {
      "type": "Feature",
      "id": "LU-039",
      "properties": {
        "id": "LU-039",
        "layer": "LAND_USE",
        "source_type": "agent_generated_design",
        "confidence": "medium",
        "geometry_role": "design_proposal",
        "land_use_code": "0802",
        "name_zh": "AI原点社区混合创新片(西)",
        "area_sqm_declared": 653721.577
      },
      "geometry": {
        "type": "Polygon",
        "coordinates": [
          [
            [
              116.3474691,
              39.9884057
            ],
            [
              116.3474647,
              39.988399
            ],
            [
              116.3474523,
              39.9883791
            ],
            [
              116.3474405,
              39.9883589
            ],
            [
              116.3474294,
              39.9883385
            ],
            [
              116.3474189,
              39.988318
            ],
            [
              116.3474091,
              39.9882972
            ],
            [
              116.3473999,
              39.9882762
            ],
            [
              116.3473914,
              39.9882551
            ],
            [
              116.3473836,
              39.9882338
            ],
            [
              116.3473765,
              39.9882124
            ],
            [
              116.3473701,
              39.9881909
            ],
            [
              116.3473643,
              39.9881692
            ],
            [
              116.3473593,
              39.9881475
            ],
            [
              116.3473549,
              39.9881256
            ],
            [
              116.3473513,
              39.9881037
            ],
            [
              116.3473483,
              39.9880817
            ],
            [
              116.3473461,
              39.9880597
            ],
            [
              116.3473445,
              39.9880376
            ],
            [
              116.3473437,
              39.9880155
            ],
            [
              116.3473435,
              39.9879934
            ],
            [
              116.3473441,
              39.9879713
            ],
            [
              116.3473454,
              39.9879492
            ],
            [
              116.3473473,
              39.9879272
            ],
            [
              116.34735,
              39.9879052
            ],
            [
              116.3473534,
              39.9878832
            ],
            [
              116.3473575,
              39.9878613
            ],
            [
              116.3473622,
              39.9878395
            ],
            [
              116.3473677,
              39.9878178
            ],
            [
              116.3473738,
              39.9877963
            ],
            [
              116.3473807,
              39.9877748
            ],
            [
              116.3473882,
              39.9877535
            ],
            [
              116.3473964,
              39.9877323
            ],
            [
              116.3474053,
              39.9877113
            ],
            [
              116.3474148,
              39.9876904
            ],
            [
              116.3474251,
              39.9876697
            ],
            [
              116.3474359,
              39.9876493
            ],
            [
              116.3474474,
              39.987629
            ],
            [
              116.3474523,
              39.987621
            ],
            [
              116.347364269,
              39.9835108
            ],
            [
              116.3402489,
              39.9835104
            ],
            [
              116.340894,
              39.9935104
            ],
            [
              116.3475677,
              39.9935108
            ],
            [
              116.3475463,
              39.9920111
            ],
            [
              116.3474691,
              39.9884057
            ]
          ]
        ]
      }
    },
    {
      "type": "Feature",
      "id": "LU-040",
      "properties": {
        "id": "LU-040",
        "layer": "LAND_USE",
        "source_type": "agent_generated_design",
        "confidence": "medium",
        "geometry_role": "design_proposal",
        "land_use_code": "0802",
        "name_zh": "AI原点社区混合创新片(东)",
        "area_sqm_declared": 367462.062
      },
      "geometry": {
        "type": "Polygon",
        "coordinates": [
          [
            [
              116.3495881,
              39.9876411
            ],
            [
              116.3495992,
              39.9876614
            ],
            [
              116.3496097,
              39.987682
            ],
            [
              116.3496195,
              39.9877028
            ],
            [
              116.3496286,
              39.9877238
            ],
            [
              116.3496371,
              39.9877449
            ],
            [
              116.3496449,
              39.9877661
            ],
            [
              116.349652,
              39.9877876
            ],
            [
              116.3496585,
              39.9878091
            ],
            [
              116.3496642,
              39.9878308
            ],
            [
              116.3496693,
              39.9878525
            ],
            [
              116.3496736,
              39.9878744
            ],
            [
              116.3496773,
              39.9878963
            ],
            [
              116.3496802,
              39.9879183
            ],
            [
              116.3496825,
              39.9879403
            ],
            [
              116.3496841,
              39.9879624
            ],
            [
              116.3496849,
              39.9879845
            ],
            [
              116.349685,
              39.9880066
            ],
            [
              116.3496845,
              39.9880287
            ],
            [
              116.3496832,
              39.9880508
            ],
            [
              116.3496812,
              39.9880728
            ],
            [
              116.3496786,
              39.9880948
            ],
            [
              116.3496752,
              39.9881168
            ],
            [
              116.3496711,
              39.9881386
            ],
            [
              116.3496664,
              39.9881604
            ],
            [
              116.3496609,
              39.9881821
            ],
            [
              116.3496547,
              39.9882037
            ],
            [
              116.3496479,
              39.9882252
            ],
            [
              116.3496404,
              39.9882465
            ],
            [
              116.3496322,
              39.9882677
            ],
            [
              116.3496233,
              39.9882887
            ],
            [
              116.3496137,
              39.9883096
            ],
            [
              116.3496035,
              39.9883302
            ],
            [
              116.3495927,
              39.9883507
            ],
            [
              116.3495811,
              39.988371
            ],
            [
              116.3495763,
              39.988379
            ],
            [
              116.3496536,
              39.9919866
            ],
            [
              116.3496537,
              39.9919911
            ],
            [
              116.349675434,
              39.9935108
            ],
            [
              116.3534923,
              39.9935107
            ],
            [
              116.3533,
              39.99
            ],
            [
              116.3535562,
              39.9867991
            ],
            [
              116.3535562,
              39.9835107
            ],
            [
              116.3494719,
              39.9835108
            ],
            [
              116.3495594,
              39.9875943
            ],
            [
              116.3495639,
              39.987601
            ],
            [
              116.3495763,
              39.9876209
            ],
            [
              116.3495881,
              39.9876411
            ]
          ]
        ]
      }
    },
    {
      "type": "Feature",
      "id": "LU-041",
      "properties": {
        "id": "LU-041",
        "layer": "LAND_USE",
        "source_type": "agent_generated_design",
        "confidence": "medium",
        "geometry_role": "design_proposal",
        "land_use_code": "0804",
        "name_zh": "清华东路高校创新片",
        "area_sqm_declared": 838835.95
      },
      "geometry": {
        "type": "Polygon",
        "coordinates": [
          [
            [
              116.3477675,
              40.0075108
            ],
            [
              116.3477461,
              40.0060089
            ],
            [
              116.3476375,
              39.9984014
            ],
            [
              116.347636,
              39.998399
            ],
            [
              116.3476235,
              39.9983791
            ],
            [
              116.3476118,
              39.9983589
            ],
            [
              116.3476006,
              39.9983385
            ],
            [
              116.3475902,
              39.998318
            ],
            [
              116.3475803,
              39.9982972
            ],
            [
              116.3475712,
              39.9982762
            ],
            [
              116.3475627,
              39.9982551
            ],
            [
              116.3475549,
              39.9982338
            ],
            [
              116.3475478,
              39.9982124
            ],
            [
              116.3475414,
              39.9981909
            ],
            [
              116.3475356,
              39.9981692
            ],
            [
              116.3475306,
              39.9981475
            ],
            [
              116.3475262,
              39.9981256
            ],
            [
              116.3475225,
              39.9981037
            ],
            [
              116.3475196,
              39.9980817
            ],
            [
              116.3475173,
              39.9980597
            ],
            [
              116.3475158,
              39.9980376
            ],
            [
              116.3475149,
              39.9980155
            ],
            [
              116.3475148,
              39.9979934
            ],
            [
              116.3475153,
              39.9979713
            ],
            [
              116.3475166,
              39.9979492
            ],
            [
              116.3475186,
              39.9979272
            ],
            [
              116.3475213,
              39.9979052
            ],
            [
              116.3475246,
              39.9978832
            ],
            [
              116.3475287,
              39.9978613
            ],
            [
              116.3475335,
              39.9978395
            ],
            [
              116.347539,
              39.9978178
            ],
            [
              116.3475451,
              39.9977963
            ],
            [
              116.347552,
              39.9977748
            ],
            [
              116.3475595,
              39.9977535
            ],
            [
              116.3475677,
              39.9977323
            ],
            [
              116.3475766,
              39.9977113
            ],
            [
              116.3475861,
              39.9976904
            ],
            [
              116.3475963,
              39.9976697
            ],
            [
              116.3476072,
              39.9976493
            ],
            [
              116.3476187,
              39.997629
            ],
            [
              116.3476263,
              39.9976165
            ],
            [
              116.3475677,
              39.9935108
            ],
            [
              116.340894,
              39.9935104
            ],
            [
              116.3417,
              40.006
            ],
            [
              116.3420788,
              40.0137677
            ],
            [
              116.3417737,
              40.0075105
            ],
            [
              116.3477675,
              40.0075108
            ]
          ]
        ]
      }
    },
    {
      "type": "Feature",
      "id": "LU-042",
      "properties": {
        "id": "LU-042",
        "layer": "LAND_USE",
        "source_type": "agent_generated_design",
        "confidence": "medium",
        "geometry_role": "design_proposal",
        "land_use_code": "0802",
        "name_zh": "学院路北段科研转化片",
        "area_sqm_declared": 415269.23
      },
      "geometry": {
        "type": "Polygon",
        "coordinates": [
          [
            [
              116.3497597,
              39.9976411
            ],
            [
              116.3497708,
              39.9976614
            ],
            [
              116.3497813,
              39.997682
            ],
            [
              116.3497911,
              39.9977028
            ],
            [
              116.3498002,
              39.9977238
            ],
            [
              116.3498087,
              39.9977449
            ],
            [
              116.3498165,
              39.9977661
            ],
            [
              116.3498236,
              39.9977876
            ],
            [
              116.3498301,
              39.9978091
            ],
            [
              116.3498358,
              39.9978308
            ],
            [
              116.3498409,
              39.9978525
            ],
            [
              116.3498452,
              39.9978744
            ],
            [
              116.3498489,
              39.9978963
            ],
            [
              116.3498518,
              39.9979183
            ],
            [
              116.3498541,
              39.9979403
            ],
            [
              116.3498557,
              39.9979624
            ],
            [
              116.3498565,
              39.9979845
            ],
            [
              116.3498566,
              39.9980066
            ],
            [
              116.3498561,
              39.9980287
            ],
            [
              116.3498548,
              39.9980508
            ],
            [
              116.3498528,
              39.9980728
            ],
            [
              116.3498502,
              39.9980948
            ],
            [
              116.3498468,
              39.9981168
            ],
            [
              116.3498427,
              39.9981386
            ],
            [
              116.3498379,
              39.9981604
            ],
            [
              116.3498325,
              39.9981821
            ],
            [
              116.3498263,
              39.9982037
            ],
            [
              116.3498195,
              39.9982252
            ],
            [
              116.349812,
              39.9982465
            ],
            [
              116.3498037,
              39.9982677
            ],
            [
              116.3497949,
              39.9982887
            ],
            [
              116.3497853,
              39.9983096
            ],
            [
              116.3497751,
              39.9983302
            ],
            [
              116.3497642,
              39.9983507
            ],
            [
              116.3497527,
              39.998371
            ],
            [
              116.3497451,
              39.9983835
            ],
            [
              116.3498539,
              40.0059911
            ],
            [
              116.3498757,
              40.0075108
            ],
            [
              116.3535559,
              40.0075107
            ],
            [
              116.3535561,
              39.9946751
            ],
            [
              116.3534923,
              39.9935107
            ],
            [
              116.349675434,
              39.9935108
            ],
            [
              116.3497339,
              39.9975986
            ],
            [
              116.3497355,
              39.997601
            ],
            [
              116.3497479,
              39.9976209
            ],
            [
              116.3497597,
              39.9976411
            ]
          ],
          [
            [
              116.3535281,
              40.0010169
            ],
            [
              116.3535,
              40.004
            ],
            [
              116.3504717,
              40.0039831
            ],
            [
              116.3505,
              40.001
            ],
            [
              116.3535281,
              40.0010169
            ]
          ]
        ]
      }
    },
    {
      "type": "Feature",
      "id": "LU-043",
      "properties": {
        "id": "LU-043",
        "layer": "LAND_USE",
        "source_type": "agent_generated_design",
        "confidence": "medium",
        "geometry_role": "design_proposal",
        "land_use_code": "0802",
        "name_zh": "众智园全栈创新片(西)",
        "area_sqm_declared": 671106.77
      },
      "geometry": {
        "type": "Polygon",
        "coordinates": [
          [
            [
              116.3478444,
              40.0129014
            ],
            [
              116.3478429,
              40.012899
            ],
            [
              116.3478305,
              40.0128791
            ],
            [
              116.3478187,
              40.0128589
            ],
            [
              116.3478075,
              40.0128385
            ],
            [
              116.3477971,
              40.012818
            ],
            [
              116.3477872,
              40.0127972
            ],
            [
              116.3477781,
              40.0127762
            ],
            [
              116.3477696,
              40.0127551
            ],
            [
              116.3477618,
              40.0127338
            ],
            [
              116.3477547,
              40.0127124
            ],
            [
              116.3477483,
              40.0126909
            ],
            [
              116.3477425,
              40.0126692
            ],
            [
              116.3477375,
              40.0126475
            ],
            [
              116.3477331,
              40.0126256
            ],
            [
              116.3477294,
              40.0126037
            ],
            [
              116.3477265,
              40.0125817
            ],
            [
              116.3477242,
              40.0125597
            ],
            [
              116.3477227,
              40.0125376
            ],
            [
              116.3477218,
              40.0125155
            ],
            [
              116.3477217,
              40.0124934
            ],
            [
              116.3477222,
              40.0124713
            ],
            [
              116.3477235,
              40.0124492
            ],
            [
              116.3477255,
              40.0124272
            ],
            [
              116.3477282,
              40.0124052
            ],
            [
              116.3477315,
              40.0123832
            ],
            [
              116.3477356,
              40.0123613
            ],
            [
              116.3477404,
              40.0123395
            ],
            [
              116.3477459,
              40.0123179
            ],
            [
              116.347752,
              40.0122963
            ],
            [
              116.3477589,
              40.0122748
            ],
            [
              116.3477664,
              40.0122535
            ],
            [
              116.3477746,
              40.0122323
            ],
            [
              116.3477835,
              40.0122113
            ],
            [
              116.347793,
              40.0121904
            ],
            [
              116.3478032,
              40.0121697
            ],
            [
              116.3478141,
              40.0121493
            ],
            [
              116.3478256,
              40.012129
            ],
            [
              116.3478332,
              40.0121165
            ],
            [
              116.3477675,
              40.0075108
            ],
            [
              116.3417737,
              40.0075105
            ],
            [
              116.3424777,
              40.0219447
            ],
            [
              116.348005289,
              40.0219448
            ],
            [
              116.3479461,
              40.0200192
            ],
            [
              116.3479459,
              40.0200089
            ],
            [
              116.3478444,
              40.0129014
            ]
          ],
          [
            [
              116.3475379,
              40.0105171
            ],
            [
              116.3475,
              40.0145
            ],
            [
              116.3444619,
              40.0144829
            ],
            [
              116.3445,
              40.0105
            ],
            [
              116.3475379,
              40.0105171
            ]
          ]
        ]
      }
    },
    {
      "type": "Feature",
      "id": "LU-044",
      "properties": {
        "id": "LU-044",
        "layer": "LAND_USE",
        "source_type": "agent_generated_design",
        "confidence": "medium",
        "geometry_role": "design_proposal",
        "land_use_code": "0802",
        "name_zh": "众智园全栈创新片(西)",
        "area_sqm_declared": 147502.483
      },
      "geometry": {
        "type": "Polygon",
        "coordinates": [
          [
            [
              116.3480579,
              40.0236559
            ],
            [
              116.3425612,
              40.0236558
            ],
            [
              116.3427,
              40.0265
            ],
            [
              116.3481454,
              40.0265002
            ],
            [
              116.3480579,
              40.0236559
            ]
          ]
        ]
      }
    },
    {
      "type": "Feature",
      "id": "LU-045",
      "properties": {
        "id": "LU-045",
        "layer": "LAND_USE",
        "source_type": "agent_generated_design",
        "confidence": "medium",
        "geometry_role": "design_proposal",
        "land_use_code": "0802",
        "name_zh": "众智园全栈创新片(东)",
        "area_sqm_declared": 635631.736
      },
      "geometry": {
        "type": "Polygon",
        "coordinates": [
          [
            [
              116.3499428,
              40.012101
            ],
            [
              116.3499552,
              40.0121209
            ],
            [
              116.349967,
              40.0121411
            ],
            [
              116.3499782,
              40.0121614
            ],
            [
              116.3499886,
              40.012182
            ],
            [
              116.3499985,
              40.0122028
            ],
            [
              116.3500076,
              40.0122238
            ],
            [
              116.3500161,
              40.0122449
            ],
            [
              116.3500239,
              40.0122661
            ],
            [
              116.350031,
              40.0122876
            ],
            [
              116.3500375,
              40.0123091
            ],
            [
              116.3500432,
              40.0123308
            ],
            [
              116.3500483,
              40.0123525
            ],
            [
              116.3500526,
              40.0123744
            ],
            [
              116.3500563,
              40.0123963
            ],
            [
              116.3500592,
              40.0124183
            ],
            [
              116.3500615,
              40.0124403
            ],
            [
              116.350063,
              40.0124624
            ],
            [
              116.3500639,
              40.0124845
            ],
            [
              116.350064,
              40.0125066
            ],
            [
              116.3500635,
              40.0125287
            ],
            [
              116.3500622,
              40.0125508
            ],
            [
              116.3500602,
              40.0125728
            ],
            [
              116.3500576,
              40.0125948
            ],
            [
              116.3500542,
              40.0126168
            ],
            [
              116.3500501,
              40.0126386
            ],
            [
              116.3500453,
              40.0126604
            ],
            [
              116.3500399,
              40.0126821
            ],
            [
              116.3500337,
              40.0127037
            ],
            [
              116.3500269,
              40.0127252
            ],
            [
              116.3500193,
              40.0127465
            ],
            [
              116.3500111,
              40.0127677
            ],
            [
              116.3500022,
              40.0127887
            ],
            [
              116.3499927,
              40.0128096
            ],
            [
              116.3499825,
              40.0128302
            ],
            [
              116.3499716,
              40.0128507
            ],
            [
              116.3499601,
              40.012871
            ],
            [
              116.3499525,
              40.0128835
            ],
            [
              116.3500541,
              40.019986
            ],
            [
              116.3501144,
              40.0219448
            ],
            [
              116.3550503,
              40.0219446
            ],
            [
              116.3542861,
              40.008
            ],
            [
              116.3539658,
              40.008
            ],
            [
              116.3535559,
              40.008
            ],
            [
              116.3535559,
              40.0075107
            ],
            [
              116.3498757,
              40.0075108
            ],
            [
              116.3499413,
              40.0120986
            ],
            [
              116.3499428,
              40.012101
            ]
          ]
        ]
      }
    },
    {
      "type": "Feature",
      "id": "LU-046",
      "properties": {
        "id": "LU-046",
        "layer": "LAND_USE",
        "source_type": "agent_generated_design",
        "confidence": "medium",
        "geometry_role": "design_proposal",
        "land_use_code": "0802",
        "name_zh": "众智园全栈创新片(东)",
        "area_sqm_declared": 135206.028
      },
      "geometry": {
        "type": "Polygon",
        "coordinates": [
          [
            [
              116.3553,
              40.0265
            ],
            [
              116.3551441,
              40.0236557
            ],
            [
              116.350167006,
              40.0236559
            ],
            [
              116.350254,
              40.0264808
            ],
            [
              116.3491906,
              40.0265002
            ],
            [
              116.3553,
              40.0265
            ]
          ]
        ]
      }
    }
  ]
}