{
 "type": "FeatureCollection",
 "features": [
  {
   "type": "Feature",
   "id": "CT-RAIL-01",
   "geometry": {
    "type": "LineString",
    "coordinates": [
     [
      116.34796060000001,
      39.94160449999999
     ],
     [
      116.34739,
      39.94319639999999
     ],
     [
      116.3468605,
      39.944673800000004
     ],
     [
      116.3467243,
      39.9450787
     ],
     [
      116.3466428,
      39.9453538
     ],
     [
      116.3465753,
      39.94563480000001
     ],
     [
      116.3465215,
      39.9459415
     ],
     [
      116.3464507,
      39.9463913
     ],
     [
      116.34641730000001,
      39.9467667
     ],
     [
      116.34638900000002,
      39.94708409999999
     ],
     [
      116.34635820000001,
      39.94735980000001
     ],
     [
      116.3463266,
      39.9476077
     ],
     [
      116.3462209,
      39.94820649999999
     ]
    ]
   },
   "properties": {
    "id": "CT-RAIL-01",
    "layer": "EXISTING_RAIL",
    "source_type": "osm",
    "confidence": "medium",
    "geometry_role": "existing_condition",
    "name_zh": "既有轨道/铁路",
    "rail_kind": "rail",
    "attribution": "© OpenStreetMap contributors, ODbL 1.0",
    "official_boundary": false
   }
  },
  {
   "type": "Feature",
   "id": "CT-RAIL-02",
   "geometry": {
    "type": "LineString",
    "coordinates": [
     [
      116.347295,
      39.9397398
     ],
     [
      116.34707110000001,
      39.94030459999998
     ]
    ]
   },
   "properties": {
    "id": "CT-RAIL-02",
    "layer": "EXISTING_RAIL",
    "source_type": "osm",
    "confidence": "medium",
    "geometry_role": "existing_condition",
    "name_zh": "既有轨道/铁路",
    "rail_kind": "subway",
    "attribution": "© OpenStreetMap contributors, ODbL 1.0",
    "official_boundary": false
   }
  },
  {
   "type": "Feature",
   "id": "CT-RAIL-03",
   "geometry": {
    "type": "LineString",
    "coordinates": [
     [
      116.3462506,
      39.94243869999998
     ],
     [
      116.346271,
      39.94233700000001
     ],
     [
      116.3462911,
      39.94223659999999
     ]
    ]
   },
   "properties": {
    "id": "CT-RAIL-03",
    "layer": "EXISTING_RAIL",
    "source_type": "osm",
    "confidence": "medium",
    "geometry_role": "existing_condition",
    "name_zh": "既有轨道/铁路",
    "rail_kind": "subway",
    "attribution": "© OpenStreetMap contributors, ODbL 1.0",
    "official_boundary": false
   }
  },
  {
   "type": "Feature",
   "id": "CT-RAIL-04",
   "geometry": {
    "type": "LineString",
    "coordinates": [
     [
      116.3462093,
      39.9424207
     ],
     [
      116.346271,
      39.94233700000001
     ],
     [
      116.3463313,
      39.9422551
     ]
    ]
   },
   "properties": {
    "id": "CT-RAIL-04",
    "layer": "EXISTING_RAIL",
    "source_type": "osm",
    "confidence": "medium",
    "geometry_role": "existing_condition",
    "name_zh": "既有轨道/铁路",
    "rail_kind": "subway",
    "attribution": "© OpenStreetMap contributors, ODbL 1.0",
    "official_boundary": false
   }
  },
  {
   "type": "Feature",
   "id": "CT-RAIL-05",
   "geometry": {
    "type": "LineString",
    "coordinates": [
     [
      116.34715050000001,
      39.940429099999996
     ],
     [
      116.34651720000001,
      39.942058800000005
     ],
     [
      116.346379,
      39.942351
     ],
     [
      116.3462591,
      39.94256399999999
     ],
     [
      116.3460778,
      39.94288790000001
     ]
    ]
   },
   "properties": {
    "id": "CT-RAIL-05",
    "layer": "EXISTING_RAIL",
    "source_type": "osm",
    "confidence": "medium",
    "geometry_role": "existing_condition",
    "name_zh": "13号线",
    "rail_kind": "subway",
    "attribution": "© OpenStreetMap contributors, ODbL 1.0",
    "official_boundary": false
   }
  },
  {
   "type": "Feature",
   "id": "CT-RAIL-06",
   "geometry": {
    "type": "LineString",
    "coordinates": [
     [
      116.3458438,
      39.943350599999995
     ],
     [
      116.34596270000002,
      39.94316779999998
     ]
    ]
   },
   "properties": {
    "id": "CT-RAIL-06",
    "layer": "EXISTING_RAIL",
    "source_type": "osm",
    "confidence": "medium",
    "geometry_role": "existing_condition",
    "name_zh": "既有轨道/铁路",
    "rail_kind": "subway",
    "attribution": "© OpenStreetMap contributors, ODbL 1.0",
    "official_boundary": false
   }
  },
  {
   "type": "Feature",
   "id": "CT-RAIL-07",
   "geometry": {
    "type": "LineString",
    "coordinates": [
     [
      116.34756010000001,
      39.9415183
     ],
     [
      116.34698850000001,
      39.943124000000005
     ],
     [
      116.3464699,
      39.94460780000001
     ],
     [
      116.3463671,
      39.9449332
     ],
     [
      116.34626660000002,
      39.94527409999999
     ],
     [
      116.34619109999998,
      39.94556419999999
     ],
     [
      116.3461526,
      39.94573789999999
     ],
     [
      116.3460997,
      39.9461292
     ],
     [
      116.34607880000002,
      39.9463692
     ],
     [
      116.3460675,
      39.946619899999995
     ],
     [
      116.34607010000002,
      39.9469779
     ],
     [
      116.34606480000001,
      39.94732969999999
     ],
     [
      116.346083,
      39.9478005
     ],
     [
      116.3460871,
      39.9480664
     ],
     [
      116.34607610000002,
      39.9482248
     ],
     [
      116.3460747,
      39.94824510000001
     ],
     [
      116.3460393,
      39.9485876
     ]
    ]
   },
   "properties": {
    "id": "CT-RAIL-07",
    "layer": "EXISTING_RAIL",
    "source_type": "osm",
    "confidence": "medium",
    "geometry_role": "existing_condition",
    "name_zh": "既有轨道/铁路",
    "rail_kind": "rail",
    "attribution": "© OpenStreetMap contributors, ODbL 1.0",
    "official_boundary": false
   }
  },
  {
   "type": "Feature",
   "id": "CT-RAIL-08",
   "geometry": {
    "type": "LineString",
    "coordinates": [
     [
      116.3459377,
      39.94912149999999
     ],
     [
      116.3459808,
      39.9487137
     ],
     [
      116.3460007,
      39.9484476
     ],
     [
      116.3460249,
      39.948071399999996
     ],
     [
      116.346019,
      39.947803500000006
     ],
     [
      116.3460022,
      39.94732700000001
     ],
     [
      116.3460021,
      39.946980399999994
     ],
     [
      116.34600299999998,
      39.9466065
     ],
     [
      116.34601130000001,
      39.94639089999999
     ],
     [
      116.3460344,
      39.946107999999995
     ],
     [
      116.3460817,
      39.94572780000001
     ],
     [
      116.3461265,
      39.94551340000001
     ],
     [
      116.346268,
      39.9449879
     ],
     [
      116.34638030000002,
      39.944625300000006
     ],
     [
      116.3465601,
      39.94412129999999
     ],
     [
      116.34691169999999,
      39.943110999999995
     ],
     [
      116.3475036,
      39.9415051
     ]
    ]
   },
   "properties": {
    "id": "CT-RAIL-08",
    "layer": "EXISTING_RAIL",
    "source_type": "osm",
    "confidence": "medium",
    "geometry_role": "existing_condition",
    "name_zh": "既有轨道/铁路",
    "rail_kind": "rail",
    "attribution": "© OpenStreetMap contributors, ODbL 1.0",
    "official_boundary": false
   }
  },
  {
   "type": "Feature",
   "id": "CT-RAIL-09",
   "geometry": {
    "type": "LineString",
    "coordinates": [
     [
      116.3477867,
      39.9415679
     ],
     [
      116.34754890000002,
      39.9421993
     ],
     [
      116.347198,
      39.943156099999996
     ],
     [
      116.3469077,
      39.94398029999999
     ],
     [
      116.3466216,
      39.94477789999999
     ],
     [
      116.3465659,
      39.944956100000006
     ],
     [
      116.3465234,
      39.945107
     ],
     [
      116.34646950000001,
      39.9452967
     ],
     [
      116.3464166,
      39.945527199999994
     ],
     [
      116.34637229999998,
      39.94575319999999
     ],
     [
      116.34634379999999,
      39.94593249999999
     ],
     [
      116.34631049999999,
      39.946176699999995
     ],
     [
      116.34629540000002,
      39.946361599999996
     ],
     [
      116.346277,
      39.94664229999999
     ],
     [
      116.34626660000002,
      39.9469331
     ],
     [
      116.3462568,
      39.947195300000004
     ],
     [
      116.34624800000002,
      39.94735179999999
     ],
     [
      116.3462319,
      39.947637
     ],
     [
      116.3461859,
      39.948013799999984
     ],
     [
      116.34616610000002,
      39.94830319999999
     ],
     [
      116.3461468,
      39.94859769999999
     ]
    ]
   },
   "properties": {
    "id": "CT-RAIL-09",
    "layer": "EXISTING_RAIL",
    "source_type": "osm",
    "confidence": "medium",
    "geometry_role": "existing_condition",
    "name_zh": "既有轨道/铁路",
    "rail_kind": "rail",
    "attribution": "© OpenStreetMap contributors, ODbL 1.0",
    "official_boundary": false
   }
  },
  {
   "type": "Feature",
   "id": "CT-RAIL-10",
   "geometry": {
    "type": "LineString",
    "coordinates": [
     [
      116.34738699999998,
      39.9414823
     ],
     [
      116.3467888,
      39.94308869999999
     ],
     [
      116.34638150000002,
      39.94421200000001
     ],
     [
      116.346237,
      39.944609400000004
     ],
     [
      116.34620090000001,
      39.94472009999999
     ],
     [
      116.34614760000001,
      39.9448992
     ],
     [
      116.3460613,
      39.94521699999999
     ],
     [
      116.3459871,
      39.945549099999994
     ],
     [
      116.3459386,
      39.9457623
     ],
     [
      116.3458958,
      39.946046499999994
     ],
     [
      116.3458734,
      39.9462411
     ],
     [
      116.34586700000001,
      39.946375999999994
     ],
     [
      116.3458627,
      39.946582899999996
     ],
     [
      116.345871,
      39.9469136
     ],
     [
      116.345881,
      39.94731170000001
     ],
     [
      116.34588000000001,
      39.94764169999999
     ],
     [
      116.3458912,
      39.9481538
     ],
     [
      116.34589169999998,
      39.9484155
     ],
     [
      116.34589160000002,
      39.948691100000005
     ]
    ]
   },
   "properties": {
    "id": "CT-RAIL-10",
    "layer": "EXISTING_RAIL",
    "source_type": "osm",
    "confidence": "medium",
    "geometry_role": "existing_condition",
    "name_zh": "京包客专线",
    "rail_kind": "rail",
    "attribution": "© OpenStreetMap contributors, ODbL 1.0",
    "official_boundary": false
   }
  },
  {
   "type": "Feature",
   "id": "CT-RAIL-11",
   "geometry": {
    "type": "LineString",
    "coordinates": [
     [
      116.3460393,
      39.9485876
     ],
     [
      116.3461052,
      39.94822729999999
     ],
     [
      116.34612719999998,
      39.9480363
     ],
     [
      116.34614840000002,
      39.947806
     ],
     [
      116.346162,
      39.947668900000004
     ],
     [
      116.34617219999998,
      39.947553600000006
     ],
     [
      116.346208,
      39.94693269999999
     ],
     [
      116.3462191,
      39.94663250000001
     ],
     [
      116.34623160000001,
      39.9463468
     ],
     [
      116.34624840000001,
      39.94616649999998
     ],
     [
      116.3462752,
      39.9459225
     ],
     [
      116.34630260000002,
      39.94574430000001
     ],
     [
      116.3463514,
      39.9455144
     ],
     [
      116.34640310000002,
      39.945282500000005
     ],
     [
      116.3464544,
      39.945091999999995
     ],
     [
      116.3464958,
      39.944944599999985
     ],
     [
      116.34655439999999,
      39.9447649
     ],
     [
      116.34712899999998,
      39.9431448
     ],
     [
      116.3474924,
      39.9421861
     ],
     [
      116.3477291,
      39.94155549999999
     ]
    ]
   },
   "properties": {
    "id": "CT-RAIL-11",
    "layer": "EXISTING_RAIL",
    "source_type": "osm",
    "confidence": "medium",
    "geometry_role": "existing_condition",
    "name_zh": "京包客专线",
    "rail_kind": "rail",
    "attribution": "© OpenStreetMap contributors, ODbL 1.0",
    "official_boundary": false
   }
  },
  {
   "type": "Feature",
   "id": "CT-RAIL-12",
   "geometry": {
    "type": "LineString",
    "coordinates": [
     [
      116.34802279999998,
      39.941617599999994
     ],
     [
      116.3474517,
      39.94321080000001
     ],
     [
      116.3469227,
      39.944686499999996
     ],
     [
      116.34678690000001,
      39.94509029999998
     ],
     [
      116.34670589999999,
      39.945363699999994
     ],
     [
      116.34663900000001,
      39.9456426
     ],
     [
      116.3465854,
      39.9459478
     ],
     [
      116.3465149,
      39.946395900000006
     ],
     [
      116.34646940000002,
      39.94690629999999
     ],
     [
      116.3464549,
      39.947069500000005
     ],
     [
      116.3464241,
      39.94736229999999
     ],
     [
      116.34637490000001,
      39.947623099999994
     ],
     [
      116.34632480000002,
      39.9478098
     ],
     [
      116.3462783,
      39.947982
     ],
     [
      116.3462209,
      39.94820649999999
     ]
    ]
   },
   "properties": {
    "id": "CT-RAIL-12",
    "layer": "EXISTING_RAIL",
    "source_type": "osm",
    "confidence": "medium",
    "geometry_role": "existing_condition",
    "name_zh": "既有轨道/铁路",
    "rail_kind": "rail",
    "attribution": "© OpenStreetMap contributors, ODbL 1.0",
    "official_boundary": false
   }
  },
  {
   "type": "Feature",
   "id": "CT-RAIL-13",
   "geometry": {
    "type": "LineString",
    "coordinates": [
     [
      116.42760630000001,
      39.9397012
     ],
     [
      116.42761139999999,
      39.93911409999999
     ],
     [
      116.42768150000002,
      39.938860700000006
     ],
     [
      116.42783439999998,
      39.93487230000001
     ],
     [
      116.4279176,
      39.9340602
     ],
     [
      116.4279566,
      39.9332688
     ],
     [
      116.4279119,
      39.93286749999999
     ],
     [
      116.4279205,
      39.9322864
     ],
     [
      116.4279213,
      39.93219620000001
     ],
     [
      116.42792559999998,
      39.931689
     ],
     [
      116.4280161,
      39.93134489999999
     ],
     [
      116.42836329999999,
      39.923942100000005
     ],
     [
      116.4282955,
      39.92363840000001
     ],
     [
      116.42830330000001,
      39.923048
     ],
     [
      116.4283144,
      39.9224378
     ],
     [
      116.4283946,
      39.92210300000001
     ],
     [
      116.4288721,
      39.912493399999995
     ],
     [
      116.42943970000002,
      39.9085955
     ],
     [
      116.42947399999998,
      39.90781669999999
     ],
     [
      116.42948920000002,
      39.90717349999999
     ],
     [
      116.4295137,
      39.906559099999996
     ],
     [
      116.4295188,
      39.906167199999985
     ],
     [
      116.4294801,
      39.905869700000004
     ],
     [
      116.4294306,
      39.9056387
     ],
     [
      116.4293768,
      39.9054629
     ],
     [
      116.4292893,
      39.9052996
     ],
     [
      116.4292062,
      39.9051636
     ],
     [
      116.4290997,
      39.905039599999995
     ],
     [
      116.4289796,
      39.90491949999999
     ],
     [
      116.42884749999999,
      39.9047908
     ],
     [
      116.42872030000001,
      39.90469770000001
     ],
     [
      116.4285365,
      39.9045887
     ],
     [
      116.428453,
      39.9045446
     ],
     [
      116.4284183,
      39.90452620000001
     ],
     [
      116.42742449999999,
      39.9040012
     ],
     [
      116.4271639,
      39.9039127
     ],
     [
      116.4268375,
      39.9038396
     ],
     [
      116.42639960000001,
      39.9037803
     ],
     [
      116.4258826,
      39.903739800000004
     ],
     [
      116.4253616,
      39.90371510000001
     ],
     [
      116.4243347,
      39.9037067
     ],
     [
      116.42203420000001,
      39.9036611
     ],
     [
      116.4212376,
      39.9036482
     ],
     [
      116.4209407,
      39.90364339999999
     ],
     [
      116.41978340000001,
      39.9036403
     ],
     [
      116.41923320000001,
      39.903628699999985
     ],
     [
      116.4187168,
      39.90352779999999
     ],
     [
      116.41838350000002,
      39.90338839999999
     ],
     [
      116.41812919999998,
      39.903243599999996
     ],
     [
      116.41787359999998,
      39.903075599999994
     ],
     [
      116.41750660000001,
      39.9027884
     ],
     [
      116.4146738,
      39.900566399999995
     ],
     [
      116.41414060000001,
      39.90022849999999
     ],
     [
      116.413691,
      39.9000279
     ],
     [
      116.4132934,
      39.8999219
     ],
     [
      116.41288539999998,
      39.89985769999999
     ],
     [
      116.412289,
      39.899804200000005
     ],
     [
      116.4121396,
      39.89979600000001
     ],
     [
      116.411524,
      39.89975919999999
     ],
     [
      116.4107002,
      39.8997355
     ],
     [
      116.40989550000002,
      39.89971390000001
     ],
     [
      116.40950970000002,
      39.899660999999995
     ],
     [
      116.4055525,
      39.89951119999999
     ],
     [
      116.3974549,
      39.8992663
     ],
     [
      116.3968527,
      39.899247800000005
     ],
     [
      116.39620900000001,
      39.899201500000004
     ],
     [
      116.3956001,
      39.8991295
     ],
     [
      116.39441729999999,
      39.89894939999999
     ],
     [
      116.39384460000001,
      39.89887840000001
     ],
     [
      116.39318750000001,
      39.898841399999995
     ],
     [
      116.39086190000002,
      39.8987763
     ],
     [
      116.3902076,
      39.898750899999996
     ],
     [
      116.3898951,
      39.89877969999999
     ],
     [
      116.38954039999999,
      39.8988263
     ],
     [
      116.38909550000001,
      39.89886210000001
     ],
     [
      116.3885171,
      39.8989026
     ],
     [
      116.387846,
      39.898946
     ],
     [
      116.38729560000002,
      39.898965200000006
     ],
     [
      116.38675700000002,
      39.89897330000001
     ],
     [
      116.3791441,
      39.8987455
     ],
     [
      116.3787855,
      39.8987758
     ],
     [
      116.37799309999998,
      39.8987573
     ],
     [
      116.3772167,
      39.8987355
     ],
     [
      116.3768226,
      39.898683399999996
     ],
     [
      116.3720298,
      39.89853709999999
     ],
     [
      116.3691541,
      39.8984413
     ],
     [
      116.3688209,
      39.89847069999999
     ],
     [
      116.3680293,
      39.89845030000001
     ],
     [
      116.36724709999999,
      39.89842939999999
     ],
     [
      116.3666621,
      39.89836269999999
     ],
     [
      116.3586641,
      39.8981059
     ],
     [
      116.35805260000001,
      39.89812489999999
     ],
     [
      116.3572105,
      39.8981091
     ],
     [
      116.3563933,
      39.89809699999999
     ],
     [
      116.35556270000001,
      39.8980847
     ],
     [
      116.35494570000002,
      39.89810640000001
     ],
     [
      116.35428609999998,
      39.89817910000001
     ],
     [
      116.35355549999998,
      39.898390299999996
     ],
     [
      116.3530365,
      39.8986106
     ],
     [
      116.35250869999999,
      39.8989203
     ],
     [
      116.35213630000001,
      39.899199
     ],
     [
      116.35189200000002,
      39.8994232
     ],
     [
      116.35167540000002,
      39.8996777
     ],
     [
      116.35135810000001,
      39.900039199999995
     ],
     [
      116.35106350000001,
      39.90044460000001
     ],
     [
      116.3508647,
      39.90082910000001
     ],
     [
      116.35072620000001,
      39.901218899999996
     ],
     [
      116.35061220000001,
      39.90163429999999
     ],
     [
      116.35055220000001,
      39.90199810000001
     ],
     [
      116.3505157,
      39.90284890000001
     ],
     [
      116.35051170000001,
      39.9048866
     ],
     [
      116.35055889999998,
      39.90523069999999
     ],
     [
      116.35056009999998,
      39.905834
     ],
     [
      116.35055550000001,
      39.90643469999999
     ],
     [
      116.35050059999999,
      39.90673000000001
     ],
     [
      116.3504836,
      39.910653399999994
     ],
     [
      116.35028729999999,
      39.915256
     ],
     [
      116.3501002,
      39.9214284
     ],
     [
      116.3501512,
      39.9216802
     ],
     [
      116.35013280000001,
      39.9223114
     ],
     [
      116.3501156,
      39.92293879999999
     ],
     [
      116.35005570000001,
      39.92324289999999
     ],
     [
      116.34970610000002,
      39.93006179999999
     ],
     [
      116.34975390000001,
      39.9303696
     ],
     [
      116.3497426,
      39.9310083
     ],
     [
      116.3497243,
      39.9316132
     ],
     [
      116.3496408,
      39.9320711
     ],
     [
      116.3494156,
      39.93823209999999
     ],
     [
      116.3494179,
      39.938539
     ],
     [
      116.34939770000001,
      39.9391361
     ]
    ]
   },
   "properties": {
    "id": "CT-RAIL-13",
    "layer": "EXISTING_RAIL",
    "source_type": "osm",
    "confidence": "medium",
    "geometry_role": "existing_condition",
    "name_zh": "北京地铁2号线",
    "rail_kind": "subway",
    "attribution": "© OpenStreetMap contributors, ODbL 1.0",
    "official_boundary": false
   }
  },
  {
   "type": "Feature",
   "id": "CT-RAIL-14",
   "geometry": {
    "type": "LineString",
    "coordinates": [
     [
      116.35216090000002,
      39.94312299999999
     ],
     [
      116.3525924,
      39.943200399999995
     ]
    ]
   },
   "properties": {
    "id": "CT-RAIL-14",
    "layer": "EXISTING_RAIL",
    "source_type": "osm",
    "confidence": "medium",
    "geometry_role": "existing_condition",
    "name_zh": "既有轨道/铁路",
    "rail_kind": "subway",
    "attribution": "© OpenStreetMap contributors, ODbL 1.0",
    "official_boundary": false
   }
  },
  {
   "type": "Feature",
   "id": "CT-RAIL-15",
   "geometry": {
    "type": "LineString",
    "coordinates": [
     [
      116.3525924,
      39.943200399999995
     ],
     [
      116.35218130000001,
      39.9430442
     ]
    ]
   },
   "properties": {
    "id": "CT-RAIL-15",
    "layer": "EXISTING_RAIL",
    "source_type": "osm",
    "confidence": "medium",
    "geometry_role": "existing_condition",
    "name_zh": "既有轨道/铁路",
    "rail_kind": "subway",
    "attribution": "© OpenStreetMap contributors, ODbL 1.0",
    "official_boundary": false
   }
  },
  {
   "type": "Feature",
   "id": "CT-RAIL-16",
   "geometry": {
    "type": "LineString",
    "coordinates": [
     [
      116.35661780000001,
      39.945812700000005
     ],
     [
      116.3565811,
      39.94542200000001
     ],
     [
      116.35649690000001,
      39.944996700000004
     ],
     [
      116.35619240000001,
      39.94458389999999
     ],
     [
      116.35585390000001,
      39.944340000000004
     ],
     [
      116.3553417,
      39.944083299999996
     ],
     [
      116.35440780000002,
      39.94375879999998
     ],
     [
      116.35354490000002,
      39.94347890000001
     ],
     [
      116.3525924,
      39.943200399999995
     ]
    ]
   },
   "properties": {
    "id": "CT-RAIL-16",
    "layer": "EXISTING_RAIL",
    "source_type": "osm",
    "confidence": "medium",
    "geometry_role": "existing_condition",
    "name_zh": "既有轨道/铁路",
    "rail_kind": "subway",
    "attribution": "© OpenStreetMap contributors, ODbL 1.0",
    "official_boundary": false
   }
  },
  {
   "type": "Feature",
   "id": "CT-RAIL-17",
   "geometry": {
    "type": "LineString",
    "coordinates": [
     [
      116.5214907,
      40.0344034
     ],
     [
      116.52075960000002,
      40.03412339999999
     ],
     [
      116.5199198,
      40.03388710000001
     ],
     [
      116.51872999999999,
      40.0336344
     ],
     [
      116.51754310000001,
      40.0335299
     ],
     [
      116.51593620000001,
      40.03343259999999
     ],
     [
      116.5109948,
      40.0332252
     ],
     [
      116.50676839999998,
      40.0329603
     ],
     [
      116.49935800000002,
      40.032690499999994
     ],
     [
      116.4981613,
      40.0326265
     ],
     [
      116.49696230000002,
      40.032575099999995
     ],
     [
      116.49568729999999,
      40.032517799999994
     ],
     [
      116.4947714,
      40.0324684
     ],
     [
      116.4927912,
      40.03237399999999
     ],
     [
      116.4906231,
      40.032223099999996
     ],
     [
      116.48981579999999,
      40.0321081
     ],
     [
      116.48905010000001,
      40.0319251
     ],
     [
      116.488222,
      40.03161159999999
     ],
     [
      116.4876657,
      40.0312545
     ],
     [
      116.4871037,
      40.03085289999999
     ],
     [
      116.4867832,
      40.0304439
     ],
     [
      116.4865501,
      40.0299655
     ],
     [
      116.4863324,
      40.029213899999995
     ],
     [
      116.48628080000002,
      40.0282578
     ],
     [
      116.4862981,
      40.02731729999999
     ],
     [
      116.48664930000001,
      40.0213324
     ],
     [
      116.48666250000001,
      40.020565099999985
     ],
     [
      116.4866863,
      40.0197532
     ],
     [
      116.4868295,
      40.0171588
     ],
     [
      116.4872038,
      40.01226559999999
     ],
     [
      116.48696880000001,
      40.00904539999999
     ],
     [
      116.48624630000002,
      40.0065719
     ],
     [
      116.4853933,
      40.0048917
     ],
     [
      116.4840876,
      40.0035449
     ],
     [
      116.48334000000001,
      40.0031552
     ],
     [
      116.48077119999999,
      40.0019877
     ],
     [
      116.4788318,
      40.0011482
     ],
     [
      116.4766577,
      40.00100580000001
     ],
     [
      116.4762424,
      40.0010003
     ],
     [
      116.4754297,
      40.000997700000006
     ],
     [
      116.4745266,
      40.000974000000014
     ],
     [
      116.47328170000002,
      40.0009609
     ],
     [
      116.47001269999998,
      40.0009174
     ],
     [
      116.46954259999998,
      40.0009111
     ],
     [
      116.4679758,
      40.0004177
     ],
     [
      116.4633609,
      39.99670079999999
     ],
     [
      116.46276070000002,
      39.996191599999996
     ],
     [
      116.4623422,
      39.99600530000001
     ],
     [
      116.45677910000002,
      39.9959538
     ],
     [
      116.4508161,
      39.99581549999999
     ],
     [
      116.4489468,
      39.995762199999994
     ],
     [
      116.4471581,
      39.9955671
     ],
     [
      116.4444252,
      39.9948962
     ],
     [
      116.44387000000002,
      39.9947186
     ],
     [
      116.4404774,
      39.993953700000006
     ],
     [
      116.4377766,
      39.99371499999999
     ],
     [
      116.4341235,
      39.993476199999996
     ],
     [
      116.43284229999999,
      39.9935558
     ],
     [
      116.4322537,
      39.993675199999984
     ],
     [
      116.4315265,
      39.9943649
     ],
     [
      116.43067820000002,
      39.9955188
     ],
     [
      116.4301984,
      39.99731640000001
     ],
     [
      116.42953549999999,
      39.99839699999999
     ],
     [
      116.42889489999999,
      39.99904690000001
     ],
     [
      116.42783879999999,
      39.9995376
     ],
     [
      116.42589700000002,
      39.99972759999999
     ],
     [
      116.42511240000002,
      39.999811699999995
     ],
     [
      116.42420910000001,
      39.9999098
     ],
     [
      116.42306300000001,
      39.9999763
     ],
     [
      116.422295,
      40.0000785
     ],
     [
      116.4206152,
      40.00066180000001
     ],
     [
      116.4186718,
      40.001182299999996
     ],
     [
      116.41655930000002,
      40.0016248
     ],
     [
      116.4163567,
      40.001650399999995
     ],
     [
      116.4157941,
      40.00167640000001
     ],
     [
      116.41359210000002,
      40.0016479
     ],
     [
      116.41248020000002,
      40.0016262
     ],
     [
      116.4117444,
      40.0016118
     ],
     [
      116.41116829999999,
      40.00158570000001
     ],
     [
      116.4041715,
      40.001319099999996
     ],
     [
      116.40161610000001,
      40.0012521
     ],
     [
      116.40027460000002,
      40.00125070000001
     ],
     [
      116.3946158,
      40.0012141
     ],
     [
      116.3945412,
      40.001142
     ],
     [
      116.390446,
      40.001052
     ],
     [
      116.3895841,
      40.00103310000001
     ],
     [
      116.3861932,
      40.0010064
     ],
     [
      116.38533040000002,
      40.0009912
     ],
     [
      116.3844401,
      40.0009692
     ],
     [
      116.372937,
      40.000563299999996
     ],
     [
      116.3630658,
      40.000215000000004
     ],
     [
      116.3620549,
      40.00018959999999
     ],
     [
      116.36091260000002,
      40.000160799999996
     ],
     [
      116.36051380000002,
      40.00014920000001
     ],
     [
      116.3490988,
      39.9998177
     ],
     [
      116.3466403,
      39.99974379999999
     ],
     [
      116.34394770000002,
      39.99965679999999
     ],
     [
      116.3386276,
      39.9994753
     ],
     [
      116.33448200000001,
      39.9993338
     ],
     [
      116.33425340000001,
      39.999326
     ],
     [
      116.33362570000001,
      39.99931399999999
     ],
     [
      116.3327238,
      39.99929399999999
     ],
     [
      116.33254899999999,
      39.999290099999996
     ],
     [
      116.331,
      39.9992557
     ]
    ]
   },
   "properties": {
    "id": "CT-RAIL-17",
    "layer": "EXISTING_RAIL",
    "source_type": "osm",
    "confidence": "medium",
    "geometry_role": "existing_condition",
    "name_zh": "北京地铁15号线",
    "rail_kind": "subway",
    "attribution": "© OpenStreetMap contributors, ODbL 1.0",
    "official_boundary": false
   }
  },
  {
   "type": "Feature",
   "id": "CT-RAIL-18",
   "geometry": {
    "type": "LineString",
    "coordinates": [
     [
      116.3469724,
      39.94028059999999
     ],
     [
      116.34718809999998,
      39.9397138
     ]
    ]
   },
   "properties": {
    "id": "CT-RAIL-18",
    "layer": "EXISTING_RAIL",
    "source_type": "osm",
    "confidence": "medium",
    "geometry_role": "existing_condition",
    "name_zh": "13号线",
    "rail_kind": "subway",
    "attribution": "© OpenStreetMap contributors, ODbL 1.0",
    "official_boundary": false
   }
  },
  {
   "type": "Feature",
   "id": "CT-RAIL-19",
   "geometry": {
    "type": "LineString",
    "coordinates": [
     [
      116.34707110000001,
      39.94030459999998
     ],
     [
      116.3465728,
      39.9416209
     ],
     [
      116.3463313,
      39.9422551
     ],
     [
      116.3462506,
      39.94243869999998
     ],
     [
      116.3460778,
      39.94288790000001
     ],
     [
      116.34596270000002,
      39.94316779999998
     ],
     [
      116.3453275,
      39.94478839999999
     ],
     [
      116.3452326,
      39.945034
     ],
     [
      116.3451594,
      39.9452742
     ],
     [
      116.3451114,
      39.94561099999999
     ],
     [
      116.3450934,
      39.9459738
     ],
     [
      116.3451062,
      39.946233899999996
     ],
     [
      116.3451513,
      39.946496
     ],
     [
      116.34528289999999,
      39.9473161
     ],
     [
      116.34537409999999,
      39.947841100000005
     ],
     [
      116.3454673,
      39.9483619
     ],
     [
      116.3454978,
      39.94852199999999
     ],
     [
      116.3455153,
      39.9486957
     ],
     [
      116.34552100000002,
      39.9490075
     ],
     [
      116.3455167,
      39.9491573
     ],
     [
      116.34550519999999,
      39.94930659999999
     ],
     [
      116.34548900000001,
      39.9494449
     ],
     [
      116.3454604,
      39.949577799999986
     ],
     [
      116.3453892,
      39.9498337
     ],
     [
      116.3452529,
      39.9501592
     ],
     [
      116.34509569999999,
      39.950453200000005
     ],
     [
      116.3434819,
      39.953491099999994
     ],
     [
      116.34264380000002,
      39.9550012
     ],
     [
      116.3422182,
      39.9557639
     ],
     [
      116.3419732,
      39.9562157
     ],
     [
      116.3418051,
      39.9565511
     ],
     [
      116.341539,
      39.957123700000004
     ],
     [
      116.34137809999999,
      39.95745960000001
     ],
     [
      116.3411053,
      39.958002099999995
     ],
     [
      116.3405028,
      39.9590932
     ],
     [
      116.34038949999999,
      39.959312800000006
     ],
     [
      116.3402783,
      39.95953379999999
     ],
     [
      116.34009400000001,
      39.9599422
     ],
     [
      116.33994660000002,
      39.96034589999999
     ],
     [
      116.3398766,
      39.960553
     ],
     [
      116.3398147,
      39.960761299999994
     ],
     [
      116.33970090000001,
      39.96117539999999
     ],
     [
      116.3396501,
      39.961399799999995
     ],
     [
      116.33960669999999,
      39.96160570000001
     ],
     [
      116.3395474,
      39.96192330000001
     ],
     [
      116.339513,
      39.962227299999995
     ]
    ]
   },
   "properties": {
    "id": "CT-RAIL-19",
    "layer": "EXISTING_RAIL",
    "source_type": "osm",
    "confidence": "medium",
    "geometry_role": "existing_condition",
    "name_zh": "13号线",
    "rail_kind": "subway",
    "attribution": "© OpenStreetMap contributors, ODbL 1.0",
    "official_boundary": false
   }
  },
  {
   "type": "Feature",
   "id": "CT-RAIL-20",
   "geometry": {
    "type": "LineString",
    "coordinates": [
     [
      116.33947710000001,
      39.96222540000001
     ],
     [
      116.3395118,
      39.961917199999995
     ],
     [
      116.3395697,
      39.96160189999999
     ],
     [
      116.33961030000002,
      39.9613966
     ],
     [
      116.33966410000001,
      39.9611708
     ],
     [
      116.3397781,
      39.96075760000001
     ],
     [
      116.3398431,
      39.96054649999999
     ],
     [
      116.3399117,
      39.960336099999985
     ],
     [
      116.34005830000001,
      39.95993680000001
     ],
     [
      116.3402352,
      39.959518300000006
     ],
     [
      116.3403419,
      39.959303899999995
     ],
     [
      116.34045789999999,
      39.959079599999995
     ],
     [
      116.3410651,
      39.957988400000005
     ],
     [
      116.3412201,
      39.95768689999999
     ],
     [
      116.3413425,
      39.9574487
     ],
     [
      116.34150040000002,
      39.9571171
     ],
     [
      116.3417676,
      39.95653699999999
     ],
     [
      116.3419381,
      39.9562049
     ],
     [
      116.3421807,
      39.9557528
     ],
     [
      116.34260630000001,
      39.95498499999999
     ],
     [
      116.34345609999998,
      39.953485400000005
     ],
     [
      116.3450766,
      39.950446299999996
     ],
     [
      116.3452306,
      39.9501486
     ],
     [
      116.34536350000002,
      39.9498233
     ],
     [
      116.3454324,
      39.949577
     ],
     [
      116.3454663,
      39.949444199999995
     ],
     [
      116.3454843,
      39.94929789999998
     ],
     [
      116.34549020000001,
      39.94915369999999
     ],
     [
      116.34549829999999,
      39.94900639999999
     ],
     [
      116.34548810000001,
      39.94869210000001
     ],
     [
      116.3454694,
      39.94852780000001
     ],
     [
      116.34543950000001,
      39.94836419999999
     ],
     [
      116.34534910000002,
      39.94784119999999
     ],
     [
      116.345256,
      39.9473183
     ],
     [
      116.3451258,
      39.94650250000001
     ],
     [
      116.3450814,
      39.946233
     ],
     [
      116.345068,
      39.9459725
     ],
     [
      116.3450799,
      39.94560609999999
     ],
     [
      116.3451255,
      39.9452658
     ],
     [
      116.3451948,
      39.9450213
     ],
     [
      116.34528739999999,
      39.9447743
     ],
     [
      116.3458438,
      39.943350599999995
     ],
     [
      116.3459797,
      39.94298899999999
     ],
     [
      116.34613910000002,
      39.9425862
     ],
     [
      116.3462093,
      39.9424207
     ],
     [
      116.3462911,
      39.94223659999999
     ],
     [
      116.3464291,
      39.9416932
     ],
     [
      116.3469724,
      39.94028059999999
     ]
    ]
   },
   "properties": {
    "id": "CT-RAIL-20",
    "layer": "EXISTING_RAIL",
    "source_type": "osm",
    "confidence": "medium",
    "geometry_role": "existing_condition",
    "name_zh": "13号线",
    "rail_kind": "subway",
    "attribution": "© OpenStreetMap contributors, ODbL 1.0",
    "official_boundary": false
   }
  },
  {
   "type": "Feature",
   "id": "CT-RAIL-21",
   "geometry": {
    "type": "LineString",
    "coordinates": [
     [
      116.44565000000001,
      39.9681704
     ],
     [
      116.443776,
      39.96948000000001
     ],
     [
      116.44206230000002,
      39.9707283
     ],
     [
      116.44122410000001,
      39.9713492
     ],
     [
      116.4362529,
      39.97492349999999
     ],
     [
      116.43518229999998,
      39.975268299999996
     ],
     [
      116.4343756,
      39.9754242
     ],
     [
      116.433318,
      39.9755598
     ],
     [
      116.4324717,
      39.97571270000001
     ],
     [
      116.43160619999999,
      39.97577150000001
     ],
     [
      116.43042250000002,
      39.9758441
     ],
     [
      116.42729060000002,
      39.975865299999995
     ],
     [
      116.4240736,
      39.975887
     ],
     [
      116.4171824,
      39.9758211
     ],
     [
      116.4124085,
      39.97571209999999
     ],
     [
      116.41124050000002,
      39.97568999999999
     ],
     [
      116.41050310000001,
      39.9756837
     ],
     [
      116.4070023,
      39.9757321
     ],
     [
      116.40092419999999,
      39.975815999999995
     ],
     [
      116.3991827,
      39.9758069
     ],
     [
      116.39832699999998,
      39.975808199999996
     ],
     [
      116.38796319999999,
      39.9757484
     ],
     [
      116.38690250000002,
      39.9757408
     ],
     [
      116.3858775,
      39.975680899999986
     ],
     [
      116.38221400000002,
      39.97564740000001
     ],
     [
      116.38051479999999,
      39.97556029999999
     ],
     [
      116.37748050000002,
      39.975229799999994
     ],
     [
      116.37642789999998,
      39.97515129999999
     ],
     [
      116.37493939999999,
      39.975141099999995
     ],
     [
      116.37323910000002,
      39.975132800000004
     ],
     [
      116.3646786,
      39.9749825
     ],
     [
      116.3630791,
      39.974965
     ],
     [
      116.3477606,
      39.9749496
     ],
     [
      116.3467265,
      39.974944300000004
     ],
     [
      116.3456238,
      39.97501270000001
     ],
     [
      116.3439634,
      39.9750796
     ],
     [
      116.3435029,
      39.97517539999998
     ],
     [
      116.342634,
      39.97522049999999
     ],
     [
      116.34204830000002,
      39.9752224
     ],
     [
      116.34198889999999,
      39.97522260000001
     ],
     [
      116.336838,
      39.975238999999995
     ],
     [
      116.33578949999999,
      39.975234
     ],
     [
      116.33351899999998,
      39.9752108
     ],
     [
      116.3275415,
      39.975079999999984
     ],
     [
      116.3229298,
      39.9749955
     ],
     [
      116.31764859999998,
      39.9748834
     ],
     [
      116.31237,
      39.974765500000004
     ],
     [
      116.3115151,
      39.974732100000004
     ],
     [
      116.3001941,
      39.9743915
     ],
     [
      116.2993342,
      39.974362699999986
     ],
     [
      116.29780850000002,
      39.974221299999996
     ],
     [
      116.29666569999999,
      39.97398549999999
     ],
     [
      116.29523570000002,
      39.97368159999999
     ],
     [
      116.29396790000001,
      39.9735548
     ],
     [
      116.2894514,
      39.97340119999999
     ],
     [
      116.28897610000001,
      39.973389999999995
     ],
     [
      116.2884523,
      39.97337149999999
     ],
     [
      116.28751770000001,
      39.9733177
     ],
     [
      116.2865209,
      39.973261300000004
     ]
    ]
   },
   "properties": {
    "id": "CT-RAIL-21",
    "layer": "EXISTING_RAIL",
    "source_type": "osm",
    "confidence": "medium",
    "geometry_role": "existing_condition",
    "name_zh": "既有轨道/铁路",
    "rail_kind": "subway",
    "attribution": "© OpenStreetMap contributors, ODbL 1.0",
    "official_boundary": false
   }
  },
  {
   "type": "Feature",
   "id": "CT-RAIL-22",
   "geometry": {
    "type": "LineString",
    "coordinates": [
     [
      116.2865211,
      39.973234
     ],
     [
      116.28751949999999,
      39.973290899999995
     ],
     [
      116.2884546,
      39.973344100000006
     ],
     [
      116.28897459999999,
      39.9733606
     ],
     [
      116.2894542,
      39.9733712
     ],
     [
      116.29397480000002,
      39.973510399999995
     ],
     [
      116.2952408,
      39.97364189999998
     ],
     [
      116.2966772,
      39.973940999999996
     ],
     [
      116.2978197,
      39.97418030000001
     ],
     [
      116.2993319,
      39.974325799999995
     ],
     [
      116.300193,
      39.9743528
     ],
     [
      116.3115282,
      39.9746999
     ],
     [
      116.31237290000001,
      39.97473020000001
     ],
     [
      116.3229323,
      39.97490899999999
     ],
     [
      116.3275407,
      39.97499859999999
     ],
     [
      116.33351050000002,
      39.97509809999999
     ],
     [
      116.3347789,
      39.975018899999995
     ],
     [
      116.3357849,
      39.975023699999994
     ],
     [
      116.33685039999999,
      39.97503019999999
     ],
     [
      116.34208289999998,
      39.9750072
     ],
     [
      116.3433764,
      39.97496619999999
     ],
     [
      116.34402460000001,
      39.97490539999999
     ],
     [
      116.3453001,
      39.9748352
     ],
     [
      116.34584629999999,
      39.9748051
     ],
     [
      116.34672159999998,
      39.9747935
     ],
     [
      116.34775660000001,
      39.9748033
     ],
     [
      116.36308420000002,
      39.974843000000014
     ],
     [
      116.3648879,
      39.9748665
     ],
     [
      116.3669117,
      39.974882099999995
     ],
     [
      116.3686013,
      39.9749603
     ],
     [
      116.3732249,
      39.9750277
     ],
     [
      116.37493499999998,
      39.9750272
     ],
     [
      116.37623250000001,
      39.9750409
     ],
     [
      116.3764316,
      39.97504299999999
     ],
     [
      116.37749820000002,
      39.97512549999999
     ],
     [
      116.3805144,
      39.9754692
     ],
     [
      116.3822169,
      39.97557030000001
     ],
     [
      116.3858782,
      39.97559470000001
     ],
     [
      116.3879627,
      39.97561389999999
     ],
     [
      116.3895261,
      39.9756325
     ],
     [
      116.3907331,
      39.975722899999994
     ],
     [
      116.39843850000001,
      39.9757892
     ],
     [
      116.3991851,
      39.9757844
     ],
     [
      116.4009232,
      39.975784
     ],
     [
      116.4105041,
      39.975648299999996
     ],
     [
      116.41124179999998,
      39.97565620000001
     ],
     [
      116.41240950000001,
      39.9756733
     ],
     [
      116.41631,
      39.975764999999996
     ],
     [
      116.41686990000001,
      39.97577570000001
     ],
     [
      116.4240748,
      39.9758277
     ],
     [
      116.4305273,
      39.97568999999999
     ],
     [
      116.43158970000002,
      39.97562829999998
     ],
     [
      116.4324647,
      39.9755704
     ],
     [
      116.4332775,
      39.9754026
     ],
     [
      116.43437030000001,
      39.9752358
     ],
     [
      116.43512940000001,
      39.97508799999999
     ],
     [
      116.43613780000001,
      39.9748214
     ],
     [
      116.44029010000001,
      39.971885499999985
     ],
     [
      116.4411408,
      39.9712528
     ],
     [
      116.44195020000001,
      39.9706428
     ],
     [
      116.44366410000002,
      39.9693918
     ],
     [
      116.4455533,
      39.9680893
     ]
    ]
   },
   "properties": {
    "id": "CT-RAIL-22",
    "layer": "EXISTING_RAIL",
    "source_type": "osm",
    "confidence": "medium",
    "geometry_role": "existing_condition",
    "name_zh": "既有轨道/铁路",
    "rail_kind": "subway",
    "attribution": "© OpenStreetMap contributors, ODbL 1.0",
    "official_boundary": false
   }
  },
  {
   "type": "Feature",
   "id": "CT-RAIL-23",
   "geometry": {
    "type": "LineString",
    "coordinates": [
     [
      116.38620890000001,
      40.01339599999999
     ],
     [
      116.386122,
      40.0140695
     ],
     [
      116.38610230000002,
      40.0143779
     ],
     [
      116.3860105,
      40.01522169999999
     ],
     [
      116.3858437,
      40.01579220000001
     ],
     [
      116.3855919,
      40.0161133
     ],
     [
      116.3846691,
      40.016732700000006
     ],
     [
      116.3779004,
      40.019773099999995
     ],
     [
      116.37576990000001,
      40.0202914
     ],
     [
      116.36774930000001,
      40.02053360000001
     ],
     [
      116.366792,
      40.020547399999984
     ],
     [
      116.3657135,
      40.0205557
     ],
     [
      116.36389369999999,
      40.0208346
     ],
     [
      116.36288920000001,
      40.0212234
     ],
     [
      116.3531806,
      40.02630950000001
     ],
     [
      116.35261159999999,
      40.0267273
     ],
     [
      116.35194190000001,
      40.0278405
     ],
     [
      116.35150729999998,
      40.0291464
     ],
     [
      116.3486012,
      40.035265800000005
     ],
     [
      116.3482692,
      40.036674399999995
     ],
     [
      116.34746970000002,
      40.04029189999999
     ],
     [
      116.34674540000002,
      40.042373100000006
     ],
     [
      116.34509089999999,
      40.046058
     ],
     [
      116.3447897,
      40.0467172
     ]
    ]
   },
   "properties": {
    "id": "CT-RAIL-23",
    "layer": "EXISTING_RAIL",
    "source_type": "osm",
    "confidence": "medium",
    "geometry_role": "existing_condition",
    "name_zh": "8号线",
    "rail_kind": "subway",
    "attribution": "© OpenStreetMap contributors, ODbL 1.0",
    "official_boundary": false
   }
  },
  {
   "type": "Feature",
   "id": "CT-RAIL-24",
   "geometry": {
    "type": "LineString",
    "coordinates": [
     [
      116.2642539,
      40.007803300000006
     ],
     [
      116.26481540000002,
      40.006139600000004
     ],
     [
      116.2655785,
      40.004630799999994
     ],
     [
      116.2665677,
      40.0033155
     ],
     [
      116.26752469999998,
      40.002426899999996
     ],
     [
      116.26845,
      40.0018248
     ],
     [
      116.2694443,
      40.00144370000001
     ],
     [
      116.2713357,
      40.001160999999996
     ],
     [
      116.2725798,
      40.0009594
     ],
     [
      116.27284790000002,
      40.000918899999995
     ],
     [
      116.27312120000002,
      40.00086889999999
     ],
     [
      116.27346899999999,
      40.0007878
     ],
     [
      116.28342680000002,
      39.9974117
     ],
     [
      116.2855053,
      39.9966504
     ],
     [
      116.28796890000001,
      39.9957954
     ],
     [
      116.28872760000002,
      39.9956408
     ],
     [
      116.2894719,
      39.99557510000001
     ],
     [
      116.29916919999998,
      39.99618819999998
     ],
     [
      116.2998572,
      39.9963055
     ],
     [
      116.3004297,
      39.996518099999996
     ],
     [
      116.30093240000001,
      39.9968327
     ],
     [
      116.3021354,
      39.99767429999999
     ],
     [
      116.30249219999999,
      39.9978898
     ],
     [
      116.3028945,
      39.9980383
     ],
     [
      116.3037029,
      39.9982429
     ],
     [
      116.30452999999999,
      39.998426
     ],
     [
      116.30517590000001,
      39.9985246
     ],
     [
      116.3057241,
      39.998560999999995
     ],
     [
      116.30608239999998,
      39.9985539
     ],
     [
      116.30645009999999,
      39.9985332
     ],
     [
      116.3068536,
      39.99849329999999
     ],
     [
      116.30725810000001,
      39.9984161
     ],
     [
      116.30767470000002,
      39.9982858
     ],
     [
      116.3081343,
      39.9980822
     ],
     [
      116.3086308,
      39.997798
     ],
     [
      116.3090451,
      39.997411699999994
     ],
     [
      116.3094502,
      39.99691479999999
     ],
     [
      116.30967659999999,
      39.996260699999986
     ],
     [
      116.30984369999999,
      39.99549809999999
     ],
     [
      116.30978690000002,
      39.99473949999999
     ],
     [
      116.3095911,
      39.993580399999985
     ],
     [
      116.30948060000001,
      39.9928809
     ],
     [
      116.3094532,
      39.9925366
     ],
     [
      116.30946650000001,
      39.992173
     ],
     [
      116.30959410000001,
      39.99080740000001
     ],
     [
      116.3096516,
      39.9901621
     ],
     [
      116.3102137,
      39.983331099999994
     ],
     [
      116.31025380000001,
      39.98269249999999
     ],
     [
      116.3102947,
      39.98200879999999
     ],
     [
      116.310409,
      39.98054519999999
     ],
     [
      116.3106199,
      39.977844999999995
     ],
     [
      116.31070209999999,
      39.9771457
     ],
     [
      116.3108633,
      39.9764633
     ],
     [
      116.31119700000002,
      39.975306399999994
     ],
     [
      116.3114265,
      39.9747124
     ],
     [
      116.31168139999998,
      39.97405299999999
     ],
     [
      116.3119912,
      39.97336289999999
     ],
     [
      116.31440319999999,
      39.9684394
     ],
     [
      116.31513819999999,
      39.9670029
     ],
     [
      116.3154129,
      39.96636540000001
     ],
     [
      116.3156202,
      39.96575800000001
     ],
     [
      116.3158379,
      39.9651175
     ],
     [
      116.31614150000001,
      39.96400589999999
     ],
     [
      116.3163363,
      39.96301269999999
     ],
     [
      116.3164975,
      39.96196030000001
     ],
     [
      116.3166226,
      39.9604989
     ],
     [
      116.3169924,
      39.95697499999999
     ],
     [
      116.31706760000002,
      39.95633419999999
     ],
     [
      116.31714419999999,
      39.9556934
     ],
     [
      116.31778599999998,
      39.9502421
     ],
     [
      116.3184178,
      39.9452529
     ],
     [
      116.3185359,
      39.94436660000001
     ],
     [
      116.31877690000002,
      39.94248710000001
     ],
     [
      116.318865,
      39.941823599999985
     ],
     [
      116.318952,
      39.94115339999999
     ],
     [
      116.3190299,
      39.940474099999996
     ],
     [
      116.3191341,
      39.9397666
     ],
     [
      116.3191789,
      39.93946410000001
     ],
     [
      116.3194206,
      39.938794
     ],
     [
      116.31973840000002,
      39.9383047
     ],
     [
      116.32030319999998,
      39.937866199999995
     ],
     [
      116.3208922,
      39.9375625
     ],
     [
      116.321837,
      39.9373292
     ],
     [
      116.32324100000001,
      39.937137099999994
     ],
     [
      116.324879,
      39.9369995
     ],
     [
      116.32693370000001,
      39.93687030000001
     ],
     [
      116.32885780000001,
      39.93677269999999
     ],
     [
      116.33008750000002,
      39.936774799999995
     ],
     [
      116.3318905,
      39.93685200000001
     ],
     [
      116.3327167,
      39.9368863
     ],
     [
      116.3347255,
      39.936981599999996
     ],
     [
      116.3376245,
      39.93713249999999
     ],
     [
      116.3387244,
      39.937227299999996
     ],
     [
      116.33975400000001,
      39.937473399999995
     ],
     [
      116.3419329,
      39.938169300000006
     ],
     [
      116.3428223,
      39.9384015
     ],
     [
      116.34372120000002,
      39.93856339999999
     ],
     [
      116.34671930000002,
      39.93895320000001
     ],
     [
      116.3470372,
      39.938987899999994
     ],
     [
      116.34733980000001,
      39.9390168
     ],
     [
      116.3475569,
      39.939034
     ],
     [
      116.34775599999999,
      39.93904719999999
     ],
     [
      116.34800850000002,
      39.9390568
     ],
     [
      116.3482483,
      39.9390625
     ],
     [
      116.3493268,
      39.939092699999996
     ],
     [
      116.3503022,
      39.9391193
     ],
     [
      116.35755380000002,
      39.9393031
     ],
     [
      116.3596077,
      39.9393642
     ],
     [
      116.3605107,
      39.93938080000001
     ],
     [
      116.36134370000002,
      39.939381100000006
     ],
     [
      116.36218089999998,
      39.93938479999999
     ],
     [
      116.3628834,
      39.939332199999996
     ],
     [
      116.3636701,
      39.9391484
     ],
     [
      116.36441609999999,
      39.938844700000004
     ],
     [
      116.3651074,
      39.9384121
     ],
     [
      116.3652412,
      39.938304699999996
     ],
     [
      116.3653886,
      39.9381792
     ],
     [
      116.3655134,
      39.9380616
     ],
     [
      116.3656562,
      39.937891199999996
     ],
     [
      116.36575650000002,
      39.937738799999984
     ],
     [
      116.3659877,
      39.9372938
     ],
     [
      116.366193,
      39.93679929999998
     ],
     [
      116.36634939999999,
      39.936172899999995
     ],
     [
      116.36642350000001,
      39.935665900000004
     ],
     [
      116.3663564,
      39.93383119999999
     ],
     [
      116.3663949,
      39.932317700000006
     ],
     [
      116.36642499999999,
      39.931408600000005
     ],
     [
      116.36671780000002,
      39.92255409999999
     ],
     [
      116.36673250000001,
      39.921951899999996
     ],
     [
      116.36694400000002,
      39.91870169999999
     ],
     [
      116.36714800000001,
      39.91556769999999
     ],
     [
      116.3671636,
      39.9149476
     ],
     [
      116.36718110000001,
      39.91434319999998
     ]
    ]
   },
   "properties": {
    "id": "CT-RAIL-24",
    "layer": "EXISTING_RAIL",
    "source_type": "osm",
    "confidence": "medium",
    "geometry_role": "existing_condition",
    "name_zh": "北京地铁4号线",
    "rail_kind": "subway",
    "attribution": "© OpenStreetMap contributors, ODbL 1.0",
    "official_boundary": false
   }
  },
  {
   "type": "Feature",
   "id": "CT-RAIL-25",
   "geometry": {
    "type": "LineString",
    "coordinates": [
     [
      116.36737939999999,
      39.914283499999996
     ],
     [
      116.3673627,
      39.91488970000001
     ],
     [
      116.36734580000001,
      39.915509
     ],
     [
      116.3669286,
      39.9218901
     ],
     [
      116.36691799999998,
      39.92256189999999
     ],
     [
      116.3665966,
      39.93225720000001
     ],
     [
      116.36656060000001,
      39.93377859999999
     ],
     [
      116.36663109999999,
      39.9356072
     ],
     [
      116.3665574,
      39.936129199999996
     ],
     [
      116.3663987,
      39.9367694
     ],
     [
      116.3661845,
      39.937285599999996
     ],
     [
      116.36580990000002,
      39.9379151
     ],
     [
      116.36571180000001,
      39.9380423
     ],
     [
      116.36561730000001,
      39.93814149999999
     ],
     [
      116.365475,
      39.93828730000001
     ],
     [
      116.36526270000002,
      39.9384547
     ],
     [
      116.36453970000001,
      39.938907
     ],
     [
      116.36376040000002,
      39.93922430000001
     ],
     [
      116.36293750000002,
      39.9394166
     ],
     [
      116.3622158,
      39.9394707
     ],
     [
      116.36135759999999,
      39.9394726
     ],
     [
      116.360529,
      39.939474499999996
     ],
     [
      116.35990310000001,
      39.93946369999999
     ],
     [
      116.3565922,
      39.9393813
     ],
     [
      116.3502953,
      39.93920550000001
     ],
     [
      116.34932330000001,
      39.93917309999999
     ],
     [
      116.3482437,
      39.9391455
     ],
     [
      116.3473416,
      39.93909099999999
     ],
     [
      116.3467079,
      39.939023500000005
     ],
     [
      116.3437004,
      39.9386507
     ],
     [
      116.3429413,
      39.9385037
     ],
     [
      116.34279450000001,
      39.938465000000015
     ],
     [
      116.34187910000001,
      39.9382494
     ],
     [
      116.3397026,
      39.93755430000001
     ],
     [
      116.33869970000002,
      39.9373146
     ],
     [
      116.33762290000001,
      39.93722170000001
     ],
     [
      116.3339586,
      39.937031
     ],
     [
      116.33272890000002,
      39.9369733
     ],
     [
      116.33008300000002,
      39.936892
     ],
     [
      116.32888380000001,
      39.93690619999999
     ],
     [
      116.3269779,
      39.9370235
     ],
     [
      116.3249213,
      39.937153599999995
     ],
     [
      116.32327160000001,
      39.9373173
     ],
     [
      116.3220224,
      39.93748730000001
     ],
     [
      116.32123970000002,
      39.9376594
     ],
     [
      116.3206188,
      39.9379569
     ],
     [
      116.3200662,
      39.9383404
     ],
     [
      116.31974000000001,
      39.9388767
     ],
     [
      116.3195685,
      39.93952929999999
     ],
     [
      116.319333,
      39.9409853
     ],
     [
      116.31931219999998,
      39.941114000000006
     ],
     [
      116.3192244,
      39.941783099999995
     ],
     [
      116.3191365,
      39.94245199999999
     ],
     [
      116.31890269999998,
      39.94433599999999
     ],
     [
      116.3187891,
      39.94522289999999
     ],
     [
      116.3181092,
      39.9502044
     ],
     [
      116.3173643,
      39.95564149999999
     ],
     [
      116.3172894,
      39.95628549999999
     ],
     [
      116.31721430000002,
      39.95693190000001
     ],
     [
      116.31679280000002,
      39.960997
     ],
     [
      116.3166964,
      39.9619266
     ],
     [
      116.316553,
      39.9629681
     ],
     [
      116.31635120000001,
      39.963981999999994
     ],
     [
      116.3160439,
      39.96508909999999
     ],
     [
      116.3158285,
      39.96572700000001
     ],
     [
      116.31562039999999,
      39.96634300000001
     ],
     [
      116.3154447,
      39.96676909999999
     ],
     [
      116.3145734,
      39.96844909999999
     ],
     [
      116.31219650000001,
      39.9733505
     ],
     [
      116.31189199999999,
      39.9740365
     ],
     [
      116.3116313,
      39.97471879999999
     ],
     [
      116.31141,
      39.9752893
     ],
     [
      116.31106470000002,
      39.9764162
     ],
     [
      116.31092170000001,
      39.977100799999995
     ],
     [
      116.3108375,
      39.977797
     ],
     [
      116.3105174,
      39.9819548
     ],
     [
      116.3104743,
      39.9826335
     ],
     [
      116.31043329999999,
      39.98327990000001
     ],
     [
      116.31040749999998,
      39.98359829999999
     ],
     [
      116.31028209999998,
      39.985146
     ],
     [
      116.30987930000002,
      39.99011660000001
     ],
     [
      116.30981670000001,
      39.9907513
     ],
     [
      116.3096753,
      39.992201800000004
     ],
     [
      116.3096704,
      39.9925267
     ],
     [
      116.30969330000002,
      39.9928657
     ],
     [
      116.3097994,
      39.993550799999994
     ],
     [
      116.3100269,
      39.9947176
     ],
     [
      116.31011250000002,
      39.995487600000004
     ],
     [
      116.31000950000002,
      39.9963276
     ],
     [
      116.30978040000001,
      39.99702200000001
     ],
     [
      116.3093467,
      39.9975749
     ],
     [
      116.3087845,
      39.9980165
     ],
     [
      116.3082672,
      39.99831359999999
     ],
     [
      116.30763570000002,
      39.9985323
     ],
     [
      116.307053,
      39.99864770000001
     ],
     [
      116.30649000000001,
      39.99869
     ],
     [
      116.3058556,
      39.9986795
     ],
     [
      116.3051734,
      39.998617599999996
     ],
     [
      116.30450560000001,
      39.998525699999995
     ],
     [
      116.303657,
      39.9983344
     ],
     [
      116.3028274,
      39.9981338
     ],
     [
      116.30241770000002,
      39.99796609999999
     ],
     [
      116.302048,
      39.9977476
     ],
     [
      116.3008527,
      39.99690759999999
     ],
     [
      116.3003592,
      39.99659569999999
     ],
     [
      116.29981179999999,
      39.9963982
     ],
     [
      116.29915479999998,
      39.99627999999999
     ],
     [
      116.29067119999999,
      39.9957437
     ],
     [
      116.28949130000001,
      39.99566909999999
     ],
     [
      116.2887814,
      39.99573170000001
     ],
     [
      116.2880486,
      39.995881
     ],
     [
      116.2855641,
      39.99674519999999
     ],
     [
      116.28352640000001,
      39.99748509999999
     ],
     [
      116.27356440000001,
      40.00087249999999
     ],
     [
      116.2732022,
      40.0009577
     ],
     [
      116.2729159,
      40.0010106
     ],
     [
      116.2726174,
      40.00105660000001
     ],
     [
      116.271385,
      40.00124379999999
     ],
     [
      116.26951410000001,
      40.001534799999995
     ],
     [
      116.26855730000001,
      40.0018855
     ],
     [
      116.267649,
      40.002473099999996
     ],
     [
      116.2667226,
      40.003336700000006
     ],
     [
      116.26573670000002,
      40.004629800000004
     ],
     [
      116.26492250000001,
      40.00611750000001
     ],
     [
      116.264332,
      40.007746
     ]
    ]
   },
   "properties": {
    "id": "CT-RAIL-25",
    "layer": "EXISTING_RAIL",
    "source_type": "osm",
    "confidence": "medium",
    "geometry_role": "existing_condition",
    "name_zh": "北京地铁4号线",
    "rail_kind": "subway",
    "attribution": "© OpenStreetMap contributors, ODbL 1.0",
    "official_boundary": false
   }
  },
  {
   "type": "Feature",
   "id": "CT-RAIL-26",
   "geometry": {
    "type": "LineString",
    "coordinates": [
     [
      116.3309992,
      39.9992234
     ],
     [
      116.33254830000001,
      39.999266799999994
     ],
     [
      116.3327213,
      39.99927160000001
     ],
     [
      116.33296510000001,
      39.9992784
     ],
     [
      116.33362629999999,
      39.999296999999984
     ],
     [
      116.33425300000002,
      39.999309000000004
     ],
     [
      116.33434729999999,
      39.99931120000001
     ],
     [
      116.3425507,
      39.9994916
     ],
     [
      116.34259430000002,
      39.99949269999999
     ],
     [
      116.34267260000001,
      39.9994946
     ],
     [
      116.3457492,
      39.999573799999986
     ],
     [
      116.3466443,
      39.9995994
     ],
     [
      116.3489454,
      39.9996694
     ],
     [
      116.3502518,
      39.999702600000006
     ],
     [
      116.3580459,
      39.9999402
     ],
     [
      116.36093399999999,
      40.000028299999975
     ],
     [
      116.3620457,
      40.0000584
     ],
     [
      116.36309650000001,
      40.00008689999999
     ],
     [
      116.38446819999999,
      40.00076039999999
     ],
     [
      116.38532659999998,
      40.000769399999996
     ],
     [
      116.386198,
      40.0007938
     ],
     [
      116.38958629999999,
      40.0009024
     ],
     [
      116.3945498,
      40.0010372
     ],
     [
      116.4003946,
      40.0010957
     ],
     [
      116.4016093,
      40.00111820000001
     ],
     [
      116.40295719999999,
      40.0011676
     ],
     [
      116.40907880000002,
      40.0013862
     ],
     [
      116.4111559,
      40.00146039999999
     ],
     [
      116.41173560000001,
      40.0014811
     ],
     [
      116.4124735,
      40.00149479999999
     ],
     [
      116.4135597,
      40.0015149
     ],
     [
      116.4157941,
      40.0015779
     ],
     [
      116.416547,
      40.001521600000004
     ],
     [
      116.41862890000002,
      40.001091599999995
     ],
     [
      116.41872370000002,
      40.001066899999984
     ],
     [
      116.4206042,
      40.0005767
     ],
     [
      116.42213929999998,
      40.000043299999994
     ],
     [
      116.422236,
      40.00000970000001
     ],
     [
      116.4228378,
      39.999927
     ],
     [
      116.4241813,
      39.999787399999995
     ],
     [
      116.4251096,
      39.9996862
     ],
     [
      116.4258589,
      39.9996007
     ],
     [
      116.4277652,
      39.9993934
     ],
     [
      116.4288213,
      39.9989093
     ],
     [
      116.42933200000002,
      39.9983854
     ],
     [
      116.4300679,
      39.997278
     ],
     [
      116.43046610000002,
      39.9955139
     ],
     [
      116.4313144,
      39.9943202
     ],
     [
      116.4321541,
      39.9935973
     ],
     [
      116.4328207,
      39.9934315
     ],
     [
      116.43405850000002,
      39.9933387
     ],
     [
      116.4404817,
      39.99383610000001
     ],
     [
      116.4438798,
      39.99468079999999
     ],
     [
      116.4445505,
      39.994856399999996
     ],
     [
      116.4471669,
      39.99553409999999
     ],
     [
      116.4489504,
      39.99573120000001
     ],
     [
      116.45081670000002,
      39.995782200000015
     ],
     [
      116.4567786,
      39.9959126
     ],
     [
      116.4623502,
      39.9959502
     ],
     [
      116.46264229999998,
      39.99605720000001
     ],
     [
      116.462822,
      39.996123100000005
     ],
     [
      116.46342770000001,
      39.996652399999995
     ],
     [
      116.46802490000002,
      40.0003387
     ],
     [
      116.4695459,
      40.0008177
     ],
     [
      116.47541580000001,
      40.00089979999999
     ],
     [
      116.47666900000002,
      40.0009101
     ],
     [
      116.4788565,
      40.0010726
     ],
     [
      116.48081570000001,
      40.0019105
     ],
     [
      116.48416870000001,
      40.00346679999999
     ],
     [
      116.4854758,
      40.004834599999995
     ],
     [
      116.4863713,
      40.0065388
     ],
     [
      116.48709190000001,
      40.00903189999999
     ],
     [
      116.48736030000002,
      40.01226549999999
     ],
     [
      116.48697909999999,
      40.0171556
     ],
     [
      116.48687280000001,
      40.01975509999999
     ],
     [
      116.4868449,
      40.02056869999999
     ],
     [
      116.48683050000001,
      40.0213342
     ],
     [
      116.48667870000001,
      40.0264056
     ],
     [
      116.48665130000002,
      40.0273201
     ],
     [
      116.4866293,
      40.0282574
     ],
     [
      116.4867167,
      40.0292005
     ],
     [
      116.48689620000002,
      40.0298881
     ],
     [
      116.4871004,
      40.03030510000001
     ],
     [
      116.4874002,
      40.03067359999999
     ],
     [
      116.4878829,
      40.03103769999999
     ],
     [
      116.4884688,
      40.03135979999999
     ],
     [
      116.48916770000001,
      40.0316689
     ],
     [
      116.4898925,
      40.031855099999994
     ],
     [
      116.4906778,
      40.03200180000001
     ],
     [
      116.4928393,
      40.03212249999999
     ],
     [
      116.4947802,
      40.032240300000005
     ],
     [
      116.49573820000002,
      40.0323062
     ],
     [
      116.4969769,
      40.032356300000004
     ],
     [
      116.4981851,
      40.03241760000001
     ],
     [
      116.4993704,
      40.0324833
     ],
     [
      116.5076001,
      40.032973799999986
     ],
     [
      116.511001,
      40.0331765
     ],
     [
      116.51593709999999,
      40.03339509999999
     ],
     [
      116.51754649999998,
      40.03349359999999
     ],
     [
      116.51874110000001,
      40.033599
     ],
     [
      116.5199362,
      40.033852
     ],
     [
      116.520776,
      40.0340919
     ],
     [
      116.5215193,
      40.0343682
     ]
    ]
   },
   "properties": {
    "id": "CT-RAIL-26",
    "layer": "EXISTING_RAIL",
    "source_type": "osm",
    "confidence": "medium",
    "geometry_role": "existing_condition",
    "name_zh": "北京地铁15号线",
    "rail_kind": "subway",
    "attribution": "© OpenStreetMap contributors, ODbL 1.0",
    "official_boundary": false
   }
  },
  {
   "type": "Feature",
   "id": "CT-RAIL-27",
   "geometry": {
    "type": "LineString",
    "coordinates": [
     [
      116.34445069999998,
      39.9521748
     ],
     [
      116.34470500000002,
      39.951788399999984
     ],
     [
      116.34476360000001,
      39.9517001
     ],
     [
      116.34488530000002,
      39.95150700000001
     ],
     [
      116.34533540000001,
      39.9506913
     ],
     [
      116.3457112,
      39.9500054
     ],
     [
      116.34581120000001,
      39.9498266
     ],
     [
      116.3459103,
      39.9496129
     ],
     [
      116.34592850000001,
      39.9495647
     ]
    ]
   },
   "properties": {
    "id": "CT-RAIL-27",
    "layer": "EXISTING_RAIL",
    "source_type": "osm",
    "confidence": "medium",
    "geometry_role": "existing_condition",
    "name_zh": "既有轨道/铁路",
    "rail_kind": "rail",
    "attribution": "© OpenStreetMap contributors, ODbL 1.0",
    "official_boundary": false
   }
  },
  {
   "type": "Feature",
   "id": "CT-RAIL-28",
   "geometry": {
    "type": "LineString",
    "coordinates": [
     [
      116.3473181,
      39.9399979
     ],
     [
      116.34715050000001,
      39.940429099999996
     ]
    ]
   },
   "properties": {
    "id": "CT-RAIL-28",
    "layer": "EXISTING_RAIL",
    "source_type": "osm",
    "confidence": "medium",
    "geometry_role": "existing_condition",
    "name_zh": "13号线",
    "rail_kind": "subway",
    "attribution": "© OpenStreetMap contributors, ODbL 1.0",
    "official_boundary": false
   }
  },
  {
   "type": "Feature",
   "id": "CT-RAIL-29",
   "geometry": {
    "type": "LineString",
    "coordinates": [
     [
      116.38629829999999,
      40.0133982
     ],
     [
      116.3862226,
      40.0140613
     ],
     [
      116.38613060000002,
      40.0152593
     ],
     [
      116.385967,
      40.0158636
     ],
     [
      116.38573039999999,
      40.0161116
     ],
     [
      116.38473219999999,
      40.016787799999996
     ],
     [
      116.3779405,
      40.0198375
     ],
     [
      116.3757642,
      40.020371899999994
     ],
     [
      116.36775920000001,
      40.0206527
     ],
     [
      116.36678800000001,
      40.0206718
     ],
     [
      116.36573560000001,
      40.0206805
     ],
     [
      116.36390600000001,
      40.0208984
     ],
     [
      116.36292330000002,
      40.0212637
     ],
     [
      116.3533503,
      40.026286199999994
     ],
     [
      116.3527537,
      40.026724200000004
     ],
     [
      116.3520675,
      40.0278649
     ],
     [
      116.35163139999999,
      40.0291752
     ],
     [
      116.3503298,
      40.031935399999995
     ],
     [
      116.3498432,
      40.03290869999999
     ],
     [
      116.34872359999999,
      40.03529830000001
     ],
     [
      116.34851749999999,
      40.0361819
     ],
     [
      116.3484,
      40.03668570000001
     ],
     [
      116.3475908,
      40.04032959999999
     ],
     [
      116.3468695,
      40.0424023
     ],
     [
      116.34521680000002,
      40.04608300000001
     ],
     [
      116.344649,
      40.0473034
     ],
     [
      116.3413251,
      40.0568374
     ],
     [
      116.34123650000001,
      40.057381499999984
     ],
     [
      116.34118,
      40.0583464
     ],
     [
      116.3407202,
      40.062706999999996
     ],
     [
      116.34082429999998,
      40.06304479999999
     ],
     [
      116.3410275,
      40.06338250000001
     ],
     [
      116.3418372,
      40.063970899999994
     ],
     [
      116.35007610000001,
      40.0687101
     ],
     [
      116.3523227,
      40.06948870000001
     ],
     [
      116.3539423,
      40.07044100000001
     ],
     [
      116.35669010000001,
      40.072036999999995
     ],
     [
      116.3572939,
      40.0726487
     ],
     [
      116.35769010000001,
      40.073245099999994
     ],
     [
      116.3577971,
      40.07485570000001
     ],
     [
      116.35772999999999,
      40.07607649999999
     ],
     [
      116.3576268,
      40.0772956
     ],
     [
      116.3574728,
      40.07848739999999
     ],
     [
      116.3573508,
      40.07941639999999
     ],
     [
      116.3573108,
      40.079721199999994
     ],
     [
      116.35724489999998,
      40.0802788
     ],
     [
      116.35723920000001,
      40.0803269
     ]
    ]
   },
   "properties": {
    "id": "CT-RAIL-29",
    "layer": "EXISTING_RAIL",
    "source_type": "osm",
    "confidence": "medium",
    "geometry_role": "existing_condition",
    "name_zh": "8号线",
    "rail_kind": "subway",
    "attribution": "© OpenStreetMap contributors, ODbL 1.0",
    "official_boundary": false
   }
  },
  {
   "type": "Feature",
   "id": "CT-RAIL-30",
   "geometry": {
    "type": "LineString",
    "coordinates": [
     [
      116.26837100000002,
      39.942524299999995
     ],
     [
      116.268445,
      39.9431613
     ],
     [
      116.26849660000002,
      39.943605099999985
     ],
     [
      116.2686213,
      39.9444083
     ],
     [
      116.2688989,
      39.9465368
     ],
     [
      116.2692029,
      39.948723599999994
     ],
     [
      116.269507,
      39.9503651
     ],
     [
      116.26967010000001,
      39.9517316
     ],
     [
      116.2698849,
      39.95300790000001
     ],
     [
      116.2699252,
      39.954085
     ],
     [
      116.2700035,
      39.954702600000005
     ],
     [
      116.2702523,
      39.955070199999994
     ],
     [
      116.2705487,
      39.95522379999999
     ],
     [
      116.2709103,
      39.95533699999999
     ],
     [
      116.27119249999998,
      39.95543049999999
     ],
     [
      116.2715157,
      39.9554851
     ],
     [
      116.27240270000001,
      39.955553900000005
     ],
     [
      116.27471650000001,
      39.9556987
     ],
     [
      116.27671460000002,
      39.95580030000001
     ],
     [
      116.28189010000001,
      39.9560634
     ],
     [
      116.28366449999999,
      39.9562574
     ],
     [
      116.2852043,
      39.95654419999999
     ],
     [
      116.2866016,
      39.9569582
     ],
     [
      116.2878386,
      39.9573225
     ],
     [
      116.28806130000001,
      39.95736980000001
     ],
     [
      116.28901959999999,
      39.95757350000001
     ],
     [
      116.29068320000002,
      39.9577828
     ],
     [
      116.2921453,
      39.9578708
     ],
     [
      116.293921,
      39.95806329999999
     ],
     [
      116.29504859999999,
      39.9582697
     ],
     [
      116.29630719999999,
      39.958553099999996
     ],
     [
      116.29811270000002,
      39.9591294
     ],
     [
      116.30162750000001,
      39.960708099999984
     ],
     [
      116.30246340000001,
      39.9610835
     ],
     [
      116.30406909999999,
      39.961763999999995
     ],
     [
      116.30914790000001,
      39.9635026
     ],
     [
      116.3121307,
      39.9644878
     ],
     [
      116.3141597,
      39.9652153
     ],
     [
      116.3148884,
      39.965451
     ],
     [
      116.3156519,
      39.965604899999995
     ],
     [
      116.31576349999999,
      39.9656147
     ],
     [
      116.31666620000001,
      39.9656938
     ],
     [
      116.3180553,
      39.96574059999999
     ],
     [
      116.32809410000002,
      39.96609920000001
     ],
     [
      116.32874970000002,
      39.96609819999999
     ],
     [
      116.3305902,
      39.96609529999999
     ],
     [
      116.3315069,
      39.9660701
     ],
     [
      116.3325824,
      39.9661119
     ],
     [
      116.3335193,
      39.96609480000001
     ],
     [
      116.3346351,
      39.96603459999999
     ],
     [
      116.3355806,
      39.96601909999999
     ],
     [
      116.3371862,
      39.96601439999999
     ],
     [
      116.3378337,
      39.9660217
     ],
     [
      116.33876390000002,
      39.9660323
     ],
     [
      116.3412327,
      39.96612549999999
     ],
     [
      116.34277680000001,
      39.96616929999998
     ],
     [
      116.34492430000002,
      39.966198799999994
     ],
     [
      116.3464868,
      39.9662233
     ],
     [
      116.34807850000001,
      39.966222300000005
     ],
     [
      116.34966230000002,
      39.96622889999999
     ],
     [
      116.35371450000001,
      39.9662457
     ],
     [
      116.35667770000002,
      39.96626309999999
     ],
     [
      116.35847160000002,
      39.96634869999999
     ],
     [
      116.3600444,
      39.9664285
     ],
     [
      116.3614594,
      39.9665235
     ],
     [
      116.36300389999998,
      39.9665863
     ],
     [
      116.3638654,
      39.966614299999996
     ],
     [
      116.3649313,
      39.96664899999999
     ],
     [
      116.36724850000002,
      39.966612699999985
     ],
     [
      116.3683335,
      39.96663740000001
     ],
     [
      116.37203270000002,
      39.9666958
     ],
     [
      116.37506390000001,
      39.9667569
     ],
     [
      116.3758391,
      39.96677689999999
     ],
     [
      116.3878634,
      39.9670872
     ],
     [
      116.38839700000001,
      39.96710099999999
     ],
     [
      116.39359759999999,
      39.96723510000001
     ],
     [
      116.4002481,
      39.9674283
     ],
     [
      116.4009974,
      39.9674499
     ],
     [
      116.40327850000001,
      39.96751580000001
     ],
     [
      116.40732520000002,
      39.96762579999999
     ],
     [
      116.4110201,
      39.96771369999999
     ],
     [
      116.4118077,
      39.9677337
     ],
     [
      116.4119813,
      39.96773809999999
     ],
     [
      116.4195399,
      39.9679399
     ],
     [
      116.4242641,
      39.96799749999999
     ],
     [
      116.42609650000001,
      39.9680199
     ],
     [
      116.428106,
      39.968084600000005
     ],
     [
      116.4288552,
      39.968061399999996
     ],
     [
      116.42961499999998,
      39.9679495
     ],
     [
      116.4302971,
      39.9677922
     ],
     [
      116.4309361,
      39.96756109999999
     ],
     [
      116.43228520000001,
      39.9667813
     ],
     [
      116.4343306,
      39.9654792
     ],
     [
      116.43601659999999,
      39.96437519999999
     ],
     [
      116.4429616,
      39.95982730000001
     ],
     [
      116.44452109999999,
      39.958756
     ],
     [
      116.4454753,
      39.9581005
     ],
     [
      116.44597899999998,
      39.9578347
     ],
     [
      116.4465454,
      39.957620199999994
     ],
     [
      116.4471087,
      39.957546099999995
     ],
     [
      116.44773139999998,
      39.9575228
     ],
     [
      116.448262,
      39.9575345
     ],
     [
      116.44888559999998,
      39.9575928
     ],
     [
      116.4494427,
      39.95767960000001
     ],
     [
      116.44999320000001,
      39.9578066
     ],
     [
      116.45060229999999,
      39.957965800000004
     ],
     [
      116.45107390000001,
      39.95815900000001
     ],
     [
      116.4515124,
      39.95842050000001
     ],
     [
      116.4518184,
      39.95865799999999
     ],
     [
      116.4525801,
      39.9593449
     ],
     [
      116.4540246,
      39.96064760000001
     ],
     [
      116.45545330000002,
      39.9619963
     ],
     [
      116.45788060000001,
      39.964228899999995
     ],
     [
      116.45934380000001,
      39.96542899999999
     ],
     [
      116.4605404,
      39.9661801
     ],
     [
      116.46195250000001,
      39.9667868
     ],
     [
      116.4633282,
      39.967063
     ],
     [
      116.46533050000001,
      39.9673504
     ],
     [
      116.4680377,
      39.96793459999999
     ],
     [
      116.4690424,
      39.968176699999994
     ],
     [
      116.47001420000001,
      39.968480400000004
     ],
     [
      116.47075529999998,
      39.96879119999999
     ],
     [
      116.471401,
      39.96913649999998
     ],
     [
      116.47190960000002,
      39.969465199999995
     ],
     [
      116.47359070000002,
      39.971014499999995
     ],
     [
      116.4739908,
      39.97137519999999
     ],
     [
      116.47838360000002,
      39.97533549999999
     ],
     [
      116.4815593,
      39.978211699999996
     ],
     [
      116.48206589999998,
      39.97860730000001
     ],
     [
      116.48231580000001,
      39.97875659999998
     ],
     [
      116.4826027,
      39.97886760000001
     ],
     [
      116.48285180000002,
      39.97892339999999
     ],
     [
      116.48325819999998,
      39.9789684
     ],
     [
      116.4840818,
      39.9790469
     ],
     [
      116.4850402,
      39.979075699999996
     ],
     [
      116.4855594,
      39.97909129999999
     ],
     [
      116.4910736,
      39.9790619
     ],
     [
      116.4950609,
      39.9790964
     ],
     [
      116.49948940000002,
      39.9791232
     ],
     [
      116.5007629,
      39.9791309
     ],
     [
      116.50183809999999,
      39.9791962
     ],
     [
      116.5027495,
      39.9793043
     ],
     [
      116.5035625,
      39.9795297
     ],
     [
      116.5042948,
      39.9798029
     ],
     [
      116.5047518,
      39.980024799999995
     ],
     [
      116.5056727,
      39.98053449999998
     ],
     [
      116.50627489999998,
      39.9807786
     ],
     [
      116.5068564,
      39.980913799999996
     ],
     [
      116.50754359999999,
      39.9809728
     ],
     [
      116.50823750000002,
      39.98091939999999
     ],
     [
      116.50880160000001,
      39.9807589
     ],
     [
      116.509799,
      39.98035649999999
     ],
     [
      116.5129129,
      39.9789107
     ],
     [
      116.5152135,
      39.977685300000005
     ],
     [
      116.5174346,
      39.9767555
     ],
     [
      116.52201350000001,
      39.975409199999994
     ],
     [
      116.524779,
      39.9746848
     ],
     [
      116.52744459999998,
      39.9736277
     ],
     [
      116.5283393,
      39.97330350000001
     ],
     [
      116.52908320000002,
      39.973034
     ],
     [
      116.5303094,
      39.972588
     ],
     [
      116.5324314,
      39.9718229
     ],
     [
      116.5338178,
      39.97142739999999
     ],
     [
      116.5346593,
      39.9713072
     ],
     [
      116.5356419,
      39.9712036
     ],
     [
      116.53718630000002,
      39.97119980000001
     ],
     [
      116.538693,
      39.97139049999999
     ],
     [
      116.5407943,
      39.9718307
     ],
     [
      116.5421852,
      39.972445099999995
     ],
     [
      116.54311680000002,
      39.97294889999999
     ],
     [
      116.5435887,
      39.973210699999996
     ],
     [
      116.5444294,
      39.97362749999999
     ],
     [
      116.54501160000001,
      39.9738064
     ],
     [
      116.5459991,
      39.9739834
     ],
     [
      116.54730340000002,
      39.974109999999996
     ],
     [
      116.5519654,
      39.974523799999986
     ]
    ]
   },
   "properties": {
    "id": "CT-RAIL-30",
    "layer": "EXISTING_RAIL",
    "source_type": "osm",
    "confidence": "medium",
    "geometry_role": "existing_condition",
    "name_zh": "北京地铁12号线",
    "rail_kind": "subway",
    "attribution": "© OpenStreetMap contributors, ODbL 1.0",
    "official_boundary": false
   }
  },
  {
   "type": "Feature",
   "id": "CT-RAIL-31",
   "geometry": {
    "type": "LineString",
    "coordinates": [
     [
      116.31048580000001,
      40.03801769999999
     ],
     [
      116.3107018,
      40.03780609999999
     ],
     [
      116.31119919999999,
      40.037332
     ],
     [
      116.31189679999999,
      40.036774400000006
     ],
     [
      116.3121477,
      40.036590999999994
     ],
     [
      116.3126186,
      40.0363308
     ],
     [
      116.31324120000001,
      40.0360448
     ],
     [
      116.31398220000001,
      40.0357613
     ],
     [
      116.3150814,
      40.035369499999995
     ],
     [
      116.31759060000002,
      40.03441230000001
     ],
     [
      116.3180639,
      40.03427079999999
     ],
     [
      116.318636,
      40.0341792
     ],
     [
      116.31926110000002,
      40.034182799999996
     ],
     [
      116.32562280000002,
      40.034670000000006
     ],
     [
      116.3278046,
      40.03479379999999
     ],
     [
      116.3290532,
      40.03492120000001
     ],
     [
      116.32982559999999,
      40.03508959999999
     ],
     [
      116.3313958,
      40.035570100000015
     ],
     [
      116.33207310000002,
      40.0357201
     ],
     [
      116.33290230000001,
      40.0357775
     ],
     [
      116.3337219,
      40.035736799999995
     ],
     [
      116.3345205,
      40.03559589999999
     ],
     [
      116.3351239,
      40.0354068
     ],
     [
      116.3355818,
      40.035137600000006
     ],
     [
      116.33602419999998,
      40.034742200000004
     ],
     [
      116.3367245,
      40.0338367
     ],
     [
      116.33800249999999,
      40.032184199999996
     ],
     [
      116.33862419999998,
      40.0315167
     ],
     [
      116.33936540000002,
      40.0309325
     ],
     [
      116.3401275,
      40.0303855
     ],
     [
      116.34059929999998,
      40.02999260000001
     ],
     [
      116.3411516,
      40.029395900000004
     ],
     [
      116.3427473,
      40.0273503
     ],
     [
      116.34374160000002,
      40.02602399999999
     ],
     [
      116.3440298,
      40.02560379999999
     ],
     [
      116.34443200000001,
      40.0246939
     ],
     [
      116.3449302,
      40.02380279999999
     ],
     [
      116.34521240000001,
      40.0227736
     ],
     [
      116.3452734,
      40.0214847
     ],
     [
      116.3454283,
      40.020041
     ],
     [
      116.34537739999999,
      40.0179762
     ],
     [
      116.34549620000001,
      40.0159161
     ],
     [
      116.34568790000002,
      40.01362879999999
     ],
     [
      116.34615600000001,
      40.00804169999999
     ],
     [
      116.34629750000002,
      40.0041887
     ],
     [
      116.34645869999999,
      40.001101999999996
     ]
    ]
   },
   "properties": {
    "id": "CT-RAIL-31",
    "layer": "EXISTING_RAIL",
    "source_type": "osm",
    "confidence": "medium",
    "geometry_role": "existing_condition",
    "name_zh": "北京地铁昌平线南延",
    "rail_kind": "subway",
    "attribution": "© OpenStreetMap contributors, ODbL 1.0",
    "official_boundary": false
   }
  },
  {
   "type": "Feature",
   "id": "CT-RAIL-32",
   "geometry": {
    "type": "LineString",
    "coordinates": [
     [
      116.34311990000002,
      39.9544757
     ],
     [
      116.3421021,
      39.9563274
     ],
     [
      116.34062659999998,
      39.95908600000001
     ],
     [
      116.34033760000001,
      39.9596663
     ],
     [
      116.3401184,
      39.960198299999995
     ],
     [
      116.33993139999998,
      39.9607846
     ],
     [
      116.3397683,
      39.9614525
     ],
     [
      116.3396476,
      39.9622003
     ],
     [
      116.33916330000001,
      39.965329200000006
     ],
     [
      116.3390695,
      39.9659329
     ]
    ]
   },
   "properties": {
    "id": "CT-RAIL-32",
    "layer": "EXISTING_RAIL",
    "source_type": "osm",
    "confidence": "medium",
    "geometry_role": "existing_condition",
    "name_zh": "京包客专线",
    "rail_kind": "rail",
    "attribution": "© OpenStreetMap contributors, ODbL 1.0",
    "official_boundary": false
   }
  },
  {
   "type": "Feature",
   "id": "CT-RAIL-33",
   "geometry": {
    "type": "LineString",
    "coordinates": [
     [
      116.3492602,
      39.9391324
     ],
     [
      116.3492881,
      39.9385384
     ],
     [
      116.3493036,
      39.9382321
     ],
     [
      116.3496015,
      39.9320704
     ],
     [
      116.34955139999998,
      39.931612
     ],
     [
      116.34956629999999,
      39.9310072
     ],
     [
      116.34958430000002,
      39.93036789999999
     ],
     [
      116.3496668,
      39.93006160000001
     ],
     [
      116.3500132,
      39.9232429
     ],
     [
      116.3499589,
      39.9229401
     ],
     [
      116.3499722,
      39.92231009999998
     ],
     [
      116.34999050000002,
      39.92168580000001
     ],
     [
      116.35006379999999,
      39.9214291
     ],
     [
      116.35018590000001,
      39.9172702
     ],
     [
      116.3502451,
      39.91525490000001
     ],
     [
      116.3504446,
      39.9106525
     ],
     [
      116.35046420000002,
      39.906730799999984
     ],
     [
      116.350408,
      39.90643500000001
     ],
     [
      116.35041000000001,
      39.905834600000006
     ],
     [
      116.35041699999998,
      39.9052307
     ],
     [
      116.3504764,
      39.90488650000001
     ],
     [
      116.35046489999999,
      39.90338920000001
     ],
     [
      116.3504792,
      39.9028397
     ],
     [
      116.3505061,
      39.9019927
     ],
     [
      116.3505676,
      39.901629500000006
     ],
     [
      116.35068200000002,
      39.90121070000001
     ],
     [
      116.35081599999998,
      39.900815599999994
     ],
     [
      116.35103250000002,
      39.90042759999999
     ],
     [
      116.351328,
      39.90002059999999
     ],
     [
      116.3516417,
      39.8996577
     ],
     [
      116.3518619,
      39.8994013
     ],
     [
      116.35210550000001,
      39.89917030000001
     ],
     [
      116.3524851,
      39.89888919999999
     ],
     [
      116.35301930000001,
      39.8985814
     ],
     [
      116.35354010000002,
      39.8983586
     ],
     [
      116.3542757,
      39.89811120000001
     ],
     [
      116.35495150000001,
      39.89801680000001
     ],
     [
      116.3555559,
      39.89797459999998
     ],
     [
      116.3563966,
      39.89798499999999
     ],
     [
      116.3572162,
      39.898003299999985
     ],
     [
      116.3580575,
      39.89802039999999
     ],
     [
      116.35866660000002,
      39.89807729999999
     ],
     [
      116.36666470000002,
      39.898333499999985
     ],
     [
      116.3672514,
      39.89831769999999
     ],
     [
      116.3680341,
      39.8983368
     ],
     [
      116.3688205,
      39.8983571
     ],
     [
      116.36915370000001,
      39.89841650000001
     ],
     [
      116.3718487,
      39.8984893
     ],
     [
      116.37682569999998,
      39.898651699999995
     ],
     [
      116.37722140000001,
      39.898620599999994
     ],
     [
      116.3779968,
      39.8986445
     ],
     [
      116.3787874,
      39.898670399999986
     ],
     [
      116.37914489999999,
      39.89871219999999
     ],
     [
      116.38675830000001,
      39.8989446
     ],
     [
      116.3872916,
      39.898931799999986
     ],
     [
      116.38783680000002,
      39.89890150000001
     ],
     [
      116.3884766,
      39.8988413
     ],
     [
      116.38904650000002,
      39.8987768
     ],
     [
      116.3895834,
      39.89871759999999
     ],
     [
      116.39020490000001,
      39.898634599999994
     ],
     [
      116.39073599999999,
      39.8986305
     ],
     [
      116.39250080000001,
      39.89868189999999
     ],
     [
      116.39304400000002,
      39.89871589999999
     ],
     [
      116.39441459999999,
      39.89890729999999
     ],
     [
      116.3955975,
      39.8990883
     ],
     [
      116.39620900000001,
      39.899172699999994
     ],
     [
      116.39678029999999,
      39.8992139
     ],
     [
      116.3974348,
      39.89922829999999
     ],
     [
      116.4003267,
      39.8993156
     ],
     [
      116.40554850000001,
      39.8994731
     ],
     [
      116.4095081,
      39.89963349999999
     ],
     [
      116.4098929,
      39.89958719999999
     ],
     [
      116.41069849999998,
      39.899616
     ],
     [
      116.4120183,
      39.8996655
     ],
     [
      116.41221500000002,
      39.8996755
     ],
     [
      116.4128786,
      39.89973080000001
     ],
     [
      116.4132965,
      39.899809399999995
     ],
     [
      116.41372150000001,
      39.8999499
     ],
     [
      116.4141837,
      39.900197
     ],
     [
      116.4147003,
      39.9005464
     ],
     [
      116.41753740000001,
      39.9027678
     ],
     [
      116.4179228,
      39.90304679999999
     ],
     [
      116.4181783,
      39.903201999999986
     ],
     [
      116.4184282,
      39.90333199999999
     ],
     [
      116.418807,
      39.90344
     ],
     [
      116.4192475,
      39.90349929999999
     ],
     [
      116.4197686,
      39.90352099999999
     ],
     [
      116.4209558,
      39.903538299999994
     ],
     [
      116.4220403,
      39.903553300000006
     ],
     [
      116.42512450000001,
      39.903580999999996
     ],
     [
      116.4259197,
      39.903606999999994
     ],
     [
      116.426427,
      39.90364729999999
     ],
     [
      116.4268947,
      39.90369979999999
     ],
     [
      116.42724840000001,
      39.903778799999984
     ],
     [
      116.42757660000001,
      39.9038874
     ],
     [
      116.4286733,
      39.90445489999999
     ],
     [
      116.4287169,
      39.9044881
     ],
     [
      116.42882110000001,
      39.90456749999999
     ],
     [
      116.4289658,
      39.90469329999999
     ],
     [
      116.42912020000001,
      39.90484810000001
     ],
     [
      116.4292482,
      39.9049885
     ],
     [
      116.4293388,
      39.905122500000004
     ],
     [
      116.4294291,
      39.9052613
     ],
     [
      116.4295026,
      39.90544719999999
     ],
     [
      116.429572,
      39.9056163
     ],
     [
      116.4296356,
      39.9058749
     ],
     [
      116.42968630000001,
      39.90617519999999
     ],
     [
      116.4296986,
      39.9065593
     ],
     [
      116.42967320000001,
      39.90717599999999
     ],
     [
      116.42965430000001,
      39.9078294
     ],
     [
      116.42959000000002,
      39.90848679999999
     ],
     [
      116.42892339999999,
      39.91249229999999
     ],
     [
      116.4284483,
      39.922102
     ],
     [
      116.42850570000002,
      39.92244169999999
     ],
     [
      116.42849530000001,
      39.9230493
     ],
     [
      116.4284804,
      39.9236443
     ],
     [
      116.4284159,
      39.9239448
     ],
     [
      116.4284044,
      39.92418459999999
     ],
     [
      116.4280598,
      39.931347200000005
     ],
     [
      116.4281147,
      39.9316889
     ],
     [
      116.4280954,
      39.932284800000005
     ],
     [
      116.4280778,
      39.932872299999985
     ],
     [
      116.4280117,
      39.93327070000001
     ],
     [
      116.42773079999999,
      39.93886309999999
     ],
     [
      116.4277796,
      39.93912339999999
     ],
     [
      116.4277718,
      39.9397065
     ]
    ]
   },
   "properties": {
    "id": "CT-RAIL-33",
    "layer": "EXISTING_RAIL",
    "source_type": "osm",
    "confidence": "medium",
    "geometry_role": "existing_condition",
    "name_zh": "北京地铁2号线",
    "rail_kind": "subway",
    "attribution": "© OpenStreetMap contributors, ODbL 1.0",
    "official_boundary": false
   }
  },
  {
   "type": "Feature",
   "id": "CT-RAIL-34",
   "geometry": {
    "type": "LineString",
    "coordinates": [
     [
      116.3308473,
      40.0071783
     ],
     [
      116.33096879999998,
      40.00687370000001
     ],
     [
      116.3310376,
      40.0066602
     ],
     [
      116.3311822,
      40.0061579
     ],
     [
      116.33129690000001,
      40.0055994
     ],
     [
      116.3313611,
      40.005014799999984
     ],
     [
      116.331548,
      40.0004956
     ],
     [
      116.3316332,
      39.9988243
     ],
     [
      116.3316478,
      39.9979244
     ],
     [
      116.33176710000001,
      39.9952423
     ],
     [
      116.33184129999998,
      39.993572999999984
     ],
     [
      116.33192270000002,
      39.9909307
     ],
     [
      116.33198340000001,
      39.98947580000001
     ],
     [
      116.3320534,
      39.9877958
     ],
     [
      116.33208599999999,
      39.98748119999998
     ],
     [
      116.33235660000001,
      39.9854794
     ],
     [
      116.3324919,
      39.984671500000005
     ],
     [
      116.3325655,
      39.984205599999996
     ],
     [
      116.3325992,
      39.98399229999999
     ],
     [
      116.3326552,
      39.9836098
     ],
     [
      116.3328932,
      39.98227789999999
     ],
     [
      116.33316840000002,
      39.980726399999995
     ],
     [
      116.3334344,
      39.9792713
     ],
     [
      116.33364430000002,
      39.978112900000006
     ],
     [
      116.3337189,
      39.977669299999995
     ],
     [
      116.33397620000001,
      39.976246599999996
     ],
     [
      116.3340975,
      39.97558519999999
     ],
     [
      116.3342702,
      39.974660600000014
     ],
     [
      116.3344335,
      39.9740742
     ],
     [
      116.3346294,
      39.97353789999999
     ],
     [
      116.3348681,
      39.97306969999999
     ],
     [
      116.3357359,
      39.97193270000001
     ],
     [
      116.33772340000002,
      39.969358400000004
     ],
     [
      116.3380779,
      39.9688575
     ],
     [
      116.3381881,
      39.9686771
     ],
     [
      116.3383066,
      39.968464499999996
     ],
     [
      116.33846989999999,
      39.96815339999999
     ],
     [
      116.33868449999999,
      39.9677064
     ],
     [
      116.3388478,
      39.96723800000001
     ],
     [
      116.339017,
      39.96665929999999
     ],
     [
      116.33967360000001,
      39.96237919999999
     ],
     [
      116.33982750000001,
      39.961463099999996
     ],
     [
      116.3399348,
      39.9609946
     ],
     [
      116.3401634,
      39.9603009
     ],
     [
      116.34039670000001,
      39.959692900000015
     ],
     [
      116.3410359,
      39.9584234
     ],
     [
      116.34171700000002,
      39.9571684
     ],
     [
      116.3421208,
      39.956417
     ],
     [
      116.34317879999999,
      39.95448999999999
     ]
    ]
   },
   "properties": {
    "id": "CT-RAIL-34",
    "layer": "EXISTING_RAIL",
    "source_type": "osm",
    "confidence": "medium",
    "geometry_role": "existing_condition",
    "name_zh": "京包客专线",
    "rail_kind": "rail",
    "attribution": "© OpenStreetMap contributors, ODbL 1.0",
    "official_boundary": false
   }
  },
  {
   "type": "Feature",
   "id": "CT-RAIL-35",
   "geometry": {
    "type": "LineString",
    "coordinates": [
     [
      116.3447964,
      39.9515476
     ],
     [
      116.3449938,
      39.951186299999996
     ],
     [
      116.3451669,
      39.9508696
     ],
     [
      116.34525079999999,
      39.95072269999999
     ],
     [
      116.34561359999998,
      39.95006800000001
     ],
     [
      116.34564800000001,
      39.9500055
     ],
     [
      116.34567050000001,
      39.949963
     ],
     [
      116.34574619999998,
      39.949806800000005
     ],
     [
      116.3458279,
      39.9495965
     ],
     [
      116.34584810000001,
      39.949534899999996
     ]
    ]
   },
   "properties": {
    "id": "CT-RAIL-35",
    "layer": "EXISTING_RAIL",
    "source_type": "osm",
    "confidence": "medium",
    "geometry_role": "existing_condition",
    "name_zh": "京包客专线",
    "rail_kind": "rail",
    "attribution": "© OpenStreetMap contributors, ODbL 1.0",
    "official_boundary": false
   }
  },
  {
   "type": "Feature",
   "id": "CT-RAIL-36",
   "geometry": {
    "type": "LineString",
    "coordinates": [
     [
      116.34428229999999,
      39.952374799999994
     ],
     [
      116.34410149999998,
      39.952691
     ],
     [
      116.34311990000002,
      39.9544757
     ]
    ]
   },
   "properties": {
    "id": "CT-RAIL-36",
    "layer": "EXISTING_RAIL",
    "source_type": "osm",
    "confidence": "medium",
    "geometry_role": "existing_condition",
    "name_zh": "京包客专线",
    "rail_kind": "rail",
    "attribution": "© OpenStreetMap contributors, ODbL 1.0",
    "official_boundary": false
   }
  },
  {
   "type": "Feature",
   "id": "CT-RAIL-37",
   "geometry": {
    "type": "LineString",
    "coordinates": [
     [
      116.34317879999999,
      39.95448999999999
     ],
     [
      116.34433240000001,
      39.95239059999999
     ]
    ]
   },
   "properties": {
    "id": "CT-RAIL-37",
    "layer": "EXISTING_RAIL",
    "source_type": "osm",
    "confidence": "medium",
    "geometry_role": "existing_condition",
    "name_zh": "京包客专线",
    "rail_kind": "rail",
    "attribution": "© OpenStreetMap contributors, ODbL 1.0",
    "official_boundary": false
   }
  },
  {
   "type": "Feature",
   "id": "CT-RAIL-38",
   "geometry": {
    "type": "LineString",
    "coordinates": [
     [
      116.3457108,
      39.9494864
     ],
     [
      116.3457325,
      39.94938380000001
     ],
     [
      116.3457499,
      39.949291
     ]
    ]
   },
   "properties": {
    "id": "CT-RAIL-38",
    "layer": "EXISTING_RAIL",
    "source_type": "osm",
    "confidence": "medium",
    "geometry_role": "existing_condition",
    "name_zh": "既有轨道/铁路",
    "rail_kind": "rail",
    "attribution": "© OpenStreetMap contributors, ODbL 1.0",
    "official_boundary": false
   }
  },
  {
   "type": "Feature",
   "id": "CT-RAIL-39",
   "geometry": {
    "type": "LineString",
    "coordinates": [
     [
      116.3457916,
      39.9487252
     ],
     [
      116.3457867,
      39.948385
     ],
     [
      116.3457807,
      39.948168199999984
     ],
     [
      116.34574700000002,
      39.94788849999999
     ],
     [
      116.34570689999998,
      39.94756230000001
     ],
     [
      116.34567589999999,
      39.9472655
     ],
     [
      116.345646,
      39.947019899999994
     ],
     [
      116.34561079999999,
      39.94669580000001
     ],
     [
      116.34560239999999,
      39.9465193
     ],
     [
      116.34559900000002,
      39.946341700000005
     ],
     [
      116.34560300000001,
      39.94615319999999
     ],
     [
      116.34561590000001,
      39.94597579999999
     ],
     [
      116.3456367,
      39.945783
     ],
     [
      116.3456605,
      39.9456189
     ],
     [
      116.34569020000002,
      39.94545879999998
     ],
     [
      116.34572810000002,
      39.945285299999995
     ],
     [
      116.3457865,
      39.9450613
     ],
     [
      116.34584120000001,
      39.9448656
     ],
     [
      116.34590699999998,
      39.944643199999994
     ],
     [
      116.3464781,
      39.94302919999999
     ],
     [
      116.3466472,
      39.942550399999995
     ]
    ]
   },
   "properties": {
    "id": "CT-RAIL-39",
    "layer": "EXISTING_RAIL",
    "source_type": "osm",
    "confidence": "medium",
    "geometry_role": "existing_condition",
    "name_zh": "既有轨道/铁路",
    "rail_kind": "rail",
    "attribution": "© OpenStreetMap contributors, ODbL 1.0",
    "official_boundary": false
   }
  },
  {
   "type": "Feature",
   "id": "CT-RAIL-40",
   "geometry": {
    "type": "LineString",
    "coordinates": [
     [
      116.34589160000002,
      39.948691100000005
     ],
     [
      116.34587399999998,
      39.948403199999994
     ],
     [
      116.3458447,
      39.94818120000001
     ],
     [
      116.34581030000001,
      39.94788429999999
     ],
     [
      116.3457721,
      39.947562700000006
     ],
     [
      116.34573770000002,
      39.94726699999999
     ],
     [
      116.34571,
      39.9470198
     ],
     [
      116.3456812,
      39.94668690000001
     ],
     [
      116.3456728,
      39.946519300000006
     ],
     [
      116.34566930000001,
      39.9463417
     ],
     [
      116.3456733,
      39.94615519999999
     ],
     [
      116.34568610000001,
      39.9459795
     ],
     [
      116.3457067,
      39.9457882
     ],
     [
      116.3457303,
      39.945625699999994
     ],
     [
      116.3457597,
      39.94546700000001
     ],
     [
      116.3457973,
      39.94529500000001
     ],
     [
      116.34585530000001,
      39.94507229999999
     ],
     [
      116.3459099,
      39.944877199999986
     ],
     [
      116.3459755,
      39.94465519999999
     ],
     [
      116.34604159999999,
      39.9444654
     ],
     [
      116.34671490000001,
      39.94256480000001
     ]
    ]
   },
   "properties": {
    "id": "CT-RAIL-40",
    "layer": "EXISTING_RAIL",
    "source_type": "osm",
    "confidence": "medium",
    "geometry_role": "existing_condition",
    "name_zh": "既有轨道/铁路",
    "rail_kind": "rail",
    "attribution": "© OpenStreetMap contributors, ODbL 1.0",
    "official_boundary": false
   }
  },
  {
   "type": "Feature",
   "id": "CT-RAIL-41",
   "geometry": {
    "type": "LineString",
    "coordinates": [
     [
      116.3457112,
      39.9500054
     ],
     [
      116.34555539999998,
      39.950261299999994
     ],
     [
      116.3454,
      39.950491899999996
     ],
     [
      116.34525079999999,
      39.95072269999999
     ]
    ]
   },
   "properties": {
    "id": "CT-RAIL-41",
    "layer": "EXISTING_RAIL",
    "source_type": "osm",
    "confidence": "medium",
    "geometry_role": "existing_condition",
    "name_zh": "既有轨道/铁路",
    "rail_kind": "rail",
    "attribution": "© OpenStreetMap contributors, ODbL 1.0",
    "official_boundary": false
   }
  },
  {
   "type": "Feature",
   "id": "CT-RAIL-42",
   "geometry": {
    "type": "LineString",
    "coordinates": [
     [
      116.3455717,
      39.949888900000005
     ],
     [
      116.3453866,
      39.9503151
     ],
     [
      116.34532850000001,
      39.95043939999999
     ],
     [
      116.3451972,
      39.95070520000001
     ]
    ]
   },
   "properties": {
    "id": "CT-RAIL-42",
    "layer": "EXISTING_RAIL",
    "source_type": "osm",
    "confidence": "medium",
    "geometry_role": "existing_condition",
    "name_zh": "既有轨道/铁路",
    "rail_kind": "rail",
    "attribution": "© OpenStreetMap contributors, ODbL 1.0",
    "official_boundary": false
   }
  },
  {
   "type": "Feature",
   "id": "CT-RAIL-43",
   "geometry": {
    "type": "LineString",
    "coordinates": [
     [
      116.3451669,
      39.9508696
     ],
     [
      116.3449674,
      39.95118099999999
     ],
     [
      116.34474460000001,
      39.95152869999998
     ]
    ]
   },
   "properties": {
    "id": "CT-RAIL-43",
    "layer": "EXISTING_RAIL",
    "source_type": "osm",
    "confidence": "medium",
    "geometry_role": "existing_condition",
    "name_zh": "既有轨道/铁路",
    "rail_kind": "rail",
    "attribution": "© OpenStreetMap contributors, ODbL 1.0",
    "official_boundary": false
   }
  },
  {
   "type": "Feature",
   "id": "CT-RAIL-44",
   "geometry": {
    "type": "LineString",
    "coordinates": [
     [
      116.3451143,
      39.9508543
     ],
     [
      116.3449674,
      39.95118099999999
     ],
     [
      116.3447964,
      39.9515476
     ]
    ]
   },
   "properties": {
    "id": "CT-RAIL-44",
    "layer": "EXISTING_RAIL",
    "source_type": "osm",
    "confidence": "medium",
    "geometry_role": "existing_condition",
    "name_zh": "既有轨道/铁路",
    "rail_kind": "rail",
    "attribution": "© OpenStreetMap contributors, ODbL 1.0",
    "official_boundary": false
   }
  },
  {
   "type": "Feature",
   "id": "CT-RAIL-45",
   "geometry": {
    "type": "LineString",
    "coordinates": [
     [
      116.34583580000002,
      39.949319
     ],
     [
      116.3458183,
      39.94940799999999
     ],
     [
      116.3457891,
      39.949512999999996
     ]
    ]
   },
   "properties": {
    "id": "CT-RAIL-45",
    "layer": "EXISTING_RAIL",
    "source_type": "osm",
    "confidence": "medium",
    "geometry_role": "existing_condition",
    "name_zh": "京包客专线",
    "rail_kind": "rail",
    "attribution": "© OpenStreetMap contributors, ODbL 1.0",
    "official_boundary": false
   }
  },
  {
   "type": "Feature",
   "id": "CT-RAIL-46",
   "geometry": {
    "type": "LineString",
    "coordinates": [
     [
      116.34592850000001,
      39.9495647
     ],
     [
      116.3459695,
      39.9494484
     ],
     [
      116.3459918,
      39.9493696
     ]
    ]
   },
   "properties": {
    "id": "CT-RAIL-46",
    "layer": "EXISTING_RAIL",
    "source_type": "osm",
    "confidence": "medium",
    "geometry_role": "existing_condition",
    "name_zh": "既有轨道/铁路",
    "rail_kind": "rail",
    "attribution": "© OpenStreetMap contributors, ODbL 1.0",
    "official_boundary": false
   }
  },
  {
   "type": "Feature",
   "id": "CT-RAIL-47",
   "geometry": {
    "type": "LineString",
    "coordinates": [
     [
      116.34440380000001,
      39.9521639
     ],
     [
      116.34459520000001,
      39.95174920000001
     ],
     [
      116.344638,
      39.95165639999999
     ],
     [
      116.34472930000001,
      39.95146539999999
     ]
    ]
   },
   "properties": {
    "id": "CT-RAIL-47",
    "layer": "EXISTING_RAIL",
    "source_type": "osm",
    "confidence": "medium",
    "geometry_role": "existing_condition",
    "name_zh": "既有轨道/铁路",
    "rail_kind": "rail",
    "attribution": "© OpenStreetMap contributors, ODbL 1.0",
    "official_boundary": false
   }
  },
  {
   "type": "Feature",
   "id": "CT-RAIL-48",
   "geometry": {
    "type": "LineString",
    "coordinates": [
     [
      116.3451143,
      39.9508543
     ],
     [
      116.34493939999999,
      39.9511734
     ],
     [
      116.34474460000001,
      39.95152869999998
     ],
     [
      116.34469610000001,
      39.95161660000001
     ],
     [
      116.34440380000001,
      39.9521639
     ]
    ]
   },
   "properties": {
    "id": "CT-RAIL-48",
    "layer": "EXISTING_RAIL",
    "source_type": "osm",
    "confidence": "medium",
    "geometry_role": "existing_condition",
    "name_zh": "京包客专线",
    "rail_kind": "rail",
    "attribution": "© OpenStreetMap contributors, ODbL 1.0",
    "official_boundary": false
   }
  },
  {
   "type": "Feature",
   "id": "CT-RAIL-49",
   "geometry": {
    "type": "LineString",
    "coordinates": [
     [
      116.34584810000001,
      39.949534899999996
     ],
     [
      116.34589979999998,
      39.949339699999996
     ]
    ]
   },
   "properties": {
    "id": "CT-RAIL-49",
    "layer": "EXISTING_RAIL",
    "source_type": "osm",
    "confidence": "medium",
    "geometry_role": "existing_condition",
    "name_zh": "京包客专线",
    "rail_kind": "rail",
    "attribution": "© OpenStreetMap contributors, ODbL 1.0",
    "official_boundary": false
   }
  },
  {
   "type": "Feature",
   "id": "CT-RAIL-50",
   "geometry": {
    "type": "LineString",
    "coordinates": [
     [
      116.3459918,
      39.9493696
     ],
     [
      116.346052,
      39.94911249999999
     ],
     [
      116.3461053,
      39.9488281
     ],
     [
      116.3461468,
      39.94859769999999
     ],
     [
      116.3462209,
      39.94820649999999
     ]
    ]
   },
   "properties": {
    "id": "CT-RAIL-50",
    "layer": "EXISTING_RAIL",
    "source_type": "osm",
    "confidence": "medium",
    "geometry_role": "existing_condition",
    "name_zh": "既有轨道/铁路",
    "rail_kind": "rail",
    "attribution": "© OpenStreetMap contributors, ODbL 1.0",
    "official_boundary": false
   }
  },
  {
   "type": "Feature",
   "id": "CT-RAIL-51",
   "geometry": {
    "type": "LineString",
    "coordinates": [
     [
      116.3457916,
      39.9487252
     ],
     [
      116.3457606,
      39.9483845
     ],
     [
      116.3457312,
      39.94816209999999
     ],
     [
      116.34566509999999,
      39.9477605
     ],
     [
      116.34562249999999,
      39.94751109999999
     ],
     [
      116.34559250000001,
      39.9472785
     ],
     [
      116.34554830000002,
      39.9469716
     ],
     [
      116.34548389999999,
      39.9464866
     ],
     [
      116.34546430000002,
      39.9462896
     ],
     [
      116.3454612,
      39.94609830000001
     ],
     [
      116.3454745,
      39.94580349999999
     ],
     [
      116.34550940000001,
      39.9455097
     ],
     [
      116.3455362,
      39.9453865
     ],
     [
      116.3455804,
      39.94518720000001
     ],
     [
      116.3456527,
      39.9449283
     ],
     [
      116.34631769999999,
      39.9429883
     ],
     [
      116.3464984,
      39.942481300000004
     ]
    ]
   },
   "properties": {
    "id": "CT-RAIL-51",
    "layer": "EXISTING_RAIL",
    "source_type": "osm",
    "confidence": "medium",
    "geometry_role": "existing_condition",
    "name_zh": "既有轨道/铁路",
    "rail_kind": "rail",
    "attribution": "© OpenStreetMap contributors, ODbL 1.0",
    "official_boundary": false
   }
  },
  {
   "type": "Feature",
   "id": "CT-RAIL-52",
   "geometry": {
    "type": "LineString",
    "coordinates": [
     [
      116.3473055,
      39.94146479999999
     ],
     [
      116.346887,
      39.9426018
     ],
     [
      116.34671429999999,
      39.9430709
     ],
     [
      116.34637730000001,
      39.9440119
     ],
     [
      116.34613700000001,
      39.94468929999999
     ],
     [
      116.3460313,
      39.9450334
     ],
     [
      116.3459134,
      39.9455357
     ],
     [
      116.3458696,
      39.94575579999999
     ],
     [
      116.3458321,
      39.946039899999995
     ],
     [
      116.3458096,
      39.946238199999996
     ],
     [
      116.3458032,
      39.94637729999999
     ],
     [
      116.3458022,
      39.946581599999995
     ],
     [
      116.3458102,
      39.94691509999999
     ],
     [
      116.3458195,
      39.9473075
     ],
     [
      116.3458272,
      39.94747
     ],
     [
      116.34583980000001,
      39.94764469999999
     ],
     [
      116.34587120000002,
      39.9479044
     ],
     [
      116.3458912,
      39.9481538
     ]
    ]
   },
   "properties": {
    "id": "CT-RAIL-52",
    "layer": "EXISTING_RAIL",
    "source_type": "osm",
    "confidence": "medium",
    "geometry_role": "existing_condition",
    "name_zh": "既有轨道/铁路",
    "rail_kind": "rail",
    "attribution": "© OpenStreetMap contributors, ODbL 1.0",
    "official_boundary": false
   }
  },
  {
   "type": "Feature",
   "id": "CT-RAIL-53",
   "geometry": {
    "type": "LineString",
    "coordinates": [
     [
      116.3465452,
      40.00110180000001
     ],
     [
      116.34631670000002,
      40.006010799999984
     ],
     [
      116.34578540000001,
      40.0136303
     ],
     [
      116.3457522,
      40.01410610000001
     ],
     [
      116.34560260000002,
      40.0163199
     ],
     [
      116.34549380000001,
      40.01796589999999
     ],
     [
      116.3455006,
      40.02031499999999
     ],
     [
      116.34535769999998,
      40.022768199999994
     ],
     [
      116.3451061,
      40.0237994
     ],
     [
      116.34460960000001,
      40.02452339999999
     ],
     [
      116.34407910000002,
      40.025637900000014
     ],
     [
      116.3429297,
      40.0272472
     ],
     [
      116.3413802,
      40.029295899999994
     ],
     [
      116.34104770000002,
      40.029645699999996
     ],
     [
      116.34074439999999,
      40.029959000000005
     ],
     [
      116.3403534,
      40.030292
     ],
     [
      116.33974320000002,
      40.0307536
     ],
     [
      116.33926460000002,
      40.0311397
     ],
     [
      116.3388334,
      40.0314558
     ],
     [
      116.3385375,
      40.0317356
     ],
     [
      116.3380077,
      40.03235389999999
     ],
     [
      116.33684140000001,
      40.03389349999999
     ],
     [
      116.3362903,
      40.0345864
     ],
     [
      116.33597250000001,
      40.0350396
     ],
     [
      116.3356801,
      40.03525500000001
     ],
     [
      116.335059,
      40.035503999999996
     ],
     [
      116.33421859999999,
      40.0357558
     ],
     [
      116.33304940000001,
      40.0358761
     ],
     [
      116.33226380000002,
      40.03580329999999
     ],
     [
      116.33188380000001,
      40.035769800000004
     ],
     [
      116.33086439999998,
      40.03549
     ],
     [
      116.3290996,
      40.0349725
     ],
     [
      116.32785720000001,
      40.0348298
     ],
     [
      116.32697300000001,
      40.0347878
     ],
     [
      116.32468200000001,
      40.03464790000001
     ],
     [
      116.32064090000001,
      40.034376599999995
     ],
     [
      116.31892360000002,
      40.0342871
     ],
     [
      116.3183682,
      40.034340199999995
     ],
     [
      116.317652,
      40.0345165
     ],
     [
      116.3158105,
      40.0351851
     ],
     [
      116.31386640000001,
      40.03589049999999
     ],
     [
      116.3132908,
      40.0360884
     ],
     [
      116.3126526,
      40.0363683
     ],
     [
      116.31219320000001,
      40.03663949999999
     ],
     [
      116.31195469999999,
      40.036812399999995
     ],
     [
      116.3109858,
      40.03758210000001
     ],
     [
      116.3105213,
      40.038039899999994
     ]
    ]
   },
   "properties": {
    "id": "CT-RAIL-53",
    "layer": "EXISTING_RAIL",
    "source_type": "osm",
    "confidence": "medium",
    "geometry_role": "existing_condition",
    "name_zh": "北京地铁昌平线南延",
    "rail_kind": "subway",
    "attribution": "© OpenStreetMap contributors, ODbL 1.0",
    "official_boundary": false
   }
  },
  {
   "type": "Feature",
   "id": "CT-RAIL-54",
   "geometry": {
    "type": "LineString",
    "coordinates": [
     [
      116.4277718,
      39.9397065
     ],
     [
      116.4277699,
      39.940282
     ],
     [
      116.42771099999999,
      39.94060189999999
     ],
     [
      116.42768670000001,
      39.9457228
     ],
     [
      116.4276835,
      39.9460013
     ],
     [
      116.42763149999999,
      39.94628289999999
     ],
     [
      116.4275221,
      39.946557999999996
     ],
     [
      116.4273775,
      39.94687489999999
     ],
     [
      116.42722130000001,
      39.94712599999999
     ],
     [
      116.4269572,
      39.947421299999995
     ],
     [
      116.4266638,
      39.94765739999999
     ],
     [
      116.42631539999998,
      39.9478908
     ],
     [
      116.42596030000001,
      39.94807580000001
     ],
     [
      116.4255214,
      39.948222099999995
     ],
     [
      116.4249912,
      39.9483341
     ],
     [
      116.4244256,
      39.9483781
     ],
     [
      116.4238909,
      39.9483665
     ],
     [
      116.4237075,
      39.9483603
     ],
     [
      116.4127372,
      39.947987899999994
     ],
     [
      116.41231820000002,
      39.94801180000001
     ],
     [
      116.4115386,
      39.947986
     ],
     [
      116.4107418,
      39.94796079999999
     ],
     [
      116.41031349999999,
      39.9479094
     ],
     [
      116.4032072,
      39.9476973
     ],
     [
      116.4028632,
      39.9477332
     ],
     [
      116.40206700000002,
      39.9477287
     ],
     [
      116.4012808,
      39.9477245
     ],
     [
      116.4009724,
      39.9476784
     ],
     [
      116.38904480000001,
      39.94756290000001
     ],
     [
      116.38872309999999,
      39.947611
     ],
     [
      116.38791520000001,
      39.9476038
     ],
     [
      116.38683300000001,
      39.947578199999995
     ],
     [
      116.3864685,
      39.9475419
     ],
     [
      116.36850800000002,
      39.9474048
     ],
     [
      116.3679609,
      39.947428399999986
     ],
     [
      116.3670499,
      39.947388
     ],
     [
      116.36617819999998,
      39.947351
     ],
     [
      116.3658842,
      39.947291799999995
     ],
     [
      116.36543940000001,
      39.94724829999999
     ],
     [
      116.3650064,
      39.94719659999999
     ],
     [
      116.36452640000002,
      39.947103000000006
     ],
     [
      116.3639128,
      39.9469384
     ],
     [
      116.3635374,
      39.946827400000004
     ],
     [
      116.3626166,
      39.9465113
     ],
     [
      116.361604,
      39.94610320000001
     ],
     [
      116.36014690000002,
      39.9454816
     ],
     [
      116.35906249999998,
      39.9450493
     ],
     [
      116.35803210000002,
      39.94472840000001
     ],
     [
      116.3568121,
      39.9443931
     ],
     [
      116.35419380000002,
      39.9436893
     ],
     [
      116.35216090000002,
      39.94312299999999
     ],
     [
      116.3514984,
      39.942920799999996
     ],
     [
      116.3510816,
      39.942793599999995
     ],
     [
      116.3507667,
      39.94266129999998
     ],
     [
      116.3504756,
      39.9424964
     ],
     [
      116.35024610000002,
      39.94232160000001
     ],
     [
      116.3499715,
      39.9420874
     ],
     [
      116.34974429999998,
      39.941850599999995
     ],
     [
      116.3495497,
      39.941576999999995
     ],
     [
      116.3494408,
      39.941197499999994
     ],
     [
      116.3492466,
      39.94046109999999
     ],
     [
      116.34923599999999,
      39.9403723
     ],
     [
      116.3492295,
      39.940274200000005
     ],
     [
      116.349226,
      39.940175200000006
     ],
     [
      116.34922460000001,
      39.94006229999999
     ],
     [
      116.34923170000002,
      39.9397299
     ],
     [
      116.3492602,
      39.9391324
     ]
    ]
   },
   "properties": {
    "id": "CT-RAIL-54",
    "layer": "EXISTING_RAIL",
    "source_type": "osm",
    "confidence": "medium",
    "geometry_role": "existing_condition",
    "name_zh": "北京地铁2号线",
    "rail_kind": "subway",
    "attribution": "© OpenStreetMap contributors, ODbL 1.0",
    "official_boundary": false
   }
  },
  {
   "type": "Feature",
   "id": "CT-RAIL-55",
   "geometry": {
    "type": "LineString",
    "coordinates": [
     [
      116.34939770000001,
      39.9391361
     ],
     [
      116.34938029999999,
      39.9397399
     ],
     [
      116.34937130000002,
      39.940057
     ],
     [
      116.3493721,
      39.94017769999999
     ],
     [
      116.3493757,
      39.9402854
     ],
     [
      116.3493813,
      39.940368899999996
     ],
     [
      116.34938570000001,
      39.94045769999999
     ],
     [
      116.3494836,
      39.941195
     ],
     [
      116.34959849999998,
      39.94157009999999
     ],
     [
      116.34977960000002,
      39.9418249
     ],
     [
      116.350006,
      39.942059699999994
     ],
     [
      116.3502849,
      39.94230050000001
     ],
     [
      116.35051509999998,
      39.94246979999999
     ],
     [
      116.35078389999998,
      39.9426306
     ],
     [
      116.3511008,
      39.94276479999999
     ],
     [
      116.35151310000002,
      39.9428831
     ],
     [
      116.35218130000001,
      39.9430442
     ],
     [
      116.35422419999999,
      39.943637499999994
     ],
     [
      116.3568237,
      39.9443383
     ],
     [
      116.35805789999999,
      39.9446758
     ],
     [
      116.35909029999999,
      39.9449956
     ],
     [
      116.36018480000001,
      39.945428299999996
     ],
     [
      116.3616401,
      39.94605079999999
     ],
     [
      116.3626418,
      39.9464447
     ],
     [
      116.36356760000001,
      39.94677060000001
     ],
     [
      116.3639406,
      39.94688699999999
     ],
     [
      116.36453930000002,
      39.9470618
     ],
     [
      116.3650168,
      39.94715539999999
     ],
     [
      116.36544300000001,
      39.94721079999999
     ],
     [
      116.3657495,
      39.94722529999999
     ],
     [
      116.36588649999999,
      39.94724660000001
     ],
     [
      116.36619330000002,
      39.9472333
     ],
     [
      116.3670584,
      39.9472675
     ],
     [
      116.3679699,
      39.947305
     ],
     [
      116.3685106,
      39.94737620000001
     ],
     [
      116.38656060000001,
      39.94751260000001
     ],
     [
      116.38680179999999,
      39.947466600000006
     ],
     [
      116.38791990000001,
      39.9474755
     ],
     [
      116.38871860000002,
      39.947487100000004
     ],
     [
      116.38904659999999,
      39.9475361
     ],
     [
      116.4009749,
      39.94765079999999
     ],
     [
      116.40128090000002,
      39.9476064
     ],
     [
      116.40206949999998,
      39.947609400000005
     ],
     [
      116.40279340000001,
      39.9476118
     ],
     [
      116.40286359999999,
      39.947612
     ],
     [
      116.40320620000001,
      39.947670599999995
     ],
     [
      116.41031340000002,
      39.947874500000005
     ],
     [
      116.4107534,
      39.947847800000005
     ],
     [
      116.4115476,
      39.947872700000005
     ],
     [
      116.41233119999998,
      39.94790019999999
     ],
     [
      116.41273970000002,
      39.947960399999985
     ],
     [
      116.42389259999999,
      39.94833239999999
     ],
     [
      116.4244239,
      39.9483439
     ],
     [
      116.4245115,
      39.94833679999999
     ],
     [
      116.4249815,
      39.948298699999995
     ],
     [
      116.42549590000002,
      39.94818080000001
     ],
     [
      116.42589370000002,
      39.94803700000001
     ],
     [
      116.42627950000002,
      39.9478583
     ],
     [
      116.4266305,
      39.94762610000001
     ],
     [
      116.42691290000002,
      39.947393
     ],
     [
      116.42715689999999,
      39.9471064
     ],
     [
      116.42731910000002,
      39.9468669
     ],
     [
      116.4274609,
      39.9465527
     ],
     [
      116.42757540000001,
      39.946276499999996
     ],
     [
      116.4276265,
      39.9459959
     ],
     [
      116.42763309999998,
      39.9457197
     ],
     [
      116.4276623,
      39.9405983
     ],
     [
      116.42760920000002,
      39.94027729999999
     ],
     [
      116.42760630000001,
      39.9397012
     ]
    ]
   },
   "properties": {
    "id": "CT-RAIL-55",
    "layer": "EXISTING_RAIL",
    "source_type": "osm",
    "confidence": "medium",
    "geometry_role": "existing_condition",
    "name_zh": "北京地铁2号线",
    "rail_kind": "subway",
    "attribution": "© OpenStreetMap contributors, ODbL 1.0",
    "official_boundary": false
   }
  },
  {
   "type": "Feature",
   "id": "CT-RAIL-56",
   "geometry": {
    "type": "LineString",
    "coordinates": [
     [
      116.34433240000001,
      39.95239059999999
     ],
     [
      116.34445069999998,
      39.9521748
     ],
     [
      116.3447514,
      39.9516349
     ],
     [
      116.3447964,
      39.9515476
     ]
    ]
   },
   "properties": {
    "id": "CT-RAIL-56",
    "layer": "EXISTING_RAIL",
    "source_type": "osm",
    "confidence": "medium",
    "geometry_role": "existing_condition",
    "name_zh": "京包客专线",
    "rail_kind": "rail",
    "attribution": "© OpenStreetMap contributors, ODbL 1.0",
    "official_boundary": false
   }
  },
  {
   "type": "Feature",
   "id": "CT-RAIL-57",
   "geometry": {
    "type": "LineString",
    "coordinates": [
     [
      116.3457891,
      39.949512999999996
     ],
     [
      116.3457658,
      39.9495844
     ],
     [
      116.345691,
      39.949786399999994
     ],
     [
      116.34561560000002,
      39.9499433
     ],
     [
      116.34559090000002,
      39.94998819999999
     ],
     [
      116.34555710000001,
      39.95004889999999
     ],
     [
      116.3451972,
      39.95070520000001
     ]
    ]
   },
   "properties": {
    "id": "CT-RAIL-57",
    "layer": "EXISTING_RAIL",
    "source_type": "osm",
    "confidence": "medium",
    "geometry_role": "existing_condition",
    "name_zh": "京包客专线",
    "rail_kind": "rail",
    "attribution": "© OpenStreetMap contributors, ODbL 1.0",
    "official_boundary": false
   }
  },
  {
   "type": "Feature",
   "id": "CT-RAIL-58",
   "geometry": {
    "type": "LineString",
    "coordinates": [
     [
      116.3451972,
      39.95070520000001
     ],
     [
      116.3451143,
      39.9508543
     ]
    ]
   },
   "properties": {
    "id": "CT-RAIL-58",
    "layer": "EXISTING_RAIL",
    "source_type": "osm",
    "confidence": "medium",
    "geometry_role": "existing_condition",
    "name_zh": "京包客专线",
    "rail_kind": "rail",
    "attribution": "© OpenStreetMap contributors, ODbL 1.0",
    "official_boundary": false
   }
  },
  {
   "type": "Feature",
   "id": "CT-RAIL-59",
   "geometry": {
    "type": "LineString",
    "coordinates": [
     [
      116.3455717,
      39.949888900000005
     ],
     [
      116.3456017,
      39.9498156
     ],
     [
      116.34562129999999,
      39.94976309999999
     ],
     [
      116.3456886,
      39.949565
     ],
     [
      116.3457108,
      39.9494864
     ]
    ]
   },
   "properties": {
    "id": "CT-RAIL-59",
    "layer": "EXISTING_RAIL",
    "source_type": "osm",
    "confidence": "medium",
    "geometry_role": "existing_condition",
    "name_zh": "既有轨道/铁路",
    "rail_kind": "rail",
    "attribution": "© OpenStreetMap contributors, ODbL 1.0",
    "official_boundary": false
   }
  },
  {
   "type": "Feature",
   "id": "CT-RAIL-60",
   "geometry": {
    "type": "LineString",
    "coordinates": [
     [
      116.34440380000001,
      39.9521639
     ],
     [
      116.34436090000001,
      39.9522296
     ],
     [
      116.34428229999999,
      39.952374799999994
     ]
    ]
   },
   "properties": {
    "id": "CT-RAIL-60",
    "layer": "EXISTING_RAIL",
    "source_type": "osm",
    "confidence": "medium",
    "geometry_role": "existing_condition",
    "name_zh": "京包客专线",
    "rail_kind": "rail",
    "attribution": "© OpenStreetMap contributors, ODbL 1.0",
    "official_boundary": false
   }
  },
  {
   "type": "Feature",
   "id": "CT-RAIL-61",
   "geometry": {
    "type": "LineString",
    "coordinates": [
     [
      116.3457499,
      39.949291
     ],
     [
      116.34577940000001,
      39.94910490000001
     ],
     [
      116.3457915,
      39.948973699999996
     ],
     [
      116.3457916,
      39.9487252
     ]
    ]
   },
   "properties": {
    "id": "CT-RAIL-61",
    "layer": "EXISTING_RAIL",
    "source_type": "osm",
    "confidence": "medium",
    "geometry_role": "existing_condition",
    "name_zh": "既有轨道/铁路",
    "rail_kind": "rail",
    "attribution": "© OpenStreetMap contributors, ODbL 1.0",
    "official_boundary": false
   }
  },
  {
   "type": "Feature",
   "id": "CT-RAIL-62",
   "geometry": {
    "type": "LineString",
    "coordinates": [
     [
      116.3481576,
      39.97385629999999
     ],
     [
      116.3481617,
      39.9732049
     ],
     [
      116.3480984,
      39.97275760000001
     ],
     [
      116.3481095,
      39.9721887
     ],
     [
      116.3484132,
      39.966434
     ],
     [
      116.34847600000002,
      39.96524470000001
     ],
     [
      116.34865190000001,
      39.9616997
     ]
    ]
   },
   "properties": {
    "id": "CT-RAIL-62",
    "layer": "EXISTING_RAIL",
    "source_type": "osm",
    "confidence": "medium",
    "geometry_role": "existing_condition",
    "name_zh": "北京地铁昌平线南延",
    "rail_kind": "subway",
    "attribution": "© OpenStreetMap contributors, ODbL 1.0",
    "official_boundary": false
   }
  },
  {
   "type": "Feature",
   "id": "CT-RAIL-63",
   "geometry": {
    "type": "LineString",
    "coordinates": [
     [
      116.34880220000001,
      39.9616951
     ],
     [
      116.3486802,
      39.964110199999986
     ],
     [
      116.3485476,
      39.9658747
     ],
     [
      116.3485256,
      39.96644009999999
     ],
     [
      116.3483937,
      39.96982229999999
     ],
     [
      116.3482545,
      39.972651600000006
     ],
     [
      116.34823659999999,
      39.9738577
     ]
    ]
   },
   "properties": {
    "id": "CT-RAIL-63",
    "layer": "EXISTING_RAIL",
    "source_type": "osm",
    "confidence": "medium",
    "geometry_role": "existing_condition",
    "name_zh": "北京地铁昌平线南延",
    "rail_kind": "subway",
    "attribution": "© OpenStreetMap contributors, ODbL 1.0",
    "official_boundary": false
   }
  },
  {
   "type": "Feature",
   "id": "CT-RAIL-64",
   "geometry": {
    "type": "LineString",
    "coordinates": [
     [
      116.34589160000002,
      39.948691100000005
     ],
     [
      116.3458909,
      39.9488623
     ],
     [
      116.34588569999998,
      39.9489833
     ],
     [
      116.3458723,
      39.949114900000005
     ],
     [
      116.34583580000002,
      39.949319
     ]
    ]
   },
   "properties": {
    "id": "CT-RAIL-64",
    "layer": "EXISTING_RAIL",
    "source_type": "osm",
    "confidence": "medium",
    "geometry_role": "existing_condition",
    "name_zh": "京包客专线",
    "rail_kind": "rail",
    "attribution": "© OpenStreetMap contributors, ODbL 1.0",
    "official_boundary": false
   }
  },
  {
   "type": "Feature",
   "id": "CT-RAIL-65",
   "geometry": {
    "type": "LineString",
    "coordinates": [
     [
      116.34589979999998,
      39.949339699999996
     ],
     [
      116.3459377,
      39.94912149999999
     ],
     [
      116.3460393,
      39.9485876
     ]
    ]
   },
   "properties": {
    "id": "CT-RAIL-65",
    "layer": "EXISTING_RAIL",
    "source_type": "osm",
    "confidence": "medium",
    "geometry_role": "existing_condition",
    "name_zh": "京包客专线",
    "rail_kind": "rail",
    "attribution": "© OpenStreetMap contributors, ODbL 1.0",
    "official_boundary": false
   }
  },
  {
   "type": "Feature",
   "id": "CT-RAIL-66",
   "geometry": {
    "type": "LineString",
    "coordinates": [
     [
      116.55193969999999,
      39.97463820000001
     ],
     [
      116.54805059999998,
      39.9742577
     ],
     [
      116.5459454,
      39.9740405
     ],
     [
      116.545039,
      39.9738779
     ],
     [
      116.5443616,
      39.973669799999996
     ],
     [
      116.54345200000002,
      39.9732182
     ],
     [
      116.54283,
      39.972878699999995
     ],
     [
      116.54207550000001,
      39.97248969999999
     ],
     [
      116.5407115,
      39.9719037
     ],
     [
      116.5386931,
      39.9714406
     ],
     [
      116.53718479999999,
      39.97125
     ],
     [
      116.5356533,
      39.971244500000005
     ],
     [
      116.53468769999999,
      39.97136059999998
     ],
     [
      116.53384979999998,
      39.9715224
     ],
     [
      116.5323644,
      39.9719387
     ],
     [
      116.5303945,
      39.9726671
     ],
     [
      116.5283748,
      39.97337579999999
     ],
     [
      116.5274166,
      39.97371199999999
     ],
     [
      116.52474819999999,
      39.974777900000014
     ],
     [
      116.5221361,
      39.975460999999996
     ],
     [
      116.51751700000001,
      39.97682399999999
     ],
     [
      116.5151365,
      39.97784239999999
     ],
     [
      116.5129815,
      39.97897400000001
     ],
     [
      116.51133509999998,
      39.979754
     ],
     [
      116.5097714,
      39.980480400000005
     ],
     [
      116.5087655,
      39.98085050000001
     ],
     [
      116.50818830000001,
      39.9810163
     ],
     [
      116.50761389999998,
      39.9810565
     ],
     [
      116.5069557,
      39.9810176
     ],
     [
      116.50627969999998,
      39.980882300000005
     ],
     [
      116.5055995,
      39.980603800000004
     ],
     [
      116.5042198,
      39.97986709999999
     ],
     [
      116.5027234,
      39.9793851
     ],
     [
      116.50077050000002,
      39.9793056
     ],
     [
      116.49948100000002,
      39.97930680000001
     ],
     [
      116.49833770000001,
      39.979307799999994
     ],
     [
      116.4855307,
      39.9791765
     ],
     [
      116.4850353,
      39.97917769999999
     ],
     [
      116.4840414,
      39.97917999999999
     ],
     [
      116.4826735,
      39.9790636
     ],
     [
      116.4821304,
      39.97882429999999
     ],
     [
      116.48151400000002,
      39.978300099999984
     ],
     [
      116.47747580000001,
      39.97464200000001
     ],
     [
      116.4739278,
      39.97141310000001
     ],
     [
      116.47184310000002,
      39.9695157
     ],
     [
      116.47132490000001,
      39.96917189999999
     ],
     [
      116.4706846,
      39.96884059999999
     ],
     [
      116.4699372,
      39.96853329999999
     ],
     [
      116.4690162,
      39.96823559999999
     ],
     [
      116.4679094,
      39.96797190000001
     ],
     [
      116.46531850000001,
      39.967417600000005
     ],
     [
      116.4632554,
      39.967114900000006
     ],
     [
      116.46194610000002,
      39.96684669999999
     ],
     [
      116.4604786,
      39.9662405
     ],
     [
      116.4592158,
      39.9654441
     ],
     [
      116.4577655,
      39.96430519999999
     ],
     [
      116.4543822,
      39.961233199999995
     ],
     [
      116.4524062,
      39.959430900000015
     ],
     [
      116.4514083,
      39.95852070000001
     ],
     [
      116.4509798,
      39.95826480000001
     ],
     [
      116.4505232,
      39.9580653
     ],
     [
      116.44999770000001,
      39.957916700000006
     ],
     [
      116.4493558,
      39.957776700000004
     ],
     [
      116.4488491,
      39.95768609999999
     ],
     [
      116.44813400000001,
      39.957616200000004
     ],
     [
      116.44747240000001,
      39.9576122
     ],
     [
      116.4466295,
      39.95767999999998
     ],
     [
      116.4460261,
      39.95792759999999
     ],
     [
      116.4454823,
      39.9582392
     ],
     [
      116.44176140000002,
      39.96076999999999
     ],
     [
      116.43609270000002,
      39.96444259999999
     ],
     [
      116.43518460000001,
      39.96503090000001
     ],
     [
      116.4317361,
      39.967290299999995
     ],
     [
      116.4309781,
      39.96769640000001
     ],
     [
      116.43008540000001,
      39.968
     ],
     [
      116.42894319999999,
      39.9681849
     ],
     [
      116.42802009999998,
      39.96822980000001
     ],
     [
      116.42425749999998,
      39.968142199999996
     ],
     [
      116.422315,
      39.968097
     ],
     [
      116.41517390000001,
      39.9679107
     ],
     [
      116.4118035,
      39.967832099999995
     ],
     [
      116.4078197,
      39.96773909999999
     ],
     [
      116.40253630000001,
      39.9675961
     ],
     [
      116.4009972,
      39.967550700000004
     ],
     [
      116.3930508,
      39.96731599999999
     ],
     [
      116.3883923,
      39.96719910000001
     ],
     [
      116.3850309,
      39.9671147
     ],
     [
      116.3758319,
      39.96690169999999
     ],
     [
      116.37472750000002,
      39.96687610000001
     ],
     [
      116.3672265,
      39.96671179999999
     ],
     [
      116.36386130000001,
      39.9666607
     ],
     [
      116.36118269999999,
      39.96662
     ],
     [
      116.35256080000002,
      39.966398399999996
     ],
     [
      116.3496595,
      39.966370899999994
     ],
     [
      116.3428731,
      39.966306700000004
     ],
     [
      116.3388722,
      39.96618659999999
     ],
     [
      116.337828,
      39.9661897
     ],
     [
      116.3338797,
      39.9662015
     ],
     [
      116.3245747,
      39.96613330000001
     ],
     [
      116.3183955,
      39.965943399999986
     ],
     [
      116.3160994,
      39.965830000000004
     ],
     [
      116.31571519999999,
      39.9657679
     ],
     [
      116.3149677,
      39.9656472
     ],
     [
      116.31397750000001,
      39.965385899999994
     ],
     [
      116.3113995,
      39.9644381
     ],
     [
      116.30681,
      39.96279619999999
     ],
     [
      116.3029753,
      39.9614388
     ],
     [
      116.30156570000001,
      39.960792399999995
     ],
     [
      116.3004803,
      39.96029459999999
     ],
     [
      116.2980514,
      39.9592108
     ],
     [
      116.2963317,
      39.9586472
     ],
     [
      116.29354420000001,
      39.95811839999999
     ],
     [
      116.2897371,
      39.957824499999994
     ],
     [
      116.2880047,
      39.957469899999985
     ],
     [
      116.28758730000001,
      39.957384499999996
     ],
     [
      116.2850043,
      39.956611699999996
     ],
     [
      116.28369179999999,
      39.956371299999994
     ],
     [
      116.2818375,
      39.95616209999999
     ],
     [
      116.27743920000002,
      39.9559566
     ],
     [
      116.2766995,
      39.95591829999999
     ],
     [
      116.27319150000001,
      39.9557364
     ],
     [
      116.2712328,
      39.9555568
     ],
     [
      116.27062660000001,
      39.95537829999999
     ],
     [
      116.2701609,
      39.95514849999999
     ],
     [
      116.2699075,
      39.954793200000005
     ],
     [
      116.26978679999999,
      39.95423399999999
     ],
     [
      116.2697548,
      39.953456899999985
     ],
     [
      116.26965579999998,
      39.952491
     ],
     [
      116.26943340000001,
      39.9514561
     ],
     [
      116.2687234,
      39.9464231
     ],
     [
      116.268445,
      39.944427600000004
     ],
     [
      116.26833670000002,
      39.943535499999996
     ],
     [
      116.2682139,
      39.942524899999995
     ],
     [
      116.2681834,
      39.94192999999999
     ]
    ]
   },
   "properties": {
    "id": "CT-RAIL-66",
    "layer": "EXISTING_RAIL",
    "source_type": "osm",
    "confidence": "medium",
    "geometry_role": "existing_condition",
    "name_zh": "北京地铁12号线",
    "rail_kind": "subway",
    "attribution": "© OpenStreetMap contributors, ODbL 1.0",
    "official_boundary": false
   }
  },
  {
   "type": "Feature",
   "id": "CT-RAIL-67",
   "geometry": {
    "type": "LineString",
    "coordinates": [
     [
      116.34472930000001,
      39.95146539999999
     ],
     [
      116.3450676,
      39.95082330000002
     ],
     [
      116.34531269999998,
      39.950380499999994
     ],
     [
      116.3455717,
      39.949888900000005
     ]
    ]
   },
   "properties": {
    "id": "CT-RAIL-67",
    "layer": "EXISTING_RAIL",
    "source_type": "osm",
    "confidence": "medium",
    "geometry_role": "existing_condition",
    "name_zh": "既有轨道/铁路",
    "rail_kind": "rail",
    "attribution": "© OpenStreetMap contributors, ODbL 1.0",
    "official_boundary": false
   }
  },
  {
   "type": "Feature",
   "id": "CT-RAIL-68",
   "geometry": {
    "type": "LineString",
    "coordinates": [
     [
      116.34663879999998,
      39.9976539
     ],
     [
      116.34672239999999,
      39.9960535
     ],
     [
      116.3469352,
      39.991767499999995
     ],
     [
      116.3472065,
      39.9867982
     ],
     [
      116.3472656,
      39.9857157
     ],
     [
      116.3473211,
      39.984699199999994
     ],
     [
      116.34750270000002,
      39.98195990000001
     ],
     [
      116.34781099999998,
      39.9772827
     ],
     [
      116.3478521,
      39.97690879999999
     ],
     [
      116.3479455,
      39.976514099999996
     ],
     [
      116.3480579,
      39.97556999999999
     ],
     [
      116.34808840000001,
      39.975174599999995
     ],
     [
      116.3481203,
      39.9744935
     ],
     [
      116.3481576,
      39.97385629999999
     ]
    ]
   },
   "properties": {
    "id": "CT-RAIL-68",
    "layer": "EXISTING_RAIL",
    "source_type": "osm",
    "confidence": "medium",
    "geometry_role": "existing_condition",
    "name_zh": "北京地铁昌平线南延",
    "rail_kind": "subway",
    "attribution": "© OpenStreetMap contributors, ODbL 1.0",
    "official_boundary": false
   }
  },
  {
   "type": "Feature",
   "id": "CT-RAIL-69",
   "geometry": {
    "type": "LineString",
    "coordinates": [
     [
      116.34823659999999,
      39.9738577
     ],
     [
      116.34821119999998,
      39.97449760000001
     ],
     [
      116.34798240000002,
      39.9767422
     ],
     [
      116.34787590000002,
      39.977100699999994
     ],
     [
      116.3478114,
      39.97807
     ],
     [
      116.3477339,
      39.97940779999999
     ],
     [
      116.34765970000001,
      39.9806589
     ],
     [
      116.3475791,
      39.9817889
     ],
     [
      116.34744180000001,
      39.9838162
     ],
     [
      116.34740490000002,
      39.9843613
     ],
     [
      116.34737170000001,
      39.9857271
     ],
     [
      116.3473132,
      39.98680230000001
     ],
     [
      116.3473036,
      39.9869693
     ],
     [
      116.3470445,
      39.99169320000001
     ],
     [
      116.34671669999999,
      39.9976516
     ]
    ]
   },
   "properties": {
    "id": "CT-RAIL-69",
    "layer": "EXISTING_RAIL",
    "source_type": "osm",
    "confidence": "medium",
    "geometry_role": "existing_condition",
    "name_zh": "北京地铁昌平线南延",
    "rail_kind": "subway",
    "attribution": "© OpenStreetMap contributors, ODbL 1.0",
    "official_boundary": false
   }
  },
  {
   "type": "Feature",
   "id": "CT-RAIL-70",
   "geometry": {
    "type": "LineString",
    "coordinates": [
     [
      116.34645869999999,
      40.001101999999996
     ],
     [
      116.3465717,
      39.998938599999995
     ],
     [
      116.34663879999998,
      39.9976539
     ]
    ]
   },
   "properties": {
    "id": "CT-RAIL-70",
    "layer": "EXISTING_RAIL",
    "source_type": "osm",
    "confidence": "medium",
    "geometry_role": "existing_condition",
    "name_zh": "北京地铁昌平线南延",
    "rail_kind": "subway",
    "attribution": "© OpenStreetMap contributors, ODbL 1.0",
    "official_boundary": false
   }
  },
  {
   "type": "Feature",
   "id": "CT-RAIL-71",
   "geometry": {
    "type": "LineString",
    "coordinates": [
     [
      116.34671669999999,
      39.9976516
     ],
     [
      116.3466457,
      39.99894199999999
     ],
     [
      116.3465452,
      40.00110180000001
     ]
    ]
   },
   "properties": {
    "id": "CT-RAIL-71",
    "layer": "EXISTING_RAIL",
    "source_type": "osm",
    "confidence": "medium",
    "geometry_role": "existing_condition",
    "name_zh": "北京地铁昌平线南延",
    "rail_kind": "subway",
    "attribution": "© OpenStreetMap contributors, ODbL 1.0",
    "official_boundary": false
   }
  },
  {
   "type": "Feature",
   "id": "CT-WATER-72",
   "geometry": {
    "type": "LineString",
    "coordinates": [
     [
      116.3607964884885,
      39.9984782510252
     ],
     [
      116.35947640000002,
      39.999962599999996
     ],
     [
      116.3571198,
      40.002324699999996
     ],
     [
      116.35543750000001,
      40.0036857
     ],
     [
      116.35338620000002,
      40.0058027
     ],
     [
      116.3530171,
      40.006368099999996
     ],
     [
      116.3528898,
      40.0066377
     ],
     [
      116.351558,
      40.00945800000001
     ],
     [
      116.35018439999999,
      40.01209269999999
     ],
     [
      116.34951239999998,
      40.01304089999999
     ],
     [
      116.348162,
      40.01536240000001
     ],
     [
      116.3467457,
      40.01721249999999
     ],
     [
      116.3460247,
      40.0182327
     ]
    ]
   },
   "properties": {
    "id": "CT-WATER-72",
    "layer": "EXISTING_WATER",
    "source_type": "osm",
    "confidence": "medium",
    "geometry_role": "existing_condition",
    "name_zh": "小月河",
    "attribution": "© OpenStreetMap contributors, ODbL 1.0",
    "official_boundary": false
   }
  },
  {
   "type": "Feature",
   "id": "CT-WATER-73",
   "geometry": {
    "type": "LineString",
    "coordinates": [
     [
      116.34426240000002,
      40.02462269999999
     ],
     [
      116.34414340000001,
      40.02506040000001
     ]
    ]
   },
   "properties": {
    "id": "CT-WATER-73",
    "layer": "EXISTING_WATER",
    "source_type": "osm",
    "confidence": "medium",
    "geometry_role": "existing_condition",
    "name_zh": "小月河",
    "attribution": "© OpenStreetMap contributors, ODbL 1.0",
    "official_boundary": false
   }
  },
  {
   "type": "Feature",
   "id": "CT-WATER-74",
   "geometry": {
    "type": "LineString",
    "coordinates": [
     [
      116.3451441,
      40.0196625
     ],
     [
      116.3445456,
      40.020679
     ],
     [
      116.3441426,
      40.0213074
     ],
     [
      116.3440027,
      40.0214942
     ],
     [
      116.34379209999999,
      40.021982
     ],
     [
      116.3437751,
      40.02208659999999
     ],
     [
      116.34377430000002,
      40.0221981
     ],
     [
      116.34381249999998,
      40.02237420000001
     ],
     [
      116.3438663,
      40.0224782
     ],
     [
      116.34399630000001,
      40.0226811
     ],
     [
      116.34413230000001,
      40.0229169
     ],
     [
      116.34417520000001,
      40.02305870000001
     ],
     [
      116.3443047,
      40.02419309999999
     ],
     [
      116.3442954,
      40.0243861
     ],
     [
      116.34426240000002,
      40.02462269999999
     ]
    ]
   },
   "properties": {
    "id": "CT-WATER-74",
    "layer": "EXISTING_WATER",
    "source_type": "osm",
    "confidence": "medium",
    "geometry_role": "existing_condition",
    "name_zh": "小月河",
    "attribution": "© OpenStreetMap contributors, ODbL 1.0",
    "official_boundary": false
   }
  },
  {
   "type": "Feature",
   "id": "CT-WATER-75",
   "geometry": {
    "type": "LineString",
    "coordinates": [
     [
      116.3460247,
      40.0182327
     ],
     [
      116.3451441,
      40.0196625
     ]
    ]
   },
   "properties": {
    "id": "CT-WATER-75",
    "layer": "EXISTING_WATER",
    "source_type": "osm",
    "confidence": "medium",
    "geometry_role": "existing_condition",
    "name_zh": "现状水系",
    "attribution": "© OpenStreetMap contributors, ODbL 1.0",
    "official_boundary": false
   }
  },
  {
   "type": "Feature",
   "id": "CT-WATER-76",
   "geometry": {
    "type": "LineString",
    "coordinates": [
     [
      116.36039120000001,
      39.946420800000006
     ],
     [
      116.3617243,
      39.9468421
     ],
     [
      116.36232059421835,
      39.946980601111974
     ]
    ]
   },
   "properties": {
    "id": "CT-WATER-76",
    "layer": "EXISTING_WATER",
    "source_type": "osm",
    "confidence": "medium",
    "geometry_role": "existing_condition",
    "name_zh": "护城河",
    "attribution": "© OpenStreetMap contributors, ODbL 1.0",
    "official_boundary": false
   }
  },
  {
   "type": "Feature",
   "id": "CT-WATER-77",
   "geometry": {
    "type": "LineString",
    "coordinates": [
     [
      116.347854,
      39.95833429999999
     ],
     [
      116.34773410000001,
      39.9602436
     ],
     [
      116.3477263,
      39.9611421
     ],
     [
      116.34757780000001,
      39.963380599999994
     ],
     [
      116.34752950000001,
      39.9642949
     ],
     [
      116.3476394,
      39.96482290000001
     ],
     [
      116.347603,
      39.965446100000015
     ],
     [
      116.34758,
      39.9655738
     ],
     [
      116.34753160000001,
      39.9659089
     ],
     [
      116.3474972,
      39.966741600000006
     ],
     [
      116.3475226,
      39.96708790000001
     ],
     [
      116.3473028,
      39.9687018
     ],
     [
      116.34726060000001,
      39.96991010000001
     ],
     [
      116.34721620000002,
      39.9707404
     ],
     [
      116.34715140000002,
      39.9720034
     ],
     [
      116.3471296,
      39.97259830000001
     ],
     [
      116.34710049999998,
      39.9732452
     ],
     [
      116.3470568,
      39.97371369999999
     ],
     [
      116.3470583,
      39.9738411
     ],
     [
      116.34707550000002,
      39.974117400000004
     ],
     [
      116.3471284,
      39.97428609999999
     ],
     [
      116.3472068,
      39.97436090000001
     ],
     [
      116.34728289999998,
      39.974414200000005
     ],
     [
      116.34752320000001,
      39.9745173
     ],
     [
      116.3479094,
      39.97456989999999
     ],
     [
      116.3484677,
      39.9745552
     ],
     [
      116.3491866,
      39.9745094
     ],
     [
      116.34988670000001,
      39.97451519999999
     ],
     [
      116.3512486,
      39.97452789999999
     ],
     [
      116.357609,
      39.974606
     ],
     [
      116.3606364,
      39.974628299999985
     ],
     [
      116.36156575364087,
      39.97463893800109
     ]
    ]
   },
   "properties": {
    "id": "CT-WATER-77",
    "layer": "EXISTING_WATER",
    "source_type": "osm",
    "confidence": "medium",
    "geometry_role": "existing_condition",
    "name_zh": "小月河",
    "attribution": "© OpenStreetMap contributors, ODbL 1.0",
    "official_boundary": false
   }
  },
  {
   "type": "Feature",
   "id": "CT-WATER-78",
   "geometry": {
    "type": "Polygon",
    "coordinates": [
     [
      [
       116.33398910000001,
       39.93952699999999
      ],
      [
       116.3339896,
       39.9396251
      ],
      [
       116.3339896,
       39.9397402
      ],
      [
       116.33396450000001,
       39.9398672
      ],
      [
       116.3339574,
       39.939986999999995
      ],
      [
       116.33408620000002,
       39.9400405
      ],
      [
       116.334449,
       39.94008560000001
      ],
      [
       116.334624,
       39.9400179
      ],
      [
       116.33474989999999,
       39.9400241
      ],
      [
       116.3348641,
       39.940069900000005
      ],
      [
       116.3349509,
       39.9401617
      ],
      [
       116.3349628,
       39.94028540000001
      ],
      [
       116.33500880000001,
       39.94036539999999
      ],
      [
       116.3351764,
       39.940394399999995
      ],
      [
       116.3352445,
       39.9403664
      ],
      [
       116.335317,
       39.9403859
      ],
      [
       116.33548289999999,
       39.940323899999996
      ],
      [
       116.3355509,
       39.9399767
      ],
      [
       116.33549520000001,
       39.939927
      ],
      [
       116.335345,
       39.9399147
      ],
      [
       116.33507390000001,
       39.9398862
      ],
      [
       116.33481739999999,
       39.9398002
      ],
      [
       116.33472450000001,
       39.93974849999999
      ],
      [
       116.3345497,
       39.93971419999999
      ],
      [
       116.3343628,
       39.9396636
      ],
      [
       116.33435600000001,
       39.9395512
      ],
      [
       116.33447240000001,
       39.93954490000001
      ],
      [
       116.33449010000001,
       39.9394931
      ],
      [
       116.3343445,
       39.9394047
      ],
      [
       116.33423090000001,
       39.93938030000001
      ],
      [
       116.3340179,
       39.9393719
      ],
      [
       116.33401070000001,
       39.9394352
      ],
      [
       116.33398910000001,
       39.93952699999999
      ]
     ]
    ]
   },
   "properties": {
    "id": "CT-WATER-78",
    "layer": "EXISTING_WATER",
    "source_type": "osm",
    "confidence": "medium",
    "geometry_role": "existing_condition",
    "name_zh": "天鹅湖",
    "attribution": "© OpenStreetMap contributors, ODbL 1.0",
    "official_boundary": false
   }
  },
  {
   "type": "Feature",
   "id": "CT-WATER-79",
   "geometry": {
    "type": "Polygon",
    "coordinates": [
     [
      [
       116.33619699999998,
       39.95086429999999
      ],
      [
       116.33623470000002,
       39.9508726
      ],
      [
       116.33631909999998,
       39.950871199999995
      ],
      [
       116.33637120000002,
       39.95088909999999
      ],
      [
       116.33644659999999,
       39.950906999999994
      ],
      [
       116.336522,
       39.9508822
      ],
      [
       116.33657940000002,
       39.9508437
      ],
      [
       116.33658300000002,
       39.95079549999999
      ],
      [
       116.33660100000002,
       39.9506909
      ],
      [
       116.3366154,
       39.95059460000001
      ],
      [
       116.3366441,
       39.9505464
      ],
      [
       116.3366997,
       39.950433499999995
      ],
      [
       116.336689,
       39.9503619
      ],
      [
       116.33666380000001,
       39.95031509999999
      ],
      [
       116.33661720000002,
       39.95031509999999
      ],
      [
       116.3365364,
       39.95031929999999
      ],
      [
       116.3364017,
       39.95029589999999
      ],
      [
       116.33631549999998,
       39.950278
      ],
      [
       116.3362473,
       39.950282099999995
      ],
      [
       116.3362024,
       39.9503303
      ],
      [
       116.33610579999998,
       39.9505207
      ],
      [
       116.3360795,
       39.9506696
      ],
      [
       116.3360677,
       39.9507623
      ],
      [
       116.33607599999999,
       39.950827700000005
      ],
      [
       116.3360914,
       39.95087399999999
      ],
      [
       116.33619699999998,
       39.95086429999999
      ]
     ]
    ]
   },
   "properties": {
    "id": "CT-WATER-79",
    "layer": "EXISTING_WATER",
    "source_type": "osm",
    "confidence": "medium",
    "geometry_role": "existing_condition",
    "name_zh": "明湖",
    "attribution": "© OpenStreetMap contributors, ODbL 1.0",
    "official_boundary": false
   }
  },
  {
   "type": "Feature",
   "id": "CT-WATER-80",
   "geometry": {
    "type": "Polygon",
    "coordinates": [
     [
      [
       116.3619919,
       39.9468657
      ],
      [
       116.36023850000001,
       39.9462886
      ],
      [
       116.360113,
       39.94648099999999
      ],
      [
       116.36138430000001,
       39.946903699999986
      ],
      [
       116.36232060918427,
       39.947125627469376
      ],
      [
       116.36232059001605,
       39.94693988616851
      ],
      [
       116.3619919,
       39.9468657
      ]
     ]
    ]
   },
   "properties": {
    "id": "CT-WATER-80",
    "layer": "EXISTING_WATER",
    "source_type": "osm",
    "confidence": "medium",
    "geometry_role": "existing_condition",
    "name_zh": "现状水系",
    "attribution": "© OpenStreetMap contributors, ODbL 1.0",
    "official_boundary": false
   }
  },
  {
   "type": "Feature",
   "id": "CT-WATER-81",
   "geometry": {
    "type": "Polygon",
    "coordinates": [
     [
      [
       116.35619809999999,
       40.02313
      ],
      [
       116.3562855,
       40.02320679999999
      ],
      [
       116.3563505,
       40.02325239999999
      ],
      [
       116.35648610000001,
       40.023282200000004
      ],
      [
       116.3566366,
       40.0233007
      ],
      [
       116.35675370000001,
       40.0232936
      ],
      [
       116.35683539999998,
       40.02326939999999
      ],
      [
       116.3569711,
       40.023179799999994
      ],
      [
       116.3570398,
       40.02313709999999
      ],
      [
       116.35710300000001,
       40.02304749999999
      ],
      [
       116.3571049,
       40.022970599999994
      ],
      [
       116.356999,
       40.02290089999999
      ],
      [
       116.3568559,
       40.022833999999996
      ],
      [
       116.35672579999999,
       40.0228042
      ],
      [
       116.35662550000002,
       40.02279419999999
      ],
      [
       116.35647499999999,
       40.02275289999999
      ],
      [
       116.35641740000001,
       40.0227601
      ],
      [
       116.35633940000001,
       40.02278989999999
      ],
      [
       116.3562948,
       40.022777100000006
      ],
      [
       116.35627060000002,
       40.02275720000001
      ],
      [
       116.35620739999999,
       40.0227529
      ],
      [
       116.35608110000001,
       40.02278989999999
      ],
      [
       116.3560179,
       40.022853999999995
      ],
      [
       116.35599380000001,
       40.0229422
      ],
      [
       116.35599380000001,
       40.0229991
      ],
      [
       116.35601230000002,
       40.02303040000001
      ],
      [
       116.35619809999999,
       40.02313
      ]
     ]
    ]
   },
   "properties": {
    "id": "CT-WATER-81",
    "layer": "EXISTING_WATER",
    "source_type": "osm",
    "confidence": "medium",
    "geometry_role": "existing_condition",
    "name_zh": "现状水系",
    "attribution": "© OpenStreetMap contributors, ODbL 1.0",
    "official_boundary": false
   }
  },
  {
   "type": "Feature",
   "id": "CT-WATER-82",
   "geometry": {
    "type": "Polygon",
    "coordinates": [
     [
      [
       116.35567420000001,
       40.02494699999999
      ],
      [
       116.3557596,
       40.02495689999999
      ],
      [
       116.35582279999998,
       40.02494129999999
      ],
      [
       116.35588789999998,
       40.024921299999995
      ],
      [
       116.35592500000001,
       40.0249768
      ],
      [
       116.3560105,
       40.0250224
      ],
      [
       116.3561052,
       40.02505649999999
      ],
      [
       116.3563078,
       40.0251547
      ],
      [
       116.3564341,
       40.02520450000001
      ],
      [
       116.35661990000001,
       40.0252272
      ],
      [
       116.35670540000001,
       40.0252201
      ],
      [
       116.35685029999999,
       40.025201599999995
      ],
      [
       116.3569153,
       40.0251718
      ],
      [
       116.35694510000002,
       40.025130499999996
      ],
      [
       116.35695439999999,
       40.025075
      ],
      [
       116.35690049999998,
       40.0249896
      ],
      [
       116.35687820000001,
       40.0249014
      ],
      [
       116.35678900000002,
       40.024756299999986
      ],
      [
       116.3566924,
       40.0246724
      ],
      [
       116.3565177,
       40.0245301
      ],
      [
       116.3563672,
       40.02444189999999
      ],
      [
       116.3563338,
       40.0244006
      ],
      [
       116.3562576,
       40.0242697
      ],
      [
       116.356174,
       40.02417440000001
      ],
      [
       116.3560829,
       40.024022099999996
      ],
      [
       116.3560235,
       40.023953799999994
      ],
      [
       116.3557782,
       40.0237603
      ],
      [
       116.3557262,
       40.02370199999999
      ],
      [
       116.35568350000001,
       40.023605200000006
      ],
      [
       116.35564630000002,
       40.02352559999999
      ],
      [
       116.3555088,
       40.023378999999984
      ],
      [
       116.3554401,
       40.02332919999999
      ],
      [
       116.3553732,
       40.02333769999999
      ],
      [
       116.3553156,
       40.0233904
      ],
      [
       116.3553342,
       40.023507099999996
      ],
      [
       116.3553602,
       40.02361379999999
      ],
      [
       116.35551619999998,
       40.02377309999999
      ],
      [
       116.3557206,
       40.023936799999994
      ],
      [
       116.3558321,
       40.0240278
      ],
      [
       116.3558463,
       40.0240474
      ],
      [
       116.3559324,
       40.0241658
      ],
      [
       116.3559417,
       40.024218499999996
      ],
      [
       116.3559288,
       40.0242528
      ],
      [
       116.35591759999998,
       40.02428249999999
      ],
      [
       116.35586560000002,
       40.024360800000004
      ],
      [
       116.3558483,
       40.02440500000001
      ],
      [
       116.35583950000002,
       40.024427599999996
      ],
      [
       116.35583030000001,
       40.0245002
      ],
      [
       116.35579120000001,
       40.024541500000005
      ],
      [
       116.3556798,
       40.024598399999995
      ],
      [
       116.3555924,
       40.02467089999999
      ],
      [
       116.35554229999998,
       40.024732099999994
      ],
      [
       116.35553299999998,
       40.02478190000001
      ],
      [
       116.35554970000001,
       40.0248374
      ],
      [
       116.3555738,
       40.02487439999999
      ],
      [
       116.3556147,
       40.0249128
      ],
      [
       116.35567420000001,
       40.02494699999999
      ]
     ]
    ]
   },
   "properties": {
    "id": "CT-WATER-82",
    "layer": "EXISTING_WATER",
    "source_type": "osm",
    "confidence": "medium",
    "geometry_role": "existing_condition",
    "name_zh": "现状水系",
    "attribution": "© OpenStreetMap contributors, ODbL 1.0",
    "official_boundary": false
   }
  },
  {
   "type": "Feature",
   "id": "CT-WATER-83",
   "geometry": {
    "type": "Polygon",
    "coordinates": [
     [
      [
       116.3373726,
       40.0246467
      ],
      [
       116.338729,
       40.02482890000001
      ],
      [
       116.3389742,
       40.02482599999999
      ],
      [
       116.3409289,
       40.0250821
      ],
      [
       116.3410366,
       40.025073600000006
      ],
      [
       116.3423335,
       40.0252671
      ],
      [
       116.34300719999999,
       40.0253607
      ],
      [
       116.3434595,
       40.025423599999996
      ],
      [
       116.3436899,
       40.02541509999998
      ],
      [
       116.34551450000001,
       40.02569390000001
      ],
      [
       116.3460124,
       40.02585039999999
      ],
      [
       116.3462094,
       40.0258846
      ],
      [
       116.34851330000001,
       40.02619760000001
      ],
      [
       116.3503342,
       40.026476499999994
      ],
      [
       116.3513338,
       40.0266187
      ],
      [
       116.3515233,
       40.02666709999999
      ],
      [
       116.3518652,
       40.026715499999995
      ],
      [
       116.35189120000001,
       40.02673829999999
      ],
      [
       116.35225909999998,
       40.02680370000001
      ],
      [
       116.35580050000002,
       40.0270655
      ],
      [
       116.3571234,
       40.027184999999996
      ],
      [
       116.3577998,
       40.02727040000001
      ],
      [
       116.35990310000001,
       40.027665899999995
      ],
      [
       116.36201436027238,
       40.02807662971024
      ],
      [
       116.36209210492959,
       40.02789044382563
      ],
      [
       116.3621759665706,
       40.02758769227535
      ],
      [
       116.36177970000001,
       40.0275094
      ],
      [
       116.3582717,
       40.026854900000004
      ],
      [
       116.35684100000002,
       40.02668419999999
      ],
      [
       116.35673330000002,
       40.026661399999995
      ],
      [
       116.3552394,
       40.02653620000001
      ],
      [
       116.35253780000001,
       40.02632849999999
      ],
      [
       116.3516051,
       40.02621179999999
      ],
      [
       116.3463655,
       40.02541509999998
      ],
      [
       116.34564830000001,
       40.0253638
      ],
      [
       116.34417699999999,
       40.02515029999999
      ],
      [
       116.34422649999999,
       40.0250745
      ],
      [
       116.34414340000001,
       40.02506040000001
      ],
      [
       116.3440851,
       40.0250506
      ],
      [
       116.3440452,
       40.02513029999999
      ],
      [
       116.34375309999999,
       40.02508779999999
      ],
      [
       116.3435859,
       40.0250309
      ],
      [
       116.3431051,
       40.024931099999996
      ],
      [
       116.342969,
       40.024902799999985
      ],
      [
       116.3410924,
       40.02459269999999
      ],
      [
       116.33652160000001,
       40.023932500000015
      ],
      [
       116.33553387268691,
       40.02377892660498
      ],
      [
       116.33556240751113,
       40.024365010130076
      ],
      [
       116.3373726,
       40.0246467
      ]
     ]
    ]
   },
   "properties": {
    "id": "CT-WATER-83",
    "layer": "EXISTING_WATER",
    "source_type": "osm",
    "confidence": "medium",
    "geometry_role": "existing_condition",
    "name_zh": "现状水系",
    "attribution": "© OpenStreetMap contributors, ODbL 1.0",
    "official_boundary": false
   }
  },
  {
   "type": "Feature",
   "id": "CT-WATER-84",
   "geometry": {
    "type": "LineString",
    "coordinates": [
     [
      116.36039120000001,
      39.946420800000006
     ],
     [
      116.34887380000002,
      39.94216690000001
     ],
     [
      116.3484672,
      39.9413067
     ],
     [
      116.3485719,
      39.9403326
     ],
     [
      116.3480768,
      39.939896499999996
     ],
     [
      116.34806779999998,
      39.93980789999999
     ],
     [
      116.34807379999998,
      39.93972840000001
     ],
     [
      116.34821340000002,
      39.93852979999999
     ],
     [
      116.3488141,
      39.93807830000001
     ],
     [
      116.3489871,
      39.9364689
     ],
     [
      116.34913205620947,
      39.933596651111365
     ]
    ]
   },
   "properties": {
    "id": "CT-WATER-84",
    "layer": "EXISTING_WATER",
    "source_type": "osm",
    "confidence": "medium",
    "geometry_role": "existing_condition",
    "name_zh": "护城河（已盖板）",
    "attribution": "© OpenStreetMap contributors, ODbL 1.0",
    "official_boundary": false
   }
  },
  {
   "type": "Feature",
   "id": "CT-WATER-85",
   "geometry": {
    "type": "LineString",
    "coordinates": [
     [
      116.3489871,
      39.9364689
     ],
     [
      116.35255190000001,
      39.936655300000005
     ],
     [
      116.35743090000001,
      39.93699529999999
     ],
     [
      116.36181475133677,
      39.93699548924248
     ]
    ]
   },
   "properties": {
    "id": "CT-WATER-85",
    "layer": "EXISTING_WATER",
    "source_type": "osm",
    "confidence": "medium",
    "geometry_role": "existing_condition",
    "name_zh": "金水河（已盖板）",
    "attribution": "© OpenStreetMap contributors, ODbL 1.0",
    "official_boundary": false
   }
  },
  {
   "type": "Feature",
   "id": "CT-WATER-86",
   "geometry": {
    "type": "LineString",
    "coordinates": [
     [
      116.3336017614327,
      39.94175932270771
     ],
     [
      116.33388740000001,
      39.94180480000001
     ],
     [
      116.3340429,
      39.941814599999994
     ],
     [
      116.33436550000002,
      39.9418348
     ],
     [
      116.3347059,
      39.941820299999996
     ],
     [
      116.3350681,
      39.94178069999999
     ],
     [
      116.3354368,
      39.94173059999999
     ],
     [
      116.3357482,
      39.94174460000001
     ],
     [
      116.33612259999998,
      39.941769699999995
     ],
     [
      116.33675290000001,
      39.9418267
     ],
     [
      116.337219,
      39.941897700000005
     ],
     [
      116.3399771,
      39.9422173
     ],
     [
      116.3405879,
      39.9422473
     ]
    ]
   },
   "properties": {
    "id": "CT-WATER-86",
    "layer": "EXISTING_WATER",
    "source_type": "osm",
    "confidence": "medium",
    "geometry_role": "existing_condition",
    "name_zh": "南长河",
    "attribution": "© OpenStreetMap contributors, ODbL 1.0",
    "official_boundary": false
   }
  },
  {
   "type": "Feature",
   "id": "CT-WATER-87",
   "geometry": {
    "type": "LineString",
    "coordinates": [
     [
      116.33554496851247,
      40.02400682742895
     ],
     [
      116.33843830000002,
      40.02445380000001
     ],
     [
      116.3394683,
      40.0245853
     ],
     [
      116.34021450000002,
      40.02466739999999
     ],
     [
      116.34404860000001,
      40.0252713
     ],
     [
      116.3487615,
      40.026003899999985
     ],
     [
      116.35283030000001,
      40.02658819999999
     ],
     [
      116.35769219999999,
      40.0269419
     ],
     [
      116.358367,
      40.0270192
     ],
     [
      116.35869249999999,
      40.027061399999994
     ],
     [
      116.36213059684128,
      40.02775148331363
     ]
    ]
   },
   "properties": {
    "id": "CT-WATER-87",
    "layer": "EXISTING_WATER",
    "source_type": "osm",
    "confidence": "medium",
    "geometry_role": "existing_condition",
    "name_zh": "清河",
    "attribution": "© OpenStreetMap contributors, ODbL 1.0",
    "official_boundary": false
   }
  },
  {
   "type": "Feature",
   "id": "CT-WATER-88",
   "geometry": {
    "type": "Polygon",
    "coordinates": [
     [
      [
       116.36224689999999,
       40.0267949
      ],
      [
       116.3618794,
       40.02679909999999
      ],
      [
       116.36168360000002,
       40.02668609999999
      ],
      [
       116.3615602,
       40.02654849999999
      ],
      [
       116.3613456,
       40.026226
      ],
      [
       116.36099700000001,
       40.0257762
      ],
      [
       116.3608494,
       40.0255359
      ],
      [
       116.36077700000001,
       40.02535519999999
      ],
      [
       116.3605383,
       40.0249896
      ],
      [
       116.3603452,
       40.0248088
      ],
      [
       116.36028080000001,
       40.02472869999999
      ],
      [
       116.360313,
       40.024691700000005
      ],
      [
       116.3604042,
       40.02465479999999
      ],
      [
       116.3604444,
       40.024624
      ],
      [
       116.3606697,
       40.02458899999999
      ],
      [
       116.36071,
       40.02455619999999
      ],
      [
       116.36072339999998,
       40.024513000000006
      ],
      [
       116.3607046,
       40.02442469999999
      ],
      [
       116.3606644,
       40.024385699999996
      ],
      [
       116.3605785,
       40.02432
      ],
      [
       116.3603839,
       40.024226899999995
      ],
      [
       116.36037560000001,
       40.024195
      ],
      [
       116.3603743,
       40.02416759999999
      ],
      [
       116.3603743,
       40.0241315
      ],
      [
       116.36037350000001,
       40.024082
      ],
      [
       116.3603929,
       40.0240515
      ],
      [
       116.3604126,
       40.0240034
      ],
      [
       116.36044369999999,
       40.0238812
      ],
      [
       116.3604634,
       40.0238448
      ],
      [
       116.36048090000001,
       40.0238038
      ],
      [
       116.3604919,
       40.0237437
      ],
      [
       116.3605252,
       40.023631099999996
      ],
      [
       116.36053739999998,
       40.0235389
      ],
      [
       116.3605609,
       40.023424999999996
      ],
      [
       116.3605737,
       40.023324699999996
      ],
      [
       116.3605181,
       40.02324569999998
      ],
      [
       116.3604397,
       40.023195
      ],
      [
       116.36031029999998,
       40.0231882
      ],
      [
       116.36019499999999,
       40.0232129
      ],
      [
       116.36000990000001,
       40.02322309999999
      ],
      [
       116.3598999,
       40.0232601
      ],
      [
       116.3598597,
       40.02329300000001
      ],
      [
       116.35982750000001,
       40.02337510000001
      ],
      [
       116.359857,
       40.02361750000001
      ],
      [
       116.3598302,
       40.0236565
      ],
      [
       116.3597766,
       40.02367709999999
      ],
      [
       116.3596666,
       40.0237058
      ],
      [
       116.35943320000001,
       40.0237264
      ],
      [
       116.35893970000001,
       40.02371200000001
      ],
      [
       116.3588271,
       40.02372429999999
      ],
      [
       116.3587761,
       40.0237449
      ],
      [
       116.35871049999999,
       40.023771100000005
      ],
      [
       116.3586628,
       40.023816399999994
      ],
      [
       116.3586507,
       40.0238985
      ],
      [
       116.3586519,
       40.02398470000001
      ],
      [
       116.3586254,
       40.02409329999998
      ],
      [
       116.358567,
       40.02421749999999
      ],
      [
       116.35855680000002,
       40.0242995
      ],
      [
       116.35856970000002,
       40.0243472
      ],
      [
       116.358625,
       40.02439879999999
      ],
      [
       116.35873629999999,
       40.0244261
      ],
      [
       116.3588093,
       40.02442960000001
      ],
      [
       116.3588852,
       40.0244199
      ],
      [
       116.3589527,
       40.02435109999999
      ],
      [
       116.3589717,
       40.024279899999996
      ],
      [
       116.3590448,
       40.02418149999999
      ],
      [
       116.3591207,
       40.024112899999984
      ],
      [
       116.3592017,
       40.024049
      ],
      [
       116.359262,
       40.0240289
      ],
      [
       116.35934019999999,
       40.024026
      ],
      [
       116.35940110000001,
       40.024048799999996
      ],
      [
       116.3594705,
       40.024079400000005
      ],
      [
       116.35954790000001,
       40.0240916
      ],
      [
       116.3596939,
       40.024049799999986
      ],
      [
       116.3597628,
       40.0240308
      ],
      [
       116.35998580000002,
       40.02403319999999
      ],
      [
       116.3600478,
       40.0240609
      ],
      [
       116.36008180000002,
       40.02409539999999
      ],
      [
       116.3601118,
       40.02416650000001
      ],
      [
       116.3600954,
       40.024277
      ],
      [
       116.3600716,
       40.024398000000005
      ],
      [
       116.35997,
       40.02463339999999
      ],
      [
       116.3598936,
       40.02503659999999
      ],
      [
       116.3599405,
       40.0256172
      ],
      [
       116.3599992,
       40.0258091
      ],
      [
       116.3600233,
       40.0260268
      ],
      [
       116.3600528,
       40.0261172
      ],
      [
       116.3600931,
       40.02615
      ],
      [
       116.36014399999999,
       40.02617059999999
      ],
      [
       116.3602567,
       40.026174699999984
      ],
      [
       116.36036659999999,
       40.0261439
      ],
      [
       116.36040959999998,
       40.026111
      ],
      [
       116.36046050000002,
       40.0260309
      ],
      [
       116.360482,
       40.0258522
      ],
      [
       116.3605222,
       40.0257557
      ],
      [
       116.36059190000002,
       40.025685800000005
      ],
      [
       116.36064290000002,
       40.02566939999999
      ],
      [
       116.3606992,
       40.02568170000001
      ],
      [
       116.3607448,
       40.0257105
      ],
      [
       116.360769,
       40.0257475
      ],
      [
       116.3607502,
       40.02575160000001
      ],
      [
       116.3607421,
       40.0257947
      ],
      [
       116.3606188,
       40.0259426
      ],
      [
       116.3605705,
       40.0261213
      ],
      [
       116.360608,
       40.026378
      ],
      [
       116.3606295,
       40.026419100000005
      ],
      [
       116.36067510000001,
       40.0264561
      ],
      [
       116.36072610000001,
       40.026476599999995
      ],
      [
       116.3609728,
       40.02650119999999
      ],
      [
       116.36102910000001,
       40.0265197
      ],
      [
       116.36117669999999,
       40.026606
      ],
      [
       116.3613752,
       40.0267744
      ],
      [
       116.3615495,
       40.026897599999984
      ],
      [
       116.3616514,
       40.02693669999999
      ],
      [
       116.36212080000001,
       40.027061899999985
      ],
      [
       116.36227897425579,
       40.02708141769987
      ],
      [
       116.36231665874146,
       40.026816700869546
      ],
      [
       116.36231697855708,
       40.02678672978185
      ],
      [
       116.36224689999999,
       40.0267949
      ]
     ]
    ]
   },
   "properties": {
    "id": "CT-WATER-88",
    "layer": "EXISTING_WATER",
    "source_type": "osm",
    "confidence": "medium",
    "geometry_role": "existing_condition",
    "name_zh": "现状水系",
    "attribution": "© OpenStreetMap contributors, ODbL 1.0",
    "official_boundary": false
   }
  },
  {
   "type": "Feature",
   "id": "CT-WATER-89",
   "geometry": {
    "type": "Polygon",
    "coordinates": [
     [
      [
       116.34614840000002,
       40.0181831
      ],
      [
       116.3463706,
       40.0178323
      ],
      [
       116.3465818,
       40.0175277
      ],
      [
       116.34669149999999,
       40.0173576
      ],
      [
       116.346878,
       40.017139099999994
      ],
      [
       116.3469493,
       40.017132799999985
      ],
      [
       116.347273,
       40.016628600000004
      ],
      [
       116.34790389999999,
       40.015752599999985
      ],
      [
       116.34844149999999,
       40.01495220000001
      ],
      [
       116.34885019999999,
       40.01423579999999
      ],
      [
       116.34908060000001,
       40.0138514
      ],
      [
       116.3494537,
       40.013221099999996
      ],
      [
       116.3500928,
       40.0122925
      ],
      [
       116.35019430000001,
       40.01213709999999
      ],
      [
       116.35061949999998,
       40.01143119999999
      ],
      [
       116.3507978,
       40.01110130000001
      ],
      [
       116.3510638,
       40.010605500000004
      ],
      [
       116.35190050000001,
       40.00892259999998
      ],
      [
       116.3527288,
       40.007260699999996
      ],
      [
       116.3527755,
       40.0071305
      ],
      [
       116.3527755,
       40.00711369999999
      ],
      [
       116.35300310000001,
       40.0065989
      ],
      [
       116.35303330000002,
       40.0064476
      ],
      [
       116.3530717,
       40.00633839999999
      ],
      [
       116.35318970000002,
       40.0061703
      ],
      [
       116.3532226,
       40.0061178
      ],
      [
       116.3534749,
       40.0058005
      ],
      [
       116.35428960000002,
       40.00496639999999
      ],
      [
       116.3549507,
       40.00427090000001
      ],
      [
       116.35538410000001,
       40.00382119999999
      ],
      [
       116.3554636,
       40.0037393
      ],
      [
       116.35707920000002,
       40.00240089999999
      ],
      [
       116.357167,
       40.002325199999994
      ],
      [
       116.3578802,
       40.0016087
      ],
      [
       116.3587086,
       40.0007892
      ],
      [
       116.3597153,
       39.9997554
      ],
      [
       116.35952050000002,
       39.99971549999999
      ],
      [
       116.3589911,
       40.0002429
      ],
      [
       116.3582862,
       40.0009489
      ],
      [
       116.3574523,
       40.00179150000001
      ],
      [
       116.3570902,
       40.002163400000015
      ],
      [
       116.356975,
       40.0022664
      ],
      [
       116.35660199999998,
       40.0025753
      ],
      [
       116.3556255,
       40.0033779
      ],
      [
       116.3552579,
       40.003712000000014
      ],
      [
       116.35480260000001,
       40.0041826
      ],
      [
       116.35425669999998,
       40.0047689
      ],
      [
       116.3536615,
       40.00538240000001
      ],
      [
       116.35344200000002,
       40.00559669999999
      ],
      [
       116.35331039999998,
       40.00573959999999
      ],
      [
       116.35311290000001,
       40.0059707
      ],
      [
       116.3529675,
       40.0062333
      ],
      [
       116.35295930000001,
       40.00630049999999
      ],
      [
       116.35292090000002,
       40.006388799999996
      ],
      [
       116.3528194,
       40.00650009999999
      ],
      [
       116.35275080000001,
       40.0066535
      ],
      [
       116.35254230000001,
       40.0070758
      ],
      [
       116.35219399999998,
       40.0077923
      ],
      [
       116.3519498,
       40.00830489999999
      ],
      [
       116.35148079999999,
       40.00930290000001
      ],
      [
       116.3509761,
       40.010294599999995
      ],
      [
       116.35048230000001,
       40.01119799999999
      ],
      [
       116.3499474,
       40.0120614
      ],
      [
       116.34957710000002,
       40.01260979999999
      ],
      [
       116.3488914,
       40.0136833
      ],
      [
       116.34865270000002,
       40.01410979999999
      ],
      [
       116.3485485,
       40.01430929999999
      ],
      [
       116.3479752,
       40.01534289999999
      ],
      [
       116.34702779999999,
       40.0166942
      ],
      [
       116.3466974,
       40.0171823
      ],
      [
       116.34661389999998,
       40.01730749999999
      ],
      [
       116.34637370000002,
       40.0175631
      ],
      [
       116.34613169999999,
       40.017922199999994
      ],
      [
       116.3459643,
       40.0182108
      ],
      [
       116.3460247,
       40.0182327
      ],
      [
       116.34610340000002,
       40.018264499999994
      ],
      [
       116.34614840000002,
       40.0181831
      ]
     ]
    ]
   },
   "properties": {
    "id": "CT-WATER-89",
    "layer": "EXISTING_WATER",
    "source_type": "osm",
    "confidence": "medium",
    "geometry_role": "existing_condition",
    "name_zh": "现状水系",
    "attribution": "© OpenStreetMap contributors, ODbL 1.0",
    "official_boundary": false
   }
  },
  {
   "type": "Feature",
   "id": "CT-WATER-90",
   "geometry": {
    "type": "Polygon",
    "coordinates": [
     [
      [
       116.34425890000001,
       40.0209525
      ],
      [
       116.344172,
       40.0210992
      ],
      [
       116.34400920000002,
       40.021377
      ],
      [
       116.3439161,
       40.02153249999999
      ],
      [
       116.34370030000001,
       40.0220056
      ],
      [
       116.3436961,
       40.0220898
      ],
      [
       116.3437173,
       40.0222486
      ],
      [
       116.34375960000001,
       40.022404099999996
      ],
      [
       116.3438357,
       40.02253050000001
      ],
      [
       116.34397110000002,
       40.022754
      ],
      [
       116.3440558,
       40.02292250000001
      ],
      [
       116.34414040000001,
       40.0232206
      ],
      [
       116.34413620000001,
       40.02340209999999
      ],
      [
       116.3441235,
       40.023564099999994
      ],
      [
       116.344115,
       40.0237358
      ],
      [
       116.3441054,
       40.02378649999999
      ],
      [
       116.3441175,
       40.0238869
      ],
      [
       116.3441446,
       40.023943200000005
      ],
      [
       116.3442165,
       40.02407919999999
      ],
      [
       116.3442462,
       40.02422180000001
      ],
      [
       116.3442462,
       40.0244227
      ],
      [
       116.3441996,
       40.02459770000001
      ],
      [
       116.34426240000002,
       40.02462269999999
      ],
      [
       116.34429690000002,
       40.02461389999999
      ],
      [
       116.3443392,
       40.024519899999994
      ],
      [
       116.34435619999998,
       40.0242996
      ],
      [
       116.34435619999998,
       40.0240663
      ],
      [
       116.3444027,
       40.02389459999999
      ],
      [
       116.34437730000002,
       40.0237164
      ],
      [
       116.34430540000001,
       40.023573799999994
      ],
      [
       116.34427149999999,
       40.0232206
      ],
      [
       116.3441573,
       40.0228415
      ],
      [
       116.3439584,
       40.02248840000001
      ],
      [
       116.34388230000002,
       40.0223555
      ],
      [
       116.3438484,
       40.02209309999999
      ],
      [
       116.3438484,
       40.0220056
      ],
      [
       116.34408960000002,
       40.021500100000004
      ],
      [
       116.3442546,
       40.02125379999999
      ],
      [
       116.34438999999999,
       40.0210335
      ],
      [
       116.34521930000001,
       40.0196823
      ],
      [
       116.3451441,
       40.0196625
      ],
      [
       116.3450458,
       40.0196467
      ],
      [
       116.34425890000001,
       40.0209525
      ]
     ]
    ]
   },
   "properties": {
    "id": "CT-WATER-90",
    "layer": "EXISTING_WATER",
    "source_type": "osm",
    "confidence": "medium",
    "geometry_role": "existing_condition",
    "name_zh": "现状水系",
    "attribution": "© OpenStreetMap contributors, ODbL 1.0",
    "official_boundary": false
   }
  },
  {
   "type": "Feature",
   "id": "CT-WATER-91",
   "geometry": {
    "type": "LineString",
    "coordinates": [
     [
      116.34414340000001,
      40.02506040000001
     ],
     [
      116.34404860000001,
      40.0252713
     ]
    ]
   },
   "properties": {
    "id": "CT-WATER-91",
    "layer": "EXISTING_WATER",
    "source_type": "osm",
    "confidence": "medium",
    "geometry_role": "existing_condition",
    "name_zh": "小月河",
    "attribution": "© OpenStreetMap contributors, ODbL 1.0",
    "official_boundary": false
   }
  },
  {
   "type": "Feature",
   "id": "CT-WATER-92",
   "geometry": {
    "type": "Polygon",
    "coordinates": [
     [
      [
       116.3492155,
       40.0250781
      ],
      [
       116.34928720000002,
       40.0250479
      ],
      [
       116.34942800000002,
       40.0250393
      ],
      [
       116.34951809999998,
       40.0250762
      ],
      [
       116.34970409999998,
       40.025134699999995
      ],
      [
       116.3498656,
       40.0251535
      ],
      [
       116.35003769999999,
       40.02518150000001
      ],
      [
       116.3501482,
       40.0252125
      ],
      [
       116.3503036,
       40.025269299999984
      ],
      [
       116.35048200000001,
       40.0253539
      ],
      [
       116.35058040000001,
       40.025427699999995
      ],
      [
       116.3507619,
       40.025489
      ],
      [
       116.3509127,
       40.025492699999994
      ],
      [
       116.3510629,
       40.025441900000004
      ],
      [
       116.351219,
       40.0253694
      ],
      [
       116.3513537,
       40.0253472
      ],
      [
       116.3515851,
       40.02534910000001
      ],
      [
       116.35174599999999,
       40.025329099999986
      ],
      [
       116.3519955,
       40.025368699999994
      ],
      [
       116.35213450000002,
       40.025398499999994
      ],
      [
       116.3525438,
       40.0255569
      ],
      [
       116.3527419,
       40.02569139999999
      ],
      [
       116.35281289999999,
       40.02576289999999
      ],
      [
       116.35301840000001,
       40.025917400000004
      ],
      [
       116.353265,
       40.02596609999999
      ],
      [
       116.35339950000001,
       40.025960299999994
      ],
      [
       116.3533098,
       40.0258888
      ],
      [
       116.35322390000002,
       40.02586589999999
      ],
      [
       116.35302589999999,
       40.0258316
      ],
      [
       116.3529324,
       40.025757199999994
      ],
      [
       116.3528988,
       40.025671300000006
      ],
      [
       116.35284650000001,
       40.0256141
      ],
      [
       116.3526896,
       40.025579799999996
      ],
      [
       116.3523831,
       40.025439600000006
      ],
      [
       116.35220380000001,
       40.025328
      ],
      [
       116.3519721,
       40.02513909999999
      ],
      [
       116.3517404,
       40.0251363
      ],
      [
       116.3516844,
       40.0251534
      ],
      [
       116.351591,
       40.0251849
      ],
      [
       116.35144899999999,
       40.0251906
      ],
      [
       116.35135179999999,
       40.0251763
      ],
      [
       116.3508175,
       40.025219199999995
      ],
      [
       116.35054839999998,
       40.0252192
      ],
      [
       116.3504513,
       40.0251992
      ],
      [
       116.35029060000001,
       40.0251105
      ],
      [
       116.3500776,
       40.025041800000004
      ],
      [
       116.3497237,
       40.025020500000004
      ],
      [
       116.34962390000001,
       40.0249787
      ],
      [
       116.34948830000002,
       40.024880700000004
      ],
      [
       116.34938459999998,
       40.024834899999995
      ],
      [
       116.34925640000002,
       40.0248195
      ],
      [
       116.34922570000002,
       40.024835799999984
      ],
      [
       116.34915470000001,
       40.02485010000001
      ],
      [
       116.34910459999999,
       40.0249165
      ],
      [
       116.3489551,
       40.0250596
      ],
      [
       116.34892489999999,
       40.025125599999996
      ],
      [
       116.3489578,
       40.0251639
      ],
      [
       116.34900080000001,
       40.02519160000001
      ],
      [
       116.34905690000001,
       40.02519250000001
      ],
      [
       116.34911219999998,
       40.025163500000005
      ],
      [
       116.3492155,
       40.0250781
      ]
     ]
    ]
   },
   "properties": {
    "id": "CT-WATER-92",
    "layer": "EXISTING_WATER",
    "source_type": "osm",
    "confidence": "medium",
    "geometry_role": "existing_condition",
    "name_zh": "现状水系",
    "attribution": "© OpenStreetMap contributors, ODbL 1.0",
    "official_boundary": false
   }
  },
  {
   "type": "Feature",
   "id": "CT-WATER-93",
   "geometry": {
    "type": "Polygon",
    "coordinates": [
     [
      [
       116.35365359999999,
       40.012274600000005
      ],
      [
       116.35368470000002,
       40.0122481
      ],
      [
       116.3537161,
       40.0121746
      ],
      [
       116.35373690000002,
       40.012117599999996
      ],
      [
       116.35379160000001,
       40.0120254
      ],
      [
       116.35384769999999,
       40.01196109999999
      ],
      [
       116.35385910000001,
       40.0118889
      ],
      [
       116.35384940000002,
       40.0118253
      ],
      [
       116.3538698,
       40.01171249999998
      ],
      [
       116.3539453,
       40.01171429999999
      ],
      [
       116.35404779999999,
       40.0116328
      ],
      [
       116.35410990000001,
       40.01155769999999
      ],
      [
       116.35411089999998,
       40.01149170000001
      ],
      [
       116.35408700000002,
       40.0114287
      ],
      [
       116.3540336,
       40.0113554
      ],
      [
       116.3538842,
       40.01131339999999
      ],
      [
       116.35381349999999,
       40.0113107
      ],
      [
       116.35373810000002,
       40.0113905
      ],
      [
       116.35372730000002,
       40.011473999999986
      ],
      [
       116.35365420000001,
       40.01150879999999
      ],
      [
       116.353574,
       40.01159599999999
      ],
      [
       116.3534386,
       40.0116584
      ],
      [
       116.353362,
       40.011743200000005
      ],
      [
       116.3533038,
       40.01183540000001
      ],
      [
       116.35324049999998,
       40.01189339999999
      ],
      [
       116.3532413,
       40.01194770000001
      ],
      [
       116.35327070000001,
       40.0119934
      ],
      [
       116.3533693,
       40.0120418
      ],
      [
       116.35340990000002,
       40.01206289999999
      ],
      [
       116.35344050000002,
       40.01208869999999
      ],
      [
       116.35346600000001,
       40.0121567
      ],
      [
       116.3534982,
       40.012223199999994
      ],
      [
       116.35354650000001,
       40.01226569999999
      ],
      [
       116.35358870000002,
       40.0122812
      ],
      [
       116.35365359999999,
       40.012274600000005
      ]
     ]
    ]
   },
   "properties": {
    "id": "CT-WATER-93",
    "layer": "EXISTING_WATER",
    "source_type": "osm",
    "confidence": "medium",
    "geometry_role": "existing_condition",
    "name_zh": "现状水系",
    "attribution": "© OpenStreetMap contributors, ODbL 1.0",
    "official_boundary": false
   }
  },
  {
   "type": "Feature",
   "id": "CT-WATER-94",
   "geometry": {
    "type": "LineString",
    "coordinates": [
     [
      116.3405879,
      39.9422473
     ],
     [
      116.34102649999998,
      39.9422234
     ],
     [
      116.34134900000001,
      39.942141
     ],
     [
      116.3423509,
      39.9419698
     ],
     [
      116.34363489999998,
      39.94163819999999
     ],
     [
      116.3440499,
      39.9416024
     ],
     [
      116.34425230000001,
      39.9416402
     ],
     [
      116.3445141,
      39.941694000000005
     ],
     [
      116.3451496,
      39.941866199999986
     ],
     [
      116.3454076,
      39.94208389999999
     ],
     [
      116.34570220000002,
      39.942519299999994
     ],
     [
      116.3457429,
      39.9426131
     ],
     [
      116.34576730000002,
      39.942744299999994
     ],
     [
      116.34575480000001,
      39.94284540000001
     ],
     [
      116.3457268,
      39.942950499999995
     ],
     [
      116.34567050000001,
      39.94308670000001
     ],
     [
      116.3455741,
      39.9433032
     ],
     [
      116.3452107,
      39.94423390000001
     ],
     [
      116.3450757,
      39.94457400000001
     ],
     [
      116.3449676,
      39.94491589999999
     ],
     [
      116.3448385,
      39.9453641
     ],
     [
      116.3448056,
      39.945549799999995
     ],
     [
      116.3447973,
      39.94569760000001
     ],
     [
      116.3447971,
      39.945805199999995
     ],
     [
      116.344809,
      39.94593139999999
     ],
     [
      116.344914,
      39.9467065
     ],
     [
      116.3450139,
      39.9473446
     ],
     [
      116.34528160000002,
      39.9490469
     ],
     [
      116.34531730000002,
      39.949124799999986
     ],
     [
      116.34537739999999,
      39.94921519999998
     ],
     [
      116.34555440000001,
      39.94931499999999
     ],
     [
      116.3456223,
      39.94933499999999
     ],
     [
      116.3461471,
      39.949490100000006
     ],
     [
      116.34764970000002,
      39.949920999999996
     ],
     [
      116.34889820000001,
      39.950225
     ],
     [
      116.34943849999999,
      39.9502186
     ],
     [
      116.3499781,
      39.9500657
     ],
     [
      116.3502592,
      39.949830299999995
     ],
     [
      116.35060770000001,
      39.94888749999999
     ],
     [
      116.3508106,
      39.94812219999999
     ],
     [
      116.350691,
      39.9476245
     ],
     [
      116.3505782,
      39.94722659999999
     ],
     [
      116.3505536,
      39.9468181
     ],
     [
      116.3506058,
      39.94662950000001
     ],
     [
      116.35082340000001,
      39.9465095
     ],
     [
      116.3509489,
      39.9464762
     ],
     [
      116.3513489,
      39.9463925
     ],
     [
      116.35364450000002,
      39.9462657
     ],
     [
      116.35390410000001,
      39.9463064
     ],
     [
      116.35800390000001,
      39.94816800000001
     ],
     [
      116.36011960000002,
      39.948887499999984
     ],
     [
      116.36127090000001,
      39.949231700000006
     ],
     [
      116.36224740000002,
      39.94941399999999
     ],
     [
      116.36232084573192,
      39.94942305565125
     ]
    ]
   },
   "properties": {
    "id": "CT-WATER-94",
    "layer": "EXISTING_WATER",
    "source_type": "osm",
    "confidence": "medium",
    "geometry_role": "existing_condition",
    "name_zh": "转河",
    "attribution": "© OpenStreetMap contributors, ODbL 1.0",
    "official_boundary": false
   }
  },
  {
   "type": "Feature",
   "id": "CT-WATER-95",
   "geometry": {
    "type": "Polygon",
    "coordinates": [
     [
      [
       116.35961389999999,
       39.9745542
      ],
      [
       116.35929639999999,
       39.9745537
      ],
      [
       116.35730510000002,
       39.97455089999999
      ],
      [
       116.3530779,
       39.97450490000001
      ],
      [
       116.3490868,
       39.9744259
      ],
      [
       116.34850850000001,
       39.97449689999999
      ],
      [
       116.3478572,
       39.9745249
      ],
      [
       116.3476049,
       39.9744818
      ],
      [
       116.34735060000001,
       39.9743895
      ],
      [
       116.3471875,
       39.97421880000001
      ],
      [
       116.3471071,
       39.97399519999999
      ],
      [
       116.34711850000001,
       39.9737829
      ],
      [
       116.3471698,
       39.9728078
      ],
      [
       116.3472182,
       39.971933199999995
      ],
      [
       116.34729659999999,
       39.9707135
      ],
      [
       116.3473079,
       39.969934499999994
      ],
      [
       116.3473722,
       39.9687452
      ],
      [
       116.347467,
       39.9680986
      ],
      [
       116.3475443,
       39.9674401
      ],
      [
       116.34756810000002,
       39.967222099999994
      ],
      [
       116.3475347,
       39.96672159999999
      ],
      [
       116.3475865,
       39.9659142
      ],
      [
       116.34762040000001,
       39.9655944
      ],
      [
       116.34769630000001,
       39.964965400000004
      ],
      [
       116.3476777,
       39.9647729
      ],
      [
       116.34760929999999,
       39.964259899999995
      ],
      [
       116.347628,
       39.9637749
      ],
      [
       116.34763560000002,
       39.9635801
      ],
      [
       116.3476906,
       39.962987700000006
      ],
      [
       116.3477243,
       39.962285599999994
      ],
      [
       116.34776590000001,
       39.96152039999998
      ],
      [
       116.34781200000002,
       39.9606231
      ],
      [
       116.3478401,
       39.960006699999994
      ],
      [
       116.3478777,
       39.959305
      ],
      [
       116.34791520000002,
       39.95839409999999
      ],
      [
       116.34788739999999,
       39.958342699999996
      ],
      [
       116.347854,
       39.95833429999999
      ],
      [
       116.34782170000001,
       39.9583293
      ],
      [
       116.3477741,
       39.95841430000001
      ],
      [
       116.34771129999999,
       39.9596047
      ],
      [
       116.34769470000002,
       39.96000459999999
      ],
      [
       116.3476692,
       39.960641800000005
      ],
      [
       116.3476399,
       39.96066119999999
      ],
      [
       116.3476361,
       39.960747
      ],
      [
       116.347654,
       39.9608053
      ],
      [
       116.34759820000001,
       39.96173309999998
      ],
      [
       116.34755890000001,
       39.9625419
      ],
      [
       116.34750070000001,
       39.9634867
      ],
      [
       116.3474883,
       39.9639956
      ],
      [
       116.34746430000001,
       39.964286699999995
      ],
      [
       116.34757749999999,
       39.9648191
      ],
      [
       116.34758620000001,
       39.96522039999999
      ],
      [
       116.34748080000001,
       39.96582609999999
      ],
      [
       116.3474567,
       39.9666219
      ],
      [
       116.34744000000002,
       39.967155900000016
      ],
      [
       116.3473715,
       39.9678574
      ],
      [
       116.3472658,
       39.9684845
      ],
      [
       116.3472104,
       39.96874400000001
      ],
      [
       116.3471711,
       39.96990649999998
      ],
      [
       116.3471399,
       39.9707062
      ],
      [
       116.34709720000001,
       39.97197049999999
      ],
      [
       116.347068,
       39.9728046
      ],
      [
       116.3469869,
       39.97385609999999
      ],
      [
       116.3470166,
       39.974057099999996
      ],
      [
       116.3470958,
       39.97434140000001
      ],
      [
       116.34720339999998,
       39.97445749999999
      ],
      [
       116.347468,
       39.97457140000001
      ],
      [
       116.34783690000002,
       39.97463749999999
      ],
      [
       116.34846430000002,
       39.9746342
      ],
      [
       116.3491555,
       39.97459359999999
      ],
      [
       116.35928350000002,
       39.974685
      ],
      [
       116.3597043,
       39.97468880000001
      ],
      [
       116.36156043244912,
       39.97470554461229
      ],
      [
       116.36157013493991,
       39.97458409614238
      ],
      [
       116.35961389999999,
       39.9745542
      ]
     ]
    ]
   },
   "properties": {
    "id": "CT-WATER-95",
    "layer": "EXISTING_WATER",
    "source_type": "osm",
    "confidence": "medium",
    "geometry_role": "existing_condition",
    "name_zh": "现状水系",
    "attribution": "© OpenStreetMap contributors, ODbL 1.0",
    "official_boundary": false
   }
  },
  {
   "type": "Feature",
   "id": "CT-WATER-96",
   "geometry": {
    "type": "Polygon",
    "coordinates": [
     [
      [
       116.35399170000001,
       39.94625360000001
      ],
      [
       116.35345460000002,
       39.946202400000004
      ],
      [
       116.3512818,
       39.946335000000005
      ],
      [
       116.35084179999998,
       39.9464374
      ],
      [
       116.35092369999998,
       39.9465561
      ],
      [
       116.35107240000002,
       39.9465258
      ],
      [
       116.3535858,
       39.946411499999996
      ],
      [
       116.3538582,
       39.94641179999999
      ],
      [
       116.35399170000001,
       39.94625360000001
      ]
     ]
    ]
   },
   "properties": {
    "id": "CT-WATER-96",
    "layer": "EXISTING_WATER",
    "source_type": "osm",
    "confidence": "medium",
    "geometry_role": "existing_condition",
    "name_zh": "现状水系",
    "attribution": "© OpenStreetMap contributors, ODbL 1.0",
    "official_boundary": false
   }
  },
  {
   "type": "Feature",
   "id": "CT-WATER-97",
   "geometry": {
    "type": "Polygon",
    "coordinates": [
     [
      [
       116.33372839999998,
       39.9913154
      ],
      [
       116.3337483,
       39.9910215
      ],
      [
       116.33369974130774,
       39.991021500011755
      ],
      [
       116.33371865520091,
       39.99131512823651
      ],
      [
       116.33372839999998,
       39.9913154
      ]
     ]
    ]
   },
   "properties": {
    "id": "CT-WATER-97",
    "layer": "EXISTING_WATER",
    "source_type": "osm",
    "confidence": "medium",
    "geometry_role": "existing_condition",
    "name_zh": "现状水系",
    "attribution": "© OpenStreetMap contributors, ODbL 1.0",
    "official_boundary": false
   }
  },
  {
   "type": "Feature",
   "id": "CT-WATER-98",
   "geometry": {
    "type": "Polygon",
    "coordinates": [
     [
      [
       116.34044160000002,
       39.9786628
      ],
      [
       116.34044179999998,
       39.9786531
      ],
      [
       116.3404688,
       39.9786534
      ],
      [
       116.3404684,
       39.9786439
      ],
      [
       116.3404964,
       39.97864369999999
      ],
      [
       116.34049809999999,
       39.97862729999999
      ],
      [
       116.34040980000002,
       39.9786269
      ],
      [
       116.34040860000002,
       39.97866260000001
      ],
      [
       116.34044160000002,
       39.9786628
      ]
     ]
    ]
   },
   "properties": {
    "id": "CT-WATER-98",
    "layer": "EXISTING_WATER",
    "source_type": "osm",
    "confidence": "medium",
    "geometry_role": "existing_condition",
    "name_zh": "现状水系",
    "attribution": "© OpenStreetMap contributors, ODbL 1.0",
    "official_boundary": false
   }
  },
  {
   "type": "Feature",
   "id": "CT-WATER-99",
   "geometry": {
    "type": "Polygon",
    "coordinates": [
     [
      [
       116.3404517,
       39.97860380000001
      ],
      [
       116.3404539,
       39.9785926
      ],
      [
       116.3404769,
       39.9785939
      ],
      [
       116.34047770000001,
       39.97858279999999
      ],
      [
       116.34050140000001,
       39.97858320000001
      ],
      [
       116.3405012,
       39.97856869999999
      ],
      [
       116.3404139,
       39.9785685
      ],
      [
       116.3404152,
       39.97860380000001
      ],
      [
       116.3404517,
       39.97860380000001
      ]
     ]
    ]
   },
   "properties": {
    "id": "CT-WATER-99",
    "layer": "EXISTING_WATER",
    "source_type": "osm",
    "confidence": "medium",
    "geometry_role": "existing_condition",
    "name_zh": "现状水系",
    "attribution": "© OpenStreetMap contributors, ODbL 1.0",
    "official_boundary": false
   }
  },
  {
   "type": "Feature",
   "id": "CT-WATER-100",
   "geometry": {
    "type": "Polygon",
    "coordinates": [
     [
      [
       116.350192,
       40.0143688
      ],
      [
       116.3502373,
       40.01435060000001
      ],
      [
       116.3503052,
       40.01435060000001
      ],
      [
       116.35033259999999,
       40.0143634
      ],
      [
       116.35036839999998,
       40.014346
      ],
      [
       116.35036719999998,
       40.0143168
      ],
      [
       116.3503922,
       40.0142794
      ],
      [
       116.3504662,
       40.01425929999999
      ],
      [
       116.3505031,
       40.014273
      ],
      [
       116.350558,
       40.014243799999996
      ],
      [
       116.35056390000001,
       40.0142155
      ],
      [
       116.3505925,
       40.0141798
      ],
      [
       116.3506414,
       40.01414419999999
      ],
      [
       116.35073080000001,
       40.01412599999999
      ],
      [
       116.3508023,
       40.0141378
      ],
      [
       116.3508524,
       40.01415610000001
      ],
      [
       116.3509025,
       40.01415790000001
      ],
      [
       116.35091080000001,
       40.01414149999999
      ],
      [
       116.3509466,
       40.01411410000001
      ],
      [
       116.35091560000001,
       40.0140228
      ],
      [
       116.3503946,
       40.014121399999986
      ],
      [
       116.35038150000001,
       40.0141607
      ],
      [
       116.35036599999998,
       40.0142282
      ],
      [
       116.35031480000002,
       40.01427839999999
      ],
      [
       116.3502265,
       40.014296699999996
      ],
      [
       116.35013120000002,
       40.0142748
      ],
      [
       116.3500954,
       40.014334100000006
      ],
      [
       116.350192,
       40.0143688
      ]
     ]
    ]
   },
   "properties": {
    "id": "CT-WATER-100",
    "layer": "EXISTING_WATER",
    "source_type": "osm",
    "confidence": "medium",
    "geometry_role": "existing_condition",
    "name_zh": "现状水系",
    "attribution": "© OpenStreetMap contributors, ODbL 1.0",
    "official_boundary": false
   }
  },
  {
   "type": "Feature",
   "id": "CT-WATER-101",
   "geometry": {
    "type": "Polygon",
    "coordinates": [
     [
      [
       116.35423139999999,
       40.0257263
      ],
      [
       116.3542874,
       40.0256894
      ],
      [
       116.3543566,
       40.02563769999999
      ],
      [
       116.35438200000002,
       40.0255954
      ],
      [
       116.3543864,
       40.02554309999999
      ],
      [
       116.3543575,
       40.0254781
      ],
      [
       116.3543225,
       40.025414299999994
      ],
      [
       116.3542655,
       40.02537409999999
      ],
      [
       116.35417439999999,
       40.025357299999996
      ],
      [
       116.35409910000001,
       40.02537679999999
      ],
      [
       116.35404480000001,
       40.0254143
      ],
      [
       116.3540053,
       40.02546399999999
      ],
      [
       116.3539948,
       40.0255223
      ],
      [
       116.3540158,
       40.025569299999994
      ],
      [
       116.3540404,
       40.02561150000001
      ],
      [
       116.3540737,
       40.0256431
      ],
      [
       116.3541245,
       40.025727599999996
      ],
      [
       116.35415250000001,
       40.02576520000001
      ],
      [
       116.35423139999999,
       40.0257263
      ]
     ]
    ]
   },
   "properties": {
    "id": "CT-WATER-101",
    "layer": "EXISTING_WATER",
    "source_type": "osm",
    "confidence": "medium",
    "geometry_role": "existing_condition",
    "name_zh": "现状水系",
    "attribution": "© OpenStreetMap contributors, ODbL 1.0",
    "official_boundary": false
   }
  },
  {
   "type": "Feature",
   "id": "CT-PROAD-103",
   "geometry": {
    "type": "LineString",
    "coordinates": [
     [
      116.3467723,
      39.9663991
     ],
     [
      116.3436266,
      39.9663756
     ],
     [
      116.34296219999999,
      39.966369
     ],
     [
      116.3422763,
      39.96636209999999
     ]
    ]
   },
   "properties": {
    "id": "CT-PROAD-103",
    "layer": "EXISTING_PRIMARY_ROAD",
    "source_type": "osm",
    "confidence": "medium",
    "geometry_role": "existing_condition",
    "name_zh": "北三环",
    "attribution": "© OpenStreetMap contributors, ODbL 1.0",
    "official_boundary": false
   }
  },
  {
   "type": "Feature",
   "id": "CT-PROAD-104",
   "geometry": {
    "type": "LineString",
    "coordinates": [
     [
      116.3527275,
      39.9431662
     ],
     [
      116.35404570000001,
      39.9434956
     ],
     [
      116.3547704,
      39.94369830000001
     ],
     [
      116.3554314,
      39.943876200000005
     ]
    ]
   },
   "properties": {
    "id": "CT-PROAD-104",
    "layer": "EXISTING_PRIMARY_ROAD",
    "source_type": "osm",
    "confidence": "medium",
    "geometry_role": "existing_condition",
    "name_zh": "北二环",
    "attribution": "© OpenStreetMap contributors, ODbL 1.0",
    "official_boundary": false
   }
  },
  {
   "type": "Feature",
   "id": "CT-PROAD-105",
   "geometry": {
    "type": "LineString",
    "coordinates": [
     [
      116.3493751,
      39.94026699999999
     ],
     [
      116.34933769999999,
      39.94047020000001
     ],
     [
      116.34932759999998,
      39.940516200000005
     ],
     [
      116.3493237,
      39.940539599999994
     ],
     [
      116.349321,
      39.940563
     ],
     [
      116.3493184,
      39.94058789999999
     ],
     [
      116.34931690000002,
      39.94061279999999
     ],
     [
      116.34931589999998,
      39.94063820000001
     ],
     [
      116.3493156,
      39.940662599999996
     ],
     [
      116.3493162,
      39.940706399999996
     ],
     [
      116.3493174,
      39.9407502
     ],
     [
      116.34931949999998,
      39.9407944
     ],
     [
      116.34932279999998,
      39.9408378
     ],
     [
      116.3493267,
      39.940882
     ],
     [
      116.3493317,
      39.940925299999996
     ],
     [
      116.3493381,
      39.94096909999999
     ],
     [
      116.3493463,
      39.9410129
     ],
     [
      116.3493589,
      39.941068599999994
     ],
     [
      116.3493729,
      39.94112439999999
     ],
     [
      116.3493876,
      39.9411802
     ],
     [
      116.34940370000001,
      39.941235999999996
     ],
     [
      116.3494194,
      39.941282300000005
     ],
     [
      116.3494275,
      39.9413052
     ],
     [
      116.3494369,
      39.941328
     ],
     [
      116.3494474,
      39.941352200000004
     ],
     [
      116.3494585,
      39.94137600000001
     ],
     [
      116.34947069999998,
      39.94139929999999
     ],
     [
      116.3494836,
      39.9414226
     ],
     [
      116.34949790000002,
      39.941446199999994
     ],
     [
      116.3495129,
      39.9414697
     ],
     [
      116.34954570000001,
      39.941518099999996
     ],
     [
      116.34961280000002,
      39.94161369999999
     ],
     [
      116.349682,
      39.9417117
     ],
     [
      116.34971690000002,
      39.94176099999999
     ],
     [
      116.34975390000001,
      39.9418151
     ],
     [
      116.3497822,
      39.9418567
     ],
     [
      116.3498091,
      39.9418983
     ],
     [
      116.3498325,
      39.94193670000001
     ],
     [
      116.3498587,
      39.941981500000004
     ],
     [
      116.3498789,
      39.94201799999999
     ],
     [
      116.34989840000001,
      39.9420545
     ],
     [
      116.3499085,
      39.942073699999995
     ],
     [
      116.34991820000002,
      39.9420929
     ],
     [
      116.34992639999999,
      39.942110500000005
     ],
     [
      116.34993630000001,
      39.9421332
     ],
     [
      116.3499484,
      39.9421624
     ],
     [
      116.34995849999999,
      39.942189199999994
     ],
     [
      116.34997139999999,
      39.9422223
     ],
     [
      116.3499816,
      39.9422505
     ],
     [
      116.34999029999999,
      39.9422742
     ],
     [
      116.34999770000002,
      39.942296799999994
     ],
     [
      116.3500044,
      39.94231989999999
     ],
     [
      116.3500117,
      39.9423474
     ],
     [
      116.35001810000001,
      39.9423721
     ],
     [
      116.3500246,
      39.9424005
     ],
     [
      116.35003,
      39.94242959999999
     ],
     [
      116.35003529999999,
      39.942459500000005
     ],
     [
      116.3500386,
      39.94248530000001
     ],
     [
      116.35004240000002,
      39.9425159
     ],
     [
      116.3500482,
      39.9425728
     ],
     [
      116.3500582,
      39.94268559999999
     ],
     [
      116.35006619999999,
      39.942801599999996
     ],
     [
      116.35010190000001,
      39.94337939999998
     ]
    ]
   },
   "properties": {
    "id": "CT-PROAD-105",
    "layer": "EXISTING_PRIMARY_ROAD",
    "source_type": "osm",
    "confidence": "medium",
    "geometry_role": "existing_condition",
    "name_zh": "西直门北大街",
    "attribution": "© OpenStreetMap contributors, ODbL 1.0",
    "official_boundary": false
   }
  },
  {
   "type": "Feature",
   "id": "CT-PROAD-106",
   "geometry": {
    "type": "LineString",
    "coordinates": [
     [
      116.33777961754842,
      40.02175293537943
     ],
     [
      116.34107060000001,
      40.0217199
     ]
    ]
   },
   "properties": {
    "id": "CT-PROAD-106",
    "layer": "EXISTING_PRIMARY_ROAD",
    "source_type": "osm",
    "confidence": "medium",
    "geometry_role": "existing_condition",
    "name_zh": "北五环",
    "attribution": "© OpenStreetMap contributors, ODbL 1.0",
    "official_boundary": false
   }
  },
  {
   "type": "Feature",
   "id": "CT-PROAD-107",
   "geometry": {
    "type": "LineString",
    "coordinates": [
     [
      116.3505842,
      40.0181481
     ],
     [
      116.35022390000002,
      40.018579700000004
     ],
     [
      116.3498155,
      40.01905340000001
     ],
     [
      116.34951209999998,
      40.0194611
     ],
     [
      116.34943190000001,
      40.019555600000004
     ],
     [
      116.34924559999999,
      40.01977519999999
     ],
     [
      116.3487102,
      40.020467899999986
     ]
    ]
   },
   "properties": {
    "id": "CT-PROAD-107",
    "layer": "EXISTING_PRIMARY_ROAD",
    "source_type": "osm",
    "confidence": "medium",
    "geometry_role": "existing_condition",
    "name_zh": "现状高快速路",
    "attribution": "© OpenStreetMap contributors, ODbL 1.0",
    "official_boundary": false
   }
  },
  {
   "type": "Feature",
   "id": "CT-PROAD-108",
   "geometry": {
    "type": "LineString",
    "coordinates": [
     [
      116.3509394,
      40.02159600000001
     ],
     [
      116.35428000000002,
      40.0215817
     ],
     [
      116.35586659999998,
      40.02155840000001
     ],
     [
      116.3559918,
      40.0215566
     ],
     [
      116.35913710000001,
      40.021488299999994
     ],
     [
      116.35971419066598,
      40.021475158209086
     ]
    ]
   },
   "properties": {
    "id": "CT-PROAD-108",
    "layer": "EXISTING_PRIMARY_ROAD",
    "source_type": "osm",
    "confidence": "medium",
    "geometry_role": "existing_condition",
    "name_zh": "北五环",
    "attribution": "© OpenStreetMap contributors, ODbL 1.0",
    "official_boundary": false
   }
  },
  {
   "type": "Feature",
   "id": "CT-PROAD-109",
   "geometry": {
    "type": "LineString",
    "coordinates": [
     [
      116.34109780000001,
      40.0218621
     ],
     [
      116.33879690000002,
      40.0218836
     ],
     [
      116.33778650891973,
      40.0218943873375
     ]
    ]
   },
   "properties": {
    "id": "CT-PROAD-109",
    "layer": "EXISTING_PRIMARY_ROAD",
    "source_type": "osm",
    "confidence": "medium",
    "geometry_role": "existing_condition",
    "name_zh": "北五环",
    "attribution": "© OpenStreetMap contributors, ODbL 1.0",
    "official_boundary": false
   }
  },
  {
   "type": "Feature",
   "id": "CT-PROAD-110",
   "geometry": {
    "type": "LineString",
    "coordinates": [
     [
      116.34107060000001,
      40.0217199
     ],
     [
      116.3433525,
      40.02169380000001
     ],
     [
      116.3452098,
      40.0216684
     ]
    ]
   },
   "properties": {
    "id": "CT-PROAD-110",
    "layer": "EXISTING_PRIMARY_ROAD",
    "source_type": "osm",
    "confidence": "medium",
    "geometry_role": "existing_condition",
    "name_zh": "北五环",
    "attribution": "© OpenStreetMap contributors, ODbL 1.0",
    "official_boundary": false
   }
  },
  {
   "type": "Feature",
   "id": "CT-PROAD-111",
   "geometry": {
    "type": "LineString",
    "coordinates": [
     [
      116.34398529999999,
      39.985301199999995
     ],
     [
      116.3467163,
      39.98540830000001
     ],
     [
      116.34797910000002,
      39.985453
     ],
     [
      116.3508531,
      39.9855326
     ]
    ]
   },
   "properties": {
    "id": "CT-PROAD-111",
    "layer": "EXISTING_PRIMARY_ROAD",
    "source_type": "osm",
    "confidence": "medium",
    "geometry_role": "existing_condition",
    "name_zh": "北四环中路",
    "attribution": "© OpenStreetMap contributors, ODbL 1.0",
    "official_boundary": false
   }
  },
  {
   "type": "Feature",
   "id": "CT-PROAD-112",
   "geometry": {
    "type": "LineString",
    "coordinates": [
     [
      116.3508531,
      39.9855326
     ],
     [
      116.35255420000001,
      39.9855988
     ]
    ]
   },
   "properties": {
    "id": "CT-PROAD-112",
    "layer": "EXISTING_PRIMARY_ROAD",
    "source_type": "osm",
    "confidence": "medium",
    "geometry_role": "existing_condition",
    "name_zh": "北四环中路",
    "attribution": "© OpenStreetMap contributors, ODbL 1.0",
    "official_boundary": false
   }
  },
  {
   "type": "Feature",
   "id": "CT-PROAD-113",
   "geometry": {
    "type": "LineString",
    "coordinates": [
     [
      116.3508425,
      39.985701199999994
     ],
     [
      116.34797230000001,
      39.98561869999999
     ],
     [
      116.34704130000001,
      39.9855908
     ],
     [
      116.3467163,
      39.985579200000004
     ],
     [
      116.34397569999999,
      39.98546789999999
     ]
    ]
   },
   "properties": {
    "id": "CT-PROAD-113",
    "layer": "EXISTING_PRIMARY_ROAD",
    "source_type": "osm",
    "confidence": "medium",
    "geometry_role": "existing_condition",
    "name_zh": "北四环中路",
    "attribution": "© OpenStreetMap contributors, ODbL 1.0",
    "official_boundary": false
   }
  },
  {
   "type": "Feature",
   "id": "CT-PROAD-114",
   "geometry": {
    "type": "LineString",
    "coordinates": [
     [
      116.3474525,
      39.983968000000004
     ],
     [
      116.34740460000002,
      39.98510520000001
     ],
     [
      116.3473973,
      39.98527970000001
     ]
    ]
   },
   "properties": {
    "id": "CT-PROAD-114",
    "layer": "EXISTING_PRIMARY_ROAD",
    "source_type": "osm",
    "confidence": "medium",
    "geometry_role": "existing_condition",
    "name_zh": "学院路",
    "attribution": "© OpenStreetMap contributors, ODbL 1.0",
    "official_boundary": false
   }
  },
  {
   "type": "Feature",
   "id": "CT-PROAD-115",
   "geometry": {
    "type": "LineString",
    "coordinates": [
     [
      116.34726060000001,
      39.9839648
     ],
     [
      116.347267,
      39.9837934
     ]
    ]
   },
   "properties": {
    "id": "CT-PROAD-115",
    "layer": "EXISTING_PRIMARY_ROAD",
    "source_type": "osm",
    "confidence": "medium",
    "geometry_role": "existing_condition",
    "name_zh": "学院路",
    "attribution": "© OpenStreetMap contributors, ODbL 1.0",
    "official_boundary": false
   }
  },
  {
   "type": "Feature",
   "id": "CT-PROAD-116",
   "geometry": {
    "type": "LineString",
    "coordinates": [
     [
      116.3477942,
      39.976316000000004
     ],
     [
      116.3477672,
      39.9760204
     ],
     [
      116.34771280000001,
      39.9757895
     ],
     [
      116.3476334,
      39.9755619
     ],
     [
      116.34698220000001,
      39.9742708
     ],
     [
      116.3468963,
      39.97397540000001
     ],
     [
      116.3468762,
      39.9735287
     ]
    ]
   },
   "properties": {
    "id": "CT-PROAD-116",
    "layer": "EXISTING_PRIMARY_ROAD",
    "source_type": "osm",
    "confidence": "medium",
    "geometry_role": "existing_condition",
    "name_zh": "学知桥",
    "attribution": "© OpenStreetMap contributors, ODbL 1.0",
    "official_boundary": false
   }
  },
  {
   "type": "Feature",
   "id": "CT-PROAD-117",
   "geometry": {
    "type": "LineString",
    "coordinates": [
     [
      116.3480688,
      39.9737505
     ],
     [
      116.34791890000001,
      39.9763161
     ]
    ]
   },
   "properties": {
    "id": "CT-PROAD-117",
    "layer": "EXISTING_PRIMARY_ROAD",
    "source_type": "osm",
    "confidence": "medium",
    "geometry_role": "existing_condition",
    "name_zh": "学知桥",
    "attribution": "© OpenStreetMap contributors, ODbL 1.0",
    "official_boundary": false
   }
  },
  {
   "type": "Feature",
   "id": "CT-PROAD-118",
   "geometry": {
    "type": "LineString",
    "coordinates": [
     [
      116.3475698,
      39.9585296
     ],
     [
      116.34845269999998,
      39.956953999999996
     ],
     [
      116.3487328,
      39.9564599
     ],
     [
      116.3488116,
      39.9561172
     ],
     [
      116.3488889,
      39.9547552
     ]
    ]
   },
   "properties": {
    "id": "CT-PROAD-118",
    "layer": "EXISTING_PRIMARY_ROAD",
    "source_type": "osm",
    "confidence": "medium",
    "geometry_role": "existing_condition",
    "name_zh": "西直门北大街",
    "attribution": "© OpenStreetMap contributors, ODbL 1.0",
    "official_boundary": false
   }
  },
  {
   "type": "Feature",
   "id": "CT-PROAD-119",
   "geometry": {
    "type": "LineString",
    "coordinates": [
     [
      116.3467769,
      39.966289599999996
     ],
     [
      116.34910219999999,
      39.966291000000005
     ]
    ]
   },
   "properties": {
    "id": "CT-PROAD-119",
    "layer": "EXISTING_PRIMARY_ROAD",
    "source_type": "osm",
    "confidence": "medium",
    "geometry_role": "existing_condition",
    "name_zh": "北三环",
    "attribution": "© OpenStreetMap contributors, ODbL 1.0",
    "official_boundary": false
   }
  },
  {
   "type": "Feature",
   "id": "CT-PROAD-120",
   "geometry": {
    "type": "LineString",
    "coordinates": [
     [
      116.3562472,
      39.9662851
     ],
     [
      116.3572359,
      39.96629510000001
     ],
     [
      116.35988392410233,
      39.966333367501186
     ]
    ]
   },
   "properties": {
    "id": "CT-PROAD-120",
    "layer": "EXISTING_PRIMARY_ROAD",
    "source_type": "osm",
    "confidence": "medium",
    "geometry_role": "existing_condition",
    "name_zh": "北三环",
    "attribution": "© OpenStreetMap contributors, ODbL 1.0",
    "official_boundary": false
   }
  },
  {
   "type": "Feature",
   "id": "CT-PROAD-121",
   "geometry": {
    "type": "LineString",
    "coordinates": [
     [
      116.3490952,
      39.96640800000001
     ],
     [
      116.3467723,
      39.9663991
     ]
    ]
   },
   "properties": {
    "id": "CT-PROAD-121",
    "layer": "EXISTING_PRIMARY_ROAD",
    "source_type": "osm",
    "confidence": "medium",
    "geometry_role": "existing_condition",
    "name_zh": "北三环",
    "attribution": "© OpenStreetMap contributors, ODbL 1.0",
    "official_boundary": false
   }
  },
  {
   "type": "Feature",
   "id": "CT-PROAD-123",
   "geometry": {
    "type": "LineString",
    "coordinates": [
     [
      116.3583185414743,
      39.98591831113196
     ],
     [
      116.3575583,
      39.9858938
     ],
     [
      116.3525568,
      39.985761499999995
     ]
    ]
   },
   "properties": {
    "id": "CT-PROAD-123",
    "layer": "EXISTING_PRIMARY_ROAD",
    "source_type": "osm",
    "confidence": "medium",
    "geometry_role": "existing_condition",
    "name_zh": "北四环中路",
    "attribution": "© OpenStreetMap contributors, ODbL 1.0",
    "official_boundary": false
   }
  },
  {
   "type": "Feature",
   "id": "CT-PROAD-125",
   "geometry": {
    "type": "LineString",
    "coordinates": [
     [
      116.34690090000001,
      40.02252000000001
     ],
     [
      116.34793810000001,
      40.0211674
     ]
    ]
   },
   "properties": {
    "id": "CT-PROAD-125",
    "layer": "EXISTING_PRIMARY_ROAD",
    "source_type": "osm",
    "confidence": "medium",
    "geometry_role": "existing_condition",
    "name_zh": "京藏高速",
    "attribution": "© OpenStreetMap contributors, ODbL 1.0",
    "official_boundary": false
   }
  },
  {
   "type": "Feature",
   "id": "CT-PROAD-126",
   "geometry": {
    "type": "LineString",
    "coordinates": [
     [
      116.34793810000001,
      40.0211674
     ],
     [
      116.34962009999998,
      40.018958399999995
     ],
     [
      116.35279340000001,
      40.014905
     ],
     [
      116.35420260000001,
      40.0129171
     ],
     [
      116.35446060000001,
      40.01254639999999
     ],
     [
      116.3553854,
      40.011358099999995
     ],
     [
      116.3563116,
      40.0101785
     ],
     [
      116.35660850000001,
      40.0098008
     ],
     [
      116.35686839999998,
      40.0094562
     ],
     [
      116.3586875,
      40.006921199999994
     ],
     [
      116.35890017439817,
      40.00664014605224
     ]
    ]
   },
   "properties": {
    "id": "CT-PROAD-126",
    "layer": "EXISTING_PRIMARY_ROAD",
    "source_type": "osm",
    "confidence": "medium",
    "geometry_role": "existing_condition",
    "name_zh": "京藏高速",
    "attribution": "© OpenStreetMap contributors, ODbL 1.0",
    "official_boundary": false
   }
  },
  {
   "type": "Feature",
   "id": "CT-PROAD-127",
   "geometry": {
    "type": "LineString",
    "coordinates": [
     [
      116.34917710000002,
      39.94033949999999
     ],
     [
      116.3492799,
      39.9378657
     ]
    ]
   },
   "properties": {
    "id": "CT-PROAD-127",
    "layer": "EXISTING_PRIMARY_ROAD",
    "source_type": "osm",
    "confidence": "medium",
    "geometry_role": "existing_condition",
    "name_zh": "西二环",
    "attribution": "© OpenStreetMap contributors, ODbL 1.0",
    "official_boundary": false
   }
  },
  {
   "type": "Feature",
   "id": "CT-PROAD-128",
   "geometry": {
    "type": "LineString",
    "coordinates": [
     [
      116.34977009999999,
      39.93919379999999
     ],
     [
      116.34892400000001,
      39.9391666
     ]
    ]
   },
   "properties": {
    "id": "CT-PROAD-128",
    "layer": "EXISTING_PRIMARY_ROAD",
    "source_type": "osm",
    "confidence": "medium",
    "geometry_role": "existing_condition",
    "name_zh": "西直门外大街",
    "attribution": "© OpenStreetMap contributors, ODbL 1.0",
    "official_boundary": false
   }
  },
  {
   "type": "Feature",
   "id": "CT-PROAD-129",
   "geometry": {
    "type": "LineString",
    "coordinates": [
     [
      116.3504611,
      39.942674
     ],
     [
      116.35042890000001,
      39.9426627
     ],
     [
      116.3503805,
      39.94264470000002
     ],
     [
      116.3503346,
      39.942627000000016
     ],
     [
      116.3502898,
      39.9426093
     ],
     [
      116.35024410000001,
      39.94259050000001
     ],
     [
      116.35020119999999,
      39.9425717
     ],
     [
      116.3501539,
      39.94255
     ],
     [
      116.3501084,
      39.94252760000001
     ],
     [
      116.3500606,
      39.9425017
     ],
     [
      116.3500147,
      39.94247579999998
     ],
     [
      116.3499674,
      39.94244820000001
     ],
     [
      116.34992100000001,
      39.9424207
     ],
     [
      116.34987779999999,
      39.9423934
     ],
     [
      116.34983660000002,
      39.942366099999994
     ],
     [
      116.3497897,
      39.9423329
     ],
     [
      116.3497448,
      39.9422997
     ]
    ]
   },
   "properties": {
    "id": "CT-PROAD-129",
    "layer": "EXISTING_PRIMARY_ROAD",
    "source_type": "osm",
    "confidence": "medium",
    "geometry_role": "existing_condition",
    "name_zh": "北二环",
    "attribution": "© OpenStreetMap contributors, ODbL 1.0",
    "official_boundary": false
   }
  },
  {
   "type": "Feature",
   "id": "CT-PROAD-130",
   "geometry": {
    "type": "LineString",
    "coordinates": [
     [
      116.3488889,
      39.9547552
     ],
     [
      116.34889820000001,
      39.954304400000005
     ]
    ]
   },
   "properties": {
    "id": "CT-PROAD-130",
    "layer": "EXISTING_PRIMARY_ROAD",
    "source_type": "osm",
    "confidence": "medium",
    "geometry_role": "existing_condition",
    "name_zh": "西直门北大街",
    "attribution": "© OpenStreetMap contributors, ODbL 1.0",
    "official_boundary": false
   }
  },
  {
   "type": "Feature",
   "id": "CT-PROAD-131",
   "geometry": {
    "type": "LineString",
    "coordinates": [
     [
      116.3493751,
      39.94026699999999
     ],
     [
      116.34938389999999,
      39.9402975
     ],
     [
      116.3493852,
      39.9403168
     ],
     [
      116.34938749999999,
      39.9403354
     ],
     [
      116.34939109999999,
      39.94035989999998
     ],
     [
      116.34939589999999,
      39.94039029999999
     ],
     [
      116.3493993,
      39.94041669999999
     ],
     [
      116.3494028,
      39.940443200000004
     ],
     [
      116.3494054,
      39.940469799999995
     ],
     [
      116.3494075,
      39.9404965
     ],
     [
      116.3494099,
      39.94053289999999
     ],
     [
      116.34941180000001,
      39.940569700000005
     ],
     [
      116.3494141,
      39.9406458
     ],
     [
      116.3494173,
      39.940721799999984
     ],
     [
      116.3494194,
      39.94076239999998
     ],
     [
      116.3494216,
      39.940803
     ],
     [
      116.3494227,
      39.940822799999985
     ],
     [
      116.3494249,
      39.9408425
     ],
     [
      116.3494309,
      39.940880400000005
     ],
     [
      116.3494357,
      39.9409044
     ],
     [
      116.3494406,
      39.940927300000006
     ],
     [
      116.3494478,
      39.9409564
     ],
     [
      116.34945770000002,
      39.9409903
     ],
     [
      116.3494714,
      39.94103230000001
     ],
     [
      116.34948970000002,
      39.94107699999999
     ],
     [
      116.34950980000002,
      39.94112179999998
     ],
     [
      116.349531,
      39.9411657
     ],
     [
      116.3495532,
      39.94120969999999
     ],
     [
      116.3495708,
      39.941243099999994
     ],
     [
      116.34958940000001,
      39.94127649999999
     ],
     [
      116.34960740000001,
      39.94130700000001
     ],
     [
      116.3496264,
      39.941336799999995
     ],
     [
      116.34965090000001,
      39.9413751
     ],
     [
      116.34967590000001,
      39.94141379999999
     ],
     [
      116.3497,
      39.941450999999994
     ],
     [
      116.3497255,
      39.9414887
     ],
     [
      116.34975269999998,
      39.9415278
     ],
     [
      116.34977880000001,
      39.94156460000001
     ],
     [
      116.34983300000002,
      39.9416412
     ]
    ]
   },
   "properties": {
    "id": "CT-PROAD-131",
    "layer": "EXISTING_PRIMARY_ROAD",
    "source_type": "osm",
    "confidence": "medium",
    "geometry_role": "existing_condition",
    "name_zh": "北二环",
    "attribution": "© OpenStreetMap contributors, ODbL 1.0",
    "official_boundary": false
   }
  },
  {
   "type": "Feature",
   "id": "CT-PROAD-132",
   "geometry": {
    "type": "LineString",
    "coordinates": [
     [
      116.3489257,
      39.9390619
     ],
     [
      116.3497738,
      39.9390799
     ]
    ]
   },
   "properties": {
    "id": "CT-PROAD-132",
    "layer": "EXISTING_PRIMARY_ROAD",
    "source_type": "osm",
    "confidence": "medium",
    "geometry_role": "existing_condition",
    "name_zh": "西直门外大街",
    "attribution": "© OpenStreetMap contributors, ODbL 1.0",
    "official_boundary": false
   }
  },
  {
   "type": "Feature",
   "id": "CT-PROAD-133",
   "geometry": {
    "type": "LineString",
    "coordinates": [
     [
      116.34892400000001,
      39.9391666
     ],
     [
      116.34884450000001,
      39.939163799999996
     ],
     [
      116.3487577,
      39.9391587
     ],
     [
      116.3486603,
      39.939152199999995
     ],
     [
      116.3485647,
      39.9391457
     ],
     [
      116.3484815,
      39.9391397
     ],
     [
      116.34841730000001,
      39.9391352
     ],
     [
      116.3483644,
      39.939131499999995
     ],
     [
      116.3483121,
      39.93912829999999
     ],
     [
      116.3482113,
      39.9391219
     ],
     [
      116.3481167,
      39.9391169
     ],
     [
      116.3480094,
      39.93911190000001
     ],
     [
      116.34788800000001,
      39.939107899999996
     ],
     [
      116.34778630000001,
      39.939104
     ],
     [
      116.3476769,
      39.9390981
     ]
    ]
   },
   "properties": {
    "id": "CT-PROAD-133",
    "layer": "EXISTING_PRIMARY_ROAD",
    "source_type": "osm",
    "confidence": "medium",
    "geometry_role": "existing_condition",
    "name_zh": "西直门外大街",
    "attribution": "© OpenStreetMap contributors, ODbL 1.0",
    "official_boundary": false
   }
  },
  {
   "type": "Feature",
   "id": "CT-PROAD-136",
   "geometry": {
    "type": "LineString",
    "coordinates": [
     [
      116.35998029385595,
      39.945445618238416
     ],
     [
      116.359245,
      39.9451483
     ]
    ]
   },
   "properties": {
    "id": "CT-PROAD-136",
    "layer": "EXISTING_PRIMARY_ROAD",
    "source_type": "osm",
    "confidence": "medium",
    "geometry_role": "existing_condition",
    "name_zh": "北二环",
    "attribution": "© OpenStreetMap contributors, ODbL 1.0",
    "official_boundary": false
   }
  },
  {
   "type": "Feature",
   "id": "CT-PROAD-137",
   "geometry": {
    "type": "LineString",
    "coordinates": [
     [
      116.34959083654806,
      39.93539783715074
     ],
     [
      116.3495745,
      39.93566260000001
     ]
    ]
   },
   "properties": {
    "id": "CT-PROAD-137",
    "layer": "EXISTING_PRIMARY_ROAD",
    "source_type": "osm",
    "confidence": "medium",
    "geometry_role": "existing_condition",
    "name_zh": "西二环",
    "attribution": "© OpenStreetMap contributors, ODbL 1.0",
    "official_boundary": false
   }
  },
  {
   "type": "Feature",
   "id": "CT-PROAD-138",
   "geometry": {
    "type": "LineString",
    "coordinates": [
     [
      116.34711659999999,
      40.0225658
     ],
     [
      116.34547850000001,
      40.02451859999999
     ],
     [
      116.34511480000002,
      40.0250593
     ]
    ]
   },
   "properties": {
    "id": "CT-PROAD-138",
    "layer": "EXISTING_PRIMARY_ROAD",
    "source_type": "osm",
    "confidence": "medium",
    "geometry_role": "existing_condition",
    "name_zh": "京藏高速",
    "attribution": "© OpenStreetMap contributors, ODbL 1.0",
    "official_boundary": false
   }
  },
  {
   "type": "Feature",
   "id": "CT-PROAD-139",
   "geometry": {
    "type": "LineString",
    "coordinates": [
     [
      116.3429146,
      40.027694099999984
     ],
     [
      116.34440449999998,
      40.025672300000004
     ]
    ]
   },
   "properties": {
    "id": "CT-PROAD-139",
    "layer": "EXISTING_PRIMARY_ROAD",
    "source_type": "osm",
    "confidence": "medium",
    "geometry_role": "existing_condition",
    "name_zh": "京藏高速",
    "attribution": "© OpenStreetMap contributors, ODbL 1.0",
    "official_boundary": false
   }
  },
  {
   "type": "Feature",
   "id": "CT-PROAD-140",
   "geometry": {
    "type": "LineString",
    "coordinates": [
     [
      116.34511480000002,
      40.0250593
     ],
     [
      116.34462309999999,
      40.0257068
     ]
    ]
   },
   "properties": {
    "id": "CT-PROAD-140",
    "layer": "EXISTING_PRIMARY_ROAD",
    "source_type": "osm",
    "confidence": "medium",
    "geometry_role": "existing_condition",
    "name_zh": "京藏高速",
    "attribution": "© OpenStreetMap contributors, ODbL 1.0",
    "official_boundary": false
   }
  },
  {
   "type": "Feature",
   "id": "CT-PROAD-141",
   "geometry": {
    "type": "LineString",
    "coordinates": [
     [
      116.35029260000002,
      40.0215987
     ],
     [
      116.3509394,
      40.02159600000001
     ]
    ]
   },
   "properties": {
    "id": "CT-PROAD-141",
    "layer": "EXISTING_PRIMARY_ROAD",
    "source_type": "osm",
    "confidence": "medium",
    "geometry_role": "existing_condition",
    "name_zh": "北五环",
    "attribution": "© OpenStreetMap contributors, ODbL 1.0",
    "official_boundary": false
   }
  },
  {
   "type": "Feature",
   "id": "CT-PROAD-142",
   "geometry": {
    "type": "LineString",
    "coordinates": [
     [
      116.34305730000001,
      40.02775589999999
     ],
     [
      116.34136414455831,
      40.02995256630379
     ]
    ]
   },
   "properties": {
    "id": "CT-PROAD-142",
    "layer": "EXISTING_PRIMARY_ROAD",
    "source_type": "osm",
    "confidence": "medium",
    "geometry_role": "existing_condition",
    "name_zh": "清河桥",
    "attribution": "© OpenStreetMap contributors, ODbL 1.0",
    "official_boundary": false
   }
  },
  {
   "type": "Feature",
   "id": "CT-PROAD-143",
   "geometry": {
    "type": "LineString",
    "coordinates": [
     [
      116.3452035,
      40.021828
     ],
     [
      116.34109780000001,
      40.0218621
     ]
    ]
   },
   "properties": {
    "id": "CT-PROAD-143",
    "layer": "EXISTING_PRIMARY_ROAD",
    "source_type": "osm",
    "confidence": "medium",
    "geometry_role": "existing_condition",
    "name_zh": "北五环",
    "attribution": "© OpenStreetMap contributors, ODbL 1.0",
    "official_boundary": false
   }
  },
  {
   "type": "Feature",
   "id": "CT-PROAD-144",
   "geometry": {
    "type": "LineString",
    "coordinates": [
     [
      116.3509395,
      40.02176349999999
     ],
     [
      116.3503037,
      40.0217701
     ]
    ]
   },
   "properties": {
    "id": "CT-PROAD-144",
    "layer": "EXISTING_PRIMARY_ROAD",
    "source_type": "osm",
    "confidence": "medium",
    "geometry_role": "existing_condition",
    "name_zh": "北五环",
    "attribution": "© OpenStreetMap contributors, ODbL 1.0",
    "official_boundary": false
   }
  },
  {
   "type": "Feature",
   "id": "CT-PROAD-145",
   "geometry": {
    "type": "LineString",
    "coordinates": [
     [
      116.34462309999999,
      40.0257068
     ],
     [
      116.34305730000001,
      40.02775589999999
     ]
    ]
   },
   "properties": {
    "id": "CT-PROAD-145",
    "layer": "EXISTING_PRIMARY_ROAD",
    "source_type": "osm",
    "confidence": "medium",
    "geometry_role": "existing_condition",
    "name_zh": "京藏高速",
    "attribution": "© OpenStreetMap contributors, ODbL 1.0",
    "official_boundary": false
   }
  },
  {
   "type": "Feature",
   "id": "CT-PROAD-146",
   "geometry": {
    "type": "LineString",
    "coordinates": [
     [
      116.34440449999998,
      40.025672300000004
     ],
     [
      116.3449295,
      40.0249994
     ]
    ]
   },
   "properties": {
    "id": "CT-PROAD-146",
    "layer": "EXISTING_PRIMARY_ROAD",
    "source_type": "osm",
    "confidence": "medium",
    "geometry_role": "existing_condition",
    "name_zh": "京藏高速",
    "attribution": "© OpenStreetMap contributors, ODbL 1.0",
    "official_boundary": false
   }
  },
  {
   "type": "Feature",
   "id": "CT-PROAD-147",
   "geometry": {
    "type": "LineString",
    "coordinates": [
     [
      116.3412024997579,
      40.02990924099195
     ],
     [
      116.3429146,
      40.027694099999984
     ]
    ]
   },
   "properties": {
    "id": "CT-PROAD-147",
    "layer": "EXISTING_PRIMARY_ROAD",
    "source_type": "osm",
    "confidence": "medium",
    "geometry_role": "existing_condition",
    "name_zh": "清河桥",
    "attribution": "© OpenStreetMap contributors, ODbL 1.0",
    "official_boundary": false
   }
  },
  {
   "type": "Feature",
   "id": "CT-PROAD-148",
   "geometry": {
    "type": "LineString",
    "coordinates": [
     [
      116.3452098,
      40.0216684
     ],
     [
      116.35029260000002,
      40.0215987
     ]
    ]
   },
   "properties": {
    "id": "CT-PROAD-148",
    "layer": "EXISTING_PRIMARY_ROAD",
    "source_type": "osm",
    "confidence": "medium",
    "geometry_role": "existing_condition",
    "name_zh": "北五环",
    "attribution": "© OpenStreetMap contributors, ODbL 1.0",
    "official_boundary": false
   }
  },
  {
   "type": "Feature",
   "id": "CT-PROAD-149",
   "geometry": {
    "type": "LineString",
    "coordinates": [
     [
      116.3449295,
      40.0249994
     ],
     [
      116.34541370000001,
      40.0243775
     ],
     [
      116.34690090000001,
      40.02252000000001
     ]
    ]
   },
   "properties": {
    "id": "CT-PROAD-149",
    "layer": "EXISTING_PRIMARY_ROAD",
    "source_type": "osm",
    "confidence": "medium",
    "geometry_role": "existing_condition",
    "name_zh": "京藏高速",
    "attribution": "© OpenStreetMap contributors, ODbL 1.0",
    "official_boundary": false
   }
  },
  {
   "type": "Feature",
   "id": "CT-PROAD-150",
   "geometry": {
    "type": "LineString",
    "coordinates": [
     [
      116.3503037,
      40.0217701
     ],
     [
      116.346862,
      40.02182309999999
     ],
     [
      116.3452035,
      40.021828
     ]
    ]
   },
   "properties": {
    "id": "CT-PROAD-150",
    "layer": "EXISTING_PRIMARY_ROAD",
    "source_type": "osm",
    "confidence": "medium",
    "geometry_role": "existing_condition",
    "name_zh": "北五环",
    "attribution": "© OpenStreetMap contributors, ODbL 1.0",
    "official_boundary": false
   }
  },
  {
   "type": "Feature",
   "id": "CT-PROAD-151",
   "geometry": {
    "type": "LineString",
    "coordinates": [
     [
      116.348079,
      40.021217499999985
     ],
     [
      116.34711659999999,
      40.0225658
     ]
    ]
   },
   "properties": {
    "id": "CT-PROAD-151",
    "layer": "EXISTING_PRIMARY_ROAD",
    "source_type": "osm",
    "confidence": "medium",
    "geometry_role": "existing_condition",
    "name_zh": "京藏高速",
    "attribution": "© OpenStreetMap contributors, ODbL 1.0",
    "official_boundary": false
   }
  },
  {
   "type": "Feature",
   "id": "CT-PROAD-152",
   "geometry": {
    "type": "LineString",
    "coordinates": [
     [
      116.34791890000001,
      39.9763161
     ],
     [
      116.3478219,
      39.9778395
     ],
     [
      116.34783370000001,
      39.978106200000006
     ]
    ]
   },
   "properties": {
    "id": "CT-PROAD-152",
    "layer": "EXISTING_PRIMARY_ROAD",
    "source_type": "osm",
    "confidence": "medium",
    "geometry_role": "existing_condition",
    "name_zh": "学院路",
    "attribution": "© OpenStreetMap contributors, ODbL 1.0",
    "official_boundary": false
   }
  },
  {
   "type": "Feature",
   "id": "CT-PROAD-153",
   "geometry": {
    "type": "LineString",
    "coordinates": [
     [
      116.34886189999999,
      39.9585562
     ],
     [
      116.34881270000001,
      39.9599117
     ]
    ]
   },
   "properties": {
    "id": "CT-PROAD-153",
    "layer": "EXISTING_PRIMARY_ROAD",
    "source_type": "osm",
    "confidence": "medium",
    "geometry_role": "existing_condition",
    "name_zh": "西土城路",
    "attribution": "© OpenStreetMap contributors, ODbL 1.0",
    "official_boundary": false
   }
  },
  {
   "type": "Feature",
   "id": "CT-PROAD-154",
   "geometry": {
    "type": "LineString",
    "coordinates": [
     [
      116.3468762,
      39.9735287
     ],
     [
      116.34695130000001,
      39.9718495
     ],
     [
      116.3469875,
      39.9703191
     ]
    ]
   },
   "properties": {
    "id": "CT-PROAD-154",
    "layer": "EXISTING_PRIMARY_ROAD",
    "source_type": "osm",
    "confidence": "medium",
    "geometry_role": "existing_condition",
    "name_zh": "西土城路",
    "attribution": "© OpenStreetMap contributors, ODbL 1.0",
    "official_boundary": false
   }
  },
  {
   "type": "Feature",
   "id": "CT-PROAD-155",
   "geometry": {
    "type": "LineString",
    "coordinates": [
     [
      116.34981059999998,
      39.948852699999996
     ],
     [
      116.3499025,
      39.948513999999996
     ],
     [
      116.3499913,
      39.9479312
     ]
    ]
   },
   "properties": {
    "id": "CT-PROAD-155",
    "layer": "EXISTING_PRIMARY_ROAD",
    "source_type": "osm",
    "confidence": "medium",
    "geometry_role": "existing_condition",
    "name_zh": "西直门北大街",
    "attribution": "© OpenStreetMap contributors, ODbL 1.0",
    "official_boundary": false
   }
  },
  {
   "type": "Feature",
   "id": "CT-PROAD-156",
   "geometry": {
    "type": "LineString",
    "coordinates": [
     [
      116.3499378,
      39.94886650000001
     ],
     [
      116.3496843,
      39.949634
     ],
     [
      116.34936379999999,
      39.950615799999994
     ],
     [
      116.3492859,
      39.95094809999999
     ]
    ]
   },
   "properties": {
    "id": "CT-PROAD-156",
    "layer": "EXISTING_PRIMARY_ROAD",
    "source_type": "osm",
    "confidence": "medium",
    "geometry_role": "existing_condition",
    "name_zh": "西直门北大街",
    "attribution": "© OpenStreetMap contributors, ODbL 1.0",
    "official_boundary": false
   }
  },
  {
   "type": "Feature",
   "id": "CT-PROAD-157",
   "geometry": {
    "type": "LineString",
    "coordinates": [
     [
      116.3491743,
      39.9509355
     ],
     [
      116.34926009999998,
      39.9505988
     ],
     [
      116.34958910000002,
      39.94960149999999
     ],
     [
      116.34981059999998,
      39.948852699999996
     ]
    ]
   },
   "properties": {
    "id": "CT-PROAD-157",
    "layer": "EXISTING_PRIMARY_ROAD",
    "source_type": "osm",
    "confidence": "medium",
    "geometry_role": "existing_condition",
    "name_zh": "西直门北大街",
    "attribution": "© OpenStreetMap contributors, ODbL 1.0",
    "official_boundary": false
   }
  },
  {
   "type": "Feature",
   "id": "CT-PROAD-158",
   "geometry": {
    "type": "LineString",
    "coordinates": [
     [
      116.3492859,
      39.95094809999999
     ],
     [
      116.34920059999999,
      39.9513078
     ],
     [
      116.34913349999998,
      39.9518333
     ],
     [
      116.3490723,
      39.95310499999999
     ],
     [
      116.34904580000001,
      39.953722
     ]
    ]
   },
   "properties": {
    "id": "CT-PROAD-158",
    "layer": "EXISTING_PRIMARY_ROAD",
    "source_type": "osm",
    "confidence": "medium",
    "geometry_role": "existing_condition",
    "name_zh": "西直门北大街",
    "attribution": "© OpenStreetMap contributors, ODbL 1.0",
    "official_boundary": false
   }
  },
  {
   "type": "Feature",
   "id": "CT-PROAD-162",
   "geometry": {
    "type": "LineString",
    "coordinates": [
     [
      116.35891697734306,
      40.006946428240006
     ],
     [
      116.35694270000002,
      40.009594400000005
     ],
     [
      116.3567872,
      40.00980299999999
     ],
     [
      116.3555832,
      40.0114479
     ],
     [
      116.35438790000002,
      40.01295379999999
     ],
     [
      116.34955469999998,
      40.01919779999999
     ],
     [
      116.34858280000002,
      40.0204632
     ],
     [
      116.348079,
      40.021217499999985
     ]
    ]
   },
   "properties": {
    "id": "CT-PROAD-162",
    "layer": "EXISTING_PRIMARY_ROAD",
    "source_type": "osm",
    "confidence": "medium",
    "geometry_role": "existing_condition",
    "name_zh": "京藏高速",
    "attribution": "© OpenStreetMap contributors, ODbL 1.0",
    "official_boundary": false
   }
  },
  {
   "type": "Feature",
   "id": "CT-PROAD-164",
   "geometry": {
    "type": "LineString",
    "coordinates": [
     [
      116.35987390223076,
      39.966458792787776
     ],
     [
      116.35921620000002,
      39.96645229999999
     ],
     [
      116.3588609,
      39.966448699999994
     ],
     [
      116.3557716,
      39.966418100000006
     ]
    ]
   },
   "properties": {
    "id": "CT-PROAD-164",
    "layer": "EXISTING_PRIMARY_ROAD",
    "source_type": "osm",
    "confidence": "medium",
    "geometry_role": "existing_condition",
    "name_zh": "北三环",
    "attribution": "© OpenStreetMap contributors, ODbL 1.0",
    "official_boundary": false
   }
  },
  {
   "type": "Feature",
   "id": "CT-PROAD-165",
   "geometry": {
    "type": "LineString",
    "coordinates": [
     [
      116.33565749804104,
      39.98501923256191
     ],
     [
      116.33578109999999,
      39.9850245
     ],
     [
      116.3386877,
      39.985147899999994
     ],
     [
      116.3418289,
      39.9852094
     ],
     [
      116.34398529999999,
      39.985301199999995
     ]
    ]
   },
   "properties": {
    "id": "CT-PROAD-165",
    "layer": "EXISTING_PRIMARY_ROAD",
    "source_type": "osm",
    "confidence": "medium",
    "geometry_role": "existing_condition",
    "name_zh": "北四环中路",
    "attribution": "© OpenStreetMap contributors, ODbL 1.0",
    "official_boundary": false
   }
  },
  {
   "type": "Feature",
   "id": "CT-PROAD-166",
   "geometry": {
    "type": "LineString",
    "coordinates": [
     [
      116.34397569999999,
      39.98546789999999
     ],
     [
      116.34179030000001,
      39.9853893
     ],
     [
      116.33867510000002,
      39.9853269
     ],
     [
      116.33566795125722,
      39.9851814527509
     ]
    ]
   },
   "properties": {
    "id": "CT-PROAD-166",
    "layer": "EXISTING_PRIMARY_ROAD",
    "source_type": "osm",
    "confidence": "medium",
    "geometry_role": "existing_condition",
    "name_zh": "北四环中路",
    "attribution": "© OpenStreetMap contributors, ODbL 1.0",
    "official_boundary": false
   }
  },
  {
   "type": "Feature",
   "id": "CT-PROAD-167",
   "geometry": {
    "type": "LineString",
    "coordinates": [
     [
      116.3494881,
      39.93786879999999
     ],
     [
      116.3494639,
      39.938297500000004
     ],
     [
      116.34944390000001,
      39.9387319
     ],
     [
      116.3494018,
      39.93978469999999
     ],
     [
      116.3493751,
      39.94026699999999
     ]
    ]
   },
   "properties": {
    "id": "CT-PROAD-167",
    "layer": "EXISTING_PRIMARY_ROAD",
    "source_type": "osm",
    "confidence": "medium",
    "geometry_role": "existing_condition",
    "name_zh": "西二环",
    "attribution": "© OpenStreetMap contributors, ODbL 1.0",
    "official_boundary": false
   }
  },
  {
   "type": "Feature",
   "id": "CT-PROAD-168",
   "geometry": {
    "type": "LineString",
    "coordinates": [
     [
      116.3492799,
      39.9378657
     ],
     [
      116.34931189999999,
      39.9372479
     ],
     [
      116.349366,
      39.9365924
     ],
     [
      116.34942835532196,
      39.93539783933499
     ]
    ]
   },
   "properties": {
    "id": "CT-PROAD-168",
    "layer": "EXISTING_PRIMARY_ROAD",
    "source_type": "osm",
    "confidence": "medium",
    "geometry_role": "existing_condition",
    "name_zh": "西二环",
    "attribution": "© OpenStreetMap contributors, ODbL 1.0",
    "official_boundary": false
   }
  },
  {
   "type": "Feature",
   "id": "CT-PROAD-169",
   "geometry": {
    "type": "LineString",
    "coordinates": [
     [
      116.3469875,
      39.9703191
     ],
     [
      116.34704220000002,
      39.9689807
     ],
     [
      116.347054,
      39.968772599999994
     ],
     [
      116.34724380000002,
      39.96789690000001
     ],
     [
      116.3473067,
      39.9671179
     ]
    ]
   },
   "properties": {
    "id": "CT-PROAD-169",
    "layer": "EXISTING_PRIMARY_ROAD",
    "source_type": "osm",
    "confidence": "medium",
    "geometry_role": "existing_condition",
    "name_zh": "西土城路",
    "attribution": "© OpenStreetMap contributors, ODbL 1.0",
    "official_boundary": false
   }
  },
  {
   "type": "Feature",
   "id": "CT-PROAD-170",
   "geometry": {
    "type": "LineString",
    "coordinates": [
     [
      116.34772690000001,
      39.977940399999994
     ],
     [
      116.3477942,
      39.976316000000004
     ]
    ]
   },
   "properties": {
    "id": "CT-PROAD-170",
    "layer": "EXISTING_PRIMARY_ROAD",
    "source_type": "osm",
    "confidence": "medium",
    "geometry_role": "existing_condition",
    "name_zh": "学院路",
    "attribution": "© OpenStreetMap contributors, ODbL 1.0",
    "official_boundary": false
   }
  },
  {
   "type": "Feature",
   "id": "CT-PROAD-171",
   "geometry": {
    "type": "LineString",
    "coordinates": [
     [
      116.34997259999999,
      39.9433403
     ],
     [
      116.34994529999999,
      39.94284720000001
     ],
     [
      116.3499421,
      39.942767
     ],
     [
      116.34993719999999,
      39.9426856
     ],
     [
      116.3499342,
      39.9426459
     ],
     [
      116.3499295,
      39.942601
     ],
     [
      116.3499244,
      39.94255359999999
     ],
     [
      116.3499193,
      39.9425127
     ],
     [
      116.3499115,
      39.94246279999998
     ],
     [
      116.3499002,
      39.942413
     ],
     [
      116.34988890000001,
      39.9423662
     ],
     [
      116.3498741,
      39.942318099999994
     ],
     [
      116.34986009999999,
      39.942278099999996
     ],
     [
      116.3498444,
      39.9422382
     ],
     [
      116.3498276,
      39.9421978
     ],
     [
      116.3498124,
      39.9421638
     ],
     [
      116.3497948,
      39.94212589999999
     ],
     [
      116.3497771,
      39.94208809999999
     ],
     [
      116.34975980000002,
      39.9420526
     ],
     [
      116.3497426,
      39.94201970000001
     ],
     [
      116.3497236,
      39.941986199999995
     ],
     [
      116.3497038,
      39.94195199999999
     ],
     [
      116.3496811,
      39.94191589999999
     ],
     [
      116.34965749999999,
      39.941880399999995
     ],
     [
      116.34963299999998,
      39.94184430000001
     ],
     [
      116.34960860000001,
      39.94180820000001
     ],
     [
      116.3495802,
      39.9417657
     ],
     [
      116.34955010000002,
      39.941723200000006
     ],
     [
      116.3494974,
      39.9416448
     ],
     [
      116.3494726,
      39.9416057
     ],
     [
      116.3494479,
      39.9415665
     ],
     [
      116.3494267,
      39.9415298
     ],
     [
      116.34940639999999,
      39.9414918
     ],
     [
      116.3493865,
      39.9414514
     ],
     [
      116.34936739999999,
      39.9414097
     ],
     [
      116.34935060000001,
      39.9413689
     ],
     [
      116.34933380000001,
      39.94132679999999
     ],
     [
      116.34931450000002,
      39.9412744
     ],
     [
      116.34929600000001,
      39.94122269999999
     ],
     [
      116.3492811,
      39.94117359999999
     ],
     [
      116.349267,
      39.941117399999996
     ],
     [
      116.34925849999999,
      39.941076499999994
     ],
     [
      116.34925009999999,
      39.941030399999995
     ],
     [
      116.3492416,
      39.9409854
     ],
     [
      116.34923279999998,
      39.94093139999999
     ],
     [
      116.34922820000001,
      39.9408949
     ],
     [
      116.3492236,
      39.9408544
     ],
     [
      116.3492208,
      39.940813999999996
     ],
     [
      116.3492157,
      39.94074440000001
     ],
     [
      116.3492106,
      39.940674699999995
     ],
     [
      116.34920600000001,
      39.94060590000001
     ],
     [
      116.3492005,
      39.94053550000001
     ],
     [
      116.3491944,
      39.94047909999999
     ],
     [
      116.34918830000001,
      39.9404274
     ],
     [
      116.34917710000002,
      39.94033949999999
     ]
    ]
   },
   "properties": {
    "id": "CT-PROAD-171",
    "layer": "EXISTING_PRIMARY_ROAD",
    "source_type": "osm",
    "confidence": "medium",
    "geometry_role": "existing_condition",
    "name_zh": "西直门北大街",
    "attribution": "© OpenStreetMap contributors, ODbL 1.0",
    "official_boundary": false
   }
  },
  {
   "type": "Feature",
   "id": "CT-PROAD-172",
   "geometry": {
    "type": "LineString",
    "coordinates": [
     [
      116.35010190000001,
      39.94337939999998
     ],
     [
      116.3501077,
      39.943485200000005
     ],
     [
      116.3501105,
      39.94353819999999
     ],
     [
      116.35011500000002,
      39.9435911
     ],
     [
      116.35011929999999,
      39.943644899999995
     ],
     [
      116.3501236,
      39.9436975
     ],
     [
      116.3501287,
      39.94375010000001
     ],
     [
      116.35013369999999,
      39.9438027
     ],
     [
      116.3501402,
      39.94387030000001
     ],
     [
      116.3501467,
      39.943938
     ],
     [
      116.3501522,
      39.94400509999999
     ],
     [
      116.35015770000001,
      39.944073200000005
     ],
     [
      116.3501608,
      39.944117399999996
     ],
     [
      116.3501639,
      39.9441596
     ],
     [
      116.35016610000001,
      39.94420960000001
     ],
     [
      116.3501677,
      39.94426169999999
     ],
     [
      116.35017029999999,
      39.944345999999996
     ],
     [
      116.3501698,
      39.9445851
     ],
     [
      116.3501458,
      39.9476852
     ]
    ]
   },
   "properties": {
    "id": "CT-PROAD-172",
    "layer": "EXISTING_PRIMARY_ROAD",
    "source_type": "osm",
    "confidence": "medium",
    "geometry_role": "existing_condition",
    "name_zh": "西直门北大街",
    "attribution": "© OpenStreetMap contributors, ODbL 1.0",
    "official_boundary": false
   }
  },
  {
   "type": "Feature",
   "id": "CT-PROAD-173",
   "geometry": {
    "type": "LineString",
    "coordinates": [
     [
      116.3495745,
      39.93566260000001
     ],
     [
      116.3495591,
      39.9361746
     ],
     [
      116.3494881,
      39.93786879999999
     ]
    ]
   },
   "properties": {
    "id": "CT-PROAD-173",
    "layer": "EXISTING_PRIMARY_ROAD",
    "source_type": "osm",
    "confidence": "medium",
    "geometry_role": "existing_condition",
    "name_zh": "西二环",
    "attribution": "© OpenStreetMap contributors, ODbL 1.0",
    "official_boundary": false
   }
  },
  {
   "type": "Feature",
   "id": "CT-PROAD-174",
   "geometry": {
    "type": "LineString",
    "coordinates": [
     [
      116.359245,
      39.9451483
     ],
     [
      116.35889790000002,
      39.944986099999994
     ],
     [
      116.35832970000001,
      39.9448187
     ],
     [
      116.35746959999999,
      39.944578
     ],
     [
      116.35353810000001,
      39.9435109
     ],
     [
      116.3527348,
      39.943313700000004
     ]
    ]
   },
   "properties": {
    "id": "CT-PROAD-174",
    "layer": "EXISTING_PRIMARY_ROAD",
    "source_type": "osm",
    "confidence": "medium",
    "geometry_role": "existing_condition",
    "name_zh": "北二环",
    "attribution": "© OpenStreetMap contributors, ODbL 1.0",
    "official_boundary": false
   }
  },
  {
   "type": "Feature",
   "id": "CT-PROAD-175",
   "geometry": {
    "type": "LineString",
    "coordinates": [
     [
      116.33836099999999,
      39.9371203
     ],
     [
      116.338479,
      39.9371305
     ],
     [
      116.33900279999999,
      39.93720059999999
     ],
     [
      116.3396464,
      39.9373261
     ],
     [
      116.34056820000002,
      39.9376109
     ],
     [
      116.34128620000001,
      39.937862399999986
     ],
     [
      116.34198260000001,
      39.93807679999999
     ]
    ]
   },
   "properties": {
    "id": "CT-PROAD-175",
    "layer": "EXISTING_PRIMARY_ROAD",
    "source_type": "osm",
    "confidence": "medium",
    "geometry_role": "existing_condition",
    "name_zh": "西直门外大街",
    "attribution": "© OpenStreetMap contributors, ODbL 1.0",
    "official_boundary": false
   }
  },
  {
   "type": "Feature",
   "id": "CT-PROAD-176",
   "geometry": {
    "type": "LineString",
    "coordinates": [
     [
      116.3451922,
      39.9386732
     ],
     [
      116.3456721,
      39.938740200000005
     ]
    ]
   },
   "properties": {
    "id": "CT-PROAD-176",
    "layer": "EXISTING_PRIMARY_ROAD",
    "source_type": "osm",
    "confidence": "medium",
    "geometry_role": "existing_condition",
    "name_zh": "西直门外大街",
    "attribution": "© OpenStreetMap contributors, ODbL 1.0",
    "official_boundary": false
   }
  },
  {
   "type": "Feature",
   "id": "CT-PROAD-177",
   "geometry": {
    "type": "LineString",
    "coordinates": [
     [
      116.3463601,
      39.9389594
     ],
     [
      116.3451631,
      39.9387944
     ]
    ]
   },
   "properties": {
    "id": "CT-PROAD-177",
    "layer": "EXISTING_PRIMARY_ROAD",
    "source_type": "osm",
    "confidence": "medium",
    "geometry_role": "existing_condition",
    "name_zh": "西直门外大街",
    "attribution": "© OpenStreetMap contributors, ODbL 1.0",
    "official_boundary": false
   }
  },
  {
   "type": "Feature",
   "id": "CT-PROAD-178",
   "geometry": {
    "type": "LineString",
    "coordinates": [
     [
      116.3456721,
      39.938740200000005
     ],
     [
      116.34572459999998,
      39.93874739999999
     ],
     [
      116.34575149999999,
      39.93875169999999
     ],
     [
      116.34576799999999,
      39.9387546
     ],
     [
      116.3457845,
      39.93875789999999
     ],
     [
      116.3458066,
      39.9387631
     ],
     [
      116.3458474,
      39.938772300000004
     ],
     [
      116.34587960000002,
      39.9387789
     ],
     [
      116.34590490000001,
      39.93878399999999
     ],
     [
      116.3459312,
      39.93878870000002
     ],
     [
      116.34595640000002,
      39.9387927
     ],
     [
      116.345982,
      39.9387963
     ],
     [
      116.3464379,
      39.938853
     ]
    ]
   },
   "properties": {
    "id": "CT-PROAD-178",
    "layer": "EXISTING_PRIMARY_ROAD",
    "source_type": "osm",
    "confidence": "medium",
    "geometry_role": "existing_condition",
    "name_zh": "西直门外大街",
    "attribution": "© OpenStreetMap contributors, ODbL 1.0",
    "official_boundary": false
   }
  },
  {
   "type": "Feature",
   "id": "CT-PROAD-179",
   "geometry": {
    "type": "LineString",
    "coordinates": [
     [
      116.3554314,
      39.943876200000005
     ],
     [
      116.35755119999999,
      39.94445340000001
     ],
     [
      116.35835070000002,
      39.9446921
     ],
     [
      116.3589848,
      39.94488319999999
     ],
     [
      116.3597294,
      39.9451491
     ],
     [
      116.3599802808635,
      39.94525853042372
     ]
    ]
   },
   "properties": {
    "id": "CT-PROAD-179",
    "layer": "EXISTING_PRIMARY_ROAD",
    "source_type": "osm",
    "confidence": "medium",
    "geometry_role": "existing_condition",
    "name_zh": "北二环",
    "attribution": "© OpenStreetMap contributors, ODbL 1.0",
    "official_boundary": false
   }
  },
  {
   "type": "Feature",
   "id": "CT-PROAD-180",
   "geometry": {
    "type": "LineString",
    "coordinates": [
     [
      116.3451631,
      39.9387944
     ],
     [
      116.343995,
      39.93863699999999
     ]
    ]
   },
   "properties": {
    "id": "CT-PROAD-180",
    "layer": "EXISTING_PRIMARY_ROAD",
    "source_type": "osm",
    "confidence": "medium",
    "geometry_role": "existing_condition",
    "name_zh": "西直门外大街",
    "attribution": "© OpenStreetMap contributors, ODbL 1.0",
    "official_boundary": false
   }
  },
  {
   "type": "Feature",
   "id": "CT-PROAD-181",
   "geometry": {
    "type": "LineString",
    "coordinates": [
     [
      116.34388360000001,
      39.93849249999999
     ],
     [
      116.3446292,
      39.9385909
     ],
     [
      116.3451922,
      39.9386732
     ]
    ]
   },
   "properties": {
    "id": "CT-PROAD-181",
    "layer": "EXISTING_PRIMARY_ROAD",
    "source_type": "osm",
    "confidence": "medium",
    "geometry_role": "existing_condition",
    "name_zh": "西直门外大街",
    "attribution": "© OpenStreetMap contributors, ODbL 1.0",
    "official_boundary": false
   }
  },
  {
   "type": "Feature",
   "id": "CT-PROAD-182",
   "geometry": {
    "type": "LineString",
    "coordinates": [
     [
      116.3464379,
      39.938853
     ],
     [
      116.3468752,
      39.93890040000001
     ],
     [
      116.3473522,
      39.9389468
     ],
     [
      116.3477274,
      39.9389857
     ],
     [
      116.34794239999998,
      39.9390085
     ],
     [
      116.3481588,
      39.93902839999999
     ],
     [
      116.3483496,
      39.93903999999999
     ],
     [
      116.34855700000001,
      39.9390506
     ],
     [
      116.34874520000001,
      39.93905720000001
     ],
     [
      116.3489257,
      39.9390619
     ]
    ]
   },
   "properties": {
    "id": "CT-PROAD-182",
    "layer": "EXISTING_PRIMARY_ROAD",
    "source_type": "osm",
    "confidence": "medium",
    "geometry_role": "existing_condition",
    "name_zh": "西直门外大街",
    "attribution": "© OpenStreetMap contributors, ODbL 1.0",
    "official_boundary": false
   }
  },
  {
   "type": "Feature",
   "id": "CT-PROAD-183",
   "geometry": {
    "type": "LineString",
    "coordinates": [
     [
      116.34881270000001,
      39.9599117
     ],
     [
      116.34878450000001,
      39.9603917
     ],
     [
      116.34864760000002,
      39.96269060000001
     ],
     [
      116.3485975,
      39.9638123
     ],
     [
      116.34859600000001,
      39.9639465
     ]
    ]
   },
   "properties": {
    "id": "CT-PROAD-183",
    "layer": "EXISTING_PRIMARY_ROAD",
    "source_type": "osm",
    "confidence": "medium",
    "geometry_role": "existing_condition",
    "name_zh": "西土城路",
    "attribution": "© OpenStreetMap contributors, ODbL 1.0",
    "official_boundary": false
   }
  },
  {
   "type": "Feature",
   "id": "CT-PROAD-184",
   "geometry": {
    "type": "LineString",
    "coordinates": [
     [
      116.34859600000001,
      39.9639465
     ],
     [
      116.34849289999998,
      39.96578619999998
     ],
     [
      116.34844210000001,
      39.96696659999999
     ],
     [
      116.3484318,
      39.96751629999999
     ]
    ]
   },
   "properties": {
    "id": "CT-PROAD-184",
    "layer": "EXISTING_PRIMARY_ROAD",
    "source_type": "osm",
    "confidence": "medium",
    "geometry_role": "existing_condition",
    "name_zh": "西土城路",
    "attribution": "© OpenStreetMap contributors, ODbL 1.0",
    "official_boundary": false
   }
  },
  {
   "type": "Feature",
   "id": "CT-PROAD-185",
   "geometry": {
    "type": "LineString",
    "coordinates": [
     [
      116.34783370000001,
      39.978106200000006
     ],
     [
      116.34779169999999,
      39.97910619999999
     ],
     [
      116.34769569999999,
      39.9807533
     ]
    ]
   },
   "properties": {
    "id": "CT-PROAD-185",
    "layer": "EXISTING_PRIMARY_ROAD",
    "source_type": "osm",
    "confidence": "medium",
    "geometry_role": "existing_condition",
    "name_zh": "学院路",
    "attribution": "© OpenStreetMap contributors, ODbL 1.0",
    "official_boundary": false
   }
  },
  {
   "type": "Feature",
   "id": "CT-PROAD-186",
   "geometry": {
    "type": "LineString",
    "coordinates": [
     [
      116.3501458,
      39.9476852
     ],
     [
      116.35008570000001,
      39.9480604
     ],
     [
      116.3500264,
      39.948514999999986
     ],
     [
      116.3499378,
      39.94886650000001
     ]
    ]
   },
   "properties": {
    "id": "CT-PROAD-186",
    "layer": "EXISTING_PRIMARY_ROAD",
    "source_type": "osm",
    "confidence": "medium",
    "geometry_role": "existing_condition",
    "name_zh": "西直门北大街",
    "attribution": "© OpenStreetMap contributors, ODbL 1.0",
    "official_boundary": false
   }
  },
  {
   "type": "Feature",
   "id": "CT-PROAD-187",
   "geometry": {
    "type": "LineString",
    "coordinates": [
     [
      116.3499913,
      39.9479312
     ],
     [
      116.35002239999999,
      39.9475121
     ],
     [
      116.3500363,
      39.9446897
     ]
    ]
   },
   "properties": {
    "id": "CT-PROAD-187",
    "layer": "EXISTING_PRIMARY_ROAD",
    "source_type": "osm",
    "confidence": "medium",
    "geometry_role": "existing_condition",
    "name_zh": "西直门北大街",
    "attribution": "© OpenStreetMap contributors, ODbL 1.0",
    "official_boundary": false
   }
  },
  {
   "type": "Feature",
   "id": "CT-PROAD-188",
   "geometry": {
    "type": "LineString",
    "coordinates": [
     [
      116.33711500000001,
      39.966187700000006
     ],
     [
      116.3378622,
      39.96619329999999
     ],
     [
      116.3385163,
      39.9661984
     ]
    ]
   },
   "properties": {
    "id": "CT-PROAD-188",
    "layer": "EXISTING_PRIMARY_ROAD",
    "source_type": "osm",
    "confidence": "medium",
    "geometry_role": "existing_condition",
    "name_zh": "北三环",
    "attribution": "© OpenStreetMap contributors, ODbL 1.0",
    "official_boundary": false
   }
  },
  {
   "type": "Feature",
   "id": "CT-PROAD-189",
   "geometry": {
    "type": "LineString",
    "coordinates": [
     [
      116.3371164,
      39.96631060000001
     ],
     [
      116.33525881573009,
      39.96630740964762
     ]
    ]
   },
   "properties": {
    "id": "CT-PROAD-189",
    "layer": "EXISTING_PRIMARY_ROAD",
    "source_type": "osm",
    "confidence": "medium",
    "geometry_role": "existing_condition",
    "name_zh": "北三环",
    "attribution": "© OpenStreetMap contributors, ODbL 1.0",
    "official_boundary": false
   }
  },
  {
   "type": "Feature",
   "id": "CT-PROAD-190",
   "geometry": {
    "type": "LineString",
    "coordinates": [
     [
      116.33526216514696,
      39.966187166742905
     ],
     [
      116.33711500000001,
      39.966187700000006
     ]
    ]
   },
   "properties": {
    "id": "CT-PROAD-190",
    "layer": "EXISTING_PRIMARY_ROAD",
    "source_type": "osm",
    "confidence": "medium",
    "geometry_role": "existing_condition",
    "name_zh": "北三环",
    "attribution": "© OpenStreetMap contributors, ODbL 1.0",
    "official_boundary": false
   }
  },
  {
   "type": "Feature",
   "id": "CT-PROAD-191",
   "geometry": {
    "type": "LineString",
    "coordinates": [
     [
      116.359722749306,
      40.021631104646005
     ],
     [
      116.35423560000001,
      40.021703699999996
     ],
     [
      116.35283219999998,
      40.021720099999996
     ],
     [
      116.3509395,
      40.02176349999999
     ]
    ]
   },
   "properties": {
    "id": "CT-PROAD-191",
    "layer": "EXISTING_PRIMARY_ROAD",
    "source_type": "osm",
    "confidence": "medium",
    "geometry_role": "existing_condition",
    "name_zh": "北五环",
    "attribution": "© OpenStreetMap contributors, ODbL 1.0",
    "official_boundary": false
   }
  },
  {
   "type": "Feature",
   "id": "CT-PROAD-192",
   "geometry": {
    "type": "LineString",
    "coordinates": [
     [
      116.35382340000001,
      39.96639879999999
     ],
     [
      116.3490952,
      39.96640800000001
     ]
    ]
   },
   "properties": {
    "id": "CT-PROAD-192",
    "layer": "EXISTING_PRIMARY_ROAD",
    "source_type": "osm",
    "confidence": "medium",
    "geometry_role": "existing_condition",
    "name_zh": "北三环",
    "attribution": "© OpenStreetMap contributors, ODbL 1.0",
    "official_boundary": false
   }
  },
  {
   "type": "Feature",
   "id": "CT-PROAD-193",
   "geometry": {
    "type": "LineString",
    "coordinates": [
     [
      116.3473067,
      39.9671179
     ],
     [
      116.34734280000002,
      39.96530290000001
     ]
    ]
   },
   "properties": {
    "id": "CT-PROAD-193",
    "layer": "EXISTING_PRIMARY_ROAD",
    "source_type": "osm",
    "confidence": "medium",
    "geometry_role": "existing_condition",
    "name_zh": "西土城路",
    "attribution": "© OpenStreetMap contributors, ODbL 1.0",
    "official_boundary": false
   }
  },
  {
   "type": "Feature",
   "id": "CT-PROAD-194",
   "geometry": {
    "type": "LineString",
    "coordinates": [
     [
      116.34889820000001,
      39.954304400000005
     ],
     [
      116.3489162,
      39.953890599999994
     ]
    ]
   },
   "properties": {
    "id": "CT-PROAD-194",
    "layer": "EXISTING_PRIMARY_ROAD",
    "source_type": "osm",
    "confidence": "medium",
    "geometry_role": "existing_condition",
    "name_zh": "西直门北大街",
    "attribution": "© OpenStreetMap contributors, ODbL 1.0",
    "official_boundary": false
   }
  },
  {
   "type": "Feature",
   "id": "CT-PROAD-195",
   "geometry": {
    "type": "LineString",
    "coordinates": [
     [
      116.3503819,
      39.94229429999999
     ],
     [
      116.35041360000001,
      39.9423204
     ],
     [
      116.35044630000002,
      39.9423457
     ],
     [
      116.35047950000002,
      39.942370799999985
     ],
     [
      116.35051560000001,
      39.94239590000001
     ],
     [
      116.35055249999999,
      39.9424206
     ],
     [
      116.3505913,
      39.942446
     ],
     [
      116.350627,
      39.942467799999996
     ],
     [
      116.3506636,
      39.942489699999996
     ],
     [
      116.3507053,
      39.9425137
     ],
     [
      116.35074699999998,
      39.9425371
     ],
     [
      116.3507916,
      39.942561099999985
     ],
     [
      116.35083720000002,
      39.9425845
     ],
     [
      116.35088550000002,
      39.942608099999994
     ],
     [
      116.3509387,
      39.942632100000004
     ],
     [
      116.3509886,
      39.9426532
     ],
     [
      116.35104330000001,
      39.94267459999999
     ],
     [
      116.35108320000002,
      39.942689599999994
     ],
     [
      116.351123,
      39.942703900000005
     ],
     [
      116.35116670000001,
      39.94271849999999
     ],
     [
      116.35121140000001,
      39.94273239999999
     ],
     [
      116.3513008,
      39.94275849999999
     ],
     [
      116.35139010000002,
      39.94278470000001
     ],
     [
      116.3517573,
      39.94288850000002
     ],
     [
      116.351883,
      39.94292519999998
     ],
     [
      116.3520072,
      39.942960799999994
     ],
     [
      116.3521254,
      39.94299409999999
     ],
     [
      116.35224500000001,
      39.94302749999999
     ],
     [
      116.35236430000002,
      39.94306170000001
     ],
     [
      116.35249330000002,
      39.94309789999999
     ],
     [
      116.3527275,
      39.9431662
     ]
    ]
   },
   "properties": {
    "id": "CT-PROAD-195",
    "layer": "EXISTING_PRIMARY_ROAD",
    "source_type": "osm",
    "confidence": "medium",
    "geometry_role": "existing_condition",
    "name_zh": "北二环",
    "attribution": "© OpenStreetMap contributors, ODbL 1.0",
    "official_boundary": false
   }
  },
  {
   "type": "Feature",
   "id": "CT-PROAD-196",
   "geometry": {
    "type": "LineString",
    "coordinates": [
     [
      116.3497448,
      39.9422997
     ],
     [
      116.34970760000002,
      39.94227190000001
     ],
     [
      116.3496704,
      39.9422426
     ],
     [
      116.3496355,
      39.942214
     ],
     [
      116.3496017,
      39.9421845
     ],
     [
      116.3495686,
      39.94215439999999
     ],
     [
      116.3495364,
      39.94212429999999
     ],
     [
      116.3495057,
      39.94209419999999
     ],
     [
      116.349475,
      39.94206179999999
     ],
     [
      116.3494418,
      39.942025300000005
     ],
     [
      116.349411,
      39.9419887
     ],
     [
      116.3493814,
      39.9419522
     ],
     [
      116.3493528,
      39.9419156
     ],
     [
      116.3493256,
      39.941876900000004
     ],
     [
      116.34929989999999,
      39.94183770000001
     ],
     [
      116.3492749,
      39.9417969
     ],
     [
      116.34925529999998,
      39.941762700000005
     ],
     [
      116.34923770000002,
      39.941729099999996
     ],
     [
      116.3492206,
      39.94169620000001
     ],
     [
      116.3492059,
      39.9416667
     ],
     [
      116.3491932,
      39.941639
     ],
     [
      116.34918080000001,
      39.9416087
     ],
     [
      116.34916940000001,
      39.9415742
     ],
     [
      116.3491608,
      39.941543700000004
     ],
     [
      116.34915220000002,
      39.94151239999999
     ]
    ]
   },
   "properties": {
    "id": "CT-PROAD-196",
    "layer": "EXISTING_PRIMARY_ROAD",
    "source_type": "osm",
    "confidence": "medium",
    "geometry_role": "existing_condition",
    "name_zh": "北二环",
    "attribution": "© OpenStreetMap contributors, ODbL 1.0",
    "official_boundary": false
   }
  },
  {
   "type": "Feature",
   "id": "CT-PROAD-197",
   "geometry": {
    "type": "LineString",
    "coordinates": [
     [
      116.34983300000002,
      39.9416412
     ],
     [
      116.3499712,
      39.9418338
     ],
     [
      116.35000380000001,
      39.941880000000005
     ],
     [
      116.3500373,
      39.94192540000001
     ],
     [
      116.3500546,
      39.941949
     ],
     [
      116.35007189999999,
      39.9419719
     ],
     [
      116.3500892,
      39.94199439999999
     ],
     [
      116.3501065,
      39.9420162
     ],
     [
      116.3501356,
      39.94205249999999
     ],
     [
      116.3501666,
      39.9420888
     ],
     [
      116.35020110000002,
      39.942125100000005
     ],
     [
      116.3502376,
      39.942162100000004
     ],
     [
      116.35027220000002,
      39.94219530000001
     ],
     [
      116.35030769999999,
      39.942228499999985
     ],
     [
      116.3503438,
      39.9422614
     ],
     [
      116.3503819,
      39.94229429999999
     ]
    ]
   },
   "properties": {
    "id": "CT-PROAD-197",
    "layer": "EXISTING_PRIMARY_ROAD",
    "source_type": "osm",
    "confidence": "medium",
    "geometry_role": "existing_condition",
    "name_zh": "北二环",
    "attribution": "© OpenStreetMap contributors, ODbL 1.0",
    "official_boundary": false
   }
  },
  {
   "type": "Feature",
   "id": "CT-PROAD-198",
   "geometry": {
    "type": "LineString",
    "coordinates": [
     [
      116.3489162,
      39.953890599999994
     ],
     [
      116.34892360000002,
      39.9537194
     ]
    ]
   },
   "properties": {
    "id": "CT-PROAD-198",
    "layer": "EXISTING_PRIMARY_ROAD",
    "source_type": "osm",
    "confidence": "medium",
    "geometry_role": "existing_condition",
    "name_zh": "西直门北大街",
    "attribution": "© OpenStreetMap contributors, ODbL 1.0",
    "official_boundary": false
   }
  },
  {
   "type": "Feature",
   "id": "CT-PROAD-199",
   "geometry": {
    "type": "LineString",
    "coordinates": [
     [
      116.34904580000001,
      39.953722
     ],
     [
      116.34903850000002,
      39.95389350000001
     ]
    ]
   },
   "properties": {
    "id": "CT-PROAD-199",
    "layer": "EXISTING_PRIMARY_ROAD",
    "source_type": "osm",
    "confidence": "medium",
    "geometry_role": "existing_condition",
    "name_zh": "西直门北大街",
    "attribution": "© OpenStreetMap contributors, ODbL 1.0",
    "official_boundary": false
   }
  },
  {
   "type": "Feature",
   "id": "CT-PROAD-200",
   "geometry": {
    "type": "LineString",
    "coordinates": [
     [
      116.34903850000002,
      39.95389350000001
     ],
     [
      116.3490214,
      39.9542929
     ],
     [
      116.3490159,
      39.954785
     ]
    ]
   },
   "properties": {
    "id": "CT-PROAD-200",
    "layer": "EXISTING_PRIMARY_ROAD",
    "source_type": "osm",
    "confidence": "medium",
    "geometry_role": "existing_condition",
    "name_zh": "西直门北大街",
    "attribution": "© OpenStreetMap contributors, ODbL 1.0",
    "official_boundary": false
   }
  },
  {
   "type": "Feature",
   "id": "CT-PROAD-201",
   "geometry": {
    "type": "LineString",
    "coordinates": [
     [
      116.34892360000002,
      39.9537194
     ],
     [
      116.34895250000001,
      39.953054599999994
     ],
     [
      116.34903109999999,
      39.95183359999999
     ],
     [
      116.34908569999999,
      39.9513431
     ],
     [
      116.3491743,
      39.9509355
     ]
    ]
   },
   "properties": {
    "id": "CT-PROAD-201",
    "layer": "EXISTING_PRIMARY_ROAD",
    "source_type": "osm",
    "confidence": "medium",
    "geometry_role": "existing_condition",
    "name_zh": "西直门北大街",
    "attribution": "© OpenStreetMap contributors, ODbL 1.0",
    "official_boundary": false
   }
  },
  {
   "type": "Feature",
   "id": "CT-PROAD-202",
   "geometry": {
    "type": "LineString",
    "coordinates": [
     [
      116.34769569999999,
      39.9807533
     ],
     [
      116.34764890000001,
      39.9811413
     ],
     [
      116.3476313,
      39.9813659
     ],
     [
      116.34761230000001,
      39.98160810000001
     ],
     [
      116.34749340000002,
      39.983122599999994
     ],
     [
      116.3474955,
      39.9831921
     ],
     [
      116.34750060000002,
      39.983360899999994
     ]
    ]
   },
   "properties": {
    "id": "CT-PROAD-202",
    "layer": "EXISTING_PRIMARY_ROAD",
    "source_type": "osm",
    "confidence": "medium",
    "geometry_role": "existing_condition",
    "name_zh": "学院路",
    "attribution": "© OpenStreetMap contributors, ODbL 1.0",
    "official_boundary": false
   }
  },
  {
   "type": "Feature",
   "id": "CT-PROAD-203",
   "geometry": {
    "type": "LineString",
    "coordinates": [
     [
      116.3385163,
      39.9661984
     ],
     [
      116.3392705,
      39.966203699999994
     ]
    ]
   },
   "properties": {
    "id": "CT-PROAD-203",
    "layer": "EXISTING_PRIMARY_ROAD",
    "source_type": "osm",
    "confidence": "medium",
    "geometry_role": "existing_condition",
    "name_zh": "北三环",
    "attribution": "© OpenStreetMap contributors, ODbL 1.0",
    "official_boundary": false
   }
  },
  {
   "type": "Feature",
   "id": "CT-PROAD-204",
   "geometry": {
    "type": "LineString",
    "coordinates": [
     [
      116.339266,
      39.966332
     ],
     [
      116.3385115,
      39.96632449999999
     ]
    ]
   },
   "properties": {
    "id": "CT-PROAD-204",
    "layer": "EXISTING_PRIMARY_ROAD",
    "source_type": "osm",
    "confidence": "medium",
    "geometry_role": "existing_condition",
    "name_zh": "北三环",
    "attribution": "© OpenStreetMap contributors, ODbL 1.0",
    "official_boundary": false
   }
  },
  {
   "type": "Feature",
   "id": "CT-PROAD-205",
   "geometry": {
    "type": "LineString",
    "coordinates": [
     [
      116.3385115,
      39.96632449999999
     ],
     [
      116.3371164,
      39.96631060000001
     ]
    ]
   },
   "properties": {
    "id": "CT-PROAD-205",
    "layer": "EXISTING_PRIMARY_ROAD",
    "source_type": "osm",
    "confidence": "medium",
    "geometry_role": "existing_condition",
    "name_zh": "北三环",
    "attribution": "© OpenStreetMap contributors, ODbL 1.0",
    "official_boundary": false
   }
  },
  {
   "type": "Feature",
   "id": "CT-PROAD-206",
   "geometry": {
    "type": "LineString",
    "coordinates": [
     [
      116.3422739,
      39.96622629999999
     ],
     [
      116.3431417,
      39.9662328
     ],
     [
      116.34362040000002,
      39.9662364
     ],
     [
      116.3467769,
      39.966289599999996
     ]
    ]
   },
   "properties": {
    "id": "CT-PROAD-206",
    "layer": "EXISTING_PRIMARY_ROAD",
    "source_type": "osm",
    "confidence": "medium",
    "geometry_role": "existing_condition",
    "name_zh": "北三环",
    "attribution": "© OpenStreetMap contributors, ODbL 1.0",
    "official_boundary": false
   }
  },
  {
   "type": "Feature",
   "id": "CT-PROAD-207",
   "geometry": {
    "type": "LineString",
    "coordinates": [
     [
      116.347197,
      39.985273299999996
     ],
     [
      116.34721440000001,
      39.985115099999994
     ],
     [
      116.34726060000001,
      39.9839648
     ]
    ]
   },
   "properties": {
    "id": "CT-PROAD-207",
    "layer": "EXISTING_PRIMARY_ROAD",
    "source_type": "osm",
    "confidence": "medium",
    "geometry_role": "existing_condition",
    "name_zh": "学院路",
    "attribution": "© OpenStreetMap contributors, ODbL 1.0",
    "official_boundary": false
   }
  },
  {
   "type": "Feature",
   "id": "CT-PROAD-209",
   "geometry": {
    "type": "LineString",
    "coordinates": [
     [
      116.35255420000001,
      39.9855988
     ],
     [
      116.3575959,
      39.98573910000002
     ],
     [
      116.35833109896937,
      39.98576124932935
     ]
    ]
   },
   "properties": {
    "id": "CT-PROAD-209",
    "layer": "EXISTING_PRIMARY_ROAD",
    "source_type": "osm",
    "confidence": "medium",
    "geometry_role": "existing_condition",
    "name_zh": "北四环中路",
    "attribution": "© OpenStreetMap contributors, ODbL 1.0",
    "official_boundary": false
   }
  },
  {
   "type": "Feature",
   "id": "CT-PROAD-210",
   "geometry": {
    "type": "LineString",
    "coordinates": [
     [
      116.3490159,
      39.954785
     ],
     [
      116.34886189999999,
      39.9585562
     ]
    ]
   },
   "properties": {
    "id": "CT-PROAD-210",
    "layer": "EXISTING_PRIMARY_ROAD",
    "source_type": "osm",
    "confidence": "medium",
    "geometry_role": "existing_condition",
    "name_zh": "西直门北大街",
    "attribution": "© OpenStreetMap contributors, ODbL 1.0",
    "official_boundary": false
   }
  },
  {
   "type": "Feature",
   "id": "CT-PROAD-211",
   "geometry": {
    "type": "LineString",
    "coordinates": [
     [
      116.3422763,
      39.96636209999999
     ],
     [
      116.339266,
      39.966332
     ]
    ]
   },
   "properties": {
    "id": "CT-PROAD-211",
    "layer": "EXISTING_PRIMARY_ROAD",
    "source_type": "osm",
    "confidence": "medium",
    "geometry_role": "existing_condition",
    "name_zh": "北三环",
    "attribution": "© OpenStreetMap contributors, ODbL 1.0",
    "official_boundary": false
   }
  },
  {
   "type": "Feature",
   "id": "CT-PROAD-212",
   "geometry": {
    "type": "LineString",
    "coordinates": [
     [
      116.34915220000002,
      39.94151239999999
     ],
     [
      116.34914269999999,
      39.9414788
     ],
     [
      116.3491364,
      39.94145090000001
     ],
     [
      116.3491314,
      39.94142099999999
     ],
     [
      116.34912469999999,
      39.94137479999999
     ],
     [
      116.3491203,
      39.941329100000004
     ],
     [
      116.34911720000001,
      39.94128109999999
     ],
     [
      116.3491153,
      39.941234099999996
     ],
     [
      116.3491137,
      39.9411382
     ],
     [
      116.3491135,
      39.9410447
     ],
     [
      116.34911570000001,
      39.9409512
     ],
     [
      116.34912280000002,
      39.9407643
     ],
     [
      116.34917710000002,
      39.94033949999999
     ]
    ]
   },
   "properties": {
    "id": "CT-PROAD-212",
    "layer": "EXISTING_PRIMARY_ROAD",
    "source_type": "osm",
    "confidence": "medium",
    "geometry_role": "existing_condition",
    "name_zh": "西二环",
    "attribution": "© OpenStreetMap contributors, ODbL 1.0",
    "official_boundary": false
   }
  },
  {
   "type": "Feature",
   "id": "CT-PROAD-213",
   "geometry": {
    "type": "LineString",
    "coordinates": [
     [
      116.34191240000001,
      39.93818780000001
     ],
     [
      116.3413971,
      39.938021299999996
     ],
     [
      116.34054400000001,
      39.9377223
     ],
     [
      116.339597,
      39.9374183
     ],
     [
      116.33903040000001,
      39.9373301
     ],
     [
      116.3386387,
      39.9372862
     ],
     [
      116.3383587,
      39.93725839999998
     ]
    ]
   },
   "properties": {
    "id": "CT-PROAD-213",
    "layer": "EXISTING_PRIMARY_ROAD",
    "source_type": "osm",
    "confidence": "medium",
    "geometry_role": "existing_condition",
    "name_zh": "西直门外大街",
    "attribution": "© OpenStreetMap contributors, ODbL 1.0",
    "official_boundary": false
   }
  },
  {
   "type": "Feature",
   "id": "CT-PROAD-214",
   "geometry": {
    "type": "LineString",
    "coordinates": [
     [
      116.3476769,
      39.9390981
     ],
     [
      116.34746610000002,
      39.9390795
     ],
     [
      116.34722829999998,
      39.939057
     ],
     [
      116.346927,
      39.93902580000001
     ],
     [
      116.3466192,
      39.9389906
     ],
     [
      116.3463601,
      39.9389594
     ]
    ]
   },
   "properties": {
    "id": "CT-PROAD-214",
    "layer": "EXISTING_PRIMARY_ROAD",
    "source_type": "osm",
    "confidence": "medium",
    "geometry_role": "existing_condition",
    "name_zh": "西直门外大街",
    "attribution": "© OpenStreetMap contributors, ODbL 1.0",
    "official_boundary": false
   }
  },
  {
   "type": "Feature",
   "id": "CT-PROAD-215",
   "geometry": {
    "type": "LineString",
    "coordinates": [
     [
      116.3557716,
      39.966418100000006
     ],
     [
      116.35382340000001,
      39.96639879999999
     ]
    ]
   },
   "properties": {
    "id": "CT-PROAD-215",
    "layer": "EXISTING_PRIMARY_ROAD",
    "source_type": "osm",
    "confidence": "medium",
    "geometry_role": "existing_condition",
    "name_zh": "北三环",
    "attribution": "© OpenStreetMap contributors, ODbL 1.0",
    "official_boundary": false
   }
  },
  {
   "type": "Feature",
   "id": "CT-PROAD-216",
   "geometry": {
    "type": "LineString",
    "coordinates": [
     [
      116.3500363,
      39.9446897
     ],
     [
      116.35003769999999,
      39.944662199999996
     ],
     [
      116.350039,
      39.9446405
     ],
     [
      116.35004040000001,
      39.944617099999995
     ],
     [
      116.35004249999999,
      39.9445914
     ],
     [
      116.3500444,
      39.9445681
     ],
     [
      116.35004630000002,
      39.94454429999999
     ],
     [
      116.3500481,
      39.944518699999996
     ],
     [
      116.35004990000002,
      39.9444931
     ],
     [
      116.35005120000001,
      39.9444751
     ],
     [
      116.35005200000002,
      39.94445689999999
     ],
     [
      116.3500529,
      39.944440199999995
     ],
     [
      116.3500538,
      39.94442339999999
     ],
     [
      116.3500541,
      39.94441539999998
     ],
     [
      116.35005449999998,
      39.9444073
     ],
     [
      116.3500546,
      39.94439909999999
     ],
     [
      116.35005480000001,
      39.9443906
     ],
     [
      116.3500549,
      39.9443723
     ],
     [
      116.35005470000002,
      39.94435310000001
     ],
     [
      116.35005449999998,
      39.94432260000001
     ],
     [
      116.3500537,
      39.9442927
     ],
     [
      116.35005240000001,
      39.944261600000004
     ],
     [
      116.35005120000001,
      39.94423110000001
     ],
     [
      116.35005000000001,
      39.9442123
     ],
     [
      116.35004880000001,
      39.9441935
     ],
     [
      116.35004760000001,
      39.94417469999999
     ],
     [
      116.35004640000001,
      39.94415590000001
     ],
     [
      116.35004480000002,
      39.94413719999999
     ],
     [
      116.3500432,
      39.94411840000001
     ],
     [
      116.35004160000001,
      39.9440992
     ],
     [
      116.35004000000002,
      39.94408020000001
     ],
     [
      116.3500387,
      39.944064000000004
     ],
     [
      116.35003710000001,
      39.94404769999999
     ],
     [
      116.35003409999999,
      39.9440155
     ],
     [
      116.35003079999998,
      39.943982399999996
     ],
     [
      116.35002750000001,
      39.943948999999996
     ],
     [
      116.3500201,
      39.9438783
     ],
     [
      116.3500126,
      39.943806499999994
     ],
     [
      116.35000700000002,
      39.943749899999986
     ],
     [
      116.35000140000001,
      39.94369329999999
     ],
     [
      116.3499988,
      39.943664299999995
     ],
     [
      116.34999620000002,
      39.9436358
     ],
     [
      116.349994,
      39.943607099999994
     ],
     [
      116.34999149999999,
      39.94357699999999
     ],
     [
      116.3499886,
      39.9435415
     ],
     [
      116.34998570000002,
      39.94350609999999
     ],
     [
      116.34998240000002,
      39.94347030000001
     ],
     [
      116.3499807,
      39.94345199999999
     ],
     [
      116.349979,
      39.9434345
     ],
     [
      116.3499781,
      39.94342199999999
     ],
     [
      116.3499772,
      39.943411399999995
     ],
     [
      116.3499763,
      39.943399799999995
     ],
     [
      116.3499754,
      39.9433874
     ],
     [
      116.3499745,
      39.9433757
     ],
     [
      116.34997379999999,
      39.94336379999999
     ],
     [
      116.34997310000001,
      39.9433524
     ],
     [
      116.34997259999999,
      39.9433403
     ]
    ]
   },
   "properties": {
    "id": "CT-PROAD-216",
    "layer": "EXISTING_PRIMARY_ROAD",
    "source_type": "osm",
    "confidence": "medium",
    "geometry_role": "existing_condition",
    "name_zh": "西直门北大街",
    "attribution": "© OpenStreetMap contributors, ODbL 1.0",
    "official_boundary": false
   }
  },
  {
   "type": "Feature",
   "id": "CT-PROAD-218",
   "geometry": {
    "type": "LineString",
    "coordinates": [
     [
      116.3525568,
      39.985761499999995
     ],
     [
      116.3508425,
      39.985701199999994
     ]
    ]
   },
   "properties": {
    "id": "CT-PROAD-218",
    "layer": "EXISTING_PRIMARY_ROAD",
    "source_type": "osm",
    "confidence": "medium",
    "geometry_role": "existing_condition",
    "name_zh": "北四环中路",
    "attribution": "© OpenStreetMap contributors, ODbL 1.0",
    "official_boundary": false
   }
  },
  {
   "type": "Feature",
   "id": "CT-PROAD-219",
   "geometry": {
    "type": "LineString",
    "coordinates": [
     [
      116.347267,
      39.9837934
     ],
     [
      116.34730080000001,
      39.983570500000006
     ],
     [
      116.3473354,
      39.983143999999996
     ],
     [
      116.3474705,
      39.98148040000001
     ],
     [
      116.34748260000002,
      39.981331000000004
     ],
     [
      116.34756610000001,
      39.9803018
     ],
     [
      116.34763659999999,
      39.979026499999996
     ],
     [
      116.347646,
      39.9787307
     ],
     [
      116.34772690000001,
      39.977940399999994
     ]
    ]
   },
   "properties": {
    "id": "CT-PROAD-219",
    "layer": "EXISTING_PRIMARY_ROAD",
    "source_type": "osm",
    "confidence": "medium",
    "geometry_role": "existing_condition",
    "name_zh": "学院路",
    "attribution": "© OpenStreetMap contributors, ODbL 1.0",
    "official_boundary": false
   }
  },
  {
   "type": "Feature",
   "id": "CT-PROAD-223",
   "geometry": {
    "type": "LineString",
    "coordinates": [
     [
      116.343995,
      39.93863699999999
     ],
     [
      116.3428864,
      39.9384531
     ],
     [
      116.34191240000001,
      39.93818780000001
     ]
    ]
   },
   "properties": {
    "id": "CT-PROAD-223",
    "layer": "EXISTING_PRIMARY_ROAD",
    "source_type": "osm",
    "confidence": "medium",
    "geometry_role": "existing_condition",
    "name_zh": "西直门外大街",
    "attribution": "© OpenStreetMap contributors, ODbL 1.0",
    "official_boundary": false
   }
  },
  {
   "type": "Feature",
   "id": "CT-PROAD-225",
   "geometry": {
    "type": "LineString",
    "coordinates": [
     [
      116.34198260000001,
      39.93807679999999
     ],
     [
      116.34285840000001,
      39.93832009999999
     ],
     [
      116.34388360000001,
      39.93849249999999
     ]
    ]
   },
   "properties": {
    "id": "CT-PROAD-225",
    "layer": "EXISTING_PRIMARY_ROAD",
    "source_type": "osm",
    "confidence": "medium",
    "geometry_role": "existing_condition",
    "name_zh": "西直门外大街",
    "attribution": "© OpenStreetMap contributors, ODbL 1.0",
    "official_boundary": false
   }
  },
  {
   "type": "Feature",
   "id": "CT-PROAD-226",
   "geometry": {
    "type": "LineString",
    "coordinates": [
     [
      116.3373651,
      39.9371874
     ],
     [
      116.33668202183927,
      39.93716034072665
     ]
    ]
   },
   "properties": {
    "id": "CT-PROAD-226",
    "layer": "EXISTING_PRIMARY_ROAD",
    "source_type": "osm",
    "confidence": "medium",
    "geometry_role": "existing_condition",
    "name_zh": "西直门外大街",
    "attribution": "© OpenStreetMap contributors, ODbL 1.0",
    "official_boundary": false
   }
  },
  {
   "type": "Feature",
   "id": "CT-PROAD-227",
   "geometry": {
    "type": "LineString",
    "coordinates": [
     [
      116.3373708,
      39.937058400000005
     ],
     [
      116.33784800000001,
      39.937076
     ],
     [
      116.33836099999999,
      39.9371203
     ]
    ]
   },
   "properties": {
    "id": "CT-PROAD-227",
    "layer": "EXISTING_PRIMARY_ROAD",
    "source_type": "osm",
    "confidence": "medium",
    "geometry_role": "existing_condition",
    "name_zh": "西直门外大街",
    "attribution": "© OpenStreetMap contributors, ODbL 1.0",
    "official_boundary": false
   }
  },
  {
   "type": "Feature",
   "id": "CT-PROAD-228",
   "geometry": {
    "type": "LineString",
    "coordinates": [
     [
      116.3383587,
      39.93725839999998
     ],
     [
      116.3378457,
      39.937207599999994
     ],
     [
      116.3373651,
      39.9371874
     ]
    ]
   },
   "properties": {
    "id": "CT-PROAD-228",
    "layer": "EXISTING_PRIMARY_ROAD",
    "source_type": "osm",
    "confidence": "medium",
    "geometry_role": "existing_condition",
    "name_zh": "西直门外大街",
    "attribution": "© OpenStreetMap contributors, ODbL 1.0",
    "official_boundary": false
   }
  },
  {
   "type": "Feature",
   "id": "CT-PROAD-229",
   "geometry": {
    "type": "LineString",
    "coordinates": [
     [
      116.33678330985062,
      39.93703431749328
     ],
     [
      116.3373708,
      39.937058400000005
     ]
    ]
   },
   "properties": {
    "id": "CT-PROAD-229",
    "layer": "EXISTING_PRIMARY_ROAD",
    "source_type": "osm",
    "confidence": "medium",
    "geometry_role": "existing_condition",
    "name_zh": "西直门外大街",
    "attribution": "© OpenStreetMap contributors, ODbL 1.0",
    "official_boundary": false
   }
  },
  {
   "type": "Feature",
   "id": "CT-PROAD-230",
   "geometry": {
    "type": "LineString",
    "coordinates": [
     [
      116.3392705,
      39.966203699999994
     ],
     [
      116.3422739,
      39.96622629999999
     ]
    ]
   },
   "properties": {
    "id": "CT-PROAD-230",
    "layer": "EXISTING_PRIMARY_ROAD",
    "source_type": "osm",
    "confidence": "medium",
    "geometry_role": "existing_condition",
    "name_zh": "北三环",
    "attribution": "© OpenStreetMap contributors, ODbL 1.0",
    "official_boundary": false
   }
  },
  {
   "type": "Feature",
   "id": "CT-PROAD-231",
   "geometry": {
    "type": "LineString",
    "coordinates": [
     [
      116.3484318,
      39.96751629999999
     ],
     [
      116.3483844,
      39.9684006
     ],
     [
      116.34814779999999,
      39.972807
     ],
     [
      116.3480688,
      39.9737505
     ]
    ]
   },
   "properties": {
    "id": "CT-PROAD-231",
    "layer": "EXISTING_PRIMARY_ROAD",
    "source_type": "osm",
    "confidence": "medium",
    "geometry_role": "existing_condition",
    "name_zh": "西土城路",
    "attribution": "© OpenStreetMap contributors, ODbL 1.0",
    "official_boundary": false
   }
  },
  {
   "type": "Feature",
   "id": "CT-PROAD-232",
   "geometry": {
    "type": "LineString",
    "coordinates": [
     [
      116.34910219999999,
      39.966291000000005
     ],
     [
      116.35320380000002,
      39.96627209999999
     ]
    ]
   },
   "properties": {
    "id": "CT-PROAD-232",
    "layer": "EXISTING_PRIMARY_ROAD",
    "source_type": "osm",
    "confidence": "medium",
    "geometry_role": "existing_condition",
    "name_zh": "北三环",
    "attribution": "© OpenStreetMap contributors, ODbL 1.0",
    "official_boundary": false
   }
  },
  {
   "type": "Feature",
   "id": "CT-PROAD-233",
   "geometry": {
    "type": "LineString",
    "coordinates": [
     [
      116.34750060000002,
      39.983360899999994
     ],
     [
      116.34748269999999,
      39.9834812
     ],
     [
      116.3474525,
      39.983968000000004
     ]
    ]
   },
   "properties": {
    "id": "CT-PROAD-233",
    "layer": "EXISTING_PRIMARY_ROAD",
    "source_type": "osm",
    "confidence": "medium",
    "geometry_role": "existing_condition",
    "name_zh": "学院路",
    "attribution": "© OpenStreetMap contributors, ODbL 1.0",
    "official_boundary": false
   }
  },
  {
   "type": "Feature",
   "id": "CT-PROAD-234",
   "geometry": {
    "type": "LineString",
    "coordinates": [
     [
      116.3527348,
      39.943313700000004
     ],
     [
      116.35169790000002,
      39.9430311
     ],
     [
      116.3507198,
      39.9427544
     ],
     [
      116.3505961,
      39.94271710000001
     ],
     [
      116.35049280000001,
      39.94268460000001
     ],
     [
      116.3504611,
      39.942674
     ]
    ]
   },
   "properties": {
    "id": "CT-PROAD-234",
    "layer": "EXISTING_PRIMARY_ROAD",
    "source_type": "osm",
    "confidence": "medium",
    "geometry_role": "existing_condition",
    "name_zh": "北二环",
    "attribution": "© OpenStreetMap contributors, ODbL 1.0",
    "official_boundary": false
   }
  },
  {
   "type": "Feature",
   "id": "CT-PROAD-235",
   "geometry": {
    "type": "LineString",
    "coordinates": [
     [
      116.35320380000002,
      39.96627209999999
     ],
     [
      116.3562472,
      39.9662851
     ]
    ]
   },
   "properties": {
    "id": "CT-PROAD-235",
    "layer": "EXISTING_PRIMARY_ROAD",
    "source_type": "osm",
    "confidence": "medium",
    "geometry_role": "existing_condition",
    "name_zh": "北三环",
    "attribution": "© OpenStreetMap contributors, ODbL 1.0",
    "official_boundary": false
   }
  },
  {
   "type": "Feature",
   "id": "CT-HERITAGE-01",
   "geometry": {
    "type": "Polygon",
    "coordinates": [
     [
      [
       116.33520484693558,
       39.98480806618664
      ],
      [
       116.3351991089262,
       39.984702102829395
      ],
      [
       116.3351798967872,
       39.98459708235358
      ],
      [
       116.3351473956022,
       39.98449401615772
      ],
      [
       116.3351019184313,
       39.984393896815185
      ],
      [
       116.33504390329377,
       39.98429768851561
      ],
      [
       116.33497390894796,
       39.98420631777969
      ],
      [
       116.33489260950857,
       39.98412066453702
      ],
      [
       116.33480078795327,
       39.98404155365272
      ],
      [
       116.33469932858158,
       39.98396974698428
      ],
      [
       116.33458920849814,
       39.983905936045474
      ],
      [
       116.334471488203,
       39.98385073534756
      ],
      [
       116.33434730137886,
       39.98380467648209
      ],
      [
       116.33421784397436,
       39.983768203002185
      ],
      [
       116.33408436268776,
       39.9837416661517
      ],
      [
       116.33394814296256,
       39.98372532148305
      ],
      [
       116.33381049660979,
       39.9837193263966
      ],
      [
       116.33367274917711,
       39.983723738625116
      ],
      [
       116.33353622718525,
       39.98373851567791
      ],
      [
       116.33340224535537,
       39.98376351524993
      ],
      [
       116.33327209394993,
       39.98379849659207
      ],
      [
       116.33314702634875,
       39.983843122829235
      ],
      [
       116.33302824698038,
       39.983896964204206
      ],
      [
       116.33291689972418,
       39.98395950221562
      ],
      [
       116.33281405689546,
       39.98403013461073
      ],
      [
       116.33272070891913,
       39.98410818118443
      ],
      [
       116.33263775479176,
       39.98419289032935
      ],
      [
       116.33256599342356,
       39.98428344627303
      ],
      [
       116.33250611594376,
       39.984378976933606
      ],
      [
       116.33245869904361,
       39.984478562317456
      ],
      [
       116.33242419942107,
       39.98458124337868
      ],
      [
       116.33240294938066,
       39.98468603125445
      ],
      [
       116.33239515363127,
       39.98479191678797
      ],
      [
       116.33240088731215,
       39.98489788024686
      ],
      [
       116.33242009526725,
       39.98500290114363
      ],
      [
       116.33245259257362,
       39.985105968063564
      ],
      [
       116.33249806632034,
       39.985206088405484
      ],
      [
       116.33255607861967,
       39.98530229794134
      ],
      [
       116.33262607082231,
       39.98539367010294
      ],
      [
       116.33270736889598,
       39.985479324905846
      ],
      [
       116.33279918991543,
       39.985558437425055
      ],
      [
       116.33290064960178,
       39.985630245740204
      ],
      [
       116.33301077083827,
       39.98569405827425
      ],
      [
       116.3331284930806,
       39.98574926045463
      ],
      [
       116.33325268257116,
       39.98579532063281
      ],
      [
       116.33338214325886,
       39.98583179520524
      ],
      [
       116.33351562831926,
       39.98585833288606
      ],
      [
       116.3336518521639,
       39.98587467809097
      ],
      [
       116.33378950282336,
       39.985880673398974
      ],
      [
       116.33392725458454,
       39.985876261068796
      ],
      [
       116.33406378076035,
       39.985861483595066
      ],
      [
       116.33419776646879,
       39.98583648329897
      ],
      [
       116.33432792129845,
       39.985801500957436
      ],
      [
       116.33445299173782,
       39.98575687348399
      ],
      [
       116.33457177324935,
       39.98570303068336
      ],
      [
       116.33468312187128,
       39.98564049111169
      ],
      [
       116.33478596523584,
       39.985569857081686
      ],
      [
       116.33487931289751,
       39.985491808861255
      ],
      [
       116.33496226587182,
       39.985407098121115
      ],
      [
       116.33503402529286,
       39.98531654069496
      ],
      [
       116.33509390010626,
       39.98522100872169
      ],
      [
       116.33514131372321,
       39.98512142224529
      ],
      [
       116.33517580957192,
       39.98501874035374
      ],
      [
       116.3351970554929,
       39.984913951941714
      ],
      [
       116.33520484693558,
       39.98480806618664
      ]
     ]
    ]
   },
   "properties": {
    "id": "CT-HERITAGE-01",
    "layer": "HERITAGE_PROTECTION",
    "source_type": "agent_inferred_from_public_data",
    "confidence": "low",
    "geometry_role": "existing_condition",
    "name_zh": "清华园车站旧址（推定位置，文保范围待正式数据补齐）",
    "note_zh": "依据公开资料推定的示意性位置；正式文保范围与建控地带须以文物部门公布为准",
    "official_boundary": false
   }
  }
 ]
}