{
 "type": "FeatureCollection",
 "features": [
  {
   "type": "Feature",
   "id": "LU-001",
   "geometry": {
    "type": "Polygon",
    "coordinates": [
     [
      [
       116.34848544215465,
       39.97526596610445
      ],
      [
       116.34820451105108,
       39.9752643867325
      ],
      [
       116.34820750541601,
       39.97494918885228
      ],
      [
       116.34705300567647,
       39.974942691241445
      ],
      [
       116.34664331653835,
       39.97494038271589
      ],
      [
       116.34664031498872,
       39.97525558049836
      ],
      [
       116.3470500060086,
       39.97525788904953
      ],
      [
       116.34697154959933,
       39.98350012929169
      ],
      [
       116.353,
       39.9835
      ],
      [
       116.35300000143266,
       39.99172557589397
      ],
      [
       116.353394630326,
       39.991727778164076
      ],
      [
       116.3533,
       39.989999999999995
      ],
      [
       116.35447623411481,
       39.97529948377
      ],
      [
       116.34848544215465,
       39.97526596610445
      ]
     ]
    ]
   },
   "properties": {
    "id": "LU-001",
    "layer": "LAND_USE",
    "source_type": "agent_generated_design",
    "confidence": "medium",
    "geometry_role": "design_proposal",
    "land_use_code": "0701",
    "land_use_label_zh": "城镇住宅用地",
    "design_note_zh": "塔院-花园路现状住区（保留提升）",
    "area_sqm_declared": 601549.9,
    "official_boundary": false,
    "boundary_precision": "provisional_rough"
   }
  },
  {
   "type": "Feature",
   "id": "LU-002",
   "geometry": {
    "type": "Polygon",
    "coordinates": [
     [
      [
       116.34735570560483,
       39.94311007714229
      ],
      [
       116.34734724811307,
       39.94400017648862
      ],
      [
       116.35500000000002,
       39.944
      ],
      [
       116.35500000000002,
       39.94983999999999
      ],
      [
       116.34729174859991,
       39.94984017592975
      ],
      [
       116.34722755196697,
       39.95659320759666
      ],
      [
       116.3472254969419,
       39.95680934393212
      ],
      [
       116.34837969174593,
       39.95681583739433
      ],
      [
       116.34838174313802,
       39.95659970100944
      ],
      [
       116.34866259786577,
       39.95660127934344
      ],
      [
       116.35530001442547,
       39.95663838191348
      ],
      [
       116.35530000887579,
       39.943154526218414
      ],
      [
       116.34735570560483,
       39.94311007714229
      ]
     ]
    ]
   },
   "properties": {
    "id": "LU-002",
    "layer": "LAND_USE",
    "source_type": "agent_generated_design",
    "confidence": "medium",
    "geometry_role": "design_proposal",
    "land_use_code": "0701",
    "land_use_label_zh": "城镇住宅用地",
    "design_note_zh": "蓟门里现状住区（保留提升）",
    "area_sqm_declared": 601401.5,
    "official_boundary": false,
    "boundary_precision": "provisional_rough"
   }
  },
  {
   "type": "Feature",
   "id": "LU-003",
   "geometry": {
    "type": "Polygon",
    "coordinates": [
     [
      [
       116.35520237601504,
       39.966220761810554
      ],
      [
       116.3553,
       39.965
      ],
      [
       116.35530001422482,
       39.95685452987903
      ],
      [
       116.3486605473577,
       39.95681741574035
      ],
      [
       116.34857166721548,
       39.9661836891803
      ],
      [
       116.35520237601504,
       39.966220761810554
      ]
     ]
    ]
   },
   "properties": {
    "id": "LU-003",
    "layer": "LAND_USE",
    "source_type": "agent_generated_design",
    "confidence": "medium",
    "geometry_role": "design_proposal",
    "land_use_code": "0701",
    "land_use_label_zh": "城镇住宅用地",
    "design_note_zh": "蓟门里现状住区（保留提升）",
    "area_sqm_declared": 593423.2,
    "official_boundary": false,
    "boundary_precision": "provisional_rough"
   }
  },
  {
   "type": "Feature",
   "id": "LU-004",
   "geometry": {
    "type": "Polygon",
    "coordinates": [
     [
      [
       116.35153184075796,
       40.009133519830534
      ],
      [
       116.34672759981498,
       40.00910653777906
      ],
      [
       116.34660967684839,
       40.02147264826142
      ],
      [
       116.35141478486182,
       40.021499642064065
      ],
      [
       116.35153184075796,
       40.009133519830534
      ]
     ]
    ]
   },
   "properties": {
    "id": "LU-004",
    "layer": "LAND_USE",
    "source_type": "agent_generated_design",
    "confidence": "medium",
    "geometry_role": "design_proposal",
    "land_use_code": "0802",
    "land_use_label_zh": "科研用地",
    "design_note_zh": "众智园加速区核心科研组团",
    "area_sqm_declared": 563303.9,
    "official_boundary": false,
    "boundary_precision": "provisional_rough"
   }
  },
  {
   "type": "Feature",
   "id": "LU-005",
   "geometry": {
    "type": "Polygon",
    "coordinates": [
     [
      [
       116.35433719159184,
       40.008933037381304
      ],
      [
       116.35384482360227,
       39.99994643724375
      ],
      [
       116.34681527867524,
       39.99990703222169
      ],
      [
       116.34674291324072,
       40.00750011719475
      ],
      [
       116.354,
       40.007499999999986
      ],
      [
       116.35400000239387,
       40.008931158290466
      ],
      [
       116.35433719159184,
       40.008933037381304
      ]
     ]
    ]
   },
   "properties": {
    "id": "LU-005",
    "layer": "LAND_USE",
    "source_type": "agent_generated_design",
    "confidence": "medium",
    "geometry_role": "design_proposal",
    "land_use_code": "0802",
    "land_use_label_zh": "科研用地",
    "design_note_zh": "学知园站科技服务组团",
    "area_sqm_declared": 526256.9,
    "official_boundary": false,
    "boundary_precision": "provisional_rough"
   }
  },
  {
   "type": "Feature",
   "id": "LU-006",
   "geometry": {
    "type": "Polygon",
    "coordinates": [
     [
      [
       116.35450143817515,
       39.97498440934391
      ],
      [
       116.35516638010276,
       39.966670869095154
      ],
      [
       116.34856739325289,
       39.96663397257659
      ],
      [
       116.3484884352292,
       39.9749507682067
      ],
      [
       116.35450143817515,
       39.97498440934391
      ]
     ]
    ]
   },
   "properties": {
    "id": "LU-006",
    "layer": "LAND_USE",
    "source_type": "agent_generated_design",
    "confidence": "medium",
    "geometry_role": "design_proposal",
    "land_use_code": "0701",
    "land_use_label_zh": "城镇住宅用地",
    "design_note_zh": "塔院现状住区（保留提升）",
    "area_sqm_declared": 497547.6,
    "official_boundary": false,
    "boundary_precision": "provisional_rough"
   }
  },
  {
   "type": "Feature",
   "id": "LU-007",
   "geometry": {
    "type": "Polygon",
    "coordinates": [
     [
      [
       116.34689354692352,
       39.991691326879696
      ],
      [
       116.35300000143266,
       39.99172557589397
      ],
      [
       116.353,
       39.9835
      ],
      [
       116.34697154959933,
       39.98350012929169
      ],
      [
       116.34689354692352,
       39.991691326879696
      ]
     ]
    ]
   },
   "properties": {
    "id": "LU-007",
    "layer": "LAND_USE",
    "source_type": "agent_generated_design",
    "confidence": "medium",
    "geometry_role": "design_proposal",
    "land_use_code": "05",
    "land_use_label_zh": "商业服务业用地",
    "design_note_zh": "五道口轨道站上盖与沿线城市界面",
    "area_sqm_declared": 472351.7,
    "official_boundary": false,
    "boundary_precision": "provisional_rough"
   }
  },
  {
   "type": "Feature",
   "id": "LU-008",
   "geometry": {
    "type": "Polygon",
    "coordinates": [
     [
      [
       116.34681591601404,
       39.95680703688054
      ],
      [
       116.34231844856724,
       39.95678160874682
      ],
      [
       116.34121076596216,
       39.96610496405192
      ],
      [
       116.34121365466937,
       39.96614210616138
      ],
      [
       116.34672678420162,
       39.96617330689588
      ],
      [
       116.34681591601404,
       39.95680703688054
      ]
     ]
    ]
   },
   "properties": {
    "id": "LU-008",
    "layer": "LAND_USE",
    "source_type": "agent_generated_design",
    "confidence": "medium",
    "geometry_role": "design_proposal",
    "land_use_code": "0804",
    "land_use_label_zh": "教育用地",
    "design_note_zh": "西土城高校带（北邮等院校周边）",
    "area_sqm_declared": 445135.0,
    "official_boundary": false,
    "boundary_precision": "provisional_rough"
   }
  },
  {
   "type": "Feature",
   "id": "LU-009",
   "geometry": {
    "type": "Polygon",
    "coordinates": [
     [
      [
       116.34734724811307,
       39.94400017648862
      ],
      [
       116.34729174859991,
       39.94984017592975
      ],
      [
       116.35500000000002,
       39.94983999999999
      ],
      [
       116.35500000000002,
       39.944
      ],
      [
       116.34734724811307,
       39.94400017648862
      ]
     ]
    ]
   },
   "properties": {
    "id": "LU-009",
    "layer": "LAND_USE",
    "source_type": "agent_generated_design",
    "confidence": "medium",
    "geometry_role": "design_proposal",
    "land_use_code": "05",
    "land_use_label_zh": "商业服务业用地",
    "design_note_zh": "大钟寺智能原生消费与商务组团",
    "area_sqm_declared": 425649.7,
    "official_boundary": false,
    "boundary_precision": "provisional_rough"
   }
  },
  {
   "type": "Feature",
   "id": "LU-010",
   "geometry": {
    "type": "Polygon",
    "coordinates": [
     [
      [
       116.35340647258302,
       39.99194399088691
      ],
      [
       116.353394630326,
       39.991727778164076
      ],
      [
       116.35300000143266,
       39.99172557589397
      ],
      [
       116.35300000129122,
       39.991941722546784
      ],
      [
       116.353,
       39.99349999999998
      ],
      [
       116.3468763178468,
       39.993500128826156
      ],
      [
       116.34681733813056,
       39.999690897515805
      ],
      [
       116.35383297891909,
       39.99973022484126
      ],
      [
       116.35340647258302,
       39.99194399088691
      ]
     ]
    ]
   },
   "properties": {
    "id": "LU-010",
    "layer": "LAND_USE",
    "source_type": "agent_generated_design",
    "confidence": "medium",
    "geometry_role": "design_proposal",
    "land_use_code": "0802",
    "land_use_label_zh": "科研用地",
    "design_note_zh": "六道口科研组团",
    "area_sqm_declared": 408814.2,
    "official_boundary": false,
    "boundary_precision": "provisional_rough"
   }
  },
  {
   "type": "Feature",
   "id": "LU-011",
   "geometry": {
    "type": "Polygon",
    "coordinates": [
     [
      [
       116.34672249813705,
       39.966623590127504
      ],
      [
       116.34124869278833,
       39.96659261258364
      ],
      [
       116.34189592757376,
       39.97491352640776
      ],
      [
       116.34664331653835,
       39.97494038271589
      ],
      [
       116.34672249813705,
       39.966623590127504
      ]
     ]
    ]
   },
   "properties": {
    "id": "LU-011",
    "layer": "LAND_USE",
    "source_type": "agent_generated_design",
    "confidence": "medium",
    "geometry_role": "design_proposal",
    "land_use_code": "0802",
    "land_use_label_zh": "科研用地",
    "design_note_zh": "大钟寺-知春路产业组团",
    "area_sqm_declared": 403231.3,
    "official_boundary": false,
    "boundary_precision": "provisional_rough"
   }
  },
  {
   "type": "Feature",
   "id": "LU-012",
   "geometry": {
    "type": "Polygon",
    "coordinates": [
     [
      [
       116.34169999999999,
       40.00600000000001
      ],
      [
       116.34183961447519,
       40.00886273504503
      ],
      [
       116.34184537949292,
       40.008980939812
      ],
      [
       116.34185015915936,
       40.009078940866466
      ],
      [
       116.34300000267272,
       40.00908546525801
      ],
      [
       116.34300000233786,
       40.00886931931105
      ],
      [
       116.34299999999999,
       40.0075
      ],
      [
       116.3456093994342,
       40.00750009446473
      ],
      [
       116.34588273773092,
       39.999901772708
      ],
      [
       116.34130476405758,
       39.99987584417926
      ],
      [
       116.34169999999999,
       40.00600000000001
      ]
     ]
    ]
   },
   "properties": {
    "id": "LU-012",
    "layer": "LAND_USE",
    "source_type": "agent_generated_design",
    "confidence": "medium",
    "geometry_role": "design_proposal",
    "land_use_code": "1401",
    "land_use_label_zh": "公园绿地",
    "design_note_zh": "八家郊野公园东缘衔接绿带",
    "area_sqm_declared": 320750.0,
    "official_boundary": false,
    "boundary_precision": "provisional_rough"
   }
  },
  {
   "type": "Feature",
   "id": "LU-013",
   "geometry": {
    "type": "Polygon",
    "coordinates": [
     [
      [
       116.34664031498872,
       39.97525558049836
      ],
      [
       116.34193335194738,
       39.97522895353047
      ],
      [
       116.34325324246433,
       39.98350005269488
      ],
      [
       116.34656178738608,
       39.98350012669909
      ],
      [
       116.34664031498872,
       39.97525558049836
      ]
     ]
    ]
   },
   "properties": {
    "id": "LU-013",
    "layer": "LAND_USE",
    "source_type": "agent_generated_design",
    "confidence": "medium",
    "geometry_role": "design_proposal",
    "land_use_code": "0802",
    "land_use_label_zh": "科研用地",
    "design_note_zh": "知春路产业带",
    "area_sqm_declared": 313840.9,
    "official_boundary": false,
    "boundary_precision": "provisional_rough"
   }
  },
  {
   "type": "Feature",
   "id": "LU-014",
   "geometry": {
    "type": "Polygon",
    "coordinates": [
     [
      [
       116.35530000849722,
       39.942938377743744
      ],
      [
       116.3553,
       39.939
      ],
      [
       116.34739475142283,
       39.9390002282472
      ],
      [
       116.34735775922387,
       39.94289394028897
      ],
      [
       116.35530000849722,
       39.942938377743744
      ]
     ]
    ]
   },
   "properties": {
    "id": "LU-014",
    "layer": "LAND_USE",
    "source_type": "agent_generated_design",
    "confidence": "medium",
    "geometry_role": "design_proposal",
    "land_use_code": "0803",
    "land_use_label_zh": "文化用地",
    "design_note_zh": "西直门南门户：京张记忆文化展示（近北京北站）",
    "area_sqm_declared": 294490.5,
    "official_boundary": false,
    "boundary_precision": "provisional_rough"
   }
  },
  {
   "type": "Feature",
   "id": "LU-015",
   "geometry": {
    "type": "Polygon",
    "coordinates": [
     [
      [
       116.34490421552725,
       39.993500101434854
      ],
      [
       116.34200000000001,
       39.99349999999999
      ],
      [
       116.34200000135536,
       39.99187979499598
      ],
      [
       116.34200000149654,
       39.991663648424144
      ],
      [
       116.34082845508422,
       39.991656991367634
      ],
      [
       116.34077442233784,
       39.99165668405266
      ],
      [
       116.3407879252247,
       39.9918659718827
      ],
      [
       116.34078837285887,
       39.99187290996325
      ],
      [
       116.34082145077495,
       39.99238559576428
      ],
      [
       116.34129081062436,
       39.999659618601925
      ],
      [
       116.34588483915233,
       39.999685638262406
      ],
      [
       116.34490421552725,
       39.993500101434854
      ]
     ]
    ]
   },
   "properties": {
    "id": "LU-015",
    "layer": "LAND_USE",
    "source_type": "agent_generated_design",
    "confidence": "medium",
    "geometry_role": "design_proposal",
    "land_use_code": "0701",
    "land_use_label_zh": "城镇住宅用地",
    "design_note_zh": "王庄-东王庄现状住区（保留提升）",
    "area_sqm_declared": 272097.7,
    "official_boundary": false,
    "boundary_precision": "provisional_rough"
   }
  },
  {
   "type": "Feature",
   "id": "LU-016",
   "geometry": {
    "type": "Polygon",
    "coordinates": [
     [
      [
       116.34555183943576,
       40.00909990402064
      ],
      [
       116.34300000267272,
       40.00908546525801
      ],
      [
       116.34300000632459,
       40.02145223903663
      ],
      [
       116.34481233342639,
       40.02146250006396
      ],
      [
       116.3453903884536,
       40.013586759537965
      ],
      [
       116.34555183943576,
       40.00909990402064
      ]
     ]
    ]
   },
   "properties": {
    "id": "LU-016",
    "layer": "LAND_USE",
    "source_type": "agent_generated_design",
    "confidence": "medium",
    "geometry_role": "design_proposal",
    "land_use_code": "0802",
    "land_use_label_zh": "科研用地",
    "design_note_zh": "众智园加速区核心科研组团",
    "area_sqm_declared": 262098.4,
    "official_boundary": false,
    "boundary_precision": "provisional_rough"
   }
  },
  {
   "type": "Feature",
   "id": "LU-017",
   "geometry": {
    "type": "Polygon",
    "coordinates": [
     [
      [
       116.35200045324073,
       40.02150291856776
      ],
      [
       116.35400000616134,
       40.021514082699234
      ],
      [
       116.35400000272053,
       40.009147304317906
      ],
      [
       116.35400000239387,
       40.008931158290466
      ],
      [
       116.3521194468602,
       40.00892066031962
      ],
      [
       116.35211740345416,
       40.00913679490789
      ],
      [
       116.35200045324073,
       40.02150291856776
      ]
     ]
    ]
   },
   "properties": {
    "id": "LU-017",
    "layer": "LAND_USE",
    "source_type": "agent_generated_design",
    "confidence": "medium",
    "geometry_role": "design_proposal",
    "land_use_code": "0802",
    "land_use_label_zh": "科研用地",
    "design_note_zh": "众智园加速区核心科研组团",
    "area_sqm_declared": 231428.4,
    "official_boundary": false,
    "boundary_precision": "provisional_rough"
   }
  },
  {
   "type": "Feature",
   "id": "LU-018",
   "geometry": {
    "type": "Polygon",
    "coordinates": [
     [
      [
       116.34234410740682,
       39.95656560644288
      ],
      [
       116.34681797232828,
       39.95659090056266
      ],
      [
       116.34688218734539,
       39.949840170937634
      ],
      [
       116.344991701201,
       39.949840129140576
      ],
      [
       116.34240379427399,
       39.95606314237335
      ],
      [
       116.34234410740682,
       39.95656560644288
      ]
     ]
    ]
   },
   "properties": {
    "id": "LU-018",
    "layer": "LAND_USE",
    "source_type": "agent_generated_design",
    "confidence": "medium",
    "geometry_role": "design_proposal",
    "land_use_code": "0802",
    "land_use_label_zh": "科研用地",
    "design_note_zh": "大钟寺北扩产业组团",
    "area_sqm_declared": 208024.0,
    "official_boundary": false,
    "boundary_precision": "provisional_rough"
   }
  },
  {
   "type": "Feature",
   "id": "LU-019",
   "geometry": {
    "type": "Polygon",
    "coordinates": [
     [
      [
       116.3514105212137,
       40.02194992140391
      ],
      [
       116.34660538161803,
       40.0219229271733
      ],
      [
       116.34656648473363,
       40.026000114398165
      ],
      [
       116.351372166214,
       40.02600009493362
      ],
      [
       116.3514105212137,
       40.02194992140391
      ]
     ]
    ]
   },
   "properties": {
    "id": "LU-019",
    "layer": "LAND_USE",
    "source_type": "agent_generated_design",
    "confidence": "medium",
    "geometry_role": "design_proposal",
    "land_use_code": "0802",
    "land_use_label_zh": "科研用地",
    "design_note_zh": "众智园加速区核心科研组团",
    "area_sqm_declared": 185109.9,
    "official_boundary": false,
    "boundary_precision": "provisional_rough"
   }
  },
  {
   "type": "Feature",
   "id": "LU-020",
   "geometry": {
    "type": "Polygon",
    "coordinates": [
     [
      [
       116.34133398644774,
       39.939000038186336
      ],
      [
       116.34129697754892,
       39.94285966373926
      ],
      [
       116.34545906870426,
       39.94288323639132
      ],
      [
       116.34509195462834,
       39.93952644158056
      ],
      [
       116.345908045077,
       39.939473556980616
      ],
      [
       116.3462814912202,
       39.94288787662882
      ],
      [
       116.34630514853802,
       39.943104158426834
      ],
      [
       116.34694620636174,
       39.94310777120375
      ],
      [
       116.34694826126909,
       39.942891634367975
      ],
      [
       116.34698525478586,
       39.9390002253862
      ],
      [
       116.34133398644774,
       39.939000038186336
      ]
     ]
    ]
   },
   "properties": {
    "id": "LU-020",
    "layer": "LAND_USE",
    "source_type": "agent_generated_design",
    "confidence": "medium",
    "geometry_role": "design_proposal",
    "land_use_code": "0803",
    "land_use_label_zh": "文化用地",
    "design_note_zh": "西直门南门户：京张记忆文化展示（近北京北站）",
    "area_sqm_declared": 182796.0,
    "official_boundary": false,
    "boundary_precision": "provisional_rough"
   }
  },
  {
   "type": "Feature",
   "id": "LU-021",
   "geometry": {
    "type": "Polygon",
    "coordinates": [
     [
      [
       116.34129490486225,
       39.94307580033162
      ],
      [
       116.34116556133064,
       39.9565589145024
      ],
      [
       116.34116348722488,
       39.95677505057678
      ],
      [
       116.34149640380286,
       39.956776942143904
      ],
      [
       116.3415220652244,
       39.956560940042735
      ],
      [
       116.34159211427878,
       39.955971302691935
      ],
      [
       116.3415986160615,
       39.95593723303051
      ],
      [
       116.34160990822632,
       39.95590391248107
      ],
      [
       116.34413168728828,
       39.94984009992402
      ],
      [
       116.34200000000001,
       39.94984
      ],
      [
       116.34200000000001,
       39.943999999999996
      ],
      [
       116.34558122640262,
       39.94400014547718
      ],
      [
       116.3454827234287,
       39.943099518336396
      ],
      [
       116.34129490486225,
       39.94307580033162
      ]
     ]
    ]
   },
   "properties": {
    "id": "LU-021",
    "layer": "LAND_USE",
    "source_type": "agent_generated_design",
    "confidence": "medium",
    "geometry_role": "design_proposal",
    "land_use_code": "0802",
    "land_use_label_zh": "科研用地",
    "design_note_zh": "大钟寺北扩产业组团",
    "area_sqm_declared": 177079.0,
    "official_boundary": false,
    "boundary_precision": "provisional_rough"
   }
  },
  {
   "type": "Feature",
   "id": "LU-022",
   "geometry": {
    "type": "Polygon",
    "coordinates": [
     [
      [
       116.34413168728828,
       39.94984009992402
      ],
      [
       116.34578506497796,
       39.94586380046703
      ],
      [
       116.34558122640262,
       39.94400014547718
      ],
      [
       116.34200000000001,
       39.943999999999996
      ],
      [
       116.34200000000001,
       39.94984
      ],
      [
       116.34413168728828,
       39.94984009992402
      ]
     ]
    ]
   },
   "properties": {
    "id": "LU-022",
    "layer": "LAND_USE",
    "source_type": "agent_generated_design",
    "confidence": "medium",
    "geometry_role": "design_proposal",
    "land_use_code": "05",
    "land_use_label_zh": "商业服务业用地",
    "design_note_zh": "大钟寺智能原生消费与商务组团",
    "area_sqm_declared": 176771.1,
    "official_boundary": false,
    "boundary_precision": "provisional_rough"
   }
  },
  {
   "type": "Feature",
   "id": "LU-023",
   "geometry": {
    "type": "Polygon",
    "coordinates": [
     [
      [
       116.34656178738608,
       39.98350012669909
      ],
      [
       116.34325324246433,
       39.98350005269488
      ],
      [
       116.34340435059184,
       39.98444684896019
      ],
      [
       116.34540024550134,
       39.99143233670433
      ],
      [
       116.34540678618787,
       39.9914618496078
      ],
      [
       116.34544186577958,
       39.991683137560514
      ],
      [
       116.34547616125523,
       39.991899477838494
      ],
      [
       116.3464816978273,
       39.99190515198288
      ],
      [
       116.34648375775095,
       39.99168901699206
      ],
      [
       116.34656178738608,
       39.98350012669909
      ]
     ]
    ]
   },
   "properties": {
    "id": "LU-023",
    "layer": "LAND_USE",
    "source_type": "agent_generated_design",
    "confidence": "medium",
    "geometry_role": "design_proposal",
    "land_use_code": "05",
    "land_use_label_zh": "商业服务业用地",
    "design_note_zh": "五道口轨道站上盖与沿线城市界面",
    "area_sqm_declared": 173915.2,
    "official_boundary": false,
    "boundary_precision": "provisional_rough"
   }
  },
  {
   "type": "Feature",
   "id": "LU-024",
   "geometry": {
    "type": "Polygon",
    "coordinates": [
     [
      [
       116.34110704936846,
       39.97522425946972
      ],
      [
       116.34098636687597,
       39.97522357340344
      ],
      [
       116.34082845508422,
       39.991656991367634
      ],
      [
       116.34200000149654,
       39.991663648424144
      ],
      [
       116.34200000000001,
       39.98349999999999
      ],
      [
       116.34242758246798,
       39.98350001950147
      ],
      [
       116.34110704936846,
       39.97522425946972
      ]
     ]
    ]
   },
   "properties": {
    "id": "LU-024",
    "layer": "LAND_USE",
    "source_type": "agent_generated_design",
    "confidence": "medium",
    "geometry_role": "design_proposal",
    "land_use_code": "0802",
    "land_use_label_zh": "科研用地",
    "design_note_zh": "知春路产业带",
    "area_sqm_declared": 152057.7,
    "official_boundary": false,
    "boundary_precision": "provisional_rough"
   }
  },
  {
   "type": "Feature",
   "id": "LU-025",
   "geometry": {
    "type": "Polygon",
    "coordinates": [
     [
      [
       116.34200000149654,
       39.991663648424144
      ],
      [
       116.3446154556218,
       39.99167846743893
      ],
      [
       116.34459557141733,
       39.99155302502264
      ],
      [
       116.34259979279561,
       39.98456765539547
      ],
      [
       116.34259329624842,
       39.98453840838016
      ],
      [
       116.34242758246798,
       39.98350001950147
      ],
      [
       116.34200000000001,
       39.98349999999999
      ],
      [
       116.34200000149654,
       39.991663648424144
      ]
     ]
    ]
   },
   "properties": {
    "id": "LU-025",
    "layer": "LAND_USE",
    "source_type": "agent_generated_design",
    "confidence": "medium",
    "geometry_role": "design_proposal",
    "land_use_code": "05",
    "land_use_label_zh": "商业服务业用地",
    "design_note_zh": "五道口轨道站上盖与沿线城市界面",
    "area_sqm_declared": 113950.8,
    "official_boundary": false,
    "boundary_precision": "provisional_rough"
   }
  },
  {
   "type": "Feature",
   "id": "LU-026",
   "geometry": {
    "type": "Polygon",
    "coordinates": [
     [
      [
       116.34300000588229,
       40.0219025421094
      ],
      [
       116.34299999999999,
       40.025999999999996
      ],
      [
       116.34615646837564,
       40.02600010683106
      ],
      [
       116.34619541166865,
       40.0219206148254
      ],
      [
       116.34619970959353,
       40.02147033595018
      ],
      [
       116.34563325391544,
       40.02146713862094
      ],
      [
       116.34560021774038,
       40.02191725517964
      ],
      [
       116.34540934511234,
       40.024517759611555
      ],
      [
       116.34459065511956,
       40.024482238944046
      ],
      [
       116.34477929186241,
       40.021912616345574
      ],
      [
       116.34300000588229,
       40.0219025421094
      ]
     ]
    ]
   },
   "properties": {
    "id": "LU-026",
    "layer": "LAND_USE",
    "source_type": "agent_generated_design",
    "confidence": "medium",
    "geometry_role": "design_proposal",
    "land_use_code": "0802",
    "land_use_label_zh": "科研用地",
    "design_note_zh": "众智园加速区核心科研组团",
    "area_sqm_declared": 105440.0,
    "official_boundary": false,
    "boundary_precision": "provisional_rough"
   }
  },
  {
   "type": "Feature",
   "id": "LU-027",
   "geometry": {
    "type": "Polygon",
    "coordinates": [
     [
      [
       116.34837969174593,
       39.95681583739433
      ],
      [
       116.3472254969419,
       39.95680934393212
      ],
      [
       116.34713642101019,
       39.966175614708696
      ],
      [
       116.34829077328546,
       39.96618211031349
      ],
      [
       116.34837969174593,
       39.95681583739433
      ]
     ]
    ]
   },
   "properties": {
    "id": "LU-027",
    "layer": "LAND_USE",
    "source_type": "agent_generated_design",
    "confidence": "medium",
    "geometry_role": "design_proposal",
    "land_use_code": "0701",
    "land_use_label_zh": "城镇住宅用地",
    "design_note_zh": "蓟门里现状住区（保留提升）",
    "area_sqm_declared": 102578.9,
    "official_boundary": false,
    "boundary_precision": "provisional_rough"
   }
  },
  {
   "type": "Feature",
   "id": "LU-028",
   "geometry": {
    "type": "Polygon",
    "coordinates": [
     [
      [
       116.34185015915936,
       40.009078940866466
      ],
      [
       116.34245356843132,
       40.021449139654685
      ],
      [
       116.34300000632459,
       40.02145223903663
      ],
      [
       116.34300000267272,
       40.00908546525801
      ],
      [
       116.34185015915936,
       40.009078940866466
      ]
     ]
    ]
   },
   "properties": {
    "id": "LU-028",
    "layer": "LAND_USE",
    "source_type": "agent_generated_design",
    "confidence": "medium",
    "geometry_role": "design_proposal",
    "land_use_code": "0802",
    "land_use_label_zh": "科研用地",
    "design_note_zh": "众智园南侧拓展组团",
    "area_sqm_declared": 99440.1,
    "official_boundary": false,
    "boundary_precision": "provisional_rough"
   }
  },
  {
   "type": "Feature",
   "id": "LU-029",
   "geometry": {
    "type": "Polygon",
    "coordinates": [
     [
      [
       116.3453903884536,
       40.013586759537965
      ],
      [
       116.34481233342639,
       40.02146250006396
      ],
      [
       116.34563325391544,
       40.02146713862094
      ],
      [
       116.34620928026581,
       40.01361775629715
      ],
      [
       116.34620977442513,
       40.01360871627959
      ],
      [
       116.34629818024388,
       40.01115111662302
      ],
      [
       116.34631770653758,
       40.00910422647442
      ],
      [
       116.34631976823256,
       40.00888809213402
      ],
      [
       116.34555961482013,
       40.0088838019654
      ],
      [
       116.34555183943576,
       40.00909990402064
      ],
      [
       116.3453903884536,
       40.013586759537965
      ]
     ]
    ]
   },
   "properties": {
    "id": "LU-029",
    "layer": "LAND_USE",
    "source_type": "agent_generated_design",
    "confidence": "medium",
    "geometry_role": "design_proposal",
    "land_use_code": "1401",
    "land_use_label_zh": "公园绿地",
    "design_note_zh": "智脊线性公园（遗址铁路廊道复合绿廊）",
    "area_sqm_declared": 97240.7,
    "official_boundary": false,
    "boundary_precision": "provisional_rough"
   }
  },
  {
   "type": "Feature",
   "id": "LU-030",
   "geometry": {
    "type": "Polygon",
    "coordinates": [
     [
      [
       116.3521194468602,
       40.00892066031962
      ],
      [
       116.35400000239387,
       40.008931158290466
      ],
      [
       116.354,
       40.007499999999986
      ],
      [
       116.34674291324072,
       40.00750011719475
      ],
      [
       116.34672966021739,
       40.00889040342106
      ],
      [
       116.35153388601053,
       40.008917385267196
      ],
      [
       116.35154232551687,
       40.00802550534163
      ],
      [
       116.35212787874701,
       40.00802878029119
      ],
      [
       116.3521194468602,
       40.00892066031962
      ]
     ]
    ]
   },
   "properties": {
    "id": "LU-030",
    "layer": "LAND_USE",
    "source_type": "agent_generated_design",
    "confidence": "medium",
    "geometry_role": "design_proposal",
    "land_use_code": "0802",
    "land_use_label_zh": "科研用地",
    "design_note_zh": "众智园加速区核心科研组团",
    "area_sqm_declared": 92204.9,
    "official_boundary": false,
    "boundary_precision": "provisional_rough"
   }
  },
  {
   "type": "Feature",
   "id": "LU-031",
   "geometry": {
    "type": "Polygon",
    "coordinates": [
     [
      [
       116.35300000129122,
       39.991941722546784
      ],
      [
       116.3468914882913,
       39.9919074618881
      ],
      [
       116.3468763178468,
       39.993500128826156
      ],
      [
       116.353,
       39.99349999999998
      ],
      [
       116.35300000129122,
       39.991941722546784
      ]
     ]
    ]
   },
   "properties": {
    "id": "LU-031",
    "layer": "LAND_USE",
    "source_type": "agent_generated_design",
    "confidence": "medium",
    "geometry_role": "design_proposal",
    "land_use_code": "0802",
    "land_use_label_zh": "科研用地",
    "design_note_zh": "AI原点社区成果孵化组团",
    "area_sqm_declared": 91380.7,
    "official_boundary": false,
    "boundary_precision": "provisional_rough"
   }
  },
  {
   "type": "Feature",
   "id": "LU-032",
   "geometry": {
    "type": "Polygon",
    "coordinates": [
     [
      [
       116.34828649748029,
       39.96663239368474
      ],
      [
       116.3471321376327,
       39.966625897976925
      ],
      [
       116.34705300567647,
       39.974942691241445
      ],
      [
       116.34820750541601,
       39.97494918885228
      ],
      [
       116.34828649748029,
       39.96663239368474
      ]
     ]
    ]
   },
   "properties": {
    "id": "LU-032",
    "layer": "LAND_USE",
    "source_type": "agent_generated_design",
    "confidence": "medium",
    "geometry_role": "design_proposal",
    "land_use_code": "0701",
    "land_use_label_zh": "城镇住宅用地",
    "design_note_zh": "塔院现状住区（保留提升）",
    "area_sqm_declared": 91085.2,
    "official_boundary": false,
    "boundary_precision": "provisional_rough"
   }
  },
  {
   "type": "Feature",
   "id": "LU-033",
   "geometry": {
    "type": "Polygon",
    "coordinates": [
     [
      [
       116.35434903906705,
       40.00914924941533
      ],
      [
       116.35434281231274,
       40.00903561360586
      ],
      [
       116.35433719159184,
       40.008933037381304
      ],
      [
       116.35400000239387,
       40.008931158290466
      ],
      [
       116.35400000272053,
       40.009147304317906
      ],
      [
       116.35400000616134,
       40.021514082699234
      ],
      [
       116.35502700150661,
       40.02151980332429
      ],
      [
       116.35434903906705,
       40.00914924941533
      ]
     ]
    ]
   },
   "properties": {
    "id": "LU-033",
    "layer": "LAND_USE",
    "source_type": "agent_generated_design",
    "confidence": "medium",
    "geometry_role": "design_proposal",
    "land_use_code": "0802",
    "land_use_label_zh": "科研用地",
    "design_note_zh": "众智园南侧拓展组团",
    "area_sqm_declared": 81363.0,
    "official_boundary": false,
    "boundary_precision": "provisional_rough"
   }
  },
  {
   "type": "Feature",
   "id": "LU-034",
   "geometry": {
    "type": "Polygon",
    "coordinates": [
     [
      [
       116.35400000572098,
       40.02196438593949
      ],
      [
       116.35199619344199,
       40.02195319795956
      ],
      [
       116.35195790423052,
       40.0260000789345
      ],
      [
       116.354,
       40.02600000000001
      ],
      [
       116.35400000572098,
       40.02196438593949
      ]
     ]
    ]
   },
   "properties": {
    "id": "LU-034",
    "layer": "LAND_USE",
    "source_type": "agent_generated_design",
    "confidence": "medium",
    "geometry_role": "design_proposal",
    "land_use_code": "0802",
    "land_use_label_zh": "科研用地",
    "design_note_zh": "众智园加速区核心科研组团",
    "area_sqm_declared": 77495.2,
    "official_boundary": false,
    "boundary_precision": "provisional_rough"
   }
  },
  {
   "type": "Feature",
   "id": "LU-035",
   "geometry": {
    "type": "Polygon",
    "coordinates": [
     [
      [
       116.34021256717266,
       39.95655349451361
      ],
      [
       116.34088470719747,
       39.95655731800754
      ],
      [
       116.34101410585713,
       39.94307420459482
      ],
      [
       116.34101617942724,
       39.94285806801461
      ],
      [
       116.3405929611337,
       39.94285566165697
      ],
      [
       116.34058696103716,
       39.943071775893436
      ],
      [
       116.34021256717266,
       39.95655349451361
      ]
     ]
    ]
   },
   "properties": {
    "id": "LU-035",
    "layer": "LAND_USE",
    "source_type": "agent_generated_design",
    "confidence": "medium",
    "geometry_role": "design_proposal",
    "land_use_code": "0802",
    "land_use_label_zh": "科研用地",
    "design_note_zh": "大钟寺北扩产业组团",
    "area_sqm_declared": 71198.4,
    "official_boundary": false,
    "boundary_precision": "provisional_rough"
   }
  },
  {
   "type": "Feature",
   "id": "LU-036",
   "geometry": {
    "type": "Polygon",
    "coordinates": [
     [
      [
       116.35153184075796,
       40.009133519830534
      ],
      [
       116.35141478486182,
       40.021499642064065
      ],
      [
       116.3514105212137,
       40.02194992140391
      ],
      [
       116.35199619344199,
       40.02195319795956
      ],
      [
       116.35200045324073,
       40.02150291856776
      ],
      [
       116.35211740345416,
       40.00913679490789
      ],
      [
       116.35153184075796,
       40.009133519830534
      ]
     ]
    ]
   },
   "properties": {
    "id": "LU-036",
    "layer": "LAND_USE",
    "source_type": "agent_generated_design",
    "confidence": "medium",
    "geometry_role": "design_proposal",
    "land_use_code": "1207",
    "land_use_label_zh": "城镇村道路用地",
    "design_note_zh": "京藏高速-G6辅路道路用地（按expressway假定断面）",
    "area_sqm_declared": 71158.0,
    "official_boundary": false,
    "boundary_precision": "provisional_rough"
   }
  },
  {
   "type": "Feature",
   "id": "LU-037",
   "geometry": {
    "type": "Polygon",
    "coordinates": [
     [
      [
       116.3397,
       39.975
      ],
      [
       116.33971395127696,
       39.9752163322185
      ],
      [
       116.34070543636757,
       39.975221975858695
      ],
      [
       116.34098636687597,
       39.97522357340344
      ],
      [
       116.34098939439541,
       39.9749083759763
      ],
      [
       116.34070846517741,
       39.97490677844929
      ],
      [
       116.34074871577263,
       39.97071756986433
      ],
      [
       116.34042756413962,
       39.96658794332775
      ],
      [
       116.33993386406885,
       39.9665851331576
      ],
      [
       116.33970275030848,
       39.97490105378717
      ],
      [
       116.3397,
       39.975
      ]
     ]
    ]
   },
   "properties": {
    "id": "LU-037",
    "layer": "LAND_USE",
    "source_type": "agent_generated_design",
    "confidence": "medium",
    "geometry_role": "design_proposal",
    "land_use_code": "0802",
    "land_use_label_zh": "科研用地",
    "design_note_zh": "知春路产业带",
    "area_sqm_declared": 70156.6,
    "official_boundary": false,
    "boundary_precision": "provisional_rough"
   }
  },
  {
   "type": "Feature",
   "id": "LU-038",
   "geometry": {
    "type": "Polygon",
    "coordinates": [
     [
      [
       116.34325324246433,
       39.98350005269488
      ],
      [
       116.34193335194738,
       39.97522895353047
      ],
      [
       116.34190820546004,
       39.97507135418785
      ],
      [
       116.34189592757376,
       39.97491352640776
      ],
      [
       116.34107469924689,
       39.974908860934555
      ],
      [
       116.34098939439541,
       39.9749083759763
      ],
      [
       116.34098636687597,
       39.97522357340344
      ],
      [
       116.34110704936846,
       39.97522425946972
      ],
      [
       116.34242758246798,
       39.98350001950147
      ],
      [
       116.34325324246433,
       39.98350005269488
      ]
     ]
    ]
   },
   "properties": {
    "id": "LU-038",
    "layer": "LAND_USE",
    "source_type": "agent_generated_design",
    "confidence": "medium",
    "geometry_role": "design_proposal",
    "land_use_code": "1401",
    "land_use_label_zh": "公园绿地",
    "design_note_zh": "智脊线性公园（遗址铁路廊道复合绿廊）",
    "area_sqm_declared": 67551.0,
    "official_boundary": false,
    "boundary_precision": "provisional_rough"
   }
  },
  {
   "type": "Feature",
   "id": "LU-039",
   "geometry": {
    "type": "Polygon",
    "coordinates": [
     [
      [
       116.34540678618787,
       39.9914618496078
      ],
      [
       116.34540024550134,
       39.99143233670433
      ],
      [
       116.34340435059184,
       39.98444684896019
      ],
      [
       116.34325324246433,
       39.98350005269488
      ],
      [
       116.34242758246798,
       39.98350001950147
      ],
      [
       116.34259329624842,
       39.98453840838016
      ],
      [
       116.34259979279561,
       39.98456765539547
      ],
      [
       116.34459557141733,
       39.99155302502264
      ],
      [
       116.3446154556218,
       39.99167846743893
      ],
      [
       116.34464974848454,
       39.99189480794058
      ],
      [
       116.34547616125523,
       39.991899477838494
      ],
      [
       116.34544186577958,
       39.991683137560514
      ],
      [
       116.34540678618787,
       39.9914618496078
      ]
     ]
    ]
   },
   "properties": {
    "id": "LU-039",
    "layer": "LAND_USE",
    "source_type": "agent_generated_design",
    "confidence": "medium",
    "geometry_role": "design_proposal",
    "land_use_code": "1401",
    "land_use_label_zh": "公园绿地",
    "design_note_zh": "智脊线性公园（遗址铁路廊道复合绿廊）",
    "area_sqm_declared": 66647.7,
    "official_boundary": false,
    "boundary_precision": "provisional_rough"
   }
  },
  {
   "type": "Feature",
   "id": "LU-040",
   "geometry": {
    "type": "Polygon",
    "coordinates": [
     [
      [
       116.3553,
       40.0265
      ],
      [
       116.3550516917834,
       40.02197024400194
      ],
      [
       116.35400000572098,
       40.02196438593949
      ],
      [
       116.354,
       40.02600000000001
      ],
      [
       116.35195790423052,
       40.0260000789345
      ],
      [
       116.351372166214,
       40.02600009493362
      ],
      [
       116.3513674301975,
       40.02650014707957
      ],
      [
       116.35168293044723,
       40.026500140204014
      ],
      [
       116.35195317246708,
       40.026500133631714
      ],
      [
       116.3553,
       40.0265
      ]
     ]
    ]
   },
   "properties": {
    "id": "LU-040",
    "layer": "LAND_USE",
    "source_type": "agent_generated_design",
    "confidence": "medium",
    "geometry_role": "design_proposal",
    "land_use_code": "1402",
    "land_use_label_zh": "防护绿地",
    "design_note_zh": "京藏高速-北五环防护绿带",
    "area_sqm_declared": 62984.7,
    "official_boundary": false,
    "boundary_precision": "provisional_rough"
   }
  },
  {
   "type": "Feature",
   "id": "LU-041",
   "geometry": {
    "type": "Polygon",
    "coordinates": [
     [
      [
       116.33971395127696,
       39.9752163322185
      ],
      [
       116.34057688869397,
       39.98859488222056
      ],
      [
       116.34070543636757,
       39.975221975858695
      ],
      [
       116.33971395127696,
       39.9752163322185
      ]
     ]
    ]
   },
   "properties": {
    "id": "LU-041",
    "layer": "LAND_USE",
    "source_type": "agent_generated_design",
    "confidence": "medium",
    "geometry_role": "design_proposal",
    "land_use_code": "0804",
    "land_use_label_zh": "教育用地",
    "design_note_zh": "高校与院所聚集段（近校创新街区）",
    "area_sqm_declared": 62889.8,
    "official_boundary": false,
    "boundary_precision": "provisional_rough"
   }
  },
  {
   "type": "Feature",
   "id": "LU-042",
   "geometry": {
    "type": "Polygon",
    "coordinates": [
     [
      [
       116.34039253141617,
       39.96613743670076
      ],
      [
       116.34039108431298,
       39.9661188274231
      ],
      [
       116.34039040352049,
       39.966095048631225
      ],
      [
       116.34039205487578,
       39.96607129803532
      ],
      [
       116.34082863305305,
       39.96239731608079
      ],
      [
       116.3408826322077,
       39.95677345406976
      ],
      [
       116.34116348722488,
       39.95677505057678
      ],
      [
       116.34116556133064,
       39.9565589145024
      ],
      [
       116.34088470719747,
       39.95655731800754
      ],
      [
       116.34021256717266,
       39.95655349451361
      ],
      [
       116.34020656408963,
       39.9567696082021
      ],
      [
       116.3399463749005,
       39.966134897114976
      ],
      [
       116.34039253141617,
       39.96613743670076
      ]
     ]
    ]
   },
   "properties": {
    "id": "LU-042",
    "layer": "LAND_USE",
    "source_type": "agent_generated_design",
    "confidence": "medium",
    "geometry_role": "design_proposal",
    "land_use_code": "0804",
    "land_use_label_zh": "教育用地",
    "design_note_zh": "西土城高校带（北邮等院校周边）",
    "area_sqm_declared": 62354.3,
    "official_boundary": false,
    "boundary_precision": "provisional_rough"
   }
  },
  {
   "type": "Feature",
   "id": "LU-043",
   "geometry": {
    "type": "Polygon",
    "coordinates": [
     [
      [
       116.34240379427399,
       39.95606314237335
      ],
      [
       116.344991701201,
       39.949840129140576
      ],
      [
       116.34413168728828,
       39.94984009992402
      ],
      [
       116.34160990822632,
       39.95590391248107
      ],
      [
       116.3415986160615,
       39.95593723303051
      ],
      [
       116.34159211427878,
       39.955971302691935
      ],
      [
       116.3415220652244,
       39.956560940042735
      ],
      [
       116.34149640380286,
       39.956776942143904
      ],
      [
       116.34231844856724,
       39.95678160874682
      ],
      [
       116.34234410740682,
       39.95656560644288
      ],
      [
       116.34240379427399,
       39.95606314237335
      ]
     ]
    ]
   },
   "properties": {
    "id": "LU-043",
    "layer": "LAND_USE",
    "source_type": "agent_generated_design",
    "confidence": "medium",
    "geometry_role": "design_proposal",
    "land_use_code": "1401",
    "land_use_label_zh": "公园绿地",
    "design_note_zh": "智脊线性公园（遗址铁路廊道复合绿廊）",
    "area_sqm_declared": 56352.7,
    "official_boundary": false,
    "boundary_precision": "provisional_rough"
   }
  },
  {
   "type": "Feature",
   "id": "LU-044",
   "geometry": {
    "type": "Polygon",
    "coordinates": [
     [
      [
       116.34231844856724,
       39.95678160874682
      ],
      [
       116.34149640380286,
       39.956776942143904
      ],
      [
       116.34113421184117,
       39.95982549696864
      ],
      [
       116.34107358423208,
       39.9661413100379
      ],
      [
       116.34121365466937,
       39.96614210616138
      ],
      [
       116.34121076596216,
       39.96610496405192
      ],
      [
       116.34231844856724,
       39.95678160874682
      ]
     ]
    ]
   },
   "properties": {
    "id": "LU-044",
    "layer": "LAND_USE",
    "source_type": "agent_generated_design",
    "confidence": "medium",
    "geometry_role": "design_proposal",
    "land_use_code": "1401",
    "land_use_label_zh": "公园绿地",
    "design_note_zh": "智脊线性公园（遗址铁路廊道复合绿廊）",
    "area_sqm_declared": 52406.0,
    "official_boundary": false,
    "boundary_precision": "provisional_rough"
   }
  },
  {
   "type": "Feature",
   "id": "LU-045",
   "geometry": {
    "type": "Polygon",
    "coordinates": [
     [
      [
       116.34660967684839,
       40.02147264826142
      ],
      [
       116.34672759981498,
       40.00910653777906
      ],
      [
       116.34672966021739,
       40.00889040342106
      ],
      [
       116.34637956788687,
       40.00888842942091
      ],
      [
       116.34631976823256,
       40.00888809213402
      ],
      [
       116.34631770653758,
       40.00910422647442
      ],
      [
       116.34629818024388,
       40.01115111662302
      ],
      [
       116.34619970959353,
       40.02147033595018
      ],
      [
       116.34660967684839,
       40.02147264826142
      ]
     ]
    ]
   },
   "properties": {
    "id": "LU-045",
    "layer": "LAND_USE",
    "source_type": "agent_generated_design",
    "confidence": "medium",
    "geometry_role": "design_proposal",
    "land_use_code": "1207",
    "land_use_label_zh": "城镇村道路用地",
    "design_note_zh": "学院路-学清路道路用地（按arterial假定断面）",
    "area_sqm_declared": 48900.6,
    "official_boundary": false,
    "boundary_precision": "provisional_rough"
   }
  },
  {
   "type": "Feature",
   "id": "LU-046",
   "geometry": {
    "type": "Polygon",
    "coordinates": [
     [
      [
       116.34688218734539,
       39.949840170937634
      ],
      [
       116.34693772168454,
       39.94400017169321
      ],
      [
       116.34640315676711,
       39.94400016325702
      ],
      [
       116.3466080828965,
       39.94587355485059
      ],
      [
       116.34660948417297,
       39.9459045489121
      ],
      [
       116.34660692152084,
       39.94593549894558
      ],
      [
       116.346600419742,
       39.9459661053453
      ],
      [
       116.34659004177057,
       39.94599607183159
      ],
      [
       116.344991701201,
       39.949840129140576
      ],
      [
       116.34688218734539,
       39.949840170937634
      ]
     ]
    ]
   },
   "properties": {
    "id": "LU-046",
    "layer": "LAND_USE",
    "source_type": "agent_generated_design",
    "confidence": "medium",
    "geometry_role": "design_proposal",
    "land_use_code": "05",
    "land_use_label_zh": "商业服务业用地",
    "design_note_zh": "大钟寺智能原生消费与商务组团",
    "area_sqm_declared": 48365.9,
    "official_boundary": false,
    "boundary_precision": "provisional_rough"
   }
  },
  {
   "type": "Feature",
   "id": "LU-047",
   "geometry": {
    "type": "Polygon",
    "coordinates": [
     [
      [
       116.344991701201,
       39.949840129140576
      ],
      [
       116.34659004177057,
       39.94599607183159
      ],
      [
       116.346600419742,
       39.9459661053453
      ],
      [
       116.34660692152084,
       39.94593549894558
      ],
      [
       116.34660948417297,
       39.9459045489121
      ],
      [
       116.3466080828965,
       39.94587355485059
      ],
      [
       116.34640315676711,
       39.94400016325702
      ],
      [
       116.34558122640262,
       39.94400014547718
      ],
      [
       116.34578506497796,
       39.94586380046703
      ],
      [
       116.34413168728828,
       39.94984009992402
      ],
      [
       116.344991701201,
       39.949840129140576
      ]
     ]
    ]
   },
   "properties": {
    "id": "LU-047",
    "layer": "LAND_USE",
    "source_type": "agent_generated_design",
    "confidence": "medium",
    "geometry_role": "design_proposal",
    "land_use_code": "1401",
    "land_use_label_zh": "公园绿地",
    "design_note_zh": "智脊线性公园（遗址铁路廊道复合绿廊）",
    "area_sqm_declared": 46970.7,
    "official_boundary": false,
    "boundary_precision": "provisional_rough"
   }
  },
  {
   "type": "Feature",
   "id": "LU-048",
   "geometry": {
    "type": "Polygon",
    "coordinates": [
     [
      [
       116.3456093994342,
       40.00750009446473
      ],
      [
       116.3463330075917,
       40.00750011025477
      ],
      [
       116.34640544040207,
       39.999904721665665
      ],
      [
       116.34640750114937,
       39.99968858697736
      ],
      [
       116.34588483915233,
       39.999685638262406
      ],
      [
       116.34588946285072,
       39.99971480087044
      ],
      [
       116.34588273773092,
       39.999901772708
      ],
      [
       116.3456093994342,
       40.00750009446473
      ]
     ]
    ]
   },
   "properties": {
    "id": "LU-048",
    "layer": "LAND_USE",
    "source_type": "agent_generated_design",
    "confidence": "medium",
    "geometry_role": "design_proposal",
    "land_use_code": "1401",
    "land_use_label_zh": "公园绿地",
    "design_note_zh": "智脊线性公园（遗址铁路廊道复合绿廊）",
    "area_sqm_declared": 45955.8,
    "official_boundary": false,
    "boundary_precision": "provisional_rough"
   }
  },
  {
   "type": "Feature",
   "id": "LU-049",
   "geometry": {
    "type": "Polygon",
    "coordinates": [
     [
      [
       116.34588483915233,
       39.999685638262406
      ],
      [
       116.34640750114937,
       39.99968858697736
      ],
      [
       116.3464247197222,
       39.9978825821604
      ],
      [
       116.3457299100817,
       39.993500116986986
      ],
      [
       116.34490421552725,
       39.993500101434854
      ],
      [
       116.34588483915233,
       39.999685638262406
      ]
     ]
    ]
   },
   "properties": {
    "id": "LU-049",
    "layer": "LAND_USE",
    "source_type": "agent_generated_design",
    "confidence": "medium",
    "geometry_role": "design_proposal",
    "land_use_code": "1401",
    "land_use_label_zh": "公园绿地",
    "design_note_zh": "智脊线性公园（遗址铁路廊道复合绿廊）",
    "area_sqm_declared": 45850.9,
    "official_boundary": false,
    "boundary_precision": "provisional_rough"
   }
  },
  {
   "type": "Feature",
   "id": "LU-050",
   "geometry": {
    "type": "Polygon",
    "coordinates": [
     [
      [
       116.34106926108389,
       39.96659159276207
      ],
      [
       116.34099876649901,
       39.973932607331925
      ],
      [
       116.34098939439541,
       39.9749083759763
      ],
      [
       116.34107469924689,
       39.974908860934555
      ],
      [
       116.34189592757376,
       39.97491352640776
      ],
      [
       116.34124869278833,
       39.96659261258364
      ],
      [
       116.34106926108389,
       39.96659159276207
      ]
     ]
    ]
   },
   "properties": {
    "id": "LU-050",
    "layer": "LAND_USE",
    "source_type": "agent_generated_design",
    "confidence": "medium",
    "geometry_role": "design_proposal",
    "land_use_code": "1401",
    "land_use_label_zh": "公园绿地",
    "design_note_zh": "智脊线性公园（遗址铁路廊道复合绿廊）",
    "area_sqm_declared": 42840.0,
    "official_boundary": false,
    "boundary_precision": "provisional_rough"
   }
  },
  {
   "type": "Feature",
   "id": "LU-051",
   "geometry": {
    "type": "Polygon",
    "coordinates": [
     [
      [
       116.34464974848454,
       39.99189480794058
      ],
      [
       116.34200000135536,
       39.99187979499598
      ],
      [
       116.34200000000001,
       39.99349999999999
      ],
      [
       116.34490421552725,
       39.993500101434854
      ],
      [
       116.34464974848454,
       39.99189480794058
      ]
     ]
    ]
   },
   "properties": {
    "id": "LU-051",
    "layer": "LAND_USE",
    "source_type": "agent_generated_design",
    "confidence": "medium",
    "geometry_role": "design_proposal",
    "land_use_code": "0802",
    "land_use_label_zh": "科研用地",
    "design_note_zh": "AI原点社区成果孵化组团",
    "area_sqm_declared": 42463.0,
    "official_boundary": false,
    "boundary_precision": "provisional_rough"
   }
  },
  {
   "type": "Feature",
   "id": "LU-052",
   "geometry": {
    "type": "Polygon",
    "coordinates": [
     [
      [
       116.34057865550788,
       39.98862226919919
      ],
      [
       116.34077442233784,
       39.99165668405266
      ],
      [
       116.34082845508422,
       39.991656991367634
      ],
      [
       116.34098636687597,
       39.97522357340344
      ],
      [
       116.34070543636757,
       39.975221975858695
      ],
      [
       116.34057688869397,
       39.98859488222056
      ],
      [
       116.34057865550788,
       39.98862226919919
      ]
     ]
    ]
   },
   "properties": {
    "id": "LU-052",
    "layer": "LAND_USE",
    "source_type": "agent_generated_design",
    "confidence": "medium",
    "geometry_role": "design_proposal",
    "land_use_code": "1207",
    "land_use_label_zh": "城镇村道路用地",
    "design_note_zh": "荷清路-大钟寺东路道路用地（按secondary假定断面）",
    "area_sqm_declared": 40501.1,
    "official_boundary": false,
    "boundary_precision": "provisional_rough"
   }
  },
  {
   "type": "Feature",
   "id": "LU-053",
   "geometry": {
    "type": "Polygon",
    "coordinates": [
     [
      [
       116.3472254969419,
       39.95680934393212
      ],
      [
       116.34681591601404,
       39.95680703688054
      ],
      [
       116.34672678420162,
       39.96617330689588
      ],
      [
       116.34713642101019,
       39.966175614708696
      ],
      [
       116.3472254969419,
       39.95680934393212
      ]
     ]
    ]
   },
   "properties": {
    "id": "LU-053",
    "layer": "LAND_USE",
    "source_type": "agent_generated_design",
    "confidence": "medium",
    "geometry_role": "design_proposal",
    "land_use_code": "1207",
    "land_use_label_zh": "城镇村道路用地",
    "design_note_zh": "学院路-学清路道路用地（按arterial假定断面）",
    "area_sqm_declared": 36401.4,
    "official_boundary": false,
    "boundary_precision": "provisional_rough"
   }
  },
  {
   "type": "Feature",
   "id": "LU-054",
   "geometry": {
    "type": "Polygon",
    "coordinates": [
     [
      [
       116.34129490486225,
       39.94307580033162
      ],
      [
       116.34101410585713,
       39.94307420459482
      ],
      [
       116.34088470719747,
       39.95655731800754
      ],
      [
       116.34116556133064,
       39.9565589145024
      ],
      [
       116.34129490486225,
       39.94307580033162
      ]
     ]
    ]
   },
   "properties": {
    "id": "LU-054",
    "layer": "LAND_USE",
    "source_type": "agent_generated_design",
    "confidence": "medium",
    "geometry_role": "design_proposal",
    "land_use_code": "1207",
    "land_use_label_zh": "城镇村道路用地",
    "design_note_zh": "荷清路-大钟寺东路道路用地（按secondary假定断面）",
    "area_sqm_declared": 35932.3,
    "official_boundary": false,
    "boundary_precision": "provisional_rough"
   }
  },
  {
   "type": "Feature",
   "id": "LU-055",
   "geometry": {
    "type": "Polygon",
    "coordinates": [
     [
      [
       116.34300000233786,
       40.00886931931105
      ],
      [
       116.34555961482013,
       40.0088838019654
      ],
      [
       116.3456093994342,
       40.00750009446473
      ],
      [
       116.34299999999999,
       40.0075
      ],
      [
       116.34300000233786,
       40.00886931931105
      ]
     ]
    ]
   },
   "properties": {
    "id": "LU-055",
    "layer": "LAND_USE",
    "source_type": "agent_generated_design",
    "confidence": "medium",
    "geometry_role": "design_proposal",
    "land_use_code": "0802",
    "land_use_label_zh": "科研用地",
    "design_note_zh": "众智园加速区核心科研组团",
    "area_sqm_declared": 33732.4,
    "official_boundary": false,
    "boundary_precision": "provisional_rough"
   }
  },
  {
   "type": "Feature",
   "id": "LU-056",
   "geometry": {
    "type": "Polygon",
    "coordinates": [
     [
      [
       116.34247554353105,
       40.02189956741385
      ],
      [
       116.34270000000001,
       40.0265
      ],
      [
       116.34615169448982,
       40.02650013625696
      ],
      [
       116.34615646837564,
       40.02600010683106
      ],
      [
       116.34299999999999,
       40.025999999999996
      ],
      [
       116.34300000588229,
       40.0219025421094
      ],
      [
       116.34247554353105,
       40.02189956741385
      ]
     ]
    ]
   },
   "properties": {
    "id": "LU-056",
    "layer": "LAND_USE",
    "source_type": "agent_generated_design",
    "confidence": "medium",
    "geometry_role": "design_proposal",
    "land_use_code": "1401",
    "land_use_label_zh": "公园绿地",
    "design_note_zh": "清河滨水绿带（南岸）",
    "area_sqm_declared": 32918.5,
    "official_boundary": false,
    "boundary_precision": "provisional_rough"
   }
  },
  {
   "type": "Feature",
   "id": "LU-057",
   "geometry": {
    "type": "Polygon",
    "coordinates": [
     [
      [
       116.34697154959933,
       39.98350012929169
      ],
      [
       116.34656178738608,
       39.98350012669909
      ],
      [
       116.34648375775095,
       39.99168901699206
      ],
      [
       116.3464816978273,
       39.99190515198288
      ],
      [
       116.3468914882913,
       39.9919074618881
      ],
      [
       116.34689354692352,
       39.991691326879696
      ],
      [
       116.34697154959933,
       39.98350012929169
      ]
     ]
    ]
   },
   "properties": {
    "id": "LU-057",
    "layer": "LAND_USE",
    "source_type": "agent_generated_design",
    "confidence": "medium",
    "geometry_role": "design_proposal",
    "land_use_code": "1207",
    "land_use_label_zh": "城镇村道路用地",
    "design_note_zh": "学院路-学清路道路用地（按arterial假定断面）",
    "area_sqm_declared": 32670.3,
    "official_boundary": false,
    "boundary_precision": "provisional_rough"
   }
  },
  {
   "type": "Feature",
   "id": "LU-058",
   "geometry": {
    "type": "Polygon",
    "coordinates": [
     [
      [
       116.3471321376327,
       39.966625897976925
      ],
      [
       116.34672249813705,
       39.966623590127504
      ],
      [
       116.34664331653835,
       39.97494038271589
      ],
      [
       116.34705300567647,
       39.974942691241445
      ],
      [
       116.3471321376327,
       39.966625897976925
      ]
     ]
    ]
   },
   "properties": {
    "id": "LU-058",
    "layer": "LAND_USE",
    "source_type": "agent_generated_design",
    "confidence": "medium",
    "geometry_role": "design_proposal",
    "land_use_code": "1207",
    "land_use_label_zh": "城镇村道路用地",
    "design_note_zh": "学院路-学清路道路用地（按arterial假定断面）",
    "area_sqm_declared": 32322.8,
    "official_boundary": false,
    "boundary_precision": "provisional_rough"
   }
  },
  {
   "type": "Feature",
   "id": "LU-059",
   "geometry": {
    "type": "Polygon",
    "coordinates": [
     [
      [
       116.3470500060086,
       39.97525788904953
      ],
      [
       116.34664031498872,
       39.97525558049836
      ],
      [
       116.34656178738608,
       39.98350012669909
      ],
      [
       116.34697154959933,
       39.98350012929169
      ],
      [
       116.3470500060086,
       39.97525788904953
      ]
     ]
    ]
   },
   "properties": {
    "id": "LU-059",
    "layer": "LAND_USE",
    "source_type": "agent_generated_design",
    "confidence": "medium",
    "geometry_role": "design_proposal",
    "land_use_code": "1207",
    "land_use_label_zh": "城镇村道路用地",
    "design_note_zh": "学院路-学清路道路用地（按arterial假定断面）",
    "area_sqm_declared": 32037.5,
    "official_boundary": false,
    "boundary_precision": "provisional_rough"
   }
  },
  {
   "type": "Feature",
   "id": "LU-060",
   "geometry": {
    "type": "Polygon",
    "coordinates": [
     [
      [
       116.35520237601504,
       39.966220761810554
      ],
      [
       116.34857166721548,
       39.9661836891803
      ],
      [
       116.34829077328546,
       39.96618211031349
      ],
      [
       116.34828649748029,
       39.96663239368474
      ],
      [
       116.34856739325289,
       39.96663397257659
      ],
      [
       116.35516638010276,
       39.966670869095154
      ],
      [
       116.35518476059396,
       39.96644103288688
      ],
      [
       116.35520237601504,
       39.966220761810554
      ]
     ]
    ]
   },
   "properties": {
    "id": "LU-060",
    "layer": "LAND_USE",
    "source_type": "agent_generated_design",
    "confidence": "medium",
    "geometry_role": "design_proposal",
    "land_use_code": "1207",
    "land_use_label_zh": "城镇村道路用地",
    "design_note_zh": "北三环道路用地（按arterial假定断面）",
    "area_sqm_declared": 29459.0,
    "official_boundary": false,
    "boundary_precision": "provisional_rough"
   }
  },
  {
   "type": "Feature",
   "id": "LU-061",
   "geometry": {
    "type": "Polygon",
    "coordinates": [
     [
      [
       116.34079269089698,
       39.96613971300408
      ],
      [
       116.34039253141617,
       39.96613743670076
      ],
      [
       116.3399463749005,
       39.966134897114976
      ],
      [
       116.33994401426494,
       39.96621985152412
      ],
      [
       116.33993386406885,
       39.9665851331576
      ],
      [
       116.34042756413962,
       39.96658794332775
      ],
      [
       116.3407883659062,
       39.966589995702925
      ],
      [
       116.34106926108389,
       39.96659159276207
      ],
      [
       116.34124869278833,
       39.96659261258364
      ],
      [
       116.34672249813705,
       39.966623590127504
      ],
      [
       116.34672678420162,
       39.96617330689588
      ],
      [
       116.34121365466937,
       39.96614210616138
      ],
      [
       116.34107358423208,
       39.9661413100379
      ],
      [
       116.34079269089698,
       39.96613971300408
      ]
     ]
    ]
   },
   "properties": {
    "id": "LU-061",
    "layer": "LAND_USE",
    "source_type": "agent_generated_design",
    "confidence": "medium",
    "geometry_role": "design_proposal",
    "land_use_code": "1207",
    "land_use_label_zh": "城镇村道路用地",
    "design_note_zh": "北三环道路用地（按arterial假定断面）",
    "area_sqm_declared": 28983.9,
    "official_boundary": false,
    "boundary_precision": "provisional_rough"
   }
  },
  {
   "type": "Feature",
   "id": "LU-062",
   "geometry": {
    "type": "Polygon",
    "coordinates": [
     [
      [
       116.34729174859991,
       39.94984017592975
      ],
      [
       116.34688218734539,
       39.949840170937634
      ],
      [
       116.34681797232828,
       39.95659090056266
      ],
      [
       116.34681591601404,
       39.95680703688054
      ],
      [
       116.3472254969419,
       39.95680934393212
      ],
      [
       116.34722755196697,
       39.95659320759666
      ],
      [
       116.34729174859991,
       39.94984017592975
      ]
     ]
    ]
   },
   "properties": {
    "id": "LU-062",
    "layer": "LAND_USE",
    "source_type": "agent_generated_design",
    "confidence": "medium",
    "geometry_role": "design_proposal",
    "land_use_code": "1207",
    "land_use_label_zh": "城镇村道路用地",
    "design_note_zh": "学院路-学清路道路用地（按arterial假定断面）",
    "area_sqm_declared": 27080.7,
    "official_boundary": false,
    "boundary_precision": "provisional_rough"
   }
  },
  {
   "type": "Feature",
   "id": "LU-063",
   "geometry": {
    "type": "Polygon",
    "coordinates": [
     [
      [
       116.34545906870426,
       39.94288323639132
      ],
      [
       116.3462814912202,
       39.94288787662882
      ],
      [
       116.345908045077,
       39.939473556980616
      ],
      [
       116.34509195462834,
       39.93952644158056
      ],
      [
       116.34545906870426,
       39.94288323639132
      ]
     ]
    ]
   },
   "properties": {
    "id": "LU-063",
    "layer": "LAND_USE",
    "source_type": "agent_generated_design",
    "confidence": "medium",
    "geometry_role": "design_proposal",
    "land_use_code": "1401",
    "land_use_label_zh": "公园绿地",
    "design_note_zh": "智脊线性公园（遗址铁路廊道复合绿廊）",
    "area_sqm_declared": 26407.8,
    "official_boundary": false,
    "boundary_precision": "provisional_rough"
   }
  },
  {
   "type": "Feature",
   "id": "LU-064",
   "geometry": {
    "type": "Polygon",
    "coordinates": [
     [
      [
       116.3486605473577,
       39.95681741574035
      ],
      [
       116.34837969174593,
       39.95681583739433
      ],
      [
       116.34829077328546,
       39.96618211031349
      ],
      [
       116.34857166721548,
       39.9661836891803
      ],
      [
       116.3486605473577,
       39.95681741574035
      ]
     ]
    ]
   },
   "properties": {
    "id": "LU-064",
    "layer": "LAND_USE",
    "source_type": "agent_generated_design",
    "confidence": "medium",
    "geometry_role": "design_proposal",
    "land_use_code": "1207",
    "land_use_label_zh": "城镇村道路用地",
    "design_note_zh": "西土城路道路用地（按secondary假定断面）",
    "area_sqm_declared": 24961.0,
    "official_boundary": false,
    "boundary_precision": "provisional_rough"
   }
  },
  {
   "type": "Feature",
   "id": "LU-065",
   "geometry": {
    "type": "Polygon",
    "coordinates": [
     [
      [
       116.3468763178468,
       39.993500128826156
      ],
      [
       116.34646649587553,
       39.993500125896176
      ],
      [
       116.3464247197222,
       39.9978825821604
      ],
      [
       116.34640750114937,
       39.99968858697736
      ],
      [
       116.34640544040207,
       39.999904721665665
      ],
      [
       116.34670258340708,
       39.999906397021086
      ],
      [
       116.34681527867524,
       39.99990703222169
      ],
      [
       116.34681733813056,
       39.999690897515805
      ],
      [
       116.3468763178468,
       39.993500128826156
      ]
     ]
    ]
   },
   "properties": {
    "id": "LU-065",
    "layer": "LAND_USE",
    "source_type": "agent_generated_design",
    "confidence": "medium",
    "geometry_role": "design_proposal",
    "land_use_code": "1207",
    "land_use_label_zh": "城镇村道路用地",
    "design_note_zh": "学院路-学清路道路用地（按arterial假定断面）",
    "area_sqm_declared": 24895.7,
    "official_boundary": false,
    "boundary_precision": "provisional_rough"
   }
  },
  {
   "type": "Feature",
   "id": "LU-066",
   "geometry": {
    "type": "Polygon",
    "coordinates": [
     [
      [
       116.3513674301975,
       40.02650014707957
      ],
      [
       116.351372166214,
       40.02600009493362
      ],
      [
       116.34656648473363,
       40.026000114398165
      ],
      [
       116.34615646837564,
       40.02600010683106
      ],
      [
       116.34615169448982,
       40.02650013625696
      ],
      [
       116.34628870236457,
       40.02650013954377
      ],
      [
       116.34656171382468,
       40.02650014561027
      ],
      [
       116.3513674301975,
       40.02650014707957
      ]
     ]
    ]
   },
   "properties": {
    "id": "LU-066",
    "layer": "LAND_USE",
    "source_type": "agent_generated_design",
    "confidence": "medium",
    "geometry_role": "design_proposal",
    "land_use_code": "1402",
    "land_use_label_zh": "防护绿地",
    "design_note_zh": "京藏高速-北五环防护绿带",
    "area_sqm_declared": 24721.4,
    "official_boundary": false,
    "boundary_precision": "provisional_rough"
   }
  },
  {
   "type": "Feature",
   "id": "LU-067",
   "geometry": {
    "type": "Polygon",
    "coordinates": [
     [
      [
       116.34563325391544,
       40.02146713862094
      ],
      [
       116.34619970959353,
       40.02147033595018
      ],
      [
       116.34629818024388,
       40.01115111662302
      ],
      [
       116.34620977442513,
       40.01360871627959
      ],
      [
       116.34620928026581,
       40.01361775629715
      ],
      [
       116.34563325391544,
       40.02146713862094
      ]
     ]
    ]
   },
   "properties": {
    "id": "LU-067",
    "layer": "LAND_USE",
    "source_type": "agent_generated_design",
    "confidence": "medium",
    "geometry_role": "design_proposal",
    "land_use_code": "0802",
    "land_use_label_zh": "科研用地",
    "design_note_zh": "众智园加速区核心科研组团",
    "area_sqm_declared": 24278.6,
    "official_boundary": false,
    "boundary_precision": "provisional_rough"
   }
  },
  {
   "type": "Feature",
   "id": "LU-068",
   "geometry": {
    "type": "Polygon",
    "coordinates": [
     [
      [
       116.34459065511956,
       40.024482238944046
      ],
      [
       116.34540934511234,
       40.024517759611555
      ],
      [
       116.34560021774038,
       40.02191725517964
      ],
      [
       116.34563325391544,
       40.02146713862094
      ],
      [
       116.34481233342639,
       40.02146250006396
      ],
      [
       116.34477929186241,
       40.021912616345574
      ],
      [
       116.34459065511956,
       40.024482238944046
      ]
     ]
    ]
   },
   "properties": {
    "id": "LU-068",
    "layer": "LAND_USE",
    "source_type": "agent_generated_design",
    "confidence": "medium",
    "geometry_role": "design_proposal",
    "land_use_code": "1401",
    "land_use_label_zh": "公园绿地",
    "design_note_zh": "智脊线性公园（遗址铁路廊道复合绿廊）",
    "area_sqm_declared": 23629.2,
    "official_boundary": false,
    "boundary_precision": "provisional_rough"
   }
  },
  {
   "type": "Feature",
   "id": "LU-069",
   "geometry": {
    "type": "Polygon",
    "coordinates": [
     [
      [
       116.34693772168454,
       39.94400017169321
      ],
      [
       116.34688218734539,
       39.949840170937634
      ],
      [
       116.34729174859991,
       39.94984017592975
      ],
      [
       116.34734724811307,
       39.94400017648862
      ],
      [
       116.34693772168454,
       39.94400017169321
      ]
     ]
    ]
   },
   "properties": {
    "id": "LU-069",
    "layer": "LAND_USE",
    "source_type": "agent_generated_design",
    "confidence": "medium",
    "geometry_role": "design_proposal",
    "land_use_code": "1207",
    "land_use_label_zh": "城镇村道路用地",
    "design_note_zh": "学院路-学清路道路用地（按arterial假定断面）",
    "area_sqm_declared": 22696.7,
    "official_boundary": false,
    "boundary_precision": "provisional_rough"
   }
  },
  {
   "type": "Feature",
   "id": "LU-070",
   "geometry": {
    "type": "Polygon",
    "coordinates": [
     [
      [
       116.35199619344199,
       40.02195319795956
      ],
      [
       116.3514105212137,
       40.02194992140391
      ],
      [
       116.351372166214,
       40.02600009493362
      ],
      [
       116.35195790423052,
       40.0260000789345
      ],
      [
       116.35199619344199,
       40.02195319795956
      ]
     ]
    ]
   },
   "properties": {
    "id": "LU-070",
    "layer": "LAND_USE",
    "source_type": "agent_generated_design",
    "confidence": "medium",
    "geometry_role": "design_proposal",
    "land_use_code": "1207",
    "land_use_label_zh": "城镇村道路用地",
    "design_note_zh": "京藏高速-G6辅路道路用地（按expressway假定断面）",
    "area_sqm_declared": 22477.9,
    "official_boundary": false,
    "boundary_precision": "provisional_rough"
   }
  },
  {
   "type": "Feature",
   "id": "LU-071",
   "geometry": {
    "type": "Polygon",
    "coordinates": [
     [
      [
       116.34660967684839,
       40.02147264826142
      ],
      [
       116.34619970959353,
       40.02147033595018
      ],
      [
       116.34619541166865,
       40.0219206148254
      ],
      [
       116.34660538161803,
       40.0219229271733
      ],
      [
       116.3514105212137,
       40.02194992140391
      ],
      [
       116.35141478486182,
       40.021499642064065
      ],
      [
       116.34660967684839,
       40.02147264826142
      ]
     ]
    ]
   },
   "properties": {
    "id": "LU-071",
    "layer": "LAND_USE",
    "source_type": "agent_generated_design",
    "confidence": "medium",
    "geometry_role": "design_proposal",
    "land_use_code": "1207",
    "land_use_label_zh": "城镇村道路用地",
    "design_note_zh": "北五环道路用地（按arterial假定断面）",
    "area_sqm_declared": 22261.2,
    "official_boundary": false,
    "boundary_precision": "provisional_rough"
   }
  },
  {
   "type": "Feature",
   "id": "LU-072",
   "geometry": {
    "type": "Polygon",
    "coordinates": [
     [
      [
       116.34856739325289,
       39.96663397257659
      ],
      [
       116.34828649748029,
       39.96663239368474
      ],
      [
       116.34820750541601,
       39.97494918885228
      ],
      [
       116.3484884352292,
       39.9749507682067
      ],
      [
       116.34856739325289,
       39.96663397257659
      ]
     ]
    ]
   },
   "properties": {
    "id": "LU-072",
    "layer": "LAND_USE",
    "source_type": "agent_generated_design",
    "confidence": "medium",
    "geometry_role": "design_proposal",
    "land_use_code": "1207",
    "land_use_label_zh": "城镇村道路用地",
    "design_note_zh": "西土城路道路用地（按secondary假定断面）",
    "area_sqm_declared": 22164.2,
    "official_boundary": false,
    "boundary_precision": "provisional_rough"
   }
  },
  {
   "type": "Feature",
   "id": "LU-073",
   "geometry": {
    "type": "Polygon",
    "coordinates": [
     [
      [
       116.35450143817515,
       39.97498440934391
      ],
      [
       116.3484884352292,
       39.9749507682067
      ],
      [
       116.34820750541601,
       39.97494918885228
      ],
      [
       116.34820451105108,
       39.9752643867325
      ],
      [
       116.34848544215465,
       39.97526596610445
      ],
      [
       116.35447623411481,
       39.97529948377
      ],
      [
       116.35450143817515,
       39.97498440934391
      ]
     ]
    ]
   },
   "properties": {
    "id": "LU-073",
    "layer": "LAND_USE",
    "source_type": "agent_generated_design",
    "confidence": "medium",
    "geometry_role": "design_proposal",
    "land_use_code": "1207",
    "land_use_label_zh": "城镇村道路用地",
    "design_note_zh": "知春路道路用地（按arterial假定断面）",
    "area_sqm_declared": 18786.0,
    "official_boundary": false,
    "boundary_precision": "provisional_rough"
   }
  },
  {
   "type": "Feature",
   "id": "LU-074",
   "geometry": {
    "type": "Polygon",
    "coordinates": [
     [
      [
       116.35530000873922,
       39.94307594516744
      ],
      [
       116.35530000849722,
       39.942938377743744
      ],
      [
       116.34735775922387,
       39.94289394028897
      ],
      [
       116.34735570560483,
       39.94311007714229
      ],
      [
       116.35530000887579,
       39.943154526218414
      ],
      [
       116.35530000873922,
       39.94307594516744
      ]
     ]
    ]
   },
   "properties": {
    "id": "LU-074",
    "layer": "LAND_USE",
    "source_type": "agent_generated_design",
    "confidence": "medium",
    "geometry_role": "design_proposal",
    "land_use_code": "1207",
    "land_use_label_zh": "城镇村道路用地",
    "design_note_zh": "高梁桥斜街道路用地（按secondary假定断面）",
    "area_sqm_declared": 16293.9,
    "official_boundary": false,
    "boundary_precision": "provisional_rough"
   }
  },
  {
   "type": "Feature",
   "id": "LU-075",
   "geometry": {
    "type": "Polygon",
    "coordinates": [
     [
      [
       116.34698525478586,
       39.9390002253862
      ],
      [
       116.34694826126909,
       39.942891634367975
      ],
      [
       116.34694620636174,
       39.94310777120375
      ],
      [
       116.34735570560483,
       39.94311007714229
      ],
      [
       116.34735775922387,
       39.94289394028897
      ],
      [
       116.34739475142283,
       39.9390002282472
      ],
      [
       116.34698525478586,
       39.9390002253862
      ]
     ]
    ]
   },
   "properties": {
    "id": "LU-075",
    "layer": "LAND_USE",
    "source_type": "agent_generated_design",
    "confidence": "medium",
    "geometry_role": "design_proposal",
    "land_use_code": "1207",
    "land_use_label_zh": "城镇村道路用地",
    "design_note_zh": "学院路-学清路道路用地（按arterial假定断面）",
    "area_sqm_declared": 15968.1,
    "official_boundary": false,
    "boundary_precision": "provisional_rough"
   }
  },
  {
   "type": "Feature",
   "id": "LU-076",
   "geometry": {
    "type": "Polygon",
    "coordinates": [
     [
      [
       116.34660538161803,
       40.0219229271733
      ],
      [
       116.34619541166865,
       40.0219206148254
      ],
      [
       116.34615646837564,
       40.02600010683106
      ],
      [
       116.34656648473363,
       40.026000114398165
      ],
      [
       116.34660538161803,
       40.0219229271733
      ]
     ]
    ]
   },
   "properties": {
    "id": "LU-076",
    "layer": "LAND_USE",
    "source_type": "agent_generated_design",
    "confidence": "medium",
    "geometry_role": "design_proposal",
    "land_use_code": "1207",
    "land_use_label_zh": "城镇村道路用地",
    "design_note_zh": "学院路-学清路道路用地（按arterial假定断面）",
    "area_sqm_declared": 15850.4,
    "official_boundary": false,
    "boundary_precision": "provisional_rough"
   }
  },
  {
   "type": "Feature",
   "id": "LU-077",
   "geometry": {
    "type": "Polygon",
    "coordinates": [
     [
      [
       116.34681527867524,
       39.99990703222169
      ],
      [
       116.34670258340708,
       39.999906397021086
      ],
      [
       116.34642950173763,
       40.00750011201896
      ],
      [
       116.34674291324072,
       40.00750011719475
      ],
      [
       116.34681527867524,
       39.99990703222169
      ]
     ]
    ]
   },
   "properties": {
    "id": "LU-077",
    "layer": "LAND_USE",
    "source_type": "agent_generated_design",
    "confidence": "medium",
    "geometry_role": "design_proposal",
    "land_use_code": "1207",
    "land_use_label_zh": "城镇村道路用地",
    "design_note_zh": "学院路-学清路道路用地（按arterial假定断面）",
    "area_sqm_declared": 15339.9,
    "official_boundary": false,
    "boundary_precision": "provisional_rough"
   }
  },
  {
   "type": "Feature",
   "id": "LU-078",
   "geometry": {
    "type": "Polygon",
    "coordinates": [
     [
      [
       116.3464247197222,
       39.9978825821604
      ],
      [
       116.34646649587553,
       39.993500125896176
      ],
      [
       116.3457299100817,
       39.993500116986986
      ],
      [
       116.3464247197222,
       39.9978825821604
      ]
     ]
    ]
   },
   "properties": {
    "id": "LU-078",
    "layer": "LAND_USE",
    "source_type": "agent_generated_design",
    "confidence": "medium",
    "geometry_role": "design_proposal",
    "land_use_code": "0701",
    "land_use_label_zh": "城镇住宅用地",
    "design_note_zh": "王庄-东王庄现状住区（保留提升）",
    "area_sqm_declared": 15306.3,
    "official_boundary": false,
    "boundary_precision": "provisional_rough"
   }
  },
  {
   "type": "Feature",
   "id": "LU-079",
   "geometry": {
    "type": "Polygon",
    "coordinates": [
     [
      [
       116.34106926108389,
       39.96659159276207
      ],
      [
       116.3407883659062,
       39.966589995702925
      ],
      [
       116.34074871577263,
       39.97071756986433
      ],
      [
       116.34099876649901,
       39.973932607331925
      ],
      [
       116.34106926108389,
       39.96659159276207
      ]
     ]
    ]
   },
   "properties": {
    "id": "LU-079",
    "layer": "LAND_USE",
    "source_type": "agent_generated_design",
    "confidence": "medium",
    "geometry_role": "design_proposal",
    "land_use_code": "1207",
    "land_use_label_zh": "城镇村道路用地",
    "design_note_zh": "荷清路-大钟寺东路道路用地（按secondary假定断面）",
    "area_sqm_declared": 15281.9,
    "official_boundary": false,
    "boundary_precision": "provisional_rough"
   }
  },
  {
   "type": "Feature",
   "id": "LU-080",
   "geometry": {
    "type": "Polygon",
    "coordinates": [
     [
      [
       116.35383760560265,
       39.99981468029287
      ],
      [
       116.35383297891909,
       39.99973022484126
      ],
      [
       116.34681733813056,
       39.999690897515805
      ],
      [
       116.34681527867524,
       39.99990703222169
      ],
      [
       116.35384482360227,
       39.99994643724375
      ],
      [
       116.35383760560265,
       39.99981468029287
      ]
     ]
    ]
   },
   "properties": {
    "id": "LU-080",
    "layer": "LAND_USE",
    "source_type": "agent_generated_design",
    "confidence": "medium",
    "geometry_role": "design_proposal",
    "land_use_code": "1207",
    "land_use_label_zh": "城镇村道路用地",
    "design_note_zh": "清华东路道路用地（按secondary假定断面）",
    "area_sqm_declared": 14393.4,
    "official_boundary": false,
    "boundary_precision": "provisional_rough"
   }
  },
  {
   "type": "Feature",
   "id": "LU-081",
   "geometry": {
    "type": "Polygon",
    "coordinates": [
     [
      [
       116.34105318895394,
       39.93900002170104
      ],
      [
       116.34070000000001,
       39.93899999999999
      ],
      [
       116.3405929611337,
       39.94285566165697
      ],
      [
       116.34101617942724,
       39.94285806801461
      ],
      [
       116.34105318895394,
       39.93900002170104
      ]
     ]
    ]
   },
   "properties": {
    "id": "LU-081",
    "layer": "LAND_USE",
    "source_type": "agent_generated_design",
    "confidence": "medium",
    "geometry_role": "design_proposal",
    "land_use_code": "0803",
    "land_use_label_zh": "文化用地",
    "design_note_zh": "西直门南门户：京张记忆文化展示（近北京北站）",
    "area_sqm_declared": 14210.4,
    "official_boundary": false,
    "boundary_precision": "provisional_rough"
   }
  },
  {
   "type": "Feature",
   "id": "LU-082",
   "geometry": {
    "type": "Polygon",
    "coordinates": [
     [
      [
       116.35530001442547,
       39.95663838191348
      ],
      [
       116.34866259786577,
       39.95660127934344
      ],
      [
       116.34838174313802,
       39.95659970100944
      ],
      [
       116.34837969174593,
       39.95681583739433
      ],
      [
       116.3486605473577,
       39.95681741574035
      ],
      [
       116.35530001422482,
       39.95685452987903
      ],
      [
       116.35530001441113,
       39.95665416302388
      ],
      [
       116.35530001442547,
       39.95663838191348
      ]
     ]
    ]
   },
   "properties": {
    "id": "LU-082",
    "layer": "LAND_USE",
    "source_type": "agent_generated_design",
    "confidence": "medium",
    "geometry_role": "design_proposal",
    "land_use_code": "1207",
    "land_use_label_zh": "城镇村道路用地",
    "design_note_zh": "学院南路道路用地（按secondary假定断面）",
    "area_sqm_declared": 14190.6,
    "official_boundary": false,
    "boundary_precision": "provisional_rough"
   }
  },
  {
   "type": "Feature",
   "id": "LU-083",
   "geometry": {
    "type": "Polygon",
    "coordinates": [
     [
      [
       116.34670258340708,
       39.999906397021086
      ],
      [
       116.34640544040207,
       39.999904721665665
      ],
      [
       116.3463330075917,
       40.00750011025477
      ],
      [
       116.34642950173763,
       40.00750011201896
      ],
      [
       116.34670258340708,
       39.999906397021086
      ]
     ]
    ]
   },
   "properties": {
    "id": "LU-083",
    "layer": "LAND_USE",
    "source_type": "agent_generated_design",
    "confidence": "medium",
    "geometry_role": "design_proposal",
    "land_use_code": "1207",
    "land_use_label_zh": "城镇村道路用地",
    "design_note_zh": "学院路-学清路道路用地（按arterial假定断面）",
    "area_sqm_declared": 14174.8,
    "official_boundary": false,
    "boundary_precision": "provisional_rough"
   }
  },
  {
   "type": "Feature",
   "id": "LU-084",
   "geometry": {
    "type": "Polygon",
    "coordinates": [
     [
      [
       116.34664331653835,
       39.97494038271589
      ],
      [
       116.34189592757376,
       39.97491352640776
      ],
      [
       116.34190820546004,
       39.97507135418785
      ],
      [
       116.34193335194738,
       39.97522895353047
      ],
      [
       116.34664031498872,
       39.97525558049836
      ],
      [
       116.34664331653835,
       39.97494038271589
      ]
     ]
    ]
   },
   "properties": {
    "id": "LU-084",
    "layer": "LAND_USE",
    "source_type": "agent_generated_design",
    "confidence": "medium",
    "geometry_role": "design_proposal",
    "land_use_code": "1207",
    "land_use_label_zh": "城镇村道路用地",
    "design_note_zh": "知春路道路用地（按arterial假定断面）",
    "area_sqm_declared": 14144.2,
    "official_boundary": false,
    "boundary_precision": "provisional_rough"
   }
  },
  {
   "type": "Feature",
   "id": "LU-085",
   "geometry": {
    "type": "Polygon",
    "coordinates": [
     [
      [
       116.34079269089698,
       39.96613971300408
      ],
      [
       116.34107358423208,
       39.9661413100379
      ],
      [
       116.34113421184117,
       39.95982549696864
      ],
      [
       116.34082863305305,
       39.96239731608079
      ],
      [
       116.34079269089698,
       39.96613971300408
      ]
     ]
    ]
   },
   "properties": {
    "id": "LU-085",
    "layer": "LAND_USE",
    "source_type": "agent_generated_design",
    "confidence": "medium",
    "geometry_role": "design_proposal",
    "land_use_code": "1207",
    "land_use_label_zh": "城镇村道路用地",
    "design_note_zh": "荷清路-大钟寺东路道路用地（按secondary假定断面）",
    "area_sqm_declared": 13402.5,
    "official_boundary": false,
    "boundary_precision": "provisional_rough"
   }
  },
  {
   "type": "Feature",
   "id": "LU-086",
   "geometry": {
    "type": "Polygon",
    "coordinates": [
     [
      [
       116.3464816978273,
       39.99190515198288
      ],
      [
       116.34547616125523,
       39.991899477838494
      ],
      [
       116.3457299100817,
       39.993500116986986
      ],
      [
       116.34646649587553,
       39.993500125896176
      ],
      [
       116.3464816978273,
       39.99190515198288
      ]
     ]
    ]
   },
   "properties": {
    "id": "LU-086",
    "layer": "LAND_USE",
    "source_type": "agent_generated_design",
    "confidence": "medium",
    "geometry_role": "design_proposal",
    "land_use_code": "0802",
    "land_use_label_zh": "科研用地",
    "design_note_zh": "AI原点社区成果孵化组团",
    "area_sqm_declared": 13195.7,
    "official_boundary": false,
    "boundary_precision": "provisional_rough"
   }
  },
  {
   "type": "Feature",
   "id": "LU-087",
   "geometry": {
    "type": "Polygon",
    "coordinates": [
     [
      [
       116.34547616125523,
       39.991899477838494
      ],
      [
       116.34464974848454,
       39.99189480794058
      ],
      [
       116.34490421552725,
       39.993500101434854
      ],
      [
       116.3457299100817,
       39.993500116986986
      ],
      [
       116.34547616125523,
       39.991899477838494
      ]
     ]
    ]
   },
   "properties": {
    "id": "LU-087",
    "layer": "LAND_USE",
    "source_type": "agent_generated_design",
    "confidence": "medium",
    "geometry_role": "design_proposal",
    "land_use_code": "1401",
    "land_use_label_zh": "公园绿地",
    "design_note_zh": "智脊线性公园（遗址铁路廊道复合绿廊）",
    "area_sqm_declared": 12551.7,
    "official_boundary": false,
    "boundary_precision": "provisional_rough"
   }
  },
  {
   "type": "Feature",
   "id": "LU-088",
   "geometry": {
    "type": "Polygon",
    "coordinates": [
     [
      [
       116.35300000143266,
       39.99172557589397
      ],
      [
       116.34689354692352,
       39.991691326879696
      ],
      [
       116.3468914882913,
       39.9919074618881
      ],
      [
       116.35300000129122,
       39.991941722546784
      ],
      [
       116.35300000143266,
       39.99172557589397
      ]
     ]
    ]
   },
   "properties": {
    "id": "LU-088",
    "layer": "LAND_USE",
    "source_type": "agent_generated_design",
    "confidence": "medium",
    "geometry_role": "design_proposal",
    "land_use_code": "1207",
    "land_use_label_zh": "城镇村道路用地",
    "design_note_zh": "成府路道路用地（按secondary假定断面）",
    "area_sqm_declared": 12519.3,
    "official_boundary": false,
    "boundary_precision": "provisional_rough"
   }
  },
  {
   "type": "Feature",
   "id": "LU-089",
   "geometry": {
    "type": "Polygon",
    "coordinates": [
     [
      [
       116.34116348722488,
       39.95677505057678
      ],
      [
       116.3408826322077,
       39.95677345406976
      ],
      [
       116.34082863305305,
       39.96239731608079
      ],
      [
       116.34113421184117,
       39.95982549696864
      ],
      [
       116.34116348722488,
       39.95677505057678
      ]
     ]
    ]
   },
   "properties": {
    "id": "LU-089",
    "layer": "LAND_USE",
    "source_type": "agent_generated_design",
    "confidence": "medium",
    "geometry_role": "design_proposal",
    "land_use_code": "1207",
    "land_use_label_zh": "城镇村道路用地",
    "design_note_zh": "荷清路-大钟寺东路道路用地（按secondary假定断面）",
    "area_sqm_declared": 11558.5,
    "official_boundary": false,
    "boundary_precision": "provisional_rough"
   }
  },
  {
   "type": "Feature",
   "id": "LU-090",
   "geometry": {
    "type": "Polygon",
    "coordinates": [
     [
      [
       116.34105318895394,
       39.93900002170104
      ],
      [
       116.34101617942724,
       39.94285806801461
      ],
      [
       116.34101410585713,
       39.94307420459482
      ],
      [
       116.34129490486225,
       39.94307580033162
      ],
      [
       116.34129697754892,
       39.94285966373926
      ],
      [
       116.34133398644774,
       39.939000038186336
      ],
      [
       116.34105318895394,
       39.93900002170104
      ]
     ]
    ]
   },
   "properties": {
    "id": "LU-090",
    "layer": "LAND_USE",
    "source_type": "agent_generated_design",
    "confidence": "medium",
    "geometry_role": "design_proposal",
    "land_use_code": "1207",
    "land_use_label_zh": "城镇村道路用地",
    "design_note_zh": "荷清路-大钟寺东路道路用地（按secondary假定断面）",
    "area_sqm_declared": 10859.7,
    "official_boundary": false,
    "boundary_precision": "provisional_rough"
   }
  },
  {
   "type": "Feature",
   "id": "LU-091",
   "geometry": {
    "type": "Polygon",
    "coordinates": [
     [
      [
       116.34300000632459,
       40.02145223903663
      ],
      [
       116.34245356843132,
       40.021449139654685
      ],
      [
       116.34247554353105,
       40.02189956741385
      ],
      [
       116.34300000588229,
       40.0219025421094
      ],
      [
       116.34477929186241,
       40.021912616345574
      ],
      [
       116.34481233342639,
       40.02146250006396
      ],
      [
       116.34300000632459,
       40.02145223903663
      ]
     ]
    ]
   },
   "properties": {
    "id": "LU-091",
    "layer": "LAND_USE",
    "source_type": "agent_generated_design",
    "confidence": "medium",
    "geometry_role": "design_proposal",
    "land_use_code": "1207",
    "land_use_label_zh": "城镇村道路用地",
    "design_note_zh": "北五环道路用地（按arterial假定断面）",
    "area_sqm_declared": 9951.3,
    "official_boundary": false,
    "boundary_precision": "provisional_rough"
   }
  },
  {
   "type": "Feature",
   "id": "LU-092",
   "geometry": {
    "type": "Polygon",
    "coordinates": [
     [
      [
       116.35153388601053,
       40.008917385267196
      ],
      [
       116.34672966021739,
       40.00889040342106
      ],
      [
       116.34672759981498,
       40.00910653777906
      ],
      [
       116.35153184075796,
       40.009133519830534
      ],
      [
       116.35153388601053,
       40.008917385267196
      ]
     ]
    ]
   },
   "properties": {
    "id": "LU-092",
    "layer": "LAND_USE",
    "source_type": "agent_generated_design",
    "confidence": "medium",
    "geometry_role": "design_proposal",
    "land_use_code": "1207",
    "land_use_label_zh": "城镇村道路用地",
    "design_note_zh": "双清路-月泉路道路用地（按secondary假定断面）",
    "area_sqm_declared": 9845.4,
    "official_boundary": false,
    "boundary_precision": "provisional_rough"
   }
  },
  {
   "type": "Feature",
   "id": "LU-093",
   "geometry": {
    "type": "Polygon",
    "coordinates": [
     [
      [
       116.34555961482013,
       40.0088838019654
      ],
      [
       116.34631976823256,
       40.00888809213402
      ],
      [
       116.3463330075917,
       40.00750011025477
      ],
      [
       116.3456093994342,
       40.00750009446473
      ],
      [
       116.34555961482013,
       40.0088838019654
      ]
     ]
    ]
   },
   "properties": {
    "id": "LU-093",
    "layer": "LAND_USE",
    "source_type": "agent_generated_design",
    "confidence": "medium",
    "geometry_role": "design_proposal",
    "land_use_code": "1401",
    "land_use_label_zh": "公园绿地",
    "design_note_zh": "智脊线性公园（遗址铁路廊道复合绿廊）",
    "area_sqm_declared": 9748.6,
    "official_boundary": false,
    "boundary_precision": "provisional_rough"
   }
  },
  {
   "type": "Feature",
   "id": "LU-094",
   "geometry": {
    "type": "Polygon",
    "coordinates": [
     [
      [
       116.34129528048909,
       39.99972888477709
      ],
      [
       116.34130476405758,
       39.99987584417926
      ],
      [
       116.34588273773092,
       39.999901772708
      ],
      [
       116.34588946285072,
       39.99971480087044
      ],
      [
       116.34588483915233,
       39.999685638262406
      ],
      [
       116.34129081062436,
       39.999659618601925
      ],
      [
       116.34129528048909,
       39.99972888477709
      ]
     ]
    ]
   },
   "properties": {
    "id": "LU-094",
    "layer": "LAND_USE",
    "source_type": "agent_generated_design",
    "confidence": "medium",
    "geometry_role": "design_proposal",
    "land_use_code": "1207",
    "land_use_label_zh": "城镇村道路用地",
    "design_note_zh": "清华东路道路用地（按secondary假定断面）",
    "area_sqm_declared": 9404.5,
    "official_boundary": false,
    "boundary_precision": "provisional_rough"
   }
  },
  {
   "type": "Feature",
   "id": "LU-095",
   "geometry": {
    "type": "Polygon",
    "coordinates": [
     [
      [
       116.34681797232828,
       39.95659090056266
      ],
      [
       116.34234410740682,
       39.95656560644288
      ],
      [
       116.34231844856724,
       39.95678160874682
      ],
      [
       116.34681591601404,
       39.95680703688054
      ],
      [
       116.34681797232828,
       39.95659090056266
      ]
     ]
    ]
   },
   "properties": {
    "id": "LU-095",
    "layer": "LAND_USE",
    "source_type": "agent_generated_design",
    "confidence": "medium",
    "geometry_role": "design_proposal",
    "land_use_code": "1207",
    "land_use_label_zh": "城镇村道路用地",
    "design_note_zh": "学院南路道路用地（按secondary假定断面）",
    "area_sqm_declared": 9199.6,
    "official_boundary": false,
    "boundary_precision": "provisional_rough"
   }
  },
  {
   "type": "Feature",
   "id": "LU-096",
   "geometry": {
    "type": "Polygon",
    "coordinates": [
     [
      [
       116.34558122640262,
       39.94400014547718
      ],
      [
       116.34640315676711,
       39.94400016325702
      ],
      [
       116.34630514853802,
       39.943104158426834
      ],
      [
       116.3462814912202,
       39.94288787662882
      ],
      [
       116.34545906870426,
       39.94288323639132
      ],
      [
       116.3454827234287,
       39.943099518336396
      ],
      [
       116.34558122640262,
       39.94400014547718
      ]
     ]
    ]
   },
   "properties": {
    "id": "LU-096",
    "layer": "LAND_USE",
    "source_type": "agent_generated_design",
    "confidence": "medium",
    "geometry_role": "design_proposal",
    "land_use_code": "1401",
    "land_use_label_zh": "公园绿地",
    "design_note_zh": "智脊线性公园（遗址铁路廊道复合绿廊）",
    "area_sqm_declared": 8694.0,
    "official_boundary": false,
    "boundary_precision": "provisional_rough"
   }
  },
  {
   "type": "Feature",
   "id": "LU-097",
   "geometry": {
    "type": "Polygon",
    "coordinates": [
     [
      [
       116.34545906870426,
       39.94288323639132
      ],
      [
       116.34129697754892,
       39.94285966373926
      ],
      [
       116.34129490486225,
       39.94307580033162
      ],
      [
       116.3454827234287,
       39.943099518336396
      ],
      [
       116.34545906870426,
       39.94288323639132
      ]
     ]
    ]
   },
   "properties": {
    "id": "LU-097",
    "layer": "LAND_USE",
    "source_type": "agent_generated_design",
    "confidence": "medium",
    "geometry_role": "design_proposal",
    "land_use_code": "1207",
    "land_use_label_zh": "城镇村道路用地",
    "design_note_zh": "高梁桥斜街道路用地（按secondary假定断面）",
    "area_sqm_declared": 8564.0,
    "official_boundary": false,
    "boundary_precision": "provisional_rough"
   }
  },
  {
   "type": "Feature",
   "id": "LU-098",
   "geometry": {
    "type": "Polygon",
    "coordinates": [
     [
      [
       116.35400000616134,
       40.021514082699234
      ],
      [
       116.35200045324073,
       40.02150291856776
      ],
      [
       116.35199619344199,
       40.02195319795956
      ],
      [
       116.35400000572098,
       40.02196438593949
      ],
      [
       116.35400000616134,
       40.021514082699234
      ]
     ]
    ]
   },
   "properties": {
    "id": "LU-098",
    "layer": "LAND_USE",
    "source_type": "agent_generated_design",
    "confidence": "medium",
    "geometry_role": "design_proposal",
    "land_use_code": "1207",
    "land_use_label_zh": "城镇村道路用地",
    "design_note_zh": "北五环道路用地（按arterial假定断面）",
    "area_sqm_declared": 8544.4,
    "official_boundary": false,
    "boundary_precision": "provisional_rough"
   }
  },
  {
   "type": "Feature",
   "id": "LU-099",
   "geometry": {
    "type": "Polygon",
    "coordinates": [
     [
      [
       116.34630514853802,
       39.943104158426834
      ],
      [
       116.34640315676711,
       39.94400016325702
      ],
      [
       116.34693772168454,
       39.94400017169321
      ],
      [
       116.34734724811307,
       39.94400017648862
      ],
      [
       116.34735570560483,
       39.94311007714229
      ],
      [
       116.34694620636174,
       39.94310777120375
      ],
      [
       116.34630514853802,
       39.943104158426834
      ]
     ]
    ]
   },
   "properties": {
    "id": "LU-099",
    "layer": "LAND_USE",
    "source_type": "agent_generated_design",
    "confidence": "medium",
    "geometry_role": "design_proposal",
    "land_use_code": "0803",
    "land_use_label_zh": "文化用地",
    "design_note_zh": "西直门南门户：京张记忆文化展示（近北京北站）",
    "area_sqm_declared": 8451.2,
    "official_boundary": false,
    "boundary_precision": "provisional_rough"
   }
  },
  {
   "type": "Feature",
   "id": "LU-100",
   "geometry": {
    "type": "Polygon",
    "coordinates": [
     [
      [
       116.34039253141617,
       39.96613743670076
      ],
      [
       116.34079269089698,
       39.96613971300408
      ],
      [
       116.34082863305305,
       39.96239731608079
      ],
      [
       116.34039205487578,
       39.96607129803532
      ],
      [
       116.34039040352049,
       39.966095048631225
      ],
      [
       116.34039108431298,
       39.9661188274231
      ],
      [
       116.34039253141617,
       39.96613743670076
      ]
     ]
    ]
   },
   "properties": {
    "id": "LU-100",
    "layer": "LAND_USE",
    "source_type": "agent_generated_design",
    "confidence": "medium",
    "geometry_role": "design_proposal",
    "land_use_code": "1401",
    "land_use_label_zh": "公园绿地",
    "design_note_zh": "智脊线性公园（遗址铁路廊道复合绿廊）",
    "area_sqm_declared": 7250.0,
    "official_boundary": false,
    "boundary_precision": "provisional_rough"
   }
  },
  {
   "type": "Feature",
   "id": "LU-101",
   "geometry": {
    "type": "Polygon",
    "coordinates": [
     [
      [
       116.3407883659062,
       39.966589995702925
      ],
      [
       116.34042756413962,
       39.96658794332775
      ],
      [
       116.34074871577263,
       39.97071756986433
      ],
      [
       116.3407883659062,
       39.966589995702925
      ]
     ]
    ]
   },
   "properties": {
    "id": "LU-101",
    "layer": "LAND_USE",
    "source_type": "agent_generated_design",
    "confidence": "medium",
    "geometry_role": "design_proposal",
    "land_use_code": "1401",
    "land_use_label_zh": "公园绿地",
    "design_note_zh": "智脊线性公园（遗址铁路廊道复合绿廊）",
    "area_sqm_declared": 7064.6,
    "official_boundary": false,
    "boundary_precision": "provisional_rough"
   }
  },
  {
   "type": "Feature",
   "id": "LU-102",
   "geometry": {
    "type": "Polygon",
    "coordinates": [
     [
      [
       116.34070846517741,
       39.97490677844929
      ],
      [
       116.34098939439541,
       39.9749083759763
      ],
      [
       116.34099876649901,
       39.973932607331925
      ],
      [
       116.34074871577263,
       39.97071756986433
      ],
      [
       116.34070846517741,
       39.97490677844929
      ]
     ]
    ]
   },
   "properties": {
    "id": "LU-102",
    "layer": "LAND_USE",
    "source_type": "agent_generated_design",
    "confidence": "medium",
    "geometry_role": "design_proposal",
    "land_use_code": "1207",
    "land_use_label_zh": "城镇村道路用地",
    "design_note_zh": "荷清路-大钟寺东路道路用地（按secondary假定断面）",
    "area_sqm_declared": 6882.3,
    "official_boundary": false,
    "boundary_precision": "provisional_rough"
   }
  },
  {
   "type": "Feature",
   "id": "LU-103",
   "geometry": {
    "type": "Polygon",
    "coordinates": [
     [
      [
       116.34713642101019,
       39.966175614708696
      ],
      [
       116.34672678420162,
       39.96617330689588
      ],
      [
       116.34672249813705,
       39.966623590127504
      ],
      [
       116.3471321376327,
       39.966625897976925
      ],
      [
       116.34828649748029,
       39.96663239368474
      ],
      [
       116.34829077328546,
       39.96618211031349
      ],
      [
       116.34713642101019,
       39.966175614708696
      ]
     ]
    ]
   },
   "properties": {
    "id": "LU-103",
    "layer": "LAND_USE",
    "source_type": "agent_generated_design",
    "confidence": "medium",
    "geometry_role": "design_proposal",
    "land_use_code": "1207",
    "land_use_label_zh": "城镇村道路用地",
    "design_note_zh": "北三环道路用地（按arterial假定断面）",
    "area_sqm_declared": 6681.5,
    "official_boundary": false,
    "boundary_precision": "provisional_rough"
   }
  },
  {
   "type": "Feature",
   "id": "LU-104",
   "geometry": {
    "type": "Polygon",
    "coordinates": [
     [
      [
       116.3468914882913,
       39.9919074618881
      ],
      [
       116.3464816978273,
       39.99190515198288
      ],
      [
       116.34646649587553,
       39.993500125896176
      ],
      [
       116.3468763178468,
       39.993500128826156
      ],
      [
       116.3468914882913,
       39.9919074618881
      ]
     ]
    ]
   },
   "properties": {
    "id": "LU-104",
    "layer": "LAND_USE",
    "source_type": "agent_generated_design",
    "confidence": "medium",
    "geometry_role": "design_proposal",
    "land_use_code": "1207",
    "land_use_label_zh": "城镇村道路用地",
    "design_note_zh": "学院路-学清路道路用地（按arterial假定断面）",
    "area_sqm_declared": 6194.3,
    "official_boundary": false,
    "boundary_precision": "provisional_rough"
   }
  },
  {
   "type": "Feature",
   "id": "LU-105",
   "geometry": {
    "type": "Polygon",
    "coordinates": [
     [
      [
       116.35212787874701,
       40.00802878029119
      ],
      [
       116.35154232551687,
       40.00802550534163
      ],
      [
       116.35153388601053,
       40.008917385267196
      ],
      [
       116.35153184075796,
       40.009133519830534
      ],
      [
       116.35211740345416,
       40.00913679490789
      ],
      [
       116.3521194468602,
       40.00892066031962
      ],
      [
       116.35212787874701,
       40.00802878029119
      ]
     ]
    ]
   },
   "properties": {
    "id": "LU-105",
    "layer": "LAND_USE",
    "source_type": "agent_generated_design",
    "confidence": "medium",
    "geometry_role": "design_proposal",
    "land_use_code": "1207",
    "land_use_label_zh": "城镇村道路用地",
    "design_note_zh": "京藏高速-G6辅路道路用地（按expressway假定断面）",
    "area_sqm_declared": 6151.8,
    "official_boundary": false,
    "boundary_precision": "provisional_rough"
   }
  },
  {
   "type": "Feature",
   "id": "LU-106",
   "geometry": {
    "type": "Polygon",
    "coordinates": [
     [
      [
       116.34672966021739,
       40.00889040342106
      ],
      [
       116.34674291324072,
       40.00750011719475
      ],
      [
       116.34642950173763,
       40.00750011201896
      ],
      [
       116.3463330075917,
       40.00750011025477
      ],
      [
       116.34631976823256,
       40.00888809213402
      ],
      [
       116.34637956788687,
       40.00888842942091
      ],
      [
       116.34672966021739,
       40.00889040342106
      ]
     ]
    ]
   },
   "properties": {
    "id": "LU-106",
    "layer": "LAND_USE",
    "source_type": "agent_generated_design",
    "confidence": "medium",
    "geometry_role": "design_proposal",
    "land_use_code": "1207",
    "land_use_label_zh": "城镇村道路用地",
    "design_note_zh": "学院路-学清路道路用地（按arterial假定断面）",
    "area_sqm_declared": 5398.8,
    "official_boundary": false,
    "boundary_precision": "provisional_rough"
   }
  },
  {
   "type": "Feature",
   "id": "LU-107",
   "geometry": {
    "type": "Polygon",
    "coordinates": [
     [
      [
       116.3446154556218,
       39.99167846743893
      ],
      [
       116.34200000149654,
       39.991663648424144
      ],
      [
       116.34200000135536,
       39.99187979499598
      ],
      [
       116.34464974848454,
       39.99189480794058
      ],
      [
       116.3446154556218,
       39.99167846743893
      ]
     ]
    ]
   },
   "properties": {
    "id": "LU-107",
    "layer": "LAND_USE",
    "source_type": "agent_generated_design",
    "confidence": "medium",
    "geometry_role": "design_proposal",
    "land_use_code": "1207",
    "land_use_label_zh": "城镇村道路用地",
    "design_note_zh": "成府路道路用地（按secondary假定断面）",
    "area_sqm_declared": 5396.4,
    "official_boundary": false,
    "boundary_precision": "provisional_rough"
   }
  },
  {
   "type": "Feature",
   "id": "LU-108",
   "geometry": {
    "type": "Polygon",
    "coordinates": [
     [
      [
       116.34555961482013,
       40.0088838019654
      ],
      [
       116.34300000233786,
       40.00886931931105
      ],
      [
       116.34300000267272,
       40.00908546525801
      ],
      [
       116.34555183943576,
       40.00909990402064
      ],
      [
       116.34555961482013,
       40.0088838019654
      ]
     ]
    ]
   },
   "properties": {
    "id": "LU-108",
    "layer": "LAND_USE",
    "source_type": "agent_generated_design",
    "confidence": "medium",
    "geometry_role": "design_proposal",
    "land_use_code": "1207",
    "land_use_label_zh": "城镇村道路用地",
    "design_note_zh": "双清路-月泉路道路用地（按secondary假定断面）",
    "area_sqm_declared": 5237.5,
    "official_boundary": false,
    "boundary_precision": "provisional_rough"
   }
  },
  {
   "type": "Feature",
   "id": "LU-109",
   "geometry": {
    "type": "Polygon",
    "coordinates": [
     [
      [
       116.34149640380286,
       39.956776942143904
      ],
      [
       116.34116348722488,
       39.95677505057678
      ],
      [
       116.34113421184117,
       39.95982549696864
      ],
      [
       116.34149640380286,
       39.956776942143904
      ]
     ]
    ]
   },
   "properties": {
    "id": "LU-109",
    "layer": "LAND_USE",
    "source_type": "agent_generated_design",
    "confidence": "medium",
    "geometry_role": "design_proposal",
    "land_use_code": "0804",
    "land_use_label_zh": "教育用地",
    "design_note_zh": "西土城高校带（北邮等院校周边）",
    "area_sqm_declared": 4818.2,
    "official_boundary": false,
    "boundary_precision": "provisional_rough"
   }
  },
  {
   "type": "Feature",
   "id": "LU-110",
   "geometry": {
    "type": "Polygon",
    "coordinates": [
     [
      [
       116.3550516917834,
       40.02197024400194
      ],
      [
       116.35502700150661,
       40.02151980332429
      ],
      [
       116.35400000616134,
       40.021514082699234
      ],
      [
       116.35400000572098,
       40.02196438593949
      ],
      [
       116.3550516917834,
       40.02197024400194
      ]
     ]
    ]
   },
   "properties": {
    "id": "LU-110",
    "layer": "LAND_USE",
    "source_type": "agent_generated_design",
    "confidence": "medium",
    "geometry_role": "design_proposal",
    "land_use_code": "1207",
    "land_use_label_zh": "城镇村道路用地",
    "design_note_zh": "北五环道路用地（按arterial假定断面）",
    "area_sqm_declared": 4436.5,
    "official_boundary": false,
    "boundary_precision": "provisional_rough"
   }
  }
 ]
}