{
  "type": "FeatureCollection",
  "name": "minimum_auth_service_nodes",
  "features": [
    {
      "type": "Feature",
      "id": "NODE-S01",
      "properties": {
        "id": "NODE-S01",
        "layer": "PUBLIC_SPACE",
        "source_type": "agent_generated_design",
        "confidence": "medium",
        "geometry_role": "design_proposal",
        "feature_kind": "minimum_auth_service_node",
        "scenario_id": "S01",
        "scenario_kind": "validation",
        "auth_level": "M2",
        "name_zh": "最小披露凭证压力测试",
        "place_role": "众智园概念测试场",
        "ledger_status": "M2_M3_UNVERIFIED",
        "landmark": true,
        "status": "concept_only",
        "area_sqm_declared": 4533.222
      },
      "geometry": {
        "type": "Polygon",
        "coordinates": [
          [
            [
              116.34651689595381,
              40.01337545840643
            ],
            [
              116.34651425389912,
              40.013353156385676
            ],
            [
              116.34650972053467,
              40.01333103498379
            ],
            [
              116.3465033152748,
              40.01330918892782
            ],
            [
              116.3464950655495,
              40.01328771176564
            ],
            [
              116.34648500668699,
              40.01326669546537
            ],
            [
              116.34647318176222,
              40.01324623002159
            ],
            [
              116.34645964141265,
              40.01322640306996
            ],
            [
              116.3464444436212,
              40.013207299511954
            ],
            [
              116.34642765346803,
              40.01318900115133
            ],
            [
              116.34640934285174,
              40.01317158634379
            ],
            [
              116.34638959018164,
              40.01315512966154
            ],
            [
              116.34636848004192,
              40.01313970157391
            ],
            [
              116.34634610282929,
              40.01312536814564
            ],
            [
              116.3463225543661,
              40.01311219075395
            ],
            [
              116.34629793548996,
              40.013100225825795
            ],
            [
              116.3462723516219,
              40.013089524596175
            ],
            [
              116.34624591231494,
              40.01308013288881
            ],
            [
              116.34621873078508,
              40.01307209091986
            ],
            [
              116.3461909234264,
              40.013065433125824
            ],
            [
              116.34616260931281,
              40.013060188015935
            ],
            [
              116.34613390968799,
              40.013056378050265
            ],
            [
              116.3461049474464,
              40.01305401954338
            ],
            [
              116.34607584660704,
              40.01305312259465
            ],
            [
              116.34604673178222,
              40.01305369104484
            ],
            [
              116.3460177276443,
              40.01305572245979
            ],
            [
              116.34598895839156,
              40.013059208140795
            ],
            [
              116.34596054721662,
              40.01306413316181
            ],
            [
              116.34593261577878,
              40.01307047643346
            ],
            [
              116.3459052836832,
              40.013078210793246
            ],
            [
              116.34587866796862,
              40.01308730312188
            ],
            [
              116.34585288260637,
              40.013097714485156
            ],
            [
              116.34582803801229,
              40.01310940030059
            ],
            [
              116.34580424057384,
              40.01312231052833
            ],
            [
              116.34578159219467,
              40.01313638988548
            ],
            [
              116.34576018985821,
              40.013151578082756
            ],
            [
              116.3457401252124,
              40.01316781008267
            ],
            [
              116.34572148417718,
              40.013185016378024
            ],
            [
              116.34570434657667,
              40.013203123289486
            ],
            [
              116.34568878579724,
              40.013222053281204
            ],
            [
              116.34567486847331,
              40.01324172529267
            ],
            [
              116.34566265420202,
              40.01326205508592
            ],
            [
              116.34565219528797,
              40.0132829556062
            ],
            [
              116.34564353651913,
              40.013304337354775
            ],
            [
              116.34563671497527,
              40.01332610877211
            ],
            [
              116.34563175986891,
              40.01334817663002
            ],
            [
              116.34562869242032,
              40.01337044643076
            ],
            [
              116.34562752576663,
              40.01339282281181
            ],
            [
              116.3456282649055,
              40.01341520995414
            ],
            [
              116.34563090667363,
              40.013437511992564
            ],
            [
              116.34563543976047,
              40.013459633426194
            ],
            [
              116.34564184475637,
              40.01348147952745
            ],
            [
              116.34565009423588,
              40.01350295674771
            ],
            [
              116.34566015287501,
              40.013523973117806
            ],
            [
              116.34567197760259,
              40.013544438642015
            ],
            [
              116.34568551778459,
              40.01356426568326
            ],
            [
              116.3457007154409,
              40.01358336933856
            ],
            [
              116.34571750549372,
              40.01360166780248
            ],
            [
              116.3457358160461,
              40.01361908271757
            ],
            [
              116.3457555686899,
              40.01363553950976
            ],
            [
              116.34577667884133,
              40.01365096770784
            ],
            [
              116.34579905610353,
              40.013665301245204
            ],
            [
              116.34582260465322,
              40.013678478742726
            ],
            [
              116.34584722365139,
              40.01369044377167
            ],
            [
              116.3458728076749,
              40.013701145095325
            ],
            [
              116.34589924716806,
              40.01371053688834
            ],
            [
              116.34592642891168,
              40.013718578933045
            ],
            [
              116.345954236508,
              40.01372523679175
            ],
            [
              116.3459825508791,
              40.01373048195403
            ],
            [
              116.34601125077685,
              40.01373429195896
            ],
            [
              116.34604021330212,
              40.01373665049126
            ],
            [
              116.34606931443113,
              40.01373754745117
            ],
            [
              116.34609842954652,
              40.01373697899771
            ],
            [
              116.34612743397098,
              40.0137349475651
            ],
            [
              116.34615620350134,
              40.01373146185233
            ],
            [
              116.34618461494024,
              40.01372653678603
            ],
            [
              116.34621254662386,
              40.0137201934563
            ],
            [
              116.34623987894285,
              40.0137124590267
            ],
            [
              116.3462664948546,
              40.013703366617634
            ],
            [
              116.34629228038443,
              40.01369295516473
            ],
            [
              116.34631712511364,
              40.013681269252004
            ],
            [
              116.34634092265247,
              40.01366835892097
            ],
            [
              116.3463635710955,
              40.01365427945627
            ],
            [
              116.34638497345827,
              40.01363909114905
            ],
            [
              116.34640503809236,
              40.01362285903868
            ],
            [
              116.34642367907803,
              40.01360565263426
            ],
            [
              116.34644081659204,
              40.01358754561695
            ],
            [
              116.34645637724942,
              40.01356861552443
            ],
            [
              116.34647029441791,
              40.01354894341894
            ],
            [
              116.346482508503,
              40.013528613540046
            ],
            [
              116.34649296720333,
              40.01350771294398
            ],
            [
              116.34650162573452,
              40.013486331130764
            ],
            [
              116.34650844702088,
              40.013464559661045
            ],
            [
              116.3465134018543,
              40.01344249176388
            ],
            [
              116.34651646901915,
              40.01342022193771
            ],
            [
              116.34651763538324,
              40.01339784554549
            ],
            [
              116.34651689595381,
              40.01337545840643
            ]
          ]
        ]
      }
    },
    {
      "type": "Feature",
      "id": "NODE-S02",
      "properties": {
        "id": "NODE-S02",
        "layer": "PUBLIC_SPACE",
        "source_type": "agent_generated_design",
        "confidence": "medium",
        "geometry_role": "design_proposal",
        "feature_kind": "minimum_auth_service_node",
        "scenario_id": "S02",
        "scenario_kind": "validation",
        "auth_level": "M1/M2",
        "name_zh": "跨供应商字段泄漏演练",
        "place_role": "众智园概念测试场",
        "ledger_status": "M2_M3_UNVERIFIED",
        "landmark": false,
        "status": "concept_only",
        "area_sqm_declared": 4533.222
      },
      "geometry": {
        "type": "Polygon",
        "coordinates": [
          [
            [
              116.35143380156721,
              40.01340308047705
            ],
            [
              116.35143115790957,
              40.01338077855573
            ],
            [
              116.3514266229533,
              40.01335865733362
            ],
            [
              116.35142021611951,
              40.01333681153698
            ],
            [
              116.351411964845,
              40.0133153347126
            ],
            [
              116.35140190446457,
              40.013294318827164
            ],
            [
              116.35139007805971,
              40.013273853873464
            ],
            [
              116.35137653627417,
              40.01325402748504
            ],
            [
              116.35136133709705,
              40.013234924560976
            ],
            [
              116.3513445456144,
              40.013216626902306
            ],
            [
              116.3513262337306,
              40.01319921286173
            ],
            [
              116.35130647986036,
              40.01318275700817
            ],
            [
              116.35128536859291,
              40.01316732980741
            ],
            [
              116.35126299032989,
              40.01315299732038
            ],
            [
              116.35123944089815,
              40.013139820920294
            ],
            [
              116.35121482113941,
              40.01312785702982
            ],
            [
              116.35118923647845,
              40.01311715687957
            ],
            [
              116.35116279647175,
              40.013107766288606
            ],
            [
              116.35113561433828,
              40.0130997254683
            ],
            [
              116.35110780647472,
              40.013093068850246
            ],
            [
              116.35107949195708,
              40.01308782493865
            ],
            [
              116.35105079203086,
              40.01308401618843
            ],
            [
              116.35102182959177,
              40.01308165890899
            ],
            [
              116.35099272865958,
              40.01308076319438
            ],
            [
              116.35096361384714,
              40.013081332880134
            ],
            [
              116.35093460982665,
              40.013083365526796
            ],
            [
              116.35090584079597,
              40.013086852430355
            ],
            [
              116.35087742994669,
              40.01309177865957
            ],
            [
              116.35084949893673,
              40.01309812311986
            ],
            [
              116.35082216736944,
              40.01310585864365
            ],
            [
              116.35079555228131,
              40.01311495210667
            ],
            [
              116.350769767641,
              40.013125364569845
            ],
            [
              116.35074492386117,
              40.013137051445995
            ],
            [
              116.35072112732588,
              40.013149962690726
            ],
            [
              116.35069847993492,
              40.013164043016765
            ],
            [
              116.35067707866743,
              40.01317923213071
            ],
            [
              116.35065701516679,
              40.01319546499112
            ],
            [
              116.35063837534804,
              40.01321267208714
            ],
            [
              116.3506212390301,
              40.013230779736
            ],
            [
              116.35060567959384,
              40.01324971039867
            ],
            [
              116.35059176366796,
              40.0132693830118
            ],
            [
              116.35057955084359,
              40.01328971333481
            ],
            [
              116.35056909341907,
              40.01331061431072
            ],
            [
              116.35056043617612,
              40.013331996438815
            ],
            [
              116.35055361618785,
              40.01335376815796
            ],
            [
              116.35054866266022,
              40.01337583623863
            ],
            [
              116.35054559680671,
              40.01339810618219
            ],
            [
              116.35054443175758,
              40.01342048262546
            ],
            [
              116.35054517250364,
              40.01344286974916
            ],
            [
              116.35054781587473,
              40.01346517168818
            ],
            [
              116.35055235055341,
              40.01348729294207
            ],
            [
              116.35055875712324,
              40.01350913878401
            ],
            [
              116.35056700815198,
              40.013530615666475
            ],
            [
              116.35057706830908,
              40.01355163162177
            ],
            [
              116.3505888945168,
              40.013572096655935
            ],
            [
              116.3506024361348,
              40.01359192313399
            ],
            [
              116.35061763517683,
              40.01361102615536
            ],
            [
              116.35063442655918,
              40.01362932391734
            ],
            [
              116.35065273837915,
              40.013646738065454
            ],
            [
              116.35067249222315,
              40.01366319402896
            ],
            [
              116.35069360350236,
              40.013678621340176
            ],
            [
              116.35071598181499,
              40.01369295393629
            ],
            [
              116.3507395313333,
              40.01370613044221
            ],
            [
              116.35076415121414,
              40.01371809443345
            ],
            [
              116.35078973603056,
              40.013728794677725
            ],
            [
              116.3508161762235,
              40.01373818535433
            ],
            [
              116.35084335857076,
              40.013746226250376
            ],
            [
              116.35087116667201,
              40.01375288293307
            ],
            [
              116.35089948144716,
              40.01375812689701
            ],
            [
              116.35092818164635,
              40.01376193568645
            ],
            [
              116.35095714436915,
              40.013764292991304
            ],
            [
              116.35098624559095,
              40.013765188717045
            ],
            [
              116.35101536069396,
              40.013764619027995
            ],
            [
              116.35104436500099,
              40.01376258636363
            ],
            [
              116.35107313430932,
              40.0137590994283
            ],
            [
              116.35110154542252,
              40.01375417315377
            ],
            [
              116.35112947667821,
              40.01374782863539
            ],
            [
              116.35115680846886,
              40.01374009304175
            ],
            [
              116.35118342375414,
              40.013730999498286
            ],
            [
              116.35120920856201,
              40.01372058694546
            ],
            [
              116.3512340524769,
              40.013708899972
            ],
            [
              116.3512578491125,
              40.01369598862398
            ],
            [
              116.3512804965673,
              40.01368190819038
            ],
            [
              116.35130189786103,
              40.0136667189665
            ],
            [
              116.3513219613499,
              40.013650485995626
            ],
            [
              116.35134060111903,
              40.013633278790536
            ],
            [
              116.3513577373504,
              40.01361517103584
            ],
            [
              116.35137329666458,
              40.01359624027238
            ],
            [
              116.35138721243497,
              40.01357656756526
            ],
            [
              116.35139942507314,
              40.013556237156614
            ],
            [
              116.35140988228385,
              40.01353533610492
            ],
            [
              116.35141853928913,
              40.013513953912216
            ],
            [
              116.35142535901984,
              40.01349218214072
            ],
            [
              116.35143031227453,
              40.01347011402082
            ],
            [
              116.35143337784433,
              40.01344784405187
            ],
            [
              116.35143454260384,
              40.01342546759745
            ],
            [
              116.35143380156721,
              40.01340308047705
            ]
          ]
        ]
      }
    },
    {
      "type": "Feature",
      "id": "NODE-S03",
      "properties": {
        "id": "NODE-S03",
        "layer": "PUBLIC_SPACE",
        "source_type": "agent_generated_design",
        "confidence": "medium",
        "geometry_role": "design_proposal",
        "feature_kind": "minimum_auth_service_node",
        "scenario_id": "S03",
        "scenario_kind": "validation",
        "auth_level": "M1/M3",
        "name_zh": "删除、接管与申诉回放",
        "place_role": "众智园概念测试场",
        "ledger_status": "M2_M3_UNVERIFIED",
        "landmark": false,
        "status": "concept_only",
        "area_sqm_declared": 4533.222
      },
      "geometry": {
        "type": "Polygon",
        "coordinates": [
          [
            [
              116.34645315632447,
              40.0200573616131
            ],
            [
              116.34645051406238,
              40.02003505961461
            ],
            [
              116.34644598030566,
              40.02001293823228
            ],
            [
              116.34643957447034,
              40.01999109219303
            ],
            [
              116.34643132398885,
              40.01996961504467
            ],
            [
              116.34642126419266,
              40.019948598755306
            ],
            [
              116.34640943816073,
              40.019928133319425
            ],
            [
              116.34639589653524,
              40.01990830637267
            ],
            [
              116.34638069730461,
              40.01988920281649
            ],
            [
              116.3463639055551,
              40.01987090445464
            ],
            [
              116.3463455931922,
              40.01985348964283
            ],
            [
              116.3463258386327,
              40.019837032953255
            ],
            [
              116.34630472646882,
              40.019821604855316
            ],
            [
              116.34628234710598,
              40.01980727141377
            ],
            [
              116.3462587963758,
              40.01979409400593
            ],
            [
              116.3462341751255,
              40.01978212905877
            ],
            [
              116.3462085887863,
              40.019771427807406
            ],
            [
              116.3461821469218,
              40.01976203607563
            ],
            [
              116.34615496275899,
              40.01975399407973
            ],
            [
              116.34612715270323,
              40.01974733625629
            ],
            [
              116.3460988358399,
              40.01974209111469
            ],
            [
              116.34607013342452,
              40.01973828111514
            ],
            [
              116.34604116836348,
              40.01973592257234
            ],
            [
              116.34601206468783,
              40.01973502558581
            ],
            [
              116.3459829470221,
              40.0197355939965
            ],
            [
              116.34595394005072,
              40.019737625370404
            ],
            [
              116.34592516798419,
              40.019741111008976
            ],
            [
              116.3458967540271,
              40.019746035986394
            ],
            [
              116.34586881985071,
              40.01975237921343
            ],
            [
              116.34584148507184,
              40.01976011352778
            ],
            [
              116.34581486674082,
              40.019769205810384
            ],
            [
              116.34578907884016,
              40.01977961712722
            ],
            [
              116.34576423179652,
              40.01979130289596
            ],
            [
              116.34574043200789,
              40.019804213077
            ],
            [
              116.34571778138796,
              40.01981829238764
            ],
            [
              116.34569637692977,
              40.01983348053878
            ],
            [
              116.34567631029033,
              40.01984971249315
            ],
            [
              116.34565766739814,
              40.0198669187437
            ],
            [
              116.34564052808523,
              40.01988502561136
            ],
            [
              116.34562496574537,
              40.01990395556041
            ],
            [
              116.3456110470196,
              40.01992362753054
            ],
            [
              116.3455988315111,
              40.019943957283964
            ],
            [
              116.34558837152973,
              40.01996485776611
            ],
            [
              116.3455797118681,
              40.01998623947839
            ],
            [
              116.34557288960973,
              40.02000801086145
            ],
            [
              116.34556793397023,
              40.02003007868721
            ],
            [
              116.3455648661722,
              40.0200523484581
            ],
            [
              116.34556369935416,
              40.02007472481172
            ],
            [
              116.34556443851456,
              40.02009711192915
            ],
            [
              116.34556708048999,
              40.020119413945295
            ],
            [
              116.34557161396899,
              40.0201415353594
            ],
            [
              116.34557801954024,
              40.02016338144395
            ],
            [
              116.34558626977586,
              40.020184858650374
            ],
            [
              116.34559632934861,
              40.02020587500961
            ],
            [
              116.34560815518329,
              40.02022634052591
            ],
            [
              116.34562169664112,
              40.020246167562306
            ],
            [
              116.3456368957366,
              40.020265271215806
            ],
            [
              116.34565368738573,
              40.02028356968099
            ],
            [
              116.3456719996847,
              40.02030098460037
            ],
            [
              116.34569175421788,
              40.0203174413999
            ],
            [
              116.34571286639351,
              40.02033286960832
            ],
            [
              116.34573524580588,
              40.020347203158984
            ],
            [
              116.34575879662262,
              40.0203603806727
            ],
            [
              116.345783417995,
              40.02037234572067
            ],
            [
              116.34580900448971,
              40.02038304706609
            ],
            [
              116.34583544654042,
              40.02039243888351
            ],
            [
              116.34586263091705,
              40.020400480955225
            ],
            [
              116.34589044121059,
              40.02040713884333
            ],
            [
              116.34591875833149,
              40.02041238403732
            ],
            [
              116.34594746101989,
              40.020416194076134
            ],
            [
              116.34597642636471,
              40.020418552644365
            ],
            [
              116.34600553033009,
              40.02041944964206
            ],
            [
              116.34603464828649,
              40.02041888122811
            ],
            [
              116.34606365554453,
              40.02041684983654
            ],
            [
              116.34609242788878,
              40.0204133641662
            ],
            [
              116.34612084210993,
              40.02040843914349
            ],
            [
              116.34614877653217,
              40.02040209585839
            ],
            [
              116.34617611153448,
              40.02039436147416
            ],
            [
              116.34620273006276,
              40.020385269111124
            ],
            [
              116.34622851813104,
              40.02037485770465
            ],
            [
              116.34625336530989,
              40.02036317183858
            ],
            [
              116.34627716519893,
              40.02035026155421
            ],
            [
              116.34629981588274,
              40.02033618213602
            ],
            [
              116.34632122036724,
              40.02032099387491
            ],
            [
              116.34634128699496,
              40.020304761810074
            ],
            [
              116.3463599298376,
              40.02028755545039
            ],
            [
              116.34637706906393,
              40.020269448476874
            ],
            [
              116.34639263128173,
              40.020250518427005
            ],
            [
              116.346406549852,
              40.02023084636282
            ],
            [
              116.34641876517425,
              40.02021051652373
            ],
            [
              116.34642922494182,
              40.02018961596579
            ],
            [
              116.34643788436571,
              40.020168234188844
            ],
            [
              116.34644470636648,
              40.020146462753395
            ],
            [
              116.34644966173298,
              40.02012439488837
            ],
            [
              116.3464527292472,
              40.02010212509205
            ],
            [
              116.34645389577553,
              40.02007974872725
            ],
            [
              116.34645315632447,
              40.0200573616131
            ]
          ]
        ]
      }
    },
    {
      "type": "Feature",
      "id": "NODE-S04",
      "properties": {
        "id": "NODE-S04",
        "layer": "PUBLIC_SPACE",
        "source_type": "agent_generated_design",
        "confidence": "medium",
        "geometry_role": "design_proposal",
        "feature_kind": "minimum_auth_service_node",
        "scenario_id": "S04",
        "scenario_kind": "public_service",
        "auth_level": "M0→M1",
        "name_zh": "多语言公共帮助",
        "place_role": "AI原点概念服务厅",
        "ledger_status": "M2_M3_UNVERIFIED",
        "landmark": true,
        "status": "concept_only",
        "area_sqm_declared": 4533.222
      },
      "geometry": {
        "type": "Polygon",
        "coordinates": [
          [
            [
              116.35137054144222,
              40.02008499018324
            ],
            [
              116.35136789757665,
              40.020062688284206
            ],
            [
              116.35136336222756,
              40.02004056708168
            ],
            [
              116.35135695481782,
              40.02001872130184
            ],
            [
              116.35134870278661,
              40.019997244491385
            ],
            [
              116.35133864147197,
              40.01997622861694
            ],
            [
              116.35132681395946,
              40.01995576367125
            ],
            [
              116.35131327089752,
              40.01993593728783
            ],
            [
              116.35129807028072,
              40.019916834365745
            ],
            [
              116.35128127720131,
              40.019898536706016
            ],
            [
              116.35126296357048,
              40.01988112266134
            ],
            [
              116.35124320781038,
              40.019864666800665
            ],
            [
              116.35122209451843,
              40.01984923958981
            ],
            [
              116.35119971410491,
              40.01983490708973
            ],
            [
              116.35117616240579,
              40.019821730673705
            ],
            [
              116.3511515402726,
              40.019809766764496
            ],
            [
              116.35112595314024,
              40.01979906659274
            ],
            [
              116.3510995105758,
              40.01978967597762
            ],
            [
              116.35107232580916,
              40.01978163513064
            ],
            [
              116.3510445152483,
              40.019774978483454
            ],
            [
              116.35101619798081,
              40.01976973454044
            ],
            [
              116.35098749526394,
              40.01976592575664
            ],
            [
              116.3509585300053,
              40.01976356844156
            ],
            [
              116.35092942623685,
              40.019762672689446
            ],
            [
              116.35090030858346,
              40.01976324233598
            ],
            [
              116.35087130172958,
              40.01976527494189
            ],
            [
              116.35084252988513,
              40.01976876180331
            ],
            [
              116.3508141162538,
              40.0197736879892
            ],
            [
              116.35078618250546,
              40.01978003240516
            ],
            [
              116.35075884825508,
              40.019787767883784
            ],
            [
              116.35073223055073,
              40.019796861301046
            ],
            [
              116.3507064433722,
              40.01980727371803
            ],
            [
              116.35068159714312,
              40.019818960547745
            ],
            [
              116.35065779825794,
              40.01983187174601
            ],
            [
              116.35063514862654,
              40.019845952025776
            ],
            [
              116.35061374523767,
              40.019861141093784
            ],
            [
              116.3505936797438,
              40.019877373908855
            ],
            [
              116.35057503806847,
              40.01989458096027
            ],
            [
              116.35055790003858,
              40.01991268856548
            ],
            [
              116.35054233904232,
              40.01993161918565
            ],
            [
              116.35052842171508,
              40.01995129175757
            ],
            [
              116.35051620765395,
              40.019971622040906
            ],
            [
              116.35050574916264,
              40.019992522978775
            ],
            [
              116.35049709102736,
              40.02001390507067
            ],
            [
              116.35049027032515,
              40.02003567675559
            ],
            [
              116.35048531626492,
              40.020057744804184
            ],
            [
              116.35048225006244,
              40.02008001471791
            ],
            [
              116.35048108484952,
              40.02010239113376
            ],
            [
              116.35048182561765,
              40.02012477823257
            ],
            [
              116.35048446919659,
              40.0201470801493
            ],
            [
              116.35048900426796,
              40.02016920138361
            ],
            [
              116.35049541141366,
              40.02019104720878
            ],
            [
              116.35050366319905,
              40.02021252407733
            ],
            [
              116.35051372429024,
              40.020233540021664
            ],
            [
              116.35052555160559,
              40.0202540050478
            ],
            [
              116.35053909449991,
              40.020273831520875
            ],
            [
              116.35055429498158,
              40.020292934540294
            ],
            [
              116.35057108796065,
              40.02031123230337
            ],
            [
              116.35058940152763,
              40.02032864645562
            ],
            [
              116.35060915726143,
              40.020345102426255
            ],
            [
              116.35063027056516,
              40.02036052974759
            ],
            [
              116.35065265102834,
              40.02037486235678
            ],
            [
              116.35067620281407,
              40.02038803887866
            ],
            [
              116.35070082506938,
              40.02040000288868
            ],
            [
              116.35072641235725,
              40.020410703154475
            ],
            [
              116.35075285510798,
              40.02042009385522
            ],
            [
              116.3507800400885,
              40.020428134777994
            ],
            [
              116.35080785088711,
              40.02043479148982
            ],
            [
              116.35083616841221,
              40.0204400354852
            ],
            [
              116.35086487140215,
              40.02044384430825
            ],
            [
              116.35089383694458,
              40.020446201648724
            ],
            [
              116.35092294100278,
              40.020447097411974
            ],
            [
              116.35095205894682,
              40.020446527762125
            ],
            [
              116.35098106608734,
              40.02044449513853
            ],
            [
              116.35100983820949,
              40.02044100824532
            ],
            [
              116.35103825210483,
              40.020436082014115
            ],
            [
              116.35106618609902,
              40.02042973754005
            ],
            [
              116.35109352057282,
              40.020422001991534
            ],
            [
              116.35112013847437,
              40.02041290849383
            ],
            [
              116.3511459258205,
              40.020402495987184
            ],
            [
              116.35117077218472,
              40.02039080906014
            ],
            [
              116.35119457117024,
              40.02037789775853
            ],
            [
              116.3512172208655,
              40.0203638173712
            ],
            [
              116.35123862428063,
              40.02034862819321
            ],
            [
              116.35125868976272,
              40.020332395267666
            ],
            [
              116.35127733138843,
              40.02031518810714
            ],
            [
              116.3512944693317,
              40.02029708039607
            ],
            [
              116.35131003020584,
              40.0202781496751
            ],
            [
              116.35132394737755,
              40.02025847700914
            ],
            [
              116.35133616125239,
              40.020238146640175
            ],
            [
              116.35134661952983,
              40.02021724562652
            ],
            [
              116.35135527742734,
              40.02019586346999
            ],
            [
              116.35136209787196,
              40.0201740917327
            ],
            [
              116.35136705165915,
              40.020152023644876
            ],
            [
              116.35137011757779,
              40.02012975370573
            ],
            [
              116.351371282501,
              40.020107377278734
            ],
            [
              116.35137054144222,
              40.02008499018324
            ]
          ]
        ]
      }
    },
    {
      "type": "Feature",
      "id": "NODE-S05",
      "properties": {
        "id": "NODE-S05",
        "layer": "PUBLIC_SPACE",
        "source_type": "agent_generated_design",
        "confidence": "medium",
        "geometry_role": "design_proposal",
        "feature_kind": "minimum_auth_service_node",
        "scenario_id": "S05",
        "scenario_kind": "public_service",
        "auth_level": "M0→M1→M3",
        "name_zh": "政务预检、取号与提交",
        "place_role": "AI原点概念服务厅",
        "ledger_status": "M2_M3_UNVERIFIED",
        "landmark": false,
        "status": "concept_only",
        "area_sqm_declared": 4533.222
      },
      "geometry": {
        "type": "Polygon",
        "coordinates": [
          [
            [
              116.34552023652661,
              39.986655441343444
            ],
            [
              116.34551759570789,
              39.9866331392084
            ],
            [
              116.34551306431504,
              39.98661101768271
            ],
            [
              116.34550666175403,
              39.98658917149395
            ],
            [
              116.34549841544319,
              39.986567694190526
            ],
            [
              116.34548836069615,
              39.9865466777412
            ],
            [
              116.34547654057029,
              39.98652621214121
            ],
            [
              116.34546300568245,
              39.98650638502684
            ],
            [
              116.34544781399218,
              39.986487281300285
            ],
            [
              116.34543103055351,
              39.98646898276603
            ],
            [
              116.34541272723631,
              39.9864515677805
            ],
            [
              116.34539298241864,
              39.98643511091667
            ],
            [
              116.34537188065099,
              39.986419682644666
            ],
            [
              116.3453495122943,
              39.98640534903001
            ],
            [
              116.345325973133,
              39.986392171450724
            ],
            [
              116.3453013639648,
              39.98638020633454
            ],
            [
              116.3452757901692,
              39.986369504917306
            ],
            [
              116.34524936125611,
              39.986360113023515
            ],
            [
              116.34522219039697,
              39.98635207087014
            ],
            [
              116.34519439394023,
              39.98634541289443
            ],
            [
              116.34516609091307,
              39.98634016760648
            ],
            [
              116.34513740251174,
              39.986336357467046
            ],
            [
              116.34510845158262,
              39.986333998791494
            ],
            [
              116.34507936209623,
              39.98633310167986
            ],
            [
              116.34505025861633,
              39.98633366997366
            ],
            [
              116.34502126576669,
              39.98633570123938
            ],
            [
              116.34499250769724,
              39.986339186778956
            ],
            [
              116.34496410755273,
              39.98634411166694
            ],
            [
              116.34493618694519,
              39.98635045481454
            ],
            [
              116.34490886543341,
              39.98635818905977
            ],
            [
              116.34488226001086,
              39.98636728128387
            ],
            [
              116.34485648460479,
              39.98637769255304
            ],
            [
              116.34483164958836,
              39.9863893782852
            ],
            [
              116.34480786130804,
              39.98640228844088
            ],
            [
              116.34478522162829,
              39.98641636773747
            ],
            [
              116.34476382749526,
              39.98643155588597
            ],
            [
              116.34474377052176,
              39.986447787849066
            ],
            [
              116.3447251365949,
              39.98646499411975
            ],
            [
              116.34470800550834,
              39.986483101018784
            ],
            [
              116.34469245062054,
              39.98650203101034
            ],
            [
              116.34467853854076,
              39.98652170303395
            ],
            [
              116.34466632884362,
              39.98654203285158
            ],
            [
              116.34465587381409,
              39.98656293340838
            ],
            [
              116.34464721822363,
              39.98658431520544
            ],
            [
              116.34464039913829,
              39.98660608668304
            ],
            [
              116.3446354457601,
              39.986628154612696
            ],
            [
              116.34463237930194,
              39.986650424496425
            ],
            [
              116.34463121289669,
              39.9866728009713
            ],
            [
              116.3446319515409,
              39.98669518821788
            ],
            [
              116.34463459207345,
              39.98671749037057
            ],
            [
              116.34463912318903,
              39.98673961192797
            ],
            [
              116.34464552548644,
              39.98676145816199
            ],
            [
              116.34465377155179,
              39.986782935523415
            ],
            [
              116.34466382607576,
              39.98680395204249
            ],
            [
              116.34467564600467,
              39.98682441772283
            ],
            [
              116.34468918072515,
              39.98684424492672
            ],
            [
              116.34470437228046,
              39.986863348750475
            ],
            [
              116.3447211556189,
              39.98688164738794
            ],
            [
              116.34473945887227,
              39.98689906248091
            ],
            [
              116.34475920366367,
              39.98691551945457
            ],
            [
              116.344780305443,
              39.98693094783692
            ],
            [
              116.34480267384916,
              39.986945281560565
            ],
            [
              116.34482621309687,
              39.98695845924559
            ],
            [
              116.34485082238692,
              39.98697042446248
            ],
            [
              116.34487639633772,
              39.98698112597365
            ],
            [
              116.34490282543678,
              39.98699051795301
            ],
            [
              116.34492999650935,
              39.98699856018211
            ],
            [
              116.34495779320342,
              39.9870052182224
            ],
            [
              116.34498609648773,
              39.98701046356271
            ],
            [
              116.34501478516165,
              39.98701427374135
            ],
            [
              116.34504373637408,
              39.98701663244233
            ],
            [
              116.3450728261497,
              39.98701752956512
            ],
            [
              116.34510192991976,
              39.98701696126806
            ],
            [
              116.34513092305559,
              39.987014929984696
            ],
            [
              116.3451596814023,
              39.98701144441343
            ],
            [
              116.34518808181045,
              39.9870065194802
            ],
            [
              116.34521600266342,
              39.987000176274584
            ],
            [
              116.34524332439831,
              39.986992441959586
            ],
            [
              116.34526993001779,
              39.98698334965517
            ],
            [
              116.34529570559123,
              39.98697293829646
            ],
            [
              116.34532054074262,
              39.98696125246709
            ],
            [
              116.3453443291232,
              39.98694834220822
            ],
            [
              116.34536696886674,
              39.98693426280418
            ],
            [
              116.34538836302605,
              39.98691907454587
            ],
            [
              116.34540841998785,
              39.98690284247241
            ],
            [
              116.34542705386524,
              39.98688563609275
            ],
            [
              116.3454441848654,
              39.986867529087974
            ],
            [
              116.34545973963135,
              39.9868485989957
            ],
            [
              116.34547365155592,
              39.986828926878154
            ],
            [
              116.34548586106715,
              39.98680859697496
            ],
            [
              116.3454963158832,
              39.98678769634244
            ],
            [
              116.34550497123634,
              39.98676631448079
            ],
            [
              116.34551179006452,
              39.986744542950845
            ],
            [
              116.34551674317014,
              39.98672247498196
            ],
            [
              116.34551980934496,
              39.98670020507283
            ],
            [
              116.34552097546099,
              39.98667782858679
            ],
            [
              116.34552023652661,
              39.986655441343444
            ]
          ]
        ]
      }
    },
    {
      "type": "Feature",
      "id": "NODE-S06",
      "properties": {
        "id": "NODE-S06",
        "layer": "PUBLIC_SPACE",
        "source_type": "agent_generated_design",
        "confidence": "medium",
        "geometry_role": "design_proposal",
        "feature_kind": "minimum_auth_service_node",
        "scenario_id": "S06",
        "scenario_kind": "public_service",
        "auth_level": "M0→M3",
        "name_zh": "健康导航与人工转接",
        "place_role": "AI原点概念服务厅",
        "ledger_status": "M2_M3_UNVERIFIED",
        "landmark": false,
        "status": "concept_only",
        "area_sqm_declared": 4533.222
      },
      "geometry": {
        "type": "Polygon",
        "coordinates": [
          [
            [
              116.35040171016995,
              39.98668290266534
            ],
            [
              116.35039906776133,
              39.98666060062891
            ],
            [
              116.35039453478963,
              39.98663847928156
            ],
            [
              116.35038813066748,
              39.986616633350074
            ],
            [
              116.35037988282004,
              39.9865951563818
            ],
            [
              116.35036982656743,
              39.986574140344054
            ],
            [
              116.35035800497347,
              39.986553675230276
            ],
            [
              116.35034446866132,
              39.98653384867472
            ],
            [
              116.35032927559664,
              39.98651474557715
            ],
            [
              116.3503124908393,
              39.98649644773936
            ],
            [
              116.35029418626486,
              39.986479033514826
            ],
            [
              116.35027444025674,
              39.98646257747323
            ],
            [
              116.35025333737055,
              39.98644715008119
            ],
            [
              116.35023096797195,
              39.98643281740044
            ],
            [
              116.35020742784991,
              39.98641964080504
            ],
            [
              116.35018281780623,
              39.98640767671848
            ],
            [
              116.35015724322415,
              39.986396976372205
            ],
            [
              116.35013081361694,
              39.986387585586144
            ],
            [
              116.35010364215904,
              39.986379544572486
            ],
            [
              116.35007584520147,
              39.98637288776364
            ],
            [
              116.35004754177349,
              39.98636764366468
            ],
            [
              116.35001885307312,
              39.98636383473128
            ],
            [
              116.34998990194804,
              39.98636147727363
            ],
            [
              116.34996081236953,
              39.98636058138656
            ],
            [
              116.34993170890185,
              39.98636115090634
            ],
            [
              116.34990271616859,
              39.98636318339422
            ],
            [
              116.34987395831931,
              39.98636667014688
            ],
            [
              116.3498455584977,
              39.9863715962337
            ],
            [
              116.34981763831453,
              39.986377940560736
            ],
            [
              116.3497903173267,
              39.98638567596097
            ],
            [
              116.34976371252542,
              39.98639476931066
            ],
            [
              116.34973793783531,
              39.98640518167123
            ],
            [
              116.34971310362647,
              39.98641686845591
            ],
            [
              116.34968931624189,
              39.98642977962071
            ],
            [
              116.34966667754223,
              39.98644385987873
            ],
            [
              116.3496452844694,
              39.9864590489368
            ],
            [
              116.34962522863171,
              39.98647528175377
            ],
            [
              116.34960659591138,
              39.98649248881894
            ],
            [
              116.3495894660969,
              39.98651059644968
            ],
            [
              116.34957391254132,
              39.98652952710704
            ],
            [
              116.34956000184813,
              39.986549199727676
            ],
            [
              116.34954779358608,
              39.98656953007101
            ],
            [
              116.34953734003398,
              39.98659043107995
            ],
            [
              116.34952868595693,
              39.98661181325364
            ],
            [
              116.34952186841451,
              39.98663358503074
            ],
            [
              116.34951691660218,
              39.986655653181494
            ],
            [
              116.34951385172607,
              39.98667792320696
            ],
            [
              116.34951268691232,
              39.986700299743624
            ],
            [
              116.34951342715063,
              39.98672268697178
            ],
            [
              116.34951606927311,
              39.98674498902588
            ],
            [
              116.34952060196755,
              39.986767110404976
            ],
            [
              116.34952700582609,
              39.98678895638173
            ],
            [
              116.3495352534281,
              39.986810433408024
            ],
            [
              116.34954530945767,
              39.98683144951556
            ],
            [
              116.34955713085473,
              39.986851914709696
            ],
            [
              116.34957066699954,
              39.986871741354804
            ],
            [
              116.34958585992932,
              39.98689084454957
            ],
            [
              116.34960264458647,
              39.986909142490575
            ],
            [
              116.34962094909714,
              39.986926556822574
            ],
            [
              116.34964069507905,
              39.986943012973995
            ],
            [
              116.34966179797699,
              39.986958440476386
            ],
            [
              116.3496841674251,
              39.98697277326611
            ],
            [
              116.3497077076336,
              39.98698594996725
            ],
            [
              116.34973231779917,
              39.98699791415449
            ],
            [
              116.34975789253652,
              39.98700861459469
            ],
            [
              116.3497843223297,
              39.987018005466325
            ],
            [
              116.34981149400109,
              39.987026046555656
            ],
            [
              116.34983929119603,
              39.987032703429065
            ],
            [
              116.34986759488118,
              39.987037947580376
            ],
            [
              116.34989628385414,
              39.98704175655296
            ],
            [
              116.34992523526257,
              39.987044114035996
            ],
            [
              116.3499543251303,
              39.9870450099342
            ],
            [
              116.34998342888818,
              39.98704444041112
            ],
            [
              116.35001242190759,
              39.98704240790558
            ],
            [
              116.35004118003413,
              39.987038921121176
            ],
            [
              116.35006958011928,
              39.98703399498909
            ],
            [
              116.35009750054793,
              39.98702765060403
            ],
            [
              116.35012482175881,
              39.987019915134006
            ],
            [
              116.35015142675698,
              39.987010821703954
            ],
            [
              116.35017720161443,
              39.98700040925383
            ],
            [
              116.35020203595818,
              39.98698872237193
            ],
            [
              116.35022582344293,
              39.986975811103925
            ],
            [
              116.35024846220635,
              39.98696173073848
            ],
            [
              116.35026985530541,
              39.98694654157057
            ],
            [
              116.35028991113136,
              39.986930308643245
            ],
            [
              116.35030854380217,
              39.9869131014691
            ],
            [
              116.3503256735302,
              39.98689499373262
            ],
            [
              116.35034122696386,
              39.98687606297457
            ],
            [
              116.35035513750178,
              39.98685639026001
            ],
            [
              116.3503673455779,
              39.98683605983113
            ],
            [
              116.35037779891648,
              39.986815158746495
            ],
            [
              116.35038645275617,
              39.986793776508236
            ],
            [
              116.3503932700414,
              39.98677200467881
            ],
            [
              116.35039822158114,
              39.98674993648886
            ],
            [
              116.35040128617392,
              39.98672766643802
            ],
            [
              116.35040245069844,
              39.986705289890224
            ],
            [
              116.35040171016995,
              39.98668290266534
            ]
          ]
        ]
      }
    },
    {
      "type": "Feature",
      "id": "NODE-S07",
      "properties": {
        "id": "NODE-S07",
        "layer": "PUBLIC_SPACE",
        "source_type": "agent_generated_design",
        "confidence": "medium",
        "geometry_role": "design_proposal",
        "feature_kind": "minimum_auth_service_node",
        "scenario_id": "S07",
        "scenario_kind": "public_service",
        "auth_level": "M0→M2",
        "name_zh": "现场阅读、终端与外借",
        "place_role": "AI原点概念服务厅",
        "ledger_status": "M2_M3_UNVERIFIED",
        "landmark": false,
        "status": "concept_only",
        "area_sqm_declared": 4533.222
      },
      "geometry": {
        "type": "Polygon",
        "coordinates": [
          [
            [
              116.34548566763287,
              39.990277539364406
            ],
            [
              116.34548302670194,
              39.99025523724143
            ],
            [
              116.34547849509684,
              39.99023311572631
            ],
            [
              116.34547209222438,
              39.990211269546606
            ],
            [
              116.3454638455043,
              39.99018979225068
            ],
            [
              116.34545379025191,
              39.99016877580726
            ],
            [
              116.34544196952677,
              39.990148310211524
            ],
            [
              116.34542843394834,
              39.990128483099795
            ],
            [
              116.34541324147908,
              39.99010937937421
            ],
            [
              116.34539645717635,
              39.99009108083926
            ],
            [
              116.34537815291375,
              39.990073665851405
            ],
            [
              116.34535840707338,
              39.99005720898361
            ],
            [
              116.3453373042101,
              39.990041780705994
            ],
            [
              116.34531493468954,
              39.99002744708412
            ],
            [
              116.3452913943011,
              39.99001426949604
            ],
            [
              116.3452667838478,
              39.990002304369554
            ],
            [
              116.34524120871457,
              39.98999160294049
            ],
            [
              116.34521477841709,
              39.98998221103345
            ],
            [
              116.34518760613275,
              39.98997416886545
            ],
            [
              116.34515980821608,
              39.98996751087378
            ],
            [
              116.34513150370047,
              39.98996226556862
            ],
            [
              116.34510281378859,
              39.98995845541079
            ],
            [
              116.34507386133329,
              39.98995609671575
            ],
            [
              116.3450447703116,
              39.98995519958361
            ],
            [
              116.3450156652939,
              39.98995576785597
            ],
            [
              116.34498667091046,
              39.989957799099415
            ],
            [
              116.34495791131786,
              39.989961284615966
            ],
            [
              116.34492950966734,
              39.98996620948029
            ],
            [
              116.34490158757738,
              39.989972552603696
            ],
            [
              116.34487426461311,
              39.989980286824284
            ],
            [
              116.34484765777425,
              39.98998937902339
            ],
            [
              116.34482188099405,
              39.98999979026737
            ],
            [
              116.34479704465163,
              39.990011475974214
            ],
            [
              116.3447732550991,
              39.99002438610456
            ],
            [
              116.34475061420638,
              39.990038465375925
            ],
            [
              116.3447292189248,
              39.99005365349939
            ],
            [
              116.34470916087206,
              39.99006988543777
            ],
            [
              116.34469052593997,
              39.99008709168417
            ],
            [
              116.34467339392643,
              39.990105198559434
            ],
            [
              116.3446578381939,
              39.99012412852785
            ],
            [
              116.34464392535521,
              39.99014380052906
            ],
            [
              116.3446317149883,
              39.9901641303251
            ],
            [
              116.34462125938097,
              39.99018503086121
            ],
            [
              116.34461260330716,
              39.9902064126386
            ],
            [
              116.34460578383498,
              39.99022818409761
            ],
            [
              116.34460083016813,
              39.99025025200985
            ],
            [
              116.34459776352075,
              39.990272521877394
            ],
            [
              116.34459659702647,
              39.99029489833739
            ],
            [
              116.34459733568225,
              39.990317285570484
            ],
            [
              116.34459997632696,
              39.990339587711105
            ],
            [
              116.34460450765475,
              39.990361709257925
            ],
            [
              116.34461091026355,
              39.990383555482886
            ],
            [
              116.34461915673812,
              39.99040503283682
            ],
            [
              116.34462921176738,
              39.99042604935002
            ],
            [
              116.34464103229556,
              39.990446515026086
            ],
            [
              116.34465456770658,
              39.99046634222738
            ],
            [
              116.34466976004084,
              39.99048544605016
            ],
            [
              116.3446865442433,
              39.99050374468832
            ],
            [
              116.34470484844208,
              39.99052115978363
            ],
            [
              116.34472459425618,
              39.99053761676128
            ],
            [
              116.34474569713117,
              39.99055304514926
            ],
            [
              116.3447680667012,
              39.99056737888014
            ],
            [
              116.34479160717606,
              39.99058055657395
            ],
            [
              116.34481621775123,
              39.99059252180117
            ],
            [
              116.3448417930397,
              39.99060322332417
            ],
            [
              116.34486822352312,
              39.99061261531679
            ],
            [
              116.34489539602097,
              39.99062065756053
            ],
            [
              116.34492319417504,
              39.99062731561679
            ],
            [
              116.34495149894784,
              39.990632560974305
            ],
            [
              116.34498018913233,
              39.990636371171355
            ],
            [
              116.345009141871,
              39.99063872989181
            ],
            [
              116.34503823318197,
              39.99063962703512
            ],
            [
              116.34506733848993,
              39.9906390587595
            ],
            [
              116.34509633315956,
              39.99063702749842
            ],
            [
              116.34512509302947,
              39.990633541950146
            ],
            [
              116.34515349494367,
              39.99062861704058
            ],
            [
              116.34518141727915,
              39.990622273859174
            ],
            [
              116.34520874046653,
              39.99061453956881
            ],
            [
              116.34523534750237,
              39.99060544728935
            ],
            [
              116.34526112444996,
              39.990595035955835
            ],
            [
              116.34528596092737,
              39.99058335015178
            ],
            [
              116.34530975058016,
              39.990570439918216
            ],
            [
              116.34533239153672,
              39.99055636053941
            ],
            [
              116.34535378684458,
              39.990541172306095
            ],
            [
              116.34537384488561,
              39.99052494025734
            ],
            [
              116.34539247976824,
              39.99050773390196
            ],
            [
              116.34540961169537,
              39.99048962692091
            ],
            [
              116.34542516730602,
              39.99047069685178
            ],
            [
              116.34543907998945,
              39.99045102475664
            ],
            [
              116.34545129017042,
              39.99043069487501
            ],
            [
              116.34546174556424,
              39.99040979426317
            ],
            [
              116.34547040140068,
              39.99038841242119
            ],
            [
              116.34547722061563,
              39.990366640909826
            ],
            [
              116.34548217400986,
              39.99034457295836
            ],
            [
              116.34548524037388,
              39.990322303065405
            ],
            [
              116.34548640657889,
              39.99029992659423
            ],
            [
              116.34548566763287,
              39.990277539364406
            ]
          ]
        ]
      }
    },
    {
      "type": "Feature",
      "id": "NODE-S08",
      "properties": {
        "id": "NODE-S08",
        "layer": "PUBLIC_SPACE",
        "source_type": "agent_generated_design",
        "confidence": "medium",
        "geometry_role": "design_proposal",
        "feature_kind": "minimum_auth_service_node",
        "scenario_id": "S08",
        "scenario_kind": "public_service",
        "auth_level": "M0→M2/M3",
        "name_zh": "青少年开放工坊",
        "place_role": "大钟寺概念公众厅",
        "ledger_status": "M2_M3_UNVERIFIED",
        "landmark": true,
        "status": "concept_only",
        "area_sqm_declared": 4533.222
      },
      "geometry": {
        "type": "Polygon",
        "coordinates": [
          [
            [
              116.35036739906585,
              39.99030500418945
            ],
            [
              116.35036475654475,
              39.990282702165096
            ],
            [
              116.3503602233605,
              39.990260580828355
            ],
            [
              116.35035381892664,
              39.990238734905965
            ],
            [
              116.35034557066966,
              39.99021725794523
            ],
            [
              116.35033551391142,
              39.990196241913424
            ],
            [
              116.35032369171795,
              39.99017577680399
            ],
            [
              116.35031015471495,
              39.99015595025113
            ],
            [
              116.350294960871,
              39.99013684715462
            ],
            [
              116.35027817524937,
              39.990118549316236
            ],
            [
              116.35025986972931,
              39.990101135089446
            ],
            [
              116.35024012269827,
              39.99008467904399
            ],
            [
              116.3502190187162,
              39.99006925164646
            ],
            [
              116.35019664815358,
              39.99005491895861
            ],
            [
              116.35017310680423,
              39.99004174235454
            ],
            [
              116.35014849547527,
              39.99002977825782
            ],
            [
              116.35012291955545,
              39.99001907789986
            ],
            [
              116.35009648856372,
              39.99000968710067
            ],
            [
              116.35006931568051,
              39.99000164607254
            ],
            [
              116.3500415172629,
              39.98999498924788
            ],
            [
              116.35001321234641,
              39.98998974513186
            ],
            [
              116.34998452213546,
              39.989985936180226
            ],
            [
              116.34995556948414,
              39.98998357870323
            ],
            [
              116.3499264783703,
              39.98998268279582
            ],
            [
              116.3498973733648,
              39.98998325229432
            ],
            [
              116.34986837909781,
              39.98998528476008
            ],
            [
              116.3498396197254,
              39.98998877148987
            ],
            [
              116.34981121839786,
              39.98999369755319
            ],
            [
              116.34978329673234,
              39.99000004185617
            ],
            [
              116.34975597429211,
              39.990007777231895
            ],
            [
              116.34972936807462,
              39.99001687055677
            ],
            [
              116.34970359201053,
              39.990027282892264
            ],
            [
              116.34967875647581,
              39.990038969651756
            ],
            [
              116.34965496781919,
              39.99005188079136
            ],
            [
              116.34963232790672,
              39.99006596102427
            ],
            [
              116.34961093368554,
              39.990081150057435
            ],
            [
              116.34959087676883,
              39.990097382849804
            ],
            [
              116.34957224304347,
              39.99011458989078
            ],
            [
              116.34955511230224,
              39.990132697497856
            ],
            [
              116.34953955790216,
              39.99015162813215
            ],
            [
              116.34952564645036,
              39.99017130073046
            ],
            [
              116.34951343751875,
              39.99019163105227
            ],
            [
              116.34950298338912,
              39.99021253204058
            ],
            [
              116.349494328829,
              39.99023391419464
            ],
            [
              116.34948751090005,
              39.99025568595319
            ],
            [
              116.34948255879934,
              39.99027775408655
            ],
            [
              116.3494794937343,
              39.99030002409586
            ],
            [
              116.34947832883178,
              39.99032240061765
            ],
            [
              116.34947906908197,
              39.990344787832306
            ],
            [
              116.34948171131688,
              39.99036708987433
            ],
            [
              116.34948624422383,
              39.99038921124282
            ],
            [
              116.34949264839405,
              39.990411057210494
            ],
            [
              116.34950089640554,
              39.99043253422926
            ],
            [
              116.34951095294068,
              39.990453550330855
            ],
            [
              116.34952277493724,
              39.99047401552067
            ],
            [
              116.3495363117729,
              39.990493842163076
            ],
            [
              116.34955150548188,
              39.99051294535682
            ],
            [
              116.34956829100328,
              39.99053124329841
            ],
            [
              116.3495865964596,
              39.99054865763265
            ],
            [
              116.34960634346442,
              39.99056511378798
            ],
            [
              116.3496274474582,
              39.99058054129588
            ],
            [
              116.34964981807038,
              39.9905948740927
            ],
            [
              116.34967335950618,
              39.990608050802514
            ],
            [
              116.34969797095705,
              39.99062001499997
            ],
            [
              116.34972354703218,
              39.99063071545184
            ],
            [
              116.34974997820991,
              39.990640106336585
            ],
            [
              116.34977715130664,
              39.99064814744043
            ],
            [
              116.3498049499617,
              39.990654804329665
            ],
            [
              116.34983325513538,
              39.990660048498015
            ],
            [
              116.34986194561898,
              39.99066385748885
            ],
            [
              116.34989089855371,
              39.990666214991215
            ],
            [
              116.34991998995677,
              39.990667110909776
            ],
            [
              116.34994909525254,
              39.99066654140799
            ],
            [
              116.34997808980575,
              39.99066450892455
            ],
            [
              116.35000684945545,
              39.99066102216302
            ],
            [
              116.35003525104662,
              39.99065609605444
            ],
            [
              116.35006317295763,
              39.99064975169342
            ],
            [
              116.35009049562099,
              39.99064201624789
            ],
            [
              116.3501171020354,
              39.99063292284265
            ],
            [
              116.35014287826684,
              39.99062251041759
            ],
            [
              116.35016771393647,
              39.99061082356087
            ],
            [
              116.35019150269329,
              39.99059791231805
            ],
            [
              116.35021414266956,
              39.99058383197769
            ],
            [
              116.35023553691697,
              39.99056864283467
            ],
            [
              116.35025559382193,
              39.99055240993193
            ],
            [
              116.35027422749775,
              39.99053520278196
            ],
            [
              116.35029135815252,
              39.99051709506915
            ],
            [
              116.35030691243065,
              39.990498164334134
            ],
            [
              116.35032082372719,
              39.99047849164191
            ],
            [
              116.35033303247276,
              39.99045816123454
            ],
            [
              116.35034348638887,
              39.99043726017052
            ],
            [
              116.35035214071159,
              39.99041587795189
            ],
            [
              116.35035895838331,
              39.99039410614101
            ],
            [
              116.3503639102114,
              39.99037203796845
            ],
            [
              116.35036697499307,
              39.990349767933765
            ],
            [
              116.35036813960627,
              39.99032739140082
            ],
            [
              116.35036739906585,
              39.99030500418945
            ]
          ]
        ]
      }
    },
    {
      "type": "Feature",
      "id": "NODE-S09",
      "properties": {
        "id": "NODE-S09",
        "layer": "PUBLIC_SPACE",
        "source_type": "agent_generated_design",
        "confidence": "medium",
        "geometry_role": "design_proposal",
        "feature_kind": "minimum_auth_service_node",
        "scenario_id": "S09",
        "scenario_kind": "mobility",
        "auth_level": "M1→M2",
        "name_zh": "无障碍接驳协助",
        "place_role": "大钟寺概念公众厅",
        "ledger_status": "M2_M3_UNVERIFIED",
        "landmark": false,
        "status": "concept_only",
        "area_sqm_declared": 4533.222
      },
      "geometry": {
        "type": "Polygon",
        "coordinates": [
          [
            [
              116.3460817066084,
              39.94581983541289
            ],
            [
              116.34607906699725,
              39.94579753314529
            ],
            [
              116.34607453793936,
              39.94577541150652
            ],
            [
              116.34606813883069,
              39.94575356522466
            ],
            [
              116.34605989707481,
              39.945732087848555
            ],
            [
              116.34604984796584,
              39.94571107134726
            ],
            [
              116.346038034537,
              39.94569060571618
            ],
            [
              116.34602450737646,
              39.94567077859181
            ],
            [
              116.34600932441066,
              39.945651674876345
            ],
            [
              116.34599255065628,
              39.94563337637422
            ],
            [
              116.34597425794173,
              39.94561596144175
            ],
            [
              116.34595452459965,
              39.945599504651696
            ],
            [
              116.3459334351314,
              39.94558407647383
            ],
            [
              116.34591107984524,
              39.94556974297327
            ],
            [
              116.34588755446961,
              39.945556565527575
            ],
            [
              116.34586295974327,
              39.945544600563906
            ],
            [
              116.34583740098381,
              39.94553389931744
            ],
            [
              116.34581098763677,
              39.945524507611964
            ],
            [
              116.34578383280696,
              39.945516465663616
            ],
            [
              116.34575605277414,
              39.945509807908806
            ],
            [
              116.34572776649519,
              39.94550456285665
            ],
            [
              116.34569909509467,
              39.94550075296691
            ],
            [
              116.34567016134615,
              39.94549839455386
            ],
            [
              116.34564108914655,
              39.945497497716445
            ],
            [
              116.34561200298566,
              39.945498066294995
            ],
            [
              116.34558302741303,
              39.945500097854776
            ],
            [
              116.3455542865047,
              39.94550358369645
            ],
            [
              116.34552590333183,
              39.945508508893305
            ],
            [
              116.34549799943386,
              39.94551485235521
            ],
            [
              116.345470694298,
              39.945522586918834
            ],
            [
              116.34544410484762,
              39.94553167946402
            ],
            [
              116.34541834494152,
              39.94554209105566
            ],
            [
              116.34539352488657,
              39.945553777110234
            ],
            [
              116.34536975096512,
              39.945566687586926
            ],
            [
              116.34534712498014,
              39.94558076720174
            ],
            [
              116.34532574381917,
              39.94559595566429
            ],
            [
              116.34530569903949,
              39.94561218793594
            ],
            [
              116.34528707647591,
              39.94562939450836
            ],
            [
              116.34526995587348,
              39.94564750170101
            ],
            [
              116.34525441054579,
              39.945666431976825
            ],
            [
              116.34524050706112,
              39.94568610427408
            ],
            [
              116.3452283049573,
              39.945706434353596
            ],
            [
              116.3452178564868,
              39.94572733515939
            ],
            [
              116.34520920639294,
              39.9457487171915
            ],
            [
              116.34520239171829,
              39.94577048888918
            ],
            [
              116.34519744164595,
              39.94579255702302
            ],
            [
              116.34519437737464,
              39.94581482709414
            ],
            [
              116.34519321202788,
              39.94583720373883
            ],
            [
              116.34519395059769,
              39.94585959113692
            ],
            [
              116.34519658992325,
              39.94588189342216
            ],
            [
              116.34520111870442,
              39.94590401509259
            ],
            [
              116.34520751755005,
              39.9459258614196
            ],
            [
              116.34521575906092,
              39.94594733885365
            ],
            [
              116.34522580794729,
              39.945968355424604
            ],
            [
              116.34523762117962,
              39.94598882113589
            ],
            [
              116.34525114817313,
              39.946008648349675
            ],
            [
              116.34526633100424,
              39.94602775216219
            ],
            [
              116.34528310465858,
              39.946046050767364
            ],
            [
              116.34530139730946,
              39.94606346580711
            ],
            [
              116.34532113062532,
              39.946079922706836
            ],
            [
              116.34534222010524,
              39.94609535099491
            ],
            [
              116.34536457544077,
              39.946109684604295
            ],
            [
              116.34538810090261,
              39.94612286215557
            ],
            [
              116.34541269575055,
              39.946134827219794
            ],
            [
              116.34543825466491,
              39.94614552856006
            ],
            [
              116.34546466819754,
              39.94615492035099
            ],
            [
              116.34549182324037,
              39.94616296237494
            ],
            [
              116.34551960351003,
              39.946169620194254
            ],
            [
              116.3455478900456,
              39.94617486529869
            ],
            [
              116.34557656171815,
              39.9461786752276
            ],
            [
              116.34560549574944,
              39.946181033666
            ],
            [
              116.34563456823764,
              39.94618193051456
            ],
            [
              116.34566365468811,
              39.946181361932766
            ],
            [
              116.34569263054634,
              39.94617933035538
            ],
            [
              116.34572137173139,
              39.946175844482035
            ],
            [
              116.34574975516732,
              39.94617091924
            ],
            [
              116.34577765931024,
              39.94616457572018
            ],
            [
              116.34580496466873,
              39.9461568410869
            ],
            [
              116.34583155431564,
              39.946147748461485
            ],
            [
              116.34585731438877,
              39.94613733678046
            ],
            [
              116.34588213457842,
              39.94612565062881
            ],
            [
              116.3459059085999,
              39.94611274004908
            ],
            [
              116.34592853464854,
              39.94609866032699
            ],
            [
              116.34594991583573,
              39.94608347175477
            ],
            [
              116.34596996060378,
              39.94606723937291
            ],
            [
              116.34598858311796,
              39.946050032691666
            ],
            [
              116.34600570363416,
              39.94603192539342
            ],
            [
              116.34602124884024,
              39.94601299501705
            ],
            [
              116.34603515217002,
              39.945993322625995
            ],
            [
              116.34604735408828,
              39.945972992461044
            ],
            [
              116.34605780234575,
              39.94595209157964
            ],
            [
              116.34606645220275,
              39.94593070948303
            ],
            [
              116.34607326662079,
              39.94590893773307
            ],
            [
              116.34607821642112,
              39.94588686956008
            ],
            [
              116.34608128040968,
              39.945864599463576
            ],
            [
              116.3460824454678,
              39.94584222280774
            ],
            [
              116.3460817066084,
              39.94581983541289
            ]
          ]
        ]
      }
    },
    {
      "type": "Feature",
      "id": "NODE-S10",
      "properties": {
        "id": "NODE-S10",
        "layer": "PUBLIC_SPACE",
        "source_type": "agent_generated_design",
        "confidence": "medium",
        "geometry_role": "design_proposal",
        "feature_kind": "minimum_auth_service_node",
        "scenario_id": "S10",
        "scenario_kind": "public_space",
        "auth_level": "M0→M1",
        "name_zh": "公共活动与容量预约",
        "place_role": "大钟寺概念公众厅",
        "ledger_status": "M2_M3_UNVERIFIED",
        "landmark": false,
        "status": "concept_only",
        "area_sqm_declared": 4533.222
      },
      "geometry": {
        "type": "Polygon",
        "coordinates": [
          [
            [
              116.3518256858712,
              39.945852091651815
            ],
            [
              116.35182304439192,
              39.94582978950015
            ],
            [
              116.3518185134789,
              39.94580766807107
            ],
            [
              116.35181211253594,
              39.945785822091736
            ],
            [
              116.35180386897459,
              39.94576434510967
            ],
            [
              116.35179381809658,
              39.94574332909226
            ],
            [
              116.35178200294277,
              39.94572286403286
            ],
            [
              116.35176847410871,
              39.94570303756548
            ],
            [
              116.351753289528,
              39.94568393458953
            ],
            [
              116.35173651422426,
              39.945665636906284
            ],
            [
              116.3517182200325,
              39.945648222868506
            ],
            [
              116.35169848529166,
              39.94563176704516
            ],
            [
              116.35167739450917,
              39.945616339901875
            ],
            [
              116.35165503799884,
              39.945602007499325
            ],
            [
              116.35163151149442,
              39.945588831210394
            ],
            [
              116.35160691573942,
              39.94557686745726
            ],
            [
              116.3515813560559,
              39.945566167469934
            ],
            [
              116.35155494189333,
              39.945556777066805
            ],
            [
              116.35152778636004,
              39.94554873645845
            ],
            [
              116.35150000573879,
              39.945542080075505
            ],
            [
              116.35147171898895,
              39.94553683642125
            ],
            [
              116.35144304723711,
              39.94553302794942
            ],
            [
              116.35141411325836,
              39.94553067096827
            ],
            [
              116.3513850409506,
              39.94552977557059
            ],
            [
              116.35135595480409,
              39.94553034559052
            ],
            [
              116.35132697936832,
              39.94553237858719
            ],
            [
              116.3512982387187,
              39.945535865855085
            ],
            [
              116.35126985592532,
              39.9455407924614
            ],
            [
              116.35124195252604,
              39.94554713730996
            ],
            [
              116.35121464800584,
              39.945554873231494
            ],
            [
              116.35118805928549,
              39.94556396710006
            ],
            [
              116.35116230022071,
              39.94557437997483
            ],
            [
              116.3511374811147,
              39.94558606726685
            ],
            [
              116.3511137082458,
              39.94559897892996
            ],
            [
              116.35109108341244,
              39.94561305967509
            ],
            [
              116.35106970349726,
              39.945628249207026
            ],
            [
              116.35104966005213,
              39.945644482482564
            ],
            [
              116.35103103890624,
              39.945661689989045
            ],
            [
              116.35101391979855,
              39.945679798041944
            ],
            [
              116.35099837603623,
              39.94569872910052
            ],
            [
              116.35098447418085,
              39.94571840209969
            ],
            [
              116.35097227376326,
              39.94573873279726
            ],
            [
              116.35096182702871,
              39.94575963413462
            ],
            [
              116.35095317871313,
              39.9457810166095
            ],
            [
              116.35094636585141,
              39.94580278865929
            ],
            [
              116.35094141761894,
              39.94582485705306
            ],
            [
              116.35093835520654,
              39.94584712729081
            ],
            [
              116.35093719172977,
              39.94586950400812
            ],
            [
              116.35093793217264,
              39.945891891384534
            ],
            [
              116.35094057336634,
              39.94591419355385
            ],
            [
              116.3509451040027,
              39.94593631501463
            ],
            [
              116.35095150468258,
              39.945958161039165
            ],
            [
              116.35095974799903,
              39.94597963807918
            ],
            [
              116.3509697986544,
              39.94600065416628
            ],
            [
              116.35098161361176,
              39.94602111930591
            ],
            [
              116.35099514227883,
              39.94604094586271
            ],
            [
              116.3510103267249,
              39.946060048935735
            ],
            [
              116.35102710192872,
              39.94607834672206
            ],
            [
              116.35104539605686,
              39.94609576086711
            ],
            [
              116.35106513077152,
              39.94611221680014
            ],
            [
              116.35108622156577,
              39.946127644053625
            ],
            [
              116.35110857812552,
              39.94614197656499
            ],
            [
              116.35113210471624,
              39.946155152959506
            ],
            [
              116.35115670059287,
              39.94616711681317
            ],
            [
              116.35118226043136,
              39.946177816894284
            ],
            [
              116.35120867477954,
              39.946187207382835
            ],
            [
              116.35123583052592,
              39.94619524806677
            ],
            [
              116.35126361138406,
              39.94620190451418
            ],
            [
              116.35129189839053,
              39.94620714822069
            ],
            [
              116.35132057041442,
              39.94621095673165
            ],
            [
              116.35134950467592,
              39.94621331373813
            ],
            [
              116.35137857727233,
              39.94621420914694
            ],
            [
              116.35140766370841,
              39.946213639123705
            ],
            [
              116.35143663942978,
              39.9462116061094
            ],
            [
              116.35146538035607,
              39.9462081188098
            ],
            [
              116.35149376341248,
              39.94620319215827
            ],
            [
              116.35152166705672,
              39.94619684725178
            ],
            [
              116.3515489717995,
              39.946189111260544
            ],
            [
              116.3515755607163,
              39.94618001731174
            ],
            [
              116.35160131994809,
              39.94616960434754
            ],
            [
              116.35162613918871,
              39.94615791695845
            ],
            [
              116.35164991215761,
              39.946145005192285
            ],
            [
              116.35167253705455,
              39.94613092433987
            ],
            [
              116.35169391699591,
              39.946115734698246
            ],
            [
              116.3517139604293,
              39.94609950131252
            ],
            [
              116.35173258152574,
              39.94608229369723
            ],
            [
              116.35174970054715,
              39.94606418553874
            ],
            [
              116.35176524418782,
              39.94604525437963
            ],
            [
              116.35177914588826,
              39.94602558128667
            ],
            [
              116.35179134612025,
              39.94600525050369
            ],
            [
              116.3518017926417,
              39.94598434909074
            ],
            [
              116.3518104407204,
              39.94596296655139
            ],
            [
              116.35181725332545,
              39.945941194449354
            ],
            [
              116.3518222012859,
              39.945919126016456
            ],
            [
              116.35182526341553,
              39.945896855753375
            ],
            [
              116.35182642660367,
              39.94587447902492
            ],
            [
              116.3518256858712,
              39.945852091651815
            ]
          ]
        ]
      }
    },
    {
      "type": "Feature",
      "id": "NODE-S11",
      "properties": {
        "id": "NODE-S11",
        "layer": "PUBLIC_SPACE",
        "source_type": "agent_generated_design",
        "confidence": "medium",
        "geometry_role": "design_proposal",
        "feature_kind": "minimum_auth_service_node",
        "scenario_id": "S11",
        "scenario_kind": "enterprise_service",
        "auth_level": "M0→M1→M3",
        "name_zh": "企业咨询与正式申报",
        "place_role": "大钟寺概念公众厅",
        "ledger_status": "M2_M3_UNVERIFIED",
        "landmark": false,
        "status": "concept_only",
        "area_sqm_declared": 4533.222
      },
      "geometry": {
        "type": "Polygon",
        "coordinates": [
          [
            [
              116.34606143927932,
              39.94794842070931
            ],
            [
              116.34605879960233,
              39.94792611844878
            ],
            [
              116.34605427041998,
              39.94790399681624
            ],
            [
              116.34604787112865,
              39.947882150539705
            ],
            [
              116.34603962913278,
              39.947860673168016
            ],
            [
              116.34602957972743,
              39.947839656670176
            ],
            [
              116.34601776594712,
              39.94781919104162
            ],
            [
              116.34600423838157,
              39.9477993639188
            ],
            [
              116.34598905495892,
              39.94778026020391
            ],
            [
              116.34597228069784,
              39.9477619617014
            ],
            [
              116.34595398742884,
              39.947744546767574
            ],
            [
              116.345934253487,
              39.947728089975186
            ],
            [
              116.3459131633762,
              39.94771266179403
            ],
            [
              116.34589080740749,
              39.94769832828924
            ],
            [
              116.34586728131225,
              39.9476851508384
            ],
            [
              116.34584268583225,
              39.94767318586869
            ],
            [
              116.34581712628834,
              39.94766248461529
            ],
            [
              116.34579071212943,
              39.94765309290204
            ],
            [
              116.3457635564638,
              39.94764505094512
            ],
            [
              116.34573577557482,
              39.94763839318094
            ],
            [
              116.34570748842299,
              39.94763314811868
            ],
            [
              116.34567881613661,
              39.94762933821816
            ],
            [
              116.34564988149306,
              39.94762697979367
            ],
            [
              116.34562080839311,
              39.947626082944225
            ],
            [
              116.34559172133038,
              39.9476266515102
            ],
            [
              116.34556274485827,
              39.94762868305691
            ],
            [
              116.3455340030567,
              39.947632168885065
            ],
            [
              116.34550561900065,
              39.947637094068035
            ],
            [
              116.34547771423334,
              39.94764343751574
            ],
            [
              116.34545040824568,
              39.94765117206489
            ],
            [
              116.3454238179647,
              39.94766026459543
            ],
            [
              116.3453980572528,
              39.94767067617225
            ],
            [
              116.34537323642019,
              39.94768236221198
            ],
            [
              116.34534946175268,
              39.94769527267379
            ],
            [
              116.34532683505637,
              39.94770935227379
            ],
            [
              116.34530545322184,
              39.94772454072165
            ],
            [
              116.34528540780924,
              39.94774077297881
            ],
            [
              116.34526678465618,
              39.94775797953696
            ],
            [
              116.34524966351013,
              39.947776086715656
            ],
            [
              116.34523411768708,
              39.947795016977885
            ],
            [
              116.34522021375736,
              39.947814689261975
            ],
            [
              116.34520801126077,
              39.947835019328814
            ],
            [
              116.34519756245143,
              39.947855920122464
            ],
            [
              116.34518891207412,
              39.94787730214302
            ],
            [
              116.34518209717264,
              39.94789907382979
            ],
            [
              116.34517714693102,
              39.947921141953394
            ],
            [
              116.34517408254874,
              39.947943412015
            ],
            [
              116.3451729171498,
              39.94796578865095
            ],
            [
              116.3451736557264,
              39.94798817604112
            ],
            [
              116.34517629511777,
              39.94801047831926
            ],
            [
              116.34518082402339,
              39.94803259998347
            ],
            [
              116.34518722305162,
              39.948054446305186
            ],
            [
              116.34519546480252,
              39.9480759237348
            ],
            [
              116.34520551398518,
              39.9480969403023
            ],
            [
              116.34521732756895,
              39.948117406011086
            ],
            [
              116.34523085496745,
              39.94813723322332
            ],
            [
              116.3452460382554,
              39.94815633703526
            ],
            [
              116.34526281241644,
              39.948174635640825
            ],
            [
              116.34528110562175,
              39.94819205068195
            ],
            [
              116.34530083953736,
              39.94820850758403
            ],
            [
              116.34532192965983,
              39.948223935875376
            ],
            [
              116.34534428567791,
              39.94823826948899
            ],
            [
              116.34536781185939,
              39.948251447045436
            ],
            [
              116.34539240746102,
              39.94826341211571
            ],
            [
              116.34541796715985,
              39.94827411346292
            ],
            [
              116.34544438150434,
              39.94828350526163
            ],
            [
              116.34547153738303,
              39.948291547294154
            ],
            [
              116.34549931850887,
              39.94829820512283
            ],
            [
              116.34552760591735,
              39.94830345023737
            ],
            [
              116.34555627847578,
              39.948307260177074
            ],
            [
              116.3455852134021,
              39.94830961862693
            ],
            [
              116.34561428679075,
              39.94831051548753
            ],
            [
              116.34564337414308,
              39.94830994691831
            ],
            [
              116.3456723509008,
              39.94830791535397
            ],
            [
              116.3457010929791,
              39.94830442949415
            ],
            [
              116.34572947729825,
              39.94829950426599
            ],
            [
              116.34575738231057,
              39.948293160760386
            ],
            [
              116.34578468852087,
              39.94828542614155
            ],
            [
              116.3458112789984,
              39.94827633353079
            ],
            [
              116.34583703987735,
              39.94826592186455
            ],
            [
              116.34586186084464,
              39.94825423572777
            ],
            [
              116.3458856356122,
              39.94824132516289
            ],
            [
              116.34590826237219,
              39.9482272454556
            ],
            [
              116.34592964423295,
              39.948212056898065
            ],
            [
              116.34594968963387,
              39.94819582453071
            ],
            [
              116.34596831273758,
              39.948178617863725
            ],
            [
              116.34598543379737,
              39.94816051057942
            ],
            [
              116.34600097949881,
              39.948141580216635
            ],
            [
              116.3460148832736,
              39.948121907838726
            ],
            [
              116.34602708558464,
              39.948101577686444
            ],
            [
              116.34603753418092,
              39.94808067681718
            ],
            [
              116.34604618432134,
              39.948059294732126
            ],
            [
              116.3460529989662,
              39.94803752299308
            ],
            [
              116.34605794893577,
              39.948015454830305
            ],
            [
              116.34606101303525,
              39.947993184743325
            ],
            [
              116.34606217814556,
              39.947970808096215
            ],
            [
              116.34606143927932,
              39.94794842070931
            ]
          ]
        ]
      }
    },
    {
      "type": "Feature",
      "id": "NODE-S12",
      "properties": {
        "id": "NODE-S12",
        "layer": "PUBLIC_SPACE",
        "source_type": "agent_generated_design",
        "confidence": "medium",
        "geometry_role": "design_proposal",
        "feature_kind": "minimum_auth_service_node",
        "scenario_id": "S12",
        "scenario_kind": "governance",
        "auth_level": "M0→M1→M3",
        "name_zh": "匿名反馈与正式救济",
        "place_role": "大钟寺概念公众厅",
        "ledger_status": "M2_M3_UNVERIFIED",
        "landmark": true,
        "status": "concept_only",
        "area_sqm_declared": 4533.222
      },
      "geometry": {
        "type": "Polygon",
        "coordinates": [
          [
            [
              116.35180559653858,
              39.94798067936693
            ],
            [
              116.35180295499332,
              39.94795837722238
            ],
            [
              116.3517984239556,
              39.947936255799526
            ],
            [
              116.3517920228298,
              39.947914409825536
            ],
            [
              116.35178377902824,
              39.94789293284792
            ],
            [
              116.35177372785368,
              39.94787191683402
            ],
            [
              116.35176191234825,
              39.947851451777176
            ],
            [
              116.35174838310898,
              39.947831625311395
            ],
            [
              116.35173319807127,
              39.94781252233609
            ],
            [
              116.35171642226062,
              39.9477942246525
            ],
            [
              116.35169812751427,
              39.94777681061344
            ],
            [
              116.35167839217353,
              39.94776035478783
            ],
            [
              116.35165730074834,
              39.94774492764134
            ],
            [
              116.35163494355535,
              39.94773059523464
            ],
            [
              116.35161141633114,
              39.94771741894064
            ],
            [
              116.35158681982242,
              39.94770545518157
            ],
            [
              116.35156125935434,
              39.947694755187406
            ],
            [
              116.35153484437984,
              39.94768536477659
            ],
            [
              116.35150768801064,
              39.94767732415975
            ],
            [
              116.35147990653313,
              39.94767066776756
            ],
            [
              116.3514516189104,
              39.9476654241033
            ],
            [
              116.35142294627266,
              39.94766161562081
            ],
            [
              116.35139401139885,
              39.94765925862833
            ],
            [
              116.35136493819073,
              39.947658363218714
            ],
            [
              116.35133585114237,
              39.94765893322617
            ],
            [
              116.35130687480712,
              39.94766096620987
            ],
            [
              116.3512781332643,
              39.94766445346436
            ],
            [
              116.3512497495878,
              39.94766938005691
            ],
            [
              116.35122184531917,
              39.94767572489135
            ],
            [
              116.35119453994727,
              39.94768346079854
            ],
            [
              116.35116795039643,
              39.94769255465253
            ],
            [
              116.35114219052589,
              39.94770296751262
            ],
            [
              116.35111737064236,
              39.94771465478985
            ],
            [
              116.3510935970275,
              39.947727566438175
            ],
            [
              116.35107097148291,
              39.947741647168584
            ],
            [
              116.35104959089433,
              39.94775683668592
            ],
            [
              116.35102954681645,
              39.94777306994701
            ],
            [
              116.35101092508121,
              39.947790277439296
            ],
            [
              116.35099380543005,
              39.94780838547832
            ],
            [
              116.35097826117251,
              39.94782731652335
            ],
            [
              116.35096435887228,
              39.947846989509436
            ],
            [
              116.35095215806209,
              39.94786732019437
            ],
            [
              116.35094171098889,
              39.94788822151961
            ],
            [
              116.35093306239003,
              39.94790960398297
            ],
            [
              116.35092624930168,
              39.94793137602187
            ],
            [
              116.35092130090014,
              39.947953444405435
            ],
            [
              116.35091823837698,
              39.94797571463368
            ],
            [
              116.3509170748482,
              39.947998091342264
            ],
            [
              116.35091781529809,
              39.94802047871075
            ],
            [
              116.35092045655774,
              39.94804278087295
            ],
            [
              116.35092498731875,
              39.9480649023275
            ],
            [
              116.35093138818146,
              39.948086748346704
            ],
            [
              116.35093963173809,
              39.94810822538228
            ],
            [
              116.35094968269003,
              39.94812924146587
            ],
            [
              116.35096149799897,
              39.94814970660296
            ],
            [
              116.35097502707123,
              39.94816953315817
            ],
            [
              116.3509902119743,
              39.94818863623056
            ],
            [
              116.35100698768497,
              39.948206934017215
            ],
            [
              116.3510252823677,
              39.94822434816358
            ],
            [
              116.35104501768228,
              39.94824080409887
            ],
            [
              116.35106610911922,
              39.94825623135557
            ],
            [
              116.35108846636165,
              39.948270563871084
            ],
            [
              116.35111199367213,
              39.94828374027066
            ],
            [
              116.35113659030256,
              39.948295704130295
            ],
            [
              116.35116215092559,
              39.94830640421825
            ],
            [
              116.35118856608574,
              39.94831579471449
            ],
            [
              116.35121572266802,
              39.94832383540692
            ],
            [
              116.35124350438242,
              39.94833049186358
            ],
            [
              116.35127179226187,
              39.948335735580095
            ],
            [
              116.35130046517166,
              39.94833954410173
            ],
            [
              116.35132940032825,
              39.948341901119555
            ],
            [
              116.35135847382506,
              39.948342796540274
            ],
            [
              116.35138756116302,
              39.948342226529526
            ],
            [
              116.35141653778388,
              39.94834019352818
            ],
            [
              116.35144527960341,
              39.948336706241975
            ],
            [
              116.351473663543,
              39.94833177960423
            ],
            [
              116.35150156805655,
              39.94832543471183
            ],
            [
              116.35152887365109,
              39.948317698734954
            ],
            [
              116.35155546339846,
              39.94830860480071
            ],
            [
              116.35158122343596,
              39.9482981918512
            ],
            [
              116.35160604345414,
              39.94828650447688
            ],
            [
              116.351629817169,
              39.948273592725485
            ],
            [
              116.35165244277717,
              39.948259511887784
            ],
            [
              116.35167382339196,
              39.94824432226077
            ],
            [
              116.3516938674581,
              39.94822808888946
            ],
            [
              116.35171248914388,
              39.94821088128834
            ],
            [
              116.35172960870874,
              39.948192773143745
            ],
            [
              116.3517451528446,
              39.94817384199815
            ],
            [
              116.35175905498988,
              39.94815416891829
            ],
            [
              116.35177125561444,
              39.94813383814794
            ],
            [
              116.35178170247454,
              39.948112936747094
            ],
            [
              116.35179035083647,
              39.948091554219246
            ],
            [
              116.35179716366814,
              39.948069782128115
            ],
            [
              116.35180211179762,
              39.94804771370542
            ],
            [
              116.35180517403799,
              39.94802544345183
            ],
            [
              116.35180633727809,
              39.94800306673213
            ],
            [
              116.35180559653858,
              39.94798067936693
            ]
          ]
        ]
      }
    }
  ],
  "metadata": {
    "coordinate_reference_system": "EPSG:4326",
    "ledger_status": "M2/M3 remain unverified"
  }
}
