{
  "type": "FeatureCollection",
  "name": "from_lab_to_city_public_space_provisional_model",
  "model_warning_zh": "低置信度设计模型，不代表现状公共空间边界或已批准项目。",
  "features": [
    {
      "type": "Feature",
      "id": "PUBLIC-001",
      "properties": {
        "id": "PUBLIC-001",
        "layer": "PUBLIC_SPACE",
        "source_type": "agent_generated_design",
        "confidence": "low",
        "geometry_role": "design_proposal",
        "model_status": "provisional_design_model",
        "name_zh": "普通服务不断线的公园公共主线（临时设计模型）",
        "name_en": "Park Public Spine with Continuous Ordinary Service (Provisional Design Model)",
        "derived_from_source_ids": [
          "DATA-SRC-PROVISIONAL-BOUNDARIES-20260605",
          "DATA-SRC-OFFICIAL-ANNOUNCEMENT-20260509",
          "A0-URBAN-RENEWAL-2025"
        ],
        "usage_note_zh": "概念建议，仅用于方案生成与复算；不是官方红线、现状测绘、地块或工程依据。",
        "usage_note_en": "Conceptual proposal for generation and recalculation only; not an official boundary, survey, parcel, or engineering basis.",
        "area_sqm_declared": 446238.734,
        "design_role": "non_exclusive_public_baseline",
        "ai_off_required": true
      },
      "geometry": {
        "type": "Polygon",
        "coordinates": [
          [
            [
              116.34680899728,
              39.97592390703
            ],
            [
              116.34680844296,
              39.97599564426
            ],
            [
              116.34680788864,
              39.97606738148
            ],
            [
              116.34680733433,
              39.97613911869
            ],
            [
              116.34680678,
              39.97621085591
            ],
            [
              116.34680622568,
              39.97628259313
            ],
            [
              116.34680567136,
              39.97635433035
            ],
            [
              116.34680511703,
              39.97642606756
            ],
            [
              116.3468045627,
              39.97649780478
            ],
            [
              116.34680400837,
              39.97656954199
            ],
            [
              116.34680345403,
              39.97664127921
            ],
            [
              116.3468028997,
              39.97671301642
            ],
            [
              116.34680234536,
              39.97678475363
            ],
            [
              116.34680179102,
              39.97685649084
            ],
            [
              116.34680123668,
              39.97692822805
            ],
            [
              116.34680068233,
              39.97699996526
            ],
            [
              116.34680012798,
              39.97707170247
            ],
            [
              116.34679957363,
              39.97714343967
            ],
            [
              116.34679901928,
              39.97721517688
            ],
            [
              116.34679846493,
              39.97728691408
            ],
            [
              116.34679791057,
              39.97735865129
            ],
            [
              116.34679735622,
              39.97743038849
            ],
            [
              116.34679680185,
              39.97750212569
            ],
            [
              116.34679624749,
              39.97757386289
            ],
            [
              116.34679569313,
              39.9776456001
            ],
            [
              116.34679513876,
              39.9777173373
            ],
            [
              116.34679458439,
              39.97778907449
            ],
            [
              116.34679403002,
              39.97786081169
            ],
            [
              116.34679347565,
              39.97793254889
            ],
            [
              116.34679292127,
              39.97800428608
            ],
            [
              116.34679236689,
              39.97807602328
            ],
            [
              116.34679181252,
              39.97814776047
            ],
            [
              116.34679125813,
              39.97821949767
            ],
            [
              116.34679070375,
              39.97829123486
            ],
            [
              116.34679014936,
              39.97836297205
            ],
            [
              116.34678959497,
              39.97843470924
            ],
            [
              116.34678904058,
              39.97850644643
            ],
            [
              116.34678848619,
              39.97857818362
            ],
            [
              116.3467879318,
              39.97864992081
            ],
            [
              116.3467873774,
              39.978721658
            ],
            [
              116.346786823,
              39.97879339518
            ],
            [
              116.3467862686,
              39.97886513237
            ],
            [
              116.34678571419,
              39.97893686955
            ],
            [
              116.34678515979,
              39.97900860674
            ],
            [
              116.34678460538,
              39.97908034392
            ],
            [
              116.34678405097,
              39.9791520811
            ],
            [
              116.34678349656,
              39.97922381828
            ],
            [
              116.34678294214,
              39.97929555546
            ],
            [
              116.34678238773,
              39.97936729264
            ],
            [
              116.34678183331,
              39.97943902982
            ],
            [
              116.34678127889,
              39.979510767
            ],
            [
              116.34678072446,
              39.97958250417
            ],
            [
              116.34678017004,
              39.97965424135
            ],
            [
              116.34677961561,
              39.97972597852
            ],
            [
              116.34677906118,
              39.9797977157
            ],
            [
              116.34677850675,
              39.97986945287
            ],
            [
              116.34677795231,
              39.97994119004
            ],
            [
              116.34677739788,
              39.98001292721
            ],
            [
              116.34677684344,
              39.98008466438
            ],
            [
              116.346776289,
              39.98015640155
            ],
            [
              116.34677573455,
              39.98022813872
            ],
            [
              116.34677518011,
              39.98029987589
            ],
            [
              116.34677462566,
              39.98037161305
            ],
            [
              116.34677407121,
              39.98044335022
            ],
            [
              116.34677351676,
              39.98051508738
            ],
            [
              116.34677296231,
              39.98058682455
            ],
            [
              116.34677240785,
              39.98065856171
            ],
            [
              116.34677185339,
              39.98073029887
            ],
            [
              116.34677129893,
              39.98080203603
            ],
            [
              116.34677074447,
              39.98087377319
            ],
            [
              116.34677019,
              39.98094551035
            ],
            [
              116.34676963554,
              39.98101724751
            ],
            [
              116.34676908107,
              39.98108898467
            ],
            [
              116.3467685266,
              39.98116072183
            ],
            [
              116.34676797212,
              39.98123245898
            ],
            [
              116.34676741765,
              39.98130419614
            ],
            [
              116.34676686317,
              39.98137593329
            ],
            [
              116.34676630869,
              39.98144767044
            ],
            [
              116.34676575421,
              39.9815194076
            ],
            [
              116.34676519972,
              39.98159114475
            ],
            [
              116.34676464524,
              39.9816628819
            ],
            [
              116.34676409075,
              39.98173461905
            ],
            [
              116.34676353626,
              39.9818063562
            ],
            [
              116.34676298176,
              39.98187809334
            ],
            [
              116.34676242727,
              39.98194983049
            ],
            [
              116.34676187277,
              39.98202156764
            ],
            [
              116.34676131827,
              39.98209330478
            ],
            [
              116.34676076377,
              39.98216504192
            ],
            [
              116.34676020926,
              39.98223677907
            ],
            [
              116.34675965476,
              39.98230851621
            ],
            [
              116.34675910025,
              39.98238025335
            ],
            [
              116.34675854574,
              39.98245199049
            ],
            [
              116.34675799123,
              39.98252372763
            ],
            [
              116.34675743671,
              39.98259546477
            ],
            [
              116.34675688219,
              39.98266720191
            ],
            [
              116.34675632768,
              39.98273893904
            ],
            [
              116.34675577315,
              39.98281067618
            ],
            [
              116.34675521863,
              39.98288241332
            ],
            [
              116.3467546641,
              39.98295415045
            ],
            [
              116.34675410958,
              39.98302588758
            ],
            [
              116.34675355505,
              39.98309762472
            ],
            [
              116.34675300051,
              39.98316936185
            ],
            [
              116.34675244598,
              39.98324109898
            ],
            [
              116.34675189144,
              39.98331283611
            ],
            [
              116.3467513369,
              39.98338457324
            ],
            [
              116.34675078236,
              39.98345631036
            ],
            [
              116.34675022782,
              39.98352804749
            ],
            [
              116.34674967327,
              39.98359978462
            ],
            [
              116.34674911873,
              39.98367152174
            ],
            [
              116.34674856418,
              39.98374325887
            ],
            [
              116.34674800962,
              39.98381499599
            ],
            [
              116.34674745507,
              39.98388673311
            ],
            [
              116.34674690051,
              39.98395847024
            ],
            [
              116.34674634596,
              39.98403020736
            ],
            [
              116.34674579139,
              39.98410194448
            ],
            [
              116.34674523683,
              39.98417368159
            ],
            [
              116.34674468227,
              39.98424541871
            ],
            [
              116.3467441277,
              39.98431715583
            ],
            [
              116.34674357313,
              39.98438889295
            ],
            [
              116.34674301856,
              39.98446063006
            ],
            [
              116.34674246398,
              39.98453236718
            ],
            [
              116.34674190941,
              39.98460410429
            ],
            [
              116.34674135483,
              39.9846758414
            ],
            [
              116.34674080025,
              39.98474757851
            ],
            [
              116.34674024567,
              39.98481931563
            ],
            [
              116.34673969108,
              39.98489105274
            ],
            [
              116.3467391365,
              39.98496278984
            ],
            [
              116.34673858191,
              39.98503452695
            ],
            [
              116.34673802732,
              39.98510626406
            ],
            [
              116.34673747272,
              39.98517800117
            ],
            [
              116.34673691813,
              39.98524973827
            ],
            [
              116.34673636353,
              39.98532147538
            ],
            [
              116.34673580893,
              39.98539321248
            ],
            [
              116.34673525433,
              39.98546494958
            ],
            [
              116.34673469972,
              39.98553668669
            ],
            [
              116.34673414512,
              39.98560842379
            ],
            [
              116.34673359051,
              39.98568016089
            ],
            [
              116.3467330359,
              39.98575189799
            ],
            [
              116.34673248128,
              39.98582363508
            ],
            [
              116.34673192667,
              39.98589537218
            ],
            [
              116.34673137205,
              39.98596710928
            ],
            [
              116.34673081743,
              39.98603884637
            ],
            [
              116.34673026281,
              39.98611058347
            ],
            [
              116.34672970819,
              39.98618232056
            ],
            [
              116.34672915356,
              39.98625405766
            ],
            [
              116.34672859893,
              39.98632579475
            ],
            [
              116.3467280443,
              39.98639753184
            ],
            [
              116.34672748967,
              39.98646926893
            ],
            [
              116.34672693503,
              39.98654100602
            ],
            [
              116.3467263804,
              39.98661274311
            ],
            [
              116.34672582576,
              39.98668448019
            ],
            [
              116.34672527112,
              39.98675621728
            ],
            [
              116.34672471647,
              39.98682795437
            ],
            [
              116.34672416183,
              39.98689969145
            ],
            [
              116.34672360718,
              39.98697142854
            ],
            [
              116.34672305253,
              39.98704316562
            ],
            [
              116.34672249788,
              39.9871149027
            ],
            [
              116.34672194322,
              39.98718663978
            ],
            [
              116.34672138856,
              39.98725837686
            ],
            [
              116.34672083391,
              39.98733011394
            ],
            [
              116.34672027925,
              39.98740185102
            ],
            [
              116.34671972458,
              39.9874735881
            ],
            [
              116.34671916992,
              39.98754532518
            ],
            [
              116.34671861525,
              39.98761706225
            ],
            [
              116.34671806058,
              39.98768879933
            ],
            [
              116.34671750591,
              39.9877605364
            ],
            [
              116.34671695123,
              39.98783227347
            ],
            [
              116.34671639656,
              39.98790401055
            ],
            [
              116.34671584188,
              39.98797574762
            ],
            [
              116.3467152872,
              39.98804748469
            ],
            [
              116.34671473252,
              39.98811922176
            ],
            [
              116.34671417783,
              39.98819095883
            ],
            [
              116.34671362314,
              39.98826269589
            ],
            [
              116.34671306845,
              39.98833443296
            ],
            [
              116.34671251376,
              39.98840617003
            ],
            [
              116.34671195907,
              39.98847790709
            ],
            [
              116.34671140437,
              39.98854964416
            ],
            [
              116.34671084967,
              39.98862138122
            ],
            [
              116.34671029497,
              39.98869311828
            ],
            [
              116.34670974027,
              39.98876485534
            ],
            [
              116.34670918557,
              39.98883659241
            ],
            [
              116.34670863086,
              39.98890832946
            ],
            [
              116.34670807615,
              39.98898006652
            ],
            [
              116.34670752144,
              39.98905180358
            ],
            [
              116.34670696673,
              39.98912354064
            ],
            [
              116.34670641201,
              39.9891952777
            ],
            [
              116.34670585729,
              39.98926701475
            ],
            [
              116.34670530257,
              39.9893387518
            ],
            [
              116.34670474785,
              39.98941048886
            ],
            [
              116.34670419313,
              39.98948222591
            ],
            [
              116.3467036384,
              39.98955396296
            ],
            [
              116.34670757209,
              39.98962592239
            ],
            [
              116.34671150578,
              39.98969788181
            ],
            [
              116.34671543948,
              39.98976984124
            ],
            [
              116.34671937319,
              39.98984180066
            ],
            [
              116.3467233069,
              39.98991376008
            ],
            [
              116.34672724062,
              39.98998571951
            ],
            [
              116.34673117435,
              39.99005767893
            ],
            [
              116.34673510809,
              39.99012963835
            ],
            [
              116.34673904183,
              39.99020159777
            ],
            [
              116.34674297558,
              39.99027355718
            ],
            [
              116.34674690934,
              39.9903455166
            ],
            [
              116.3467508431,
              39.99041747602
            ],
            [
              116.34675477688,
              39.99048943543
            ],
            [
              116.34675871066,
              39.99056139484
            ],
            [
              116.34676264444,
              39.99063335426
            ],
            [
              116.34676657824,
              39.99070531367
            ],
            [
              116.34677051204,
              39.99077727308
            ],
            [
              116.34677444585,
              39.99084923249
            ],
            [
              116.34677837966,
              39.9909211919
            ],
            [
              116.34678231348,
              39.99099315131
            ],
            [
              116.34678624731,
              39.99106511071
            ],
            [
              116.34679018115,
              39.99113707012
            ],
            [
              116.346794115,
              39.99120902953
            ],
            [
              116.34679804885,
              39.99128098893
            ],
            [
              116.34680198271,
              39.99135294833
            ],
            [
              116.34680591657,
              39.99142490774
            ],
            [
              116.34680985045,
              39.99149686714
            ],
            [
              116.34681378433,
              39.99156882654
            ],
            [
              116.34681771822,
              39.99164078594
            ],
            [
              116.34682165211,
              39.99171274534
            ],
            [
              116.34682558601,
              39.99178470473
            ],
            [
              116.34682951992,
              39.99185666413
            ],
            [
              116.34683345384,
              39.99192862353
            ],
            [
              116.34683738776,
              39.99200058292
            ],
            [
              116.3468413217,
              39.99207254231
            ],
            [
              116.34684525563,
              39.99214450171
            ],
            [
              116.34684918958,
              39.9922164611
            ],
            [
              116.34685312353,
              39.99228842049
            ],
            [
              116.34685705749,
              39.99236037988
            ],
            [
              116.34686099146,
              39.99243233927
            ],
            [
              116.34686492544,
              39.99250429866
            ],
            [
              116.34686885942,
              39.99257625804
            ],
            [
              116.34687279341,
              39.99264821743
            ],
            [
              116.3468767274,
              39.99272017682
            ],
            [
              116.34688066141,
              39.9927921362
            ],
            [
              116.34688459542,
              39.99286409558
            ],
            [
              116.34688852944,
              39.99293605496
            ],
            [
              116.34689246346,
              39.99300801435
            ],
            [
              116.34689639749,
              39.99307997373
            ],
            [
              116.34690033153,
              39.99315193311
            ],
            [
              116.34690426558,
              39.99322389248
            ],
            [
              116.34690819964,
              39.99329585186
            ],
            [
              116.3469121337,
              39.99336781124
            ],
            [
              116.34691606777,
              39.99343977061
            ],
            [
              116.34692000184,
              39.99351172999
            ],
            [
              116.34692393592,
              39.99358368936
            ],
            [
              116.34692787002,
              39.99365564873
            ],
            [
              116.34693180411,
              39.99372760811
            ],
            [
              116.34693573822,
              39.99379956748
            ],
            [
              116.34693967233,
              39.99387152685
            ],
            [
              116.34694360645,
              39.99394348622
            ],
            [
              116.34694754058,
              39.99401544558
            ],
            [
              116.34695147471,
              39.99408740495
            ],
            [
              116.34695540885,
              39.99415936432
            ],
            [
              116.346959343,
              39.99423132368
            ],
            [
              116.34696327716,
              39.99430328305
            ],
            [
              116.34696721132,
              39.99437524241
            ],
            [
              116.34697114549,
              39.99444720177
            ],
            [
              116.34697507967,
              39.99451916113
            ],
            [
              116.34697901385,
              39.99459112049
            ],
            [
              116.34698294804,
              39.99466307985
            ],
            [
              116.34698688224,
              39.99473503921
            ],
            [
              116.34699081645,
              39.99480699857
            ],
            [
              116.34699475066,
              39.99487895792
            ],
            [
              116.34699868488,
              39.99495091728
            ],
            [
              116.34700261911,
              39.99502287663
            ],
            [
              116.34700655334,
              39.99509483599
            ],
            [
              116.34701048759,
              39.99516679534
            ],
            [
              116.34701442184,
              39.99523875469
            ],
            [
              116.34701835609,
              39.99531071404
            ],
            [
              116.34702229036,
              39.99538267339
            ],
            [
              116.34702622463,
              39.99545463274
            ],
            [
              116.34703015891,
              39.99552659209
            ],
            [
              116.34703409319,
              39.99559855144
            ],
            [
              116.34703802749,
              39.99567051078
            ],
            [
              116.34704196179,
              39.99574247013
            ],
            [
              116.34704589609,
              39.99581442947
            ],
            [
              116.34704983041,
              39.99588638881
            ],
            [
              116.34705376473,
              39.99595834816
            ],
            [
              116.34705769906,
              39.9960303075
            ],
            [
              116.3470616334,
              39.99610226684
            ],
            [
              116.34706556774,
              39.99617422618
            ],
            [
              116.34706950209,
              39.99624618551
            ],
            [
              116.34707343645,
              39.99631814485
            ],
            [
              116.34707737081,
              39.99639010419
            ],
            [
              116.34708130519,
              39.99646206352
            ],
            [
              116.34708523957,
              39.99653402286
            ],
            [
              116.34708917395,
              39.99660598219
            ],
            [
              116.34709310835,
              39.99667794152
            ],
            [
              116.34709704275,
              39.99674990086
            ],
            [
              116.34710097716,
              39.99682186019
            ],
            [
              116.34710491157,
              39.99689381952
            ],
            [
              116.347108846,
              39.99696577884
            ],
            [
              116.34711278043,
              39.99703773817
            ],
            [
              116.34711671487,
              39.9971096975
            ],
            [
              116.34712064931,
              39.99718165682
            ],
            [
              116.34712458376,
              39.99725361615
            ],
            [
              116.34712851822,
              39.99732557547
            ],
            [
              116.34713245269,
              39.9973975348
            ],
            [
              116.34713638716,
              39.99746949412
            ],
            [
              116.34714032164,
              39.99754145344
            ],
            [
              116.34714425613,
              39.99761341276
            ],
            [
              116.34714819063,
              39.99768537208
            ],
            [
              116.34715212513,
              39.9977573314
            ],
            [
              116.34715605964,
              39.99782929071
            ],
            [
              116.34715999416,
              39.99790125003
            ],
            [
              116.34716392868,
              39.99797320934
            ],
            [
              116.34716786322,
              39.99804516866
            ],
            [
              116.34717179775,
              39.99811712797
            ],
            [
              116.3471757323,
              39.99818908728
            ],
            [
              116.34717966685,
              39.9982610466
            ],
            [
              116.34718360142,
              39.99833300591
            ],
            [
              116.34718753598,
              39.99840496522
            ],
            [
              116.34719147056,
              39.99847692452
            ],
            [
              116.34719540514,
              39.99854888383
            ],
            [
              116.34719933973,
              39.99862084314
            ],
            [
              116.34720327433,
              39.99869280244
            ],
            [
              116.34720720893,
              39.99876476175
            ],
            [
              116.34721114354,
              39.99883672105
            ],
            [
              116.34721507816,
              39.99890868036
            ],
            [
              116.34721901279,
              39.99898063966
            ],
            [
              116.34722294742,
              39.99905259896
            ],
            [
              116.34722688206,
              39.99912455826
            ],
            [
              116.34723081671,
              39.99919651756
            ],
            [
              116.34723475136,
              39.99926847686
            ],
            [
              116.34723868603,
              39.99934043615
            ],
            [
              116.3472426207,
              39.99941239545
            ],
            [
              116.34724655537,
              39.99948435474
            ],
            [
              116.34725049006,
              39.99955631404
            ],
            [
              116.34725442475,
              39.99962827333
            ],
            [
              116.34725835944,
              39.99970023262
            ],
            [
              116.34726229415,
              39.99977219191
            ],
            [
              116.34726622886,
              39.99984415121
            ],
            [
              116.34727016358,
              39.99991611049
            ],
            [
              116.34727409831,
              39.99998806978
            ],
            [
              116.34727803304,
              40.00006002907
            ],
            [
              116.34728196779,
              40.00013198836
            ],
            [
              116.34728590254,
              40.00020394764
            ],
            [
              116.34728983729,
              40.00027590693
            ],
            [
              116.34729377205,
              40.00034786621
            ],
            [
              116.34729770683,
              40.00041982549
            ],
            [
              116.3473016416,
              40.00049178478
            ],
            [
              116.34730557639,
              40.00056374406
            ],
            [
              116.34730951118,
              40.00063570334
            ],
            [
              116.34731344598,
              40.00070766261
            ],
            [
              116.34731738079,
              40.00077962189
            ],
            [
              116.3473213156,
              40.00085158117
            ],
            [
              116.34732525042,
              40.00092354045
            ],
            [
              116.34732918525,
              40.00099549972
            ],
            [
              116.34733312009,
              40.00106745899
            ],
            [
              116.34733705493,
              40.00113941827
            ],
            [
              116.34734098978,
              40.00121137754
            ],
            [
              116.34734492464,
              40.00128333681
            ],
            [
              116.3473488595,
              40.00135529608
            ],
            [
              116.34735279437,
              40.00142725535
            ],
            [
              116.34735672925,
              40.00149921462
            ],
            [
              116.34736066414,
              40.00157117389
            ],
            [
              116.34736459903,
              40.00164313315
            ],
            [
              116.34736853393,
              40.00171509242
            ],
            [
              116.34737246884,
              40.00178705168
            ],
            [
              116.34737640376,
              40.00185901095
            ],
            [
              116.34738033868,
              40.00193097021
            ],
            [
              116.34738427361,
              40.00200292947
            ],
            [
              116.34738820855,
              40.00207488873
            ],
            [
              116.34739214349,
              40.00214684799
            ],
            [
              116.34739607844,
              40.00221880725
            ],
            [
              116.3474000134,
              40.00229076651
            ],
            [
              116.34740394837,
              40.00236272576
            ],
            [
              116.34740788334,
              40.00243468502
            ],
            [
              116.34741181832,
              40.00250664428
            ],
            [
              116.34741575331,
              40.00257860353
            ],
            [
              116.34741968831,
              40.00265056278
            ],
            [
              116.34742362331,
              40.00272252203
            ],
            [
              116.34742755832,
              40.00279448129
            ],
            [
              116.34743149333,
              40.00286644054
            ],
            [
              116.34743542836,
              40.00293839978
            ],
            [
              116.34743936339,
              40.00301035903
            ],
            [
              116.34744329843,
              40.00308231828
            ],
            [
              116.34744723347,
              40.00315427753
            ],
            [
              116.34745116853,
              40.00322623677
            ],
            [
              116.34745510359,
              40.00329819602
            ],
            [
              116.34745903865,
              40.00337015526
            ],
            [
              116.34746297373,
              40.0034421145
            ],
            [
              116.34746690881,
              40.00351407374
            ],
            [
              116.3474708439,
              40.00358603298
            ],
            [
              116.347474779,
              40.00365799222
            ],
            [
              116.3474787141,
              40.00372995146
            ],
            [
              116.34748264921,
              40.0038019107
            ],
            [
              116.34748658433,
              40.00387386994
            ],
            [
              116.34749051945,
              40.00394582917
            ],
            [
              116.34749445459,
              40.00401778841
            ],
            [
              116.34749838973,
              40.00408974764
            ],
            [
              116.34750232487,
              40.00416170687
            ],
            [
              116.34750626003,
              40.00423366611
            ],
            [
              116.34751019519,
              40.00430562534
            ],
            [
              116.34751413036,
              40.00437758457
            ],
            [
              116.34751806553,
              40.0044495438
            ],
            [
              116.34752200072,
              40.00452150302
            ],
            [
              116.34752593591,
              40.00459346225
            ],
            [
              116.34752987111,
              40.00466542148
            ],
            [
              116.34753380631,
              40.0047373807
            ],
            [
              116.34753774152,
              40.00480933993
            ],
            [
              116.34754167674,
              40.00488129915
            ],
            [
              116.34754561197,
              40.00495325837
            ],
            [
              116.3475495472,
              40.00502521759
            ],
            [
              116.34755348244,
              40.00509717681
            ],
            [
              116.34755741769,
              40.00516913603
            ],
            [
              116.34756135295,
              40.00524109525
            ],
            [
              116.34756528821,
              40.00531305447
            ],
            [
              116.34756922348,
              40.00538501369
            ],
            [
              116.34757315876,
              40.0054569729
            ],
            [
              116.34757709404,
              40.00552893212
            ],
            [
              116.34758102934,
              40.00560089133
            ],
            [
              116.34758496463,
              40.00567285054
            ],
            [
              116.34758889994,
              40.00574480976
            ],
            [
              116.34759283525,
              40.00581676897
            ],
            [
              116.34759677058,
              40.00588872818
            ],
            [
              116.3476007059,
              40.00596068738
            ],
            [
              116.34760464124,
              40.00603264659
            ],
            [
              116.34760857658,
              40.0061046058
            ],
            [
              116.34761251193,
              40.00617656501
            ],
            [
              116.34761644729,
              40.00624852421
            ],
            [
              116.34762038265,
              40.00632048342
            ],
            [
              116.34762431802,
              40.00639244262
            ],
            [
              116.3476282534,
              40.00646440182
            ],
            [
              116.34763218879,
              40.00653636102
            ],
            [
              116.34763612418,
              40.00660832022
            ],
            [
              116.34764005958,
              40.00668027942
            ],
            [
              116.34764399499,
              40.00675223862
            ],
            [
              116.34764793041,
              40.00682419782
            ],
            [
              116.34765186583,
              40.00689615701
            ],
            [
              116.34765580126,
              40.00696811621
            ],
            [
              116.34765973669,
              40.0070400754
            ],
            [
              116.34766367214,
              40.0071120346
            ],
            [
              116.34766760759,
              40.00718399379
            ],
            [
              116.34767154305,
              40.00725595298
            ],
            [
              116.34767547851,
              40.00732791217
            ],
            [
              116.34767941399,
              40.00739987136
            ],
            [
              116.34768334947,
              40.00747183055
            ],
            [
              116.34768728495,
              40.00754378974
            ],
            [
              116.34769122045,
              40.00761574893
            ],
            [
              116.34769515595,
              40.00768770811
            ],
            [
              116.34769909146,
              40.0077596673
            ],
            [
              116.34770302697,
              40.00783162648
            ],
            [
              116.3477069625,
              40.00790358566
            ],
            [
              116.34771089803,
              40.00797554485
            ],
            [
              116.34771483357,
              40.00804750403
            ],
            [
              116.34771876911,
              40.00811946321
            ],
            [
              116.34772270467,
              40.00819142239
            ],
            [
              116.34772664023,
              40.00826338157
            ],
            [
              116.34773057579,
              40.00833534074
            ],
            [
              116.34773451137,
              40.00840729992
            ],
            [
              116.34773844695,
              40.00847925909
            ],
            [
              116.34774238254,
              40.00855121827
            ],
            [
              116.34774631813,
              40.00862317744
            ],
            [
              116.34775025374,
              40.00869513662
            ],
            [
              116.34775418935,
              40.00876709579
            ],
            [
              116.34775812496,
              40.00883905496
            ],
            [
              116.34776206059,
              40.00891101413
            ],
            [
              116.34776599622,
              40.0089829733
            ],
            [
              116.34776993186,
              40.00905493246
            ],
            [
              116.34777386751,
              40.00912689163
            ],
            [
              116.34777780316,
              40.0091988508
            ],
            [
              116.34778173882,
              40.00927080996
            ],
            [
              116.34778567449,
              40.00934276913
            ],
            [
              116.34778961017,
              40.00941472829
            ],
            [
              116.34779354585,
              40.00948668745
            ],
            [
              116.34779748154,
              40.00955864661
            ],
            [
              116.34780141724,
              40.00963060577
            ],
            [
              116.34780535294,
              40.00970256493
            ],
            [
              116.34780928865,
              40.00977452409
            ],
            [
              116.34781322437,
              40.00984648325
            ],
            [
              116.3478171601,
              40.0099184424
            ],
            [
              116.34782109583,
              40.00999040156
            ],
            [
              116.34782503157,
              40.01006236071
            ],
            [
              116.34782896732,
              40.01013431987
            ],
            [
              116.34783290308,
              40.01020627902
            ],
            [
              116.34783683884,
              40.01027823817
            ],
            [
              116.34784077461,
              40.01035019732
            ],
            [
              116.34784471039,
              40.01042215647
            ],
            [
              116.34784864617,
              40.01049411562
            ],
            [
              116.34785258196,
              40.01056607477
            ],
            [
              116.34785651776,
              40.01063803391
            ],
            [
              116.34786045357,
              40.01070999306
            ],
            [
              116.34786438938,
              40.0107819522
            ],
            [
              116.3478683252,
              40.01085391135
            ],
            [
              116.34787226103,
              40.01092587049
            ],
            [
              116.34787619686,
              40.01099782963
            ],
            [
              116.34788013271,
              40.01106978877
            ],
            [
              116.34788406856,
              40.01114174791
            ],
            [
              116.34788800441,
              40.01121370705
            ],
            [
              116.34789194028,
              40.01128566619
            ],
            [
              116.34789587615,
              40.01135762533
            ],
            [
              116.34789981203,
              40.01142958446
            ],
            [
              116.34790374791,
              40.0115015436
            ],
            [
              116.34790768381,
              40.01157350273
            ],
            [
              116.34791161971,
              40.01164546187
            ],
            [
              116.34791555561,
              40.011717421
            ],
            [
              116.34791949153,
              40.01178938013
            ],
            [
              116.34792342745,
              40.01186133926
            ],
            [
              116.34792736338,
              40.01193329839
            ],
            [
              116.34793129932,
              40.01200525752
            ],
            [
              116.34793523526,
              40.01207721664
            ],
            [
              116.34793917121,
              40.01214917577
            ],
            [
              116.34794310717,
              40.0122211349
            ],
            [
              116.34794704313,
              40.01229309402
            ],
            [
              116.34795097911,
              40.01236505315
            ],
            [
              116.34795491509,
              40.01243701227
            ],
            [
              116.34795885107,
              40.01250897139
            ],
            [
              116.34796278707,
              40.01258093051
            ],
            [
              116.34796672307,
              40.01265288963
            ],
            [
              116.34797065908,
              40.01272484875
            ],
            [
              116.3479745951,
              40.01279680787
            ],
            [
              116.34797853112,
              40.01286876698
            ],
            [
              116.34798246715,
              40.0129407261
            ],
            [
              116.34798640319,
              40.01301268522
            ],
            [
              116.34799033923,
              40.01308464433
            ],
            [
              116.34799427528,
              40.01315660344
            ],
            [
              116.34799821134,
              40.01322856255
            ],
            [
              116.34800214741,
              40.01330052167
            ],
            [
              116.34800608349,
              40.01337248078
            ],
            [
              116.34801001957,
              40.01344443989
            ],
            [
              116.34801395566,
              40.01351639899
            ],
            [
              116.34801789175,
              40.0135883581
            ],
            [
              116.34802182785,
              40.01366031721
            ],
            [
              116.34802576396,
              40.01373227631
            ],
            [
              116.34802970008,
              40.01380423542
            ],
            [
              116.34803363621,
              40.01387619452
            ],
            [
              116.34803757234,
              40.01394815362
            ],
            [
              116.34804150848,
              40.01402011273
            ],
            [
              116.34804544463,
              40.01409207183
            ],
            [
              116.34804938078,
              40.01416403093
            ],
            [
              116.34805331694,
              40.01423599003
            ],
            [
              116.34805725311,
              40.01430794912
            ],
            [
              116.34806118928,
              40.01437990822
            ],
            [
              116.34806512547,
              40.01445186732
            ],
            [
              116.34806906166,
              40.01452382641
            ],
            [
              116.34807299785,
              40.0145957855
            ],
            [
              116.34807693406,
              40.0146677446
            ],
            [
              116.34808087027,
              40.01473970369
            ],
            [
              116.34808480649,
              40.01481166278
            ],
            [
              116.34808874272,
              40.01488362187
            ],
            [
              116.34809267895,
              40.01495558096
            ],
            [
              116.34809661519,
              40.01502754005
            ],
            [
              116.34810055144,
              40.01509949914
            ],
            [
              116.34810448769,
              40.01517145822
            ],
            [
              116.34810842396,
              40.01524341731
            ],
            [
              116.34811236023,
              40.01531537639
            ],
            [
              116.3481162965,
              40.01538733548
            ],
            [
              116.34812023279,
              40.01545929456
            ],
            [
              116.34812416908,
              40.01553125364
            ],
            [
              116.34812810538,
              40.01560321272
            ],
            [
              116.34813204168,
              40.0156751718
            ],
            [
              116.348135978,
              40.01574713088
            ],
            [
              116.34813991432,
              40.01581908996
            ],
            [
              116.34814385064,
              40.01589104903
            ],
            [
              116.34814778698,
              40.01596300811
            ],
            [
              116.34815172332,
              40.01603496718
            ],
            [
              116.34815565967,
              40.01610692626
            ],
            [
              116.34815959603,
              40.01617888533
            ],
            [
              116.34816353239,
              40.0162508444
            ],
            [
              116.34816746876,
              40.01632280347
            ],
            [
              116.34817140514,
              40.01639476254
            ],
            [
              116.34817534153,
              40.01646672161
            ],
            [
              116.34817927792,
              40.01653868068
            ],
            [
              116.34818321432,
              40.01661063975
            ],
            [
              116.34818715073,
              40.01668259881
            ],
            [
              116.34819108714,
              40.01675455788
            ],
            [
              116.34819502356,
              40.01682651694
            ],
            [
              116.34819895999,
              40.01689847601
            ],
            [
              116.34820289643,
              40.01697043507
            ],
            [
              116.34820683287,
              40.01704239413
            ],
            [
              116.34821076932,
              40.01711435319
            ],
            [
              116.34821470578,
              40.01718631225
            ],
            [
              116.34821864225,
              40.01725827131
            ],
            [
              116.34822257872,
              40.01733023037
            ],
            [
              116.3482265152,
              40.01740218942
            ],
            [
              116.34823045169,
              40.01747414848
            ],
            [
              116.34823438818,
              40.01754610753
            ],
            [
              116.34823832468,
              40.01761806659
            ],
            [
              116.34824226119,
              40.01769002564
            ],
            [
              116.34824619771,
              40.01776198469
            ],
            [
              116.34825013423,
              40.01783394374
            ],
            [
              116.34825407076,
              40.01790590279
            ],
            [
              116.3482580073,
              40.01797786184
            ],
            [
              116.34826194385,
              40.01804982089
            ],
            [
              116.3482658804,
              40.01812177994
            ],
            [
              116.34826981696,
              40.01819373898
            ],
            [
              116.34827375353,
              40.01826569803
            ],
            [
              116.3482776901,
              40.01833765707
            ],
            [
              116.34828162668,
              40.01840961612
            ],
            [
              116.34828556327,
              40.01848157516
            ],
            [
              116.34828949987,
              40.0185535342
            ],
            [
              116.34829343647,
              40.01862549324
            ],
            [
              116.34829737308,
              40.01869745228
            ],
            [
              116.3483013097,
              40.01876941132
            ],
            [
              116.34830524632,
              40.01884137036
            ],
            [
              116.34830918295,
              40.01891332939
            ],
            [
              116.34831311959,
              40.01898528843
            ],
            [
              116.34831705624,
              40.01905724746
            ],
            [
              116.34832099289,
              40.0191292065
            ],
            [
              116.34832492955,
              40.01920116553
            ],
            [
              116.34832886622,
              40.01927312456
            ],
            [
              116.3483328029,
              40.01934508359
            ],
            [
              116.34833673958,
              40.01941704262
            ],
            [
              116.34834067627,
              40.01948900165
            ],
            [
              116.34834461297,
              40.01956096068
            ],
            [
              116.34834854967,
              40.0196329197
            ],
            [
              116.34835248639,
              40.01970487873
            ],
            [
              116.3483564231,
              40.01977683776
            ],
            [
              116.34836035983,
              40.01984879678
            ],
            [
              116.34836429656,
              40.0199207558
            ],
            [
              116.34836823331,
              40.01999271483
            ],
            [
              116.34837217005,
              40.02006467385
            ],
            [
              116.34837610681,
              40.02013663287
            ],
            [
              116.34838004357,
              40.02020859189
            ],
            [
              116.34838398034,
              40.0202805509
            ],
            [
              116.34838791712,
              40.02035250992
            ],
            [
              116.3483918539,
              40.02042446894
            ],
            [
              116.34839579069,
              40.02049642795
            ],
            [
              116.34839972749,
              40.02056838697
            ],
            [
              116.3484036643,
              40.02064034598
            ],
            [
              116.34840760111,
              40.02071230499
            ],
            [
              116.34841153793,
              40.02078426401
            ],
            [
              116.34841547476,
              40.02085622302
            ],
            [
              116.3484194116,
              40.02092818203
            ],
            [
              116.34842334844,
              40.02100014103
            ],
            [
              116.34842728529,
              40.02107210004
            ],
            [
              116.34843122215,
              40.02114405905
            ],
            [
              116.34843515901,
              40.02121601806
            ],
            [
              116.34843909588,
              40.02128797706
            ],
            [
              116.34844303276,
              40.02135993606
            ],
            [
              116.34844696965,
              40.02143189507
            ],
            [
              116.34845090654,
              40.02150385407
            ],
            [
              116.34845484344,
              40.02157581307
            ],
            [
              116.34845878035,
              40.02164777207
            ],
            [
              116.34846271726,
              40.02171973107
            ],
            [
              116.34846665418,
              40.02179169007
            ],
            [
              116.34847059111,
              40.02186364907
            ],
            [
              116.34847452805,
              40.02193560806
            ],
            [
              116.34847846499,
              40.02200756706
            ],
            [
              116.34848240194,
              40.02207952605
            ],
            [
              116.3484863389,
              40.02215148504
            ],
            [
              116.34849027587,
              40.02222344404
            ],
            [
              116.34849421284,
              40.02229540303
            ],
            [
              116.34849814982,
              40.02236736202
            ],
            [
              116.34850208681,
              40.02243932101
            ],
            [
              116.3485060238,
              40.02251128
            ],
            [
              116.34850996081,
              40.02258323898
            ],
            [
              116.34851389781,
              40.02265519797
            ],
            [
              116.34851783483,
              40.02272715696
            ],
            [
              116.34852177185,
              40.02279911594
            ],
            [
              116.34852570889,
              40.02287107493
            ],
            [
              116.34852964592,
              40.02294303391
            ],
            [
              116.34853358297,
              40.02301499289
            ],
            [
              116.34853752002,
              40.02308695187
            ],
            [
              116.34854145708,
              40.02315891085
            ],
            [
              116.34854539415,
              40.02323086983
            ],
            [
              116.34854933122,
              40.02330282881
            ],
            [
              116.3485532683,
              40.02337478779
            ],
            [
              116.34855720539,
              40.02344674676
            ],
            [
              116.34856114249,
              40.02351870574
            ],
            [
              116.34856507959,
              40.02359066471
            ],
            [
              116.3485690167,
              40.02366262368
            ],
            [
              116.34857295382,
              40.02373458266
            ],
            [
              116.34857689095,
              40.02380654163
            ],
            [
              116.34858082808,
              40.0238785006
            ],
            [
              116.34858476522,
              40.02395045957
            ],
            [
              116.34858870237,
              40.02402241854
            ],
            [
              116.34859263952,
              40.0240943775
            ],
            [
              116.34859657668,
              40.02416633647
            ],
            [
              116.34860051385,
              40.02423829544
            ],
            [
              116.34860445103,
              40.0243102544
            ],
            [
              116.34860838821,
              40.02438221337
            ],
            [
              116.3486123254,
              40.02445417233
            ],
            [
              116.3486162626,
              40.02452613129
            ],
            [
              116.3486201998,
              40.02459809025
            ],
            [
              116.34871383062,
              40.0245950623
            ],
            [
              116.34880746144,
              40.02459203428
            ],
            [
              116.34890109225,
              40.02458900617
            ],
            [
              116.34899472305,
              40.024585978
            ],
            [
              116.34908835384,
              40.02458294974
            ],
            [
              116.34918198463,
              40.02457992142
            ],
            [
              116.349178048,
              40.02450798375
            ],
            [
              116.34917411137,
              40.02443604607
            ],
            [
              116.34917017476,
              40.0243641084
            ],
            [
              116.34916623815,
              40.02429217073
            ],
            [
              116.34916230155,
              40.02422023305
            ],
            [
              116.34915836495,
              40.02414829538
            ],
            [
              116.34915442837,
              40.0240763577
            ],
            [
              116.34915049179,
              40.02400442002
            ],
            [
              116.34914655521,
              40.02393248234
            ],
            [
              116.34914261865,
              40.02386054466
            ],
            [
              116.34913868209,
              40.02378860698
            ],
            [
              116.34913474554,
              40.0237166693
            ],
            [
              116.349130809,
              40.02364473162
            ],
            [
              116.34912687246,
              40.02357279394
            ],
            [
              116.34912293593,
              40.02350085625
            ],
            [
              116.34911899941,
              40.02342891857
            ],
            [
              116.3491150629,
              40.02335698088
            ],
            [
              116.34911112639,
              40.02328504319
            ],
            [
              116.34910718989,
              40.02321310551
            ],
            [
              116.3491032534,
              40.02314116782
            ],
            [
              116.34909931691,
              40.02306923013
            ],
            [
              116.34909538043,
              40.02299729244
            ],
            [
              116.34909144396,
              40.02292535474
            ],
            [
              116.3490875075,
              40.02285341705
            ],
            [
              116.34908357104,
              40.02278147936
            ],
            [
              116.34907963459,
              40.02270954166
            ],
            [
              116.34907569815,
              40.02263760397
            ],
            [
              116.34907176172,
              40.02256566627
            ],
            [
              116.34906782529,
              40.02249372857
            ],
            [
              116.34906388887,
              40.02242179087
            ],
            [
              116.34905995246,
              40.02234985317
            ],
            [
              116.34905601605,
              40.02227791547
            ],
            [
              116.34905207965,
              40.02220597777
            ],
            [
              116.34904814326,
              40.02213404007
            ],
            [
              116.34904420688,
              40.02206210237
            ],
            [
              116.3490402705,
              40.02199016466
            ],
            [
              116.34903633413,
              40.02191822696
            ],
            [
              116.34903239777,
              40.02184628925
            ],
            [
              116.34902846141,
              40.02177435154
            ],
            [
              116.34902452507,
              40.02170241383
            ],
            [
              116.34902058873,
              40.02163047613
            ],
            [
              116.34901665239,
              40.02155853842
            ],
            [
              116.34901271607,
              40.0214866007
            ],
            [
              116.34900877975,
              40.02141466299
            ],
            [
              116.34900484344,
              40.02134272528
            ],
            [
              116.34900090713,
              40.02127078757
            ],
            [
              116.34899697084,
              40.02119884985
            ],
            [
              116.34899303455,
              40.02112691213
            ],
            [
              116.34898909826,
              40.02105497442
            ],
            [
              116.34898516199,
              40.0209830367
            ],
            [
              116.34898122572,
              40.02091109898
            ],
            [
              116.34897728946,
              40.02083916126
            ],
            [
              116.34897335321,
              40.02076722354
            ],
            [
              116.34896941696,
              40.02069528582
            ],
            [
              116.34896548072,
              40.0206233481
            ],
            [
              116.34896154449,
              40.02055141037
            ],
            [
              116.34895760826,
              40.02047947265
            ],
            [
              116.34895367205,
              40.02040753492
            ],
            [
              116.34894973584,
              40.0203355972
            ],
            [
              116.34894579964,
              40.02026365947
            ],
            [
              116.34894186344,
              40.02019172174
            ],
            [
              116.34893792725,
              40.02011978401
            ],
            [
              116.34893399107,
              40.02004784628
            ],
            [
              116.3489300549,
              40.01997590855
            ],
            [
              116.34892611873,
              40.01990397082
            ],
            [
              116.34892218257,
              40.01983203309
            ],
            [
              116.34891824642,
              40.01976009535
            ],
            [
              116.34891431027,
              40.01968815762
            ],
            [
              116.34891037414,
              40.01961621988
            ],
            [
              116.34890643801,
              40.01954428214
            ],
            [
              116.34890250188,
              40.01947234441
            ],
            [
              116.34889856577,
              40.01940040667
            ],
            [
              116.34889462966,
              40.01932846893
            ],
            [
              116.34889069356,
              40.01925653119
            ],
            [
              116.34888675746,
              40.01918459344
            ],
            [
              116.34888282138,
              40.0191126557
            ],
            [
              116.3488788853,
              40.01904071796
            ],
            [
              116.34887494923,
              40.01896878021
            ],
            [
              116.34887101316,
              40.01889684247
            ],
            [
              116.3488670771,
              40.01882490472
            ],
            [
              116.34886314105,
              40.01875296697
            ],
            [
              116.34885920501,
              40.01868102923
            ],
            [
              116.34885526897,
              40.01860909148
            ],
            [
              116.34885133294,
              40.01853715373
            ],
            [
              116.34884739692,
              40.01846521597
            ],
            [
              116.34884346091,
              40.01839327822
            ],
            [
              116.3488395249,
              40.01832134047
            ],
            [
              116.3488355889,
              40.01824940271
            ],
            [
              116.34883165291,
              40.01817746496
            ],
            [
              116.34882771692,
              40.0181055272
            ],
            [
              116.34882378095,
              40.01803358945
            ],
            [
              116.34881984497,
              40.01796165169
            ],
            [
              116.34881590901,
              40.01788971393
            ],
            [
              116.34881197305,
              40.01781777617
            ],
            [
              116.34880803711,
              40.01774583841
            ],
            [
              116.34880410116,
              40.01767390065
            ],
            [
              116.34880016523,
              40.01760196288
            ],
            [
              116.3487962293,
              40.01753002512
            ],
            [
              116.34879229338,
              40.01745808736
            ],
            [
              116.34878835747,
              40.01738614959
            ],
            [
              116.34878442156,
              40.01731421182
            ],
            [
              116.34878048567,
              40.01724227406
            ],
            [
              116.34877654977,
              40.01717033629
            ],
            [
              116.34877261389,
              40.01709839852
            ],
            [
              116.34876867801,
              40.01702646075
            ],
            [
              116.34876474214,
              40.01695452298
            ],
            [
              116.34876080628,
              40.0168825852
            ],
            [
              116.34875687043,
              40.01681064743
            ],
            [
              116.34875293458,
              40.01673870966
            ],
            [
              116.34874899874,
              40.01666677188
            ],
            [
              116.34874506291,
              40.0165948341
            ],
            [
              116.34874112708,
              40.01652289633
            ],
            [
              116.34873719126,
              40.01645095855
            ],
            [
              116.34873325545,
              40.01637902077
            ],
            [
              116.34872931965,
              40.01630708299
            ],
            [
              116.34872538385,
              40.01623514521
            ],
            [
              116.34872144806,
              40.01616320743
            ],
            [
              116.34871751228,
              40.01609126964
            ],
            [
              116.3487135765,
              40.01601933186
            ],
            [
              116.34870964073,
              40.01594739408
            ],
            [
              116.34870570497,
              40.01587545629
            ],
            [
              116.34870176922,
              40.0158035185
            ],
            [
              116.34869783347,
              40.01573158071
            ],
            [
              116.34869389773,
              40.01565964293
            ],
            [
              116.348689962,
              40.01558770514
            ],
            [
              116.34868602628,
              40.01551576735
            ],
            [
              116.34868209056,
              40.01544382955
            ],
            [
              116.34867815485,
              40.01537189176
            ],
            [
              116.34867421915,
              40.01529995397
            ],
            [
              116.34867028345,
              40.01522801617
            ],
            [
              116.34866634776,
              40.01515607838
            ],
            [
              116.34866241208,
              40.01508414058
            ],
            [
              116.34865847641,
              40.01501220279
            ],
            [
              116.34865454074,
              40.01494026499
            ],
            [
              116.34865060508,
              40.01486832719
            ],
            [
              116.34864666943,
              40.01479638939
            ],
            [
              116.34864273379,
              40.01472445159
            ],
            [
              116.34863879815,
              40.01465251378
            ],
            [
              116.34863486252,
              40.01458057598
            ],
            [
              116.3486309269,
              40.01450863818
            ],
            [
              116.34862699128,
              40.01443670037
            ],
            [
              116.34862305567,
              40.01436476257
            ],
            [
              116.34861912007,
              40.01429282476
            ],
            [
              116.34861518448,
              40.01422088695
            ],
            [
              116.34861124889,
              40.01414894914
            ],
            [
              116.34860731331,
              40.01407701133
            ],
            [
              116.34860337774,
              40.01400507352
            ],
            [
              116.34859944217,
              40.01393313571
            ],
            [
              116.34859550661,
              40.0138611979
            ],
            [
              116.34859157106,
              40.01378926009
            ],
            [
              116.34858763552,
              40.01371732227
            ],
            [
              116.34858369998,
              40.01364538446
            ],
            [
              116.34857976446,
              40.01357344664
            ],
            [
              116.34857582893,
              40.01350150882
            ],
            [
              116.34857189342,
              40.013429571
            ],
            [
              116.34856795791,
              40.01335763318
            ],
            [
              116.34856402241,
              40.01328569536
            ],
            [
              116.34856008692,
              40.01321375754
            ],
            [
              116.34855615143,
              40.01314181972
            ],
            [
              116.34855221596,
              40.0130698819
            ],
            [
              116.34854828049,
              40.01299794407
            ],
            [
              116.34854434502,
              40.01292600625
            ],
            [
              116.34854040956,
              40.01285406842
            ],
            [
              116.34853647412,
              40.0127821306
            ],
            [
              116.34853253867,
              40.01271019277
            ],
            [
              116.34852860324,
              40.01263825494
            ],
            [
              116.34852466781,
              40.01256631711
            ],
            [
              116.34852073239,
              40.01249437928
            ],
            [
              116.34851679698,
              40.01242244145
            ],
            [
              116.34851286157,
              40.01235050361
            ],
            [
              116.34850892617,
              40.01227856578
            ],
            [
              116.34850499078,
              40.01220662795
            ],
            [
              116.3485010554,
              40.01213469011
            ],
            [
              116.34849712002,
              40.01206275227
            ],
            [
              116.34849318465,
              40.01199081444
            ],
            [
              116.34848924929,
              40.0119188766
            ],
            [
              116.34848531393,
              40.01184693876
            ],
            [
              116.34848137859,
              40.01177500092
            ],
            [
              116.34847744325,
              40.01170306308
            ],
            [
              116.34847350791,
              40.01163112523
            ],
            [
              116.34846957259,
              40.01155918739
            ],
            [
              116.34846563727,
              40.01148724955
            ],
            [
              116.34846170196,
              40.0114153117
            ],
            [
              116.34845776665,
              40.01134337386
            ],
            [
              116.34845383136,
              40.01127143601
            ],
            [
              116.34844989607,
              40.01119949816
            ],
            [
              116.34844596078,
              40.01112756031
            ],
            [
              116.34844202551,
              40.01105562246
            ],
            [
              116.34843809024,
              40.01098368461
            ],
            [
              116.34843415498,
              40.01091174676
            ],
            [
              116.34843021972,
              40.01083980891
            ],
            [
              116.34842628448,
              40.01076787105
            ],
            [
              116.34842234924,
              40.0106959332
            ],
            [
              116.34841841401,
              40.01062399534
            ],
            [
              116.34841447878,
              40.01055205749
            ],
            [
              116.34841054356,
              40.01048011963
            ],
            [
              116.34840660835,
              40.01040818177
            ],
            [
              116.34840267315,
              40.01033624391
            ],
            [
              116.34839873796,
              40.01026430605
            ],
            [
              116.34839480277,
              40.01019236819
            ],
            [
              116.34839086759,
              40.01012043033
            ],
            [
              116.34838693241,
              40.01004849246
            ],
            [
              116.34838299725,
              40.0099765546
            ],
            [
              116.34837906209,
              40.00990461673
            ],
            [
              116.34837512693,
              40.00983267887
            ],
            [
              116.34837119179,
              40.009760741
            ],
            [
              116.34836725665,
              40.00968880313
            ],
            [
              116.34836332152,
              40.00961686526
            ],
            [
              116.3483593864,
              40.00954492739
            ],
            [
              116.34835545128,
              40.00947298952
            ],
            [
              116.34835151617,
              40.00940105165
            ],
            [
              116.34834758107,
              40.00932911378
            ],
            [
              116.34834364598,
              40.0092571759
            ],
            [
              116.34833971089,
              40.00918523803
            ],
            [
              116.34833577581,
              40.00911330015
            ],
            [
              116.34833184074,
              40.00904136227
            ],
            [
              116.34832790567,
              40.0089694244
            ],
            [
              116.34832397061,
              40.00889748652
            ],
            [
              116.34832003556,
              40.00882554864
            ],
            [
              116.34831610052,
              40.00875361076
            ],
            [
              116.34831216548,
              40.00868167288
            ],
            [
              116.34830823045,
              40.00860973499
            ],
            [
              116.34830429543,
              40.00853779711
            ],
            [
              116.34830036042,
              40.00846585923
            ],
            [
              116.34829642541,
              40.00839392134
            ],
            [
              116.34829249041,
              40.00832198345
            ],
            [
              116.34828855541,
              40.00825004557
            ],
            [
              116.34828462043,
              40.00817810768
            ],
            [
              116.34828068545,
              40.00810616979
            ],
            [
              116.34827675048,
              40.0080342319
            ],
            [
              116.34827281552,
              40.00796229401
            ],
            [
              116.34826888056,
              40.00789035612
            ],
            [
              116.34826494561,
              40.00781841822
            ],
            [
              116.34826101067,
              40.00774648033
            ],
            [
              116.34825707573,
              40.00767454243
            ],
            [
              116.3482531408,
              40.00760260454
            ],
            [
              116.34824920588,
              40.00753066664
            ],
            [
              116.34824527097,
              40.00745872874
            ],
            [
              116.34824133606,
              40.00738679085
            ],
            [
              116.34823740116,
              40.00731485295
            ],
            [
              116.34823346627,
              40.00724291505
            ],
            [
              116.34822953139,
              40.00717097714
            ],
            [
              116.34822559651,
              40.00709903924
            ],
            [
              116.34822166164,
              40.00702710134
            ],
            [
              116.34821772678,
              40.00695516343
            ],
            [
              116.34821379192,
              40.00688322553
            ],
            [
              116.34820985707,
              40.00681128762
            ],
            [
              116.34820592223,
              40.00673934971
            ],
            [
              116.3482019874,
              40.00666741181
            ],
            [
              116.34819805257,
              40.0065954739
            ],
            [
              116.34819411775,
              40.00652353599
            ],
            [
              116.34819018294,
              40.00645159807
            ],
            [
              116.34818624814,
              40.00637966016
            ],
            [
              116.34818231334,
              40.00630772225
            ],
            [
              116.34817837855,
              40.00623578434
            ],
            [
              116.34817444377,
              40.00616384642
            ],
            [
              116.34817050899,
              40.0060919085
            ],
            [
              116.34816657422,
              40.00601997059
            ],
            [
              116.34816263946,
              40.00594803267
            ],
            [
              116.34815870471,
              40.00587609475
            ],
            [
              116.34815476996,
              40.00580415683
            ],
            [
              116.34815083522,
              40.00573221891
            ],
            [
              116.34814690049,
              40.00566028099
            ],
            [
              116.34814296576,
              40.00558834307
            ],
            [
              116.34813903105,
              40.00551640514
            ],
            [
              116.34813509633,
              40.00544446722
            ],
            [
              116.34813116163,
              40.00537252929
            ],
            [
              116.34812722693,
              40.00530059137
            ],
            [
              116.34812329225,
              40.00522865344
            ],
            [
              116.34811935756,
              40.00515671551
            ],
            [
              116.34811542289,
              40.00508477758
            ],
            [
              116.34811148822,
              40.00501283965
            ],
            [
              116.34810755356,
              40.00494090172
            ],
            [
              116.34810361891,
              40.00486896379
            ],
            [
              116.34809968426,
              40.00479702585
            ],
            [
              116.34809574963,
              40.00472508792
            ],
            [
              116.34809181499,
              40.00465314998
            ],
            [
              116.34808788037,
              40.00458121205
            ],
            [
              116.34808394575,
              40.00450927411
            ],
            [
              116.34808001115,
              40.00443733617
            ],
            [
              116.34807607654,
              40.00436539823
            ],
            [
              116.34807214195,
              40.00429346029
            ],
            [
              116.34806820736,
              40.00422152235
            ],
            [
              116.34806427278,
              40.00414958441
            ],
            [
              116.34806033821,
              40.00407764647
            ],
            [
              116.34805640364,
              40.00400570852
            ],
            [
              116.34805246908,
              40.00393377058
            ],
            [
              116.34804853453,
              40.00386183263
            ],
            [
              116.34804459999,
              40.00378989469
            ],
            [
              116.34804066545,
              40.00371795674
            ],
            [
              116.34803673092,
              40.00364601879
            ],
            [
              116.3480327964,
              40.00357408084
            ],
            [
              116.34802886188,
              40.00350214289
            ],
            [
              116.34802492737,
              40.00343020494
            ],
            [
              116.34802099287,
              40.00335826699
            ],
            [
              116.34801705838,
              40.00328632903
            ],
            [
              116.34801312389,
              40.00321439108
            ],
            [
              116.34800918941,
              40.00314245313
            ],
            [
              116.34800525494,
              40.00307051517
            ],
            [
              116.34800132048,
              40.00299857721
            ],
            [
              116.34799738602,
              40.00292663925
            ],
            [
              116.34799345157,
              40.00285470129
            ],
            [
              116.34798951713,
              40.00278276333
            ],
            [
              116.34798558269,
              40.00271082537
            ],
            [
              116.34798164826,
              40.00263888741
            ],
            [
              116.34797771384,
              40.00256694945
            ],
            [
              116.34797377943,
              40.00249501149
            ],
            [
              116.34796984502,
              40.00242307352
            ],
            [
              116.34796591062,
              40.00235113555
            ],
            [
              116.34796197623,
              40.00227919759
            ],
            [
              116.34795804185,
              40.00220725962
            ],
            [
              116.34795410747,
              40.00213532165
            ],
            [
              116.3479501731,
              40.00206338368
            ],
            [
              116.34794623873,
              40.00199144571
            ],
            [
              116.34794230438,
              40.00191950774
            ],
            [
              116.34793837003,
              40.00184756977
            ],
            [
              116.34793443569,
              40.00177563179
            ],
            [
              116.34793050135,
              40.00170369382
            ],
            [
              116.34792656703,
              40.00163175584
            ],
            [
              116.34792263271,
              40.00155981787
            ],
            [
              116.34791869839,
              40.00148787989
            ],
            [
              116.34791476409,
              40.00141594191
            ],
            [
              116.34791082979,
              40.00134400393
            ],
            [
              116.3479068955,
              40.00127206595
            ],
            [
              116.34790296122,
              40.00120012797
            ],
            [
              116.34789902694,
              40.00112818999
            ],
            [
              116.34789509267,
              40.00105625201
            ],
            [
              116.34789115841,
              40.00098431402
            ],
            [
              116.34788722415,
              40.00091237604
            ],
            [
              116.34788328991,
              40.00084043805
            ],
            [
              116.34787935567,
              40.00076850007
            ],
            [
              116.34787542143,
              40.00069656208
            ],
            [
              116.34787148721,
              40.00062462409
            ],
            [
              116.34786755299,
              40.0005526861
            ],
            [
              116.34786361878,
              40.00048074811
            ],
            [
              116.34785968457,
              40.00040881012
            ],
            [
              116.34785575038,
              40.00033687212
            ],
            [
              116.34785181619,
              40.00026493413
            ],
            [
              116.347847882,
              40.00019299614
            ],
            [
              116.34784394783,
              40.00012105814
            ],
            [
              116.34784001366,
              40.00004912014
            ],
            [
              116.3478360795,
              39.99997718215
            ],
            [
              116.34783214535,
              39.99990524415
            ],
            [
              116.3478282112,
              39.99983330615
            ],
            [
              116.34782427706,
              39.99976136815
            ],
            [
              116.34782034293,
              39.99968943015
            ],
            [
              116.34781640881,
              39.99961749215
            ],
            [
              116.34781247469,
              39.99954555414
            ],
            [
              116.34780854058,
              39.99947361614
            ],
            [
              116.34780460648,
              39.99940167813
            ],
            [
              116.34780067238,
              39.99932974013
            ],
            [
              116.34779673829,
              39.99925780212
            ],
            [
              116.34779280421,
              39.99918586411
            ],
            [
              116.34778887014,
              39.9991139261
            ],
            [
              116.34778493607,
              39.99904198809
            ],
            [
              116.34778100201,
              39.99897005008
            ],
            [
              116.34777706796,
              39.99889811207
            ],
            [
              116.34777313391,
              39.99882617406
            ],
            [
              116.34776919988,
              39.99875423605
            ],
            [
              116.34776526585,
              39.99868229803
            ],
            [
              116.34776133182,
              39.99861036002
            ],
            [
              116.34775739781,
              39.998538422
            ],
            [
              116.3477534638,
              39.99846648398
            ],
            [
              116.3477495298,
              39.99839454596
            ],
            [
              116.3477455958,
              39.99832260794
            ],
            [
              116.34774166182,
              39.99825066992
            ],
            [
              116.34773772784,
              39.9981787319
            ],
            [
              116.34773379386,
              39.99810679388
            ],
            [
              116.3477298599,
              39.99803485586
            ],
            [
              116.34772592594,
              39.99796291783
            ],
            [
              116.34772199199,
              39.99789097981
            ],
            [
              116.34771805805,
              39.99781904178
            ],
            [
              116.34771412411,
              39.99774710376
            ],
            [
              116.34771019018,
              39.99767516573
            ],
            [
              116.34770625626,
              39.9976032277
            ],
            [
              116.34770232234,
              39.99753128967
            ],
            [
              116.34769838844,
              39.99745935164
            ],
            [
              116.34769445454,
              39.99738741361
            ],
            [
              116.34769052064,
              39.99731547557
            ],
            [
              116.34768658676,
              39.99724353754
            ],
            [
              116.34768265288,
              39.9971715995
            ],
            [
              116.34767871901,
              39.99709966147
            ],
            [
              116.34767478514,
              39.99702772343
            ],
            [
              116.34767085129,
              39.99695578539
            ],
            [
              116.34766691744,
              39.99688384736
            ],
            [
              116.34766298359,
              39.99681190932
            ],
            [
              116.34765904976,
              39.99673997128
            ],
            [
              116.34765511593,
              39.99666803323
            ],
            [
              116.34765118211,
              39.99659609519
            ],
            [
              116.3476472483,
              39.99652415715
            ],
            [
              116.34764331449,
              39.99645221911
            ],
            [
              116.34763938069,
              39.99638028106
            ],
            [
              116.3476354469,
              39.99630834301
            ],
            [
              116.34763151312,
              39.99623640497
            ],
            [
              116.34762757934,
              39.99616446692
            ],
            [
              116.34762364557,
              39.99609252887
            ],
            [
              116.34761971181,
              39.99602059082
            ],
            [
              116.34761577805,
              39.99594865277
            ],
            [
              116.3476118443,
              39.99587671472
            ],
            [
              116.34760791056,
              39.99580477666
            ],
            [
              116.34760397683,
              39.99573283861
            ],
            [
              116.3476000431,
              39.99566090056
            ],
            [
              116.34759610938,
              39.9955889625
            ],
            [
              116.34759217567,
              39.99551702444
            ],
            [
              116.34758824196,
              39.99544508639
            ],
            [
              116.34758430827,
              39.99537314833
            ],
            [
              116.34758037458,
              39.99530121027
            ],
            [
              116.34757644089,
              39.99522927221
            ],
            [
              116.34757250722,
              39.99515733415
            ],
            [
              116.34756857355,
              39.99508539608
            ],
            [
              116.34756463989,
              39.99501345802
            ],
            [
              116.34756070623,
              39.99494151995
            ],
            [
              116.34755677258,
              39.99486958189
            ],
            [
              116.34755283895,
              39.99479764382
            ],
            [
              116.34754890531,
              39.99472570576
            ],
            [
              116.34754497169,
              39.99465376769
            ],
            [
              116.34754103807,
              39.99458182962
            ],
            [
              116.34753710446,
              39.99450989155
            ],
            [
              116.34753317085,
              39.99443795348
            ],
            [
              116.34752923726,
              39.99436601541
            ],
            [
              116.34752530367,
              39.99429407733
            ],
            [
              116.34752137009,
              39.99422213926
            ],
            [
              116.34751743651,
              39.99415020118
            ],
            [
              116.34751350294,
              39.99407826311
            ],
            [
              116.34750956938,
              39.99400632503
            ],
            [
              116.34750563583,
              39.99393438695
            ],
            [
              116.34750170229,
              39.99386244887
            ],
            [
              116.34749776875,
              39.9937905108
            ],
            [
              116.34749383522,
              39.99371857271
            ],
            [
              116.34748990169,
              39.99364663463
            ],
            [
              116.34748596817,
              39.99357469655
            ],
            [
              116.34748203466,
              39.99350275847
            ],
            [
              116.34747810116,
              39.99343082038
            ],
            [
              116.34747416767,
              39.9933588823
            ],
            [
              116.34747023418,
              39.99328694421
            ],
            [
              116.3474663007,
              39.99321500612
            ],
            [
              116.34746236723,
              39.99314306804
            ],
            [
              116.34745843376,
              39.99307112995
            ],
            [
              116.3474545003,
              39.99299919186
            ],
            [
              116.34745056685,
              39.99292725376
            ],
            [
              116.3474466334,
              39.99285531567
            ],
            [
              116.34744269997,
              39.99278337758
            ],
            [
              116.34743876654,
              39.99271143949
            ],
            [
              116.34743483311,
              39.99263950139
            ],
            [
              116.3474308997,
              39.99256756329
            ],
            [
              116.34742696629,
              39.9924956252
            ],
            [
              116.34742303289,
              39.9924236871
            ],
            [
              116.34741909949,
              39.992351749
            ],
            [
              116.34741516611,
              39.9922798109
            ],
            [
              116.34741123273,
              39.9922078728
            ],
            [
              116.34740729936,
              39.9921359347
            ],
            [
              116.34740336599,
              39.9920639966
            ],
            [
              116.34739943263,
              39.99199205849
            ],
            [
              116.34739549928,
              39.99192012039
            ],
            [
              116.34739156594,
              39.99184818228
            ],
            [
              116.3473876326,
              39.99177624418
            ],
            [
              116.34738369927,
              39.99170430607
            ],
            [
              116.34737976595,
              39.99163236796
            ],
            [
              116.34737583264,
              39.99156042985
            ],
            [
              116.34737189933,
              39.99148849174
            ],
            [
              116.34736796603,
              39.99141655363
            ],
            [
              116.34736403274,
              39.99134461552
            ],
            [
              116.34736009945,
              39.9912726774
            ],
            [
              116.34735616617,
              39.99120073929
            ],
            [
              116.3473522329,
              39.99112880118
            ],
            [
              116.34734829964,
              39.99105686306
            ],
            [
              116.34734436638,
              39.99098492494
            ],
            [
              116.34734043313,
              39.99091298682
            ],
            [
              116.34733649989,
              39.99084104871
            ],
            [
              116.34733256666,
              39.99076911059
            ],
            [
              116.34732863343,
              39.99069717246
            ],
            [
              116.34732470021,
              39.99062523434
            ],
            [
              116.347320767,
              39.99055329622
            ],
            [
              116.34731683379,
              39.9904813581
            ],
            [
              116.34731290059,
              39.99040941997
            ],
            [
              116.3473089674,
              39.99033748185
            ],
            [
              116.34730503421,
              39.99026554372
            ],
            [
              116.34730110104,
              39.99019360559
            ],
            [
              116.34729716787,
              39.99012166746
            ],
            [
              116.34729323471,
              39.99004972933
            ],
            [
              116.34728930155,
              39.9899777912
            ],
            [
              116.3472853684,
              39.98990585307
            ],
            [
              116.34728143526,
              39.98983391494
            ],
            [
              116.34727750213,
              39.98976197681
            ],
            [
              116.347273569,
              39.98969003867
            ],
            [
              116.34726963588,
              39.98961810054
            ],
            [
              116.34726570277,
              39.9895461624
            ],
            [
              116.34726625914,
              39.98947413606
            ],
            [
              116.34726681551,
              39.98940210971
            ],
            [
              116.34726737188,
              39.98933008336
            ],
            [
              116.34726792825,
              39.98925805701
            ],
            [
              116.34726848461,
              39.98918603066
            ],
            [
              116.34726904097,
              39.98911400431
            ],
            [
              116.34726959733,
              39.98904197796
            ],
            [
              116.34727015369,
              39.9889699516
            ],
            [
              116.34727071005,
              39.98889792525
            ],
            [
              116.3472712664,
              39.9888258989
            ],
            [
              116.34727182275,
              39.98875387254
            ],
            [
              116.3472723791,
              39.98868184618
            ],
            [
              116.34727293545,
              39.98860981983
            ],
            [
              116.34727349179,
              39.98853779347
            ],
            [
              116.34727404813,
              39.98846576711
            ],
            [
              116.34727460447,
              39.98839374075
            ],
            [
              116.34727516081,
              39.98832171439
            ],
            [
              116.34727571715,
              39.98824968803
            ],
            [
              116.34727627348,
              39.98817766166
            ],
            [
              116.34727682981,
              39.9881056353
            ],
            [
              116.34727738614,
              39.98803360893
            ],
            [
              116.34727794247,
              39.98796158257
            ],
            [
              116.34727849879,
              39.9878895562
            ],
            [
              116.34727905511,
              39.98781752984
            ],
            [
              116.34727961143,
              39.98774550347
            ],
            [
              116.34728016775,
              39.9876734771
            ],
            [
              116.34728072407,
              39.98760145073
            ],
            [
              116.34728128038,
              39.98752942436
            ],
            [
              116.34728183669,
              39.98745739799
            ],
            [
              116.347282393,
              39.98738537161
            ],
            [
              116.34728294931,
              39.98731334524
            ],
            [
              116.34728350561,
              39.98724131886
            ],
            [
              116.34728406192,
              39.98716929249
            ],
            [
              116.34728461822,
              39.98709726611
            ],
            [
              116.34728517451,
              39.98702523974
            ],
            [
              116.34728573081,
              39.98695321336
            ],
            [
              116.3472862871,
              39.98688118698
            ],
            [
              116.3472868434,
              39.9868091606
            ],
            [
              116.34728739969,
              39.98673713422
            ],
            [
              116.34728795597,
              39.98666510784
            ],
            [
              116.34728851226,
              39.98659308145
            ],
            [
              116.34728906854,
              39.98652105507
            ],
            [
              116.34728962482,
              39.98644902869
            ],
            [
              116.3472901811,
              39.9863770023
            ],
            [
              116.34729073738,
              39.98630497591
            ],
            [
              116.34729129365,
              39.98623294953
            ],
            [
              116.34729184992,
              39.98616092314
            ],
            [
              116.34729240619,
              39.98608889675
            ],
            [
              116.34729296246,
              39.98601687036
            ],
            [
              116.34729351872,
              39.98594484397
            ],
            [
              116.34729407499,
              39.98587281758
            ],
            [
              116.34729463125,
              39.98580079118
            ],
            [
              116.34729518751,
              39.98572876479
            ],
            [
              116.34729574376,
              39.9856567384
            ],
            [
              116.34729630002,
              39.985584712
            ],
            [
              116.34729685627,
              39.9855126856
            ],
            [
              116.34729741252,
              39.98544065921
            ],
            [
              116.34729796877,
              39.98536863281
            ],
            [
              116.34729852501,
              39.98529660641
            ],
            [
              116.34729908126,
              39.98522458001
            ],
            [
              116.3472996375,
              39.98515255361
            ],
            [
              116.34730019374,
              39.98508052721
            ],
            [
              116.34730074997,
              39.98500850081
            ],
            [
              116.34730130621,
              39.9849364744
            ],
            [
              116.34730186244,
              39.984864448
            ],
            [
              116.34730241867,
              39.98479242159
            ],
            [
              116.3473029749,
              39.98472039519
            ],
            [
              116.34730353112,
              39.98464836878
            ],
            [
              116.34730408735,
              39.98457634237
            ],
            [
              116.34730464357,
              39.98450431596
            ],
            [
              116.34730519979,
              39.98443228955
            ],
            [
              116.347305756,
              39.98436026314
            ],
            [
              116.34730631222,
              39.98428823673
            ],
            [
              116.34730686843,
              39.98421621032
            ],
            [
              116.34730742464,
              39.9841441839
            ],
            [
              116.34730798085,
              39.98407215749
            ],
            [
              116.34730853706,
              39.98400013107
            ],
            [
              116.34730909326,
              39.98392810466
            ],
            [
              116.34730964946,
              39.98385607824
            ],
            [
              116.34731020566,
              39.98378405182
            ],
            [
              116.34731076186,
              39.98371202541
            ],
            [
              116.34731131805,
              39.98363999899
            ],
            [
              116.34731187425,
              39.98356797256
            ],
            [
              116.34731243044,
              39.98349594614
            ],
            [
              116.34731298663,
              39.98342391972
            ],
            [
              116.34731354281,
              39.9833518933
            ],
            [
              116.347314099,
              39.98327986687
            ],
            [
              116.34731465518,
              39.98320784045
            ],
            [
              116.34731521136,
              39.98313581402
            ],
            [
              116.34731576754,
              39.98306378759
            ],
            [
              116.34731632371,
              39.98299176117
            ],
            [
              116.34731687988,
              39.98291973474
            ],
            [
              116.34731743605,
              39.98284770831
            ],
            [
              116.34731799222,
              39.98277568188
            ],
            [
              116.34731854839,
              39.98270365545
            ],
            [
              116.34731910455,
              39.98263162901
            ],
            [
              116.34731966072,
              39.98255960258
            ],
            [
              116.34732021688,
              39.98248757615
            ],
            [
              116.34732077303,
              39.98241554971
            ],
            [
              116.34732132919,
              39.98234352328
            ],
            [
              116.34732188534,
              39.98227149684
            ],
            [
              116.34732244149,
              39.9821994704
            ],
            [
              116.34732299764,
              39.98212744396
            ],
            [
              116.34732355379,
              39.98205541752
            ],
            [
              116.34732410993,
              39.98198339108
            ],
            [
              116.34732466608,
              39.98191136464
            ],
            [
              116.34732522222,
              39.9818393382
            ],
            [
              116.34732577835,
              39.98176731175
            ],
            [
              116.34732633449,
              39.98169528531
            ],
            [
              116.34732689062,
              39.98162325887
            ],
            [
              116.34732744675,
              39.98155123242
            ],
            [
              116.34732800288,
              39.98147920597
            ],
            [
              116.34732855901,
              39.98140717953
            ],
            [
              116.34732911514,
              39.98133515308
            ],
            [
              116.34732967126,
              39.98126312663
            ],
            [
              116.34733022738,
              39.98119110018
            ],
            [
              116.3473307835,
              39.98111907372
            ],
            [
              116.34733133961,
              39.98104704727
            ],
            [
              116.34733189573,
              39.98097502082
            ],
            [
              116.34733245184,
              39.98090299437
            ],
            [
              116.34733300795,
              39.98083096791
            ],
            [
              116.34733356406,
              39.98075894145
            ],
            [
              116.34733412016,
              39.980686915
            ],
            [
              116.34733467626,
              39.98061488854
            ],
            [
              116.34733523236,
              39.98054286208
            ],
            [
              116.34733578846,
              39.98047083562
            ],
            [
              116.34733634456,
              39.98039880916
            ],
            [
              116.34733690065,
              39.9803267827
            ],
            [
              116.34733745674,
              39.98025475624
            ],
            [
              116.34733801283,
              39.98018272977
            ],
            [
              116.34733856892,
              39.98011070331
            ],
            [
              116.34733912501,
              39.98003867685
            ],
            [
              116.34733968109,
              39.97996665038
            ],
            [
              116.34734023717,
              39.97989462391
            ],
            [
              116.34734079325,
              39.97982259745
            ],
            [
              116.34734134933,
              39.97975057098
            ],
            [
              116.3473419054,
              39.97967854451
            ],
            [
              116.34734246147,
              39.97960651804
            ],
            [
              116.34734301754,
              39.97953449157
            ],
            [
              116.34734357361,
              39.97946246509
            ],
            [
              116.34734412968,
              39.97939043862
            ],
            [
              116.34734468574,
              39.97931841215
            ],
            [
              116.3473452418,
              39.97924638567
            ],
            [
              116.34734579786,
              39.9791743592
            ],
            [
              116.34734635392,
              39.97910233272
            ],
            [
              116.34734690997,
              39.97903030624
            ],
            [
              116.34734746602,
              39.97895827976
            ],
            [
              116.34734802207,
              39.97888625328
            ],
            [
              116.34734857812,
              39.9788142268
            ],
            [
              116.34734913417,
              39.97874220032
            ],
            [
              116.34734969021,
              39.97867017384
            ],
            [
              116.34735024625,
              39.97859814736
            ],
            [
              116.34735080229,
              39.97852612087
            ],
            [
              116.34735135833,
              39.97845409439
            ],
            [
              116.34735191436,
              39.9783820679
            ],
            [
              116.34735247039,
              39.97831004142
            ],
            [
              116.34735302642,
              39.97823801493
            ],
            [
              116.34735358245,
              39.97816598844
            ],
            [
              116.34735413848,
              39.97809396195
            ],
            [
              116.3473546945,
              39.97802193546
            ],
            [
              116.34735525052,
              39.97794990897
            ],
            [
              116.34735580654,
              39.97787788248
            ],
            [
              116.34735636256,
              39.97780585598
            ],
            [
              116.34735691858,
              39.97773382949
            ],
            [
              116.34735747459,
              39.977661803
            ],
            [
              116.3473580306,
              39.9775897765
            ],
            [
              116.34735858661,
              39.97751775
            ],
            [
              116.34735914261,
              39.97744572351
            ],
            [
              116.34735969862,
              39.97737369701
            ],
            [
              116.34736025462,
              39.97730167051
            ],
            [
              116.34736081062,
              39.97722964401
            ],
            [
              116.34736136662,
              39.97715761751
            ],
            [
              116.34736192261,
              39.977085591
            ],
            [
              116.34736247861,
              39.9770135645
            ],
            [
              116.3473630346,
              39.976941538
            ],
            [
              116.34736359059,
              39.97686951149
            ],
            [
              116.34736414657,
              39.97679748499
            ],
            [
              116.34736470256,
              39.97672545848
            ],
            [
              116.34736525854,
              39.97665343197
            ],
            [
              116.34736581452,
              39.97658140547
            ],
            [
              116.3473663705,
              39.97650937896
            ],
            [
              116.34736692647,
              39.97643735245
            ],
            [
              116.34736748244,
              39.97636532594
            ],
            [
              116.34736803842,
              39.97629329942
            ],
            [
              116.34736859438,
              39.97622127291
            ],
            [
              116.34736915035,
              39.9761492464
            ],
            [
              116.34736970632,
              39.97607721988
            ],
            [
              116.34737026228,
              39.97600519337
            ],
            [
              116.34737081824,
              39.97593316685
            ],
            [
              116.34737425394,
              39.97586155674
            ],
            [
              116.34737768963,
              39.97578994662
            ],
            [
              116.34738112532,
              39.97571833651
            ],
            [
              116.347384561,
              39.97564672639
            ],
            [
              116.34738799666,
              39.97557511627
            ],
            [
              116.34739143232,
              39.97550350616
            ],
            [
              116.34739486798,
              39.97543189604
            ],
            [
              116.34739830362,
              39.97536028592
            ],
            [
              116.34740173926,
              39.97528867579
            ],
            [
              116.34740517488,
              39.97521706567
            ],
            [
              116.3474086105,
              39.97514545555
            ],
            [
              116.34741204612,
              39.97507384542
            ],
            [
              116.34741548172,
              39.9750022353
            ],
            [
              116.34741891731,
              39.97493062517
            ],
            [
              116.3474223529,
              39.97485901504
            ],
            [
              116.34742578848,
              39.97478740492
            ],
            [
              116.34742922405,
              39.97471579479
            ],
            [
              116.34743265961,
              39.97464418466
            ],
            [
              116.34743609517,
              39.97457257452
            ],
            [
              116.34743953071,
              39.97450096439
            ],
            [
              116.34744296625,
              39.97442935426
            ],
            [
              116.34744640178,
              39.97435774412
            ],
            [
              116.3474498373,
              39.97428613399
            ],
            [
              116.34745327281,
              39.97421452385
            ],
            [
              116.34745670832,
              39.97414291371
            ],
            [
              116.34746014381,
              39.97407130357
            ],
            [
              116.3474635793,
              39.97399969343
            ],
            [
              116.34746701478,
              39.97392808329
            ],
            [
              116.34747045026,
              39.97385647315
            ],
            [
              116.34747388572,
              39.973784863
            ],
            [
              116.34747732118,
              39.97371325286
            ],
            [
              116.34748075662,
              39.97364164272
            ],
            [
              116.34748419206,
              39.97357003257
            ],
            [
              116.34748762749,
              39.97349842242
            ],
            [
              116.34749106292,
              39.97342681227
            ],
            [
              116.34749449833,
              39.97335520212
            ],
            [
              116.34749793374,
              39.97328359197
            ],
            [
              116.34750136914,
              39.97321198182
            ],
            [
              116.34750480453,
              39.97314037167
            ],
            [
              116.34750823991,
              39.97306876151
            ],
            [
              116.34751167528,
              39.97299715136
            ],
            [
              116.34751511065,
              39.9729255412
            ],
            [
              116.34751854601,
              39.97285393105
            ],
            [
              116.34752198136,
              39.97278232089
            ],
            [
              116.3475254167,
              39.97271071073
            ],
            [
              116.34752885203,
              39.97263910057
            ],
            [
              116.34753228736,
              39.97256749041
            ],
            [
              116.34753572267,
              39.97249588025
            ],
            [
              116.34753915798,
              39.97242427008
            ],
            [
              116.34754259328,
              39.97235265992
            ],
            [
              116.34754602857,
              39.97228104976
            ],
            [
              116.34754946386,
              39.97220943959
            ],
            [
              116.34755289913,
              39.97213782942
            ],
            [
              116.3475563344,
              39.97206621925
            ],
            [
              116.34755976966,
              39.97199460908
            ],
            [
              116.34756320491,
              39.97192299891
            ],
            [
              116.34756664015,
              39.97185138874
            ],
            [
              116.34757007539,
              39.97177977857
            ],
            [
              116.34757351062,
              39.9717081684
            ],
            [
              116.34757694583,
              39.97163655822
            ],
            [
              116.34758038104,
              39.97156494805
            ],
            [
              116.34758381625,
              39.97149333787
            ],
            [
              116.34758725144,
              39.97142172769
            ],
            [
              116.34759068663,
              39.97135011751
            ],
            [
              116.3475941218,
              39.97127850733
            ],
            [
              116.34759755697,
              39.97120689715
            ],
            [
              116.34760099213,
              39.97113528697
            ],
            [
              116.34760442729,
              39.97106367679
            ],
            [
              116.34760786243,
              39.9709920666
            ],
            [
              116.34761129757,
              39.97092045642
            ],
            [
              116.3476147327,
              39.97084884623
            ],
            [
              116.34761816782,
              39.97077723605
            ],
            [
              116.34762160293,
              39.97070562586
            ],
            [
              116.34762503803,
              39.97063401567
            ],
            [
              116.34762847313,
              39.97056240548
            ],
            [
              116.34763190822,
              39.97049079529
            ],
            [
              116.3476353433,
              39.9704191851
            ],
            [
              116.34763877837,
              39.9703475749
            ],
            [
              116.34764221343,
              39.97027596471
            ],
            [
              116.34764564849,
              39.97020435451
            ],
            [
              116.34764908353,
              39.97013274432
            ],
            [
              116.34765251857,
              39.97006113412
            ],
            [
              116.3476559536,
              39.96998952392
            ],
            [
              116.34765938862,
              39.96991791372
            ],
            [
              116.34766282364,
              39.96984630352
            ],
            [
              116.34766625864,
              39.96977469332
            ],
            [
              116.34766969364,
              39.96970308312
            ],
            [
              116.34767312863,
              39.96963147291
            ],
            [
              116.34767656361,
              39.96955986271
            ],
            [
              116.34767999858,
              39.9694882525
            ],
            [
              116.34768343355,
              39.9694166423
            ],
            [
              116.34768686851,
              39.96934503209
            ],
            [
              116.34769030345,
              39.96927342188
            ],
            [
              116.34769373839,
              39.96920181167
            ],
            [
              116.34769717333,
              39.96913020146
            ],
            [
              116.34770060825,
              39.96905859125
            ],
            [
              116.34770404317,
              39.96898698103
            ],
            [
              116.34770747807,
              39.96891537082
            ],
            [
              116.34771091297,
              39.9688437606
            ],
            [
              116.34771434786,
              39.96877215039
            ],
            [
              116.34771778275,
              39.96870054017
            ],
            [
              116.34772121762,
              39.96862892995
            ],
            [
              116.34772465249,
              39.96855731973
            ],
            [
              116.34772808735,
              39.96848570951
            ],
            [
              116.3477315222,
              39.96841409929
            ],
            [
              116.34773495704,
              39.96834248907
            ],
            [
              116.34773839187,
              39.96827087885
            ],
            [
              116.3477418267,
              39.96819926862
            ],
            [
              116.34774526152,
              39.9681276584
            ],
            [
              116.34774869632,
              39.96805604817
            ],
            [
              116.34775213113,
              39.96798443794
            ],
            [
              116.34775556592,
              39.96791282771
            ],
            [
              116.3477590007,
              39.96784121748
            ],
            [
              116.34776243548,
              39.96776960725
            ],
            [
              116.34776587025,
              39.96769799702
            ],
            [
              116.34776930501,
              39.96762638679
            ],
            [
              116.34777273976,
              39.96755477655
            ],
            [
              116.34777617451,
              39.96748316632
            ],
            [
              116.34777960924,
              39.96741155608
            ],
            [
              116.34778304397,
              39.96733994585
            ],
            [
              116.34778647869,
              39.96726833561
            ],
            [
              116.3477899134,
              39.96719672537
            ],
            [
              116.3477933481,
              39.96712511513
            ],
            [
              116.3477967828,
              39.96705350489
            ],
            [
              116.34780021748,
              39.96698189465
            ],
            [
              116.34780365216,
              39.9669102844
            ],
            [
              116.34780708683,
              39.96683867416
            ],
            [
              116.34781052149,
              39.96676706391
            ],
            [
              116.34781395615,
              39.96669545367
            ],
            [
              116.34781739079,
              39.96662384342
            ],
            [
              116.34782082543,
              39.96655223317
            ],
            [
              116.34782426006,
              39.96648062292
            ],
            [
              116.34782769468,
              39.96640901267
            ],
            [
              116.34783112929,
              39.96633740242
            ],
            [
              116.3478345639,
              39.96626579217
            ],
            [
              116.3478379985,
              39.96619418191
            ],
            [
              116.34784143308,
              39.96612257166
            ],
            [
              116.34784486766,
              39.9660509614
            ],
            [
              116.34784830224,
              39.96597935115
            ],
            [
              116.3478517368,
              39.96590774089
            ],
            [
              116.34785517136,
              39.96583613063
            ],
            [
              116.3478586059,
              39.96576452037
            ],
            [
              116.34786204044,
              39.96569291011
            ],
            [
              116.34786547497,
              39.96562129985
            ],
            [
              116.3478689095,
              39.96554968958
            ],
            [
              116.34787234401,
              39.96547807932
            ],
            [
              116.34787577852,
              39.96540646906
            ],
            [
              116.34787921302,
              39.96533485879
            ],
            [
              116.34788264751,
              39.96526324852
            ],
            [
              116.34788608199,
              39.96519163825
            ],
            [
              116.34788951646,
              39.96512002798
            ],
            [
              116.34789295093,
              39.96504841771
            ],
            [
              116.34789638539,
              39.96497680744
            ],
            [
              116.34789981984,
              39.96490519717
            ],
            [
              116.34790325428,
              39.9648335869
            ],
            [
              116.34790668871,
              39.96476197662
            ],
            [
              116.34791012314,
              39.96469036635
            ],
            [
              116.34791355755,
              39.96461875607
            ],
            [
              116.34791699196,
              39.96454714579
            ],
            [
              116.34792042636,
              39.96447553551
            ],
            [
              116.34792386075,
              39.96440392523
            ],
            [
              116.34792729514,
              39.96433231495
            ],
            [
              116.34793072951,
              39.96426070467
            ],
            [
              116.34793172749,
              39.96418884841
            ],
            [
              116.34793272547,
              39.96411699215
            ],
            [
              116.34793372344,
              39.96404513588
            ],
            [
              116.34793472141,
              39.96397327962
            ],
            [
              116.34793571938,
              39.96390142335
            ],
            [
              116.34793671734,
              39.96382956709
            ],
            [
              116.3479377153,
              39.96375771082
            ],
            [
              116.34793871326,
              39.96368585455
            ],
            [
              116.34793971122,
              39.96361399828
            ],
            [
              116.34794070917,
              39.96354214201
            ],
            [
              116.34794170712,
              39.96347028574
            ],
            [
              116.34794270506,
              39.96339842947
            ],
            [
              116.347943703,
              39.9633265732
            ],
            [
              116.34794470094,
              39.96325471692
            ],
            [
              116.34794569888,
              39.96318286065
            ],
            [
              116.34794669681,
              39.96311100437
            ],
            [
              116.34794769474,
              39.9630391481
            ],
            [
              116.34794869267,
              39.96296729182
            ],
            [
              116.34794969059,
              39.96289543554
            ],
            [
              116.34795068851,
              39.96282357926
            ],
            [
              116.34795168643,
              39.96275172298
            ],
            [
              116.34795268434,
              39.9626798667
            ],
            [
              116.34795368225,
              39.96260801042
            ],
            [
              116.34795468016,
              39.96253615413
            ],
            [
              116.34795567807,
              39.96246429785
            ],
            [
              116.34795667597,
              39.96239244157
            ],
            [
              116.34795767387,
              39.96232058528
            ],
            [
              116.34795867176,
              39.96224872899
            ],
            [
              116.34795966965,
              39.96217687271
            ],
            [
              116.34796066754,
              39.96210501642
            ],
            [
              116.34796166543,
              39.96203316013
            ],
            [
              116.34796266331,
              39.96196130384
            ],
            [
              116.34796366119,
              39.96188944755
            ],
            [
              116.34796465907,
              39.96181759125
            ],
            [
              116.34796565694,
              39.96174573496
            ],
            [
              116.34796665481,
              39.96167387867
            ],
            [
              116.34796765268,
              39.96160202237
            ],
            [
              116.34796865055,
              39.96153016608
            ],
            [
              116.34796964841,
              39.96145830978
            ],
            [
              116.34797064626,
              39.96138645348
            ],
            [
              116.34797164412,
              39.96131459718
            ],
            [
              116.34797264197,
              39.96124274089
            ],
            [
              116.34797363982,
              39.96117088458
            ],
            [
              116.34797463767,
              39.96109902828
            ],
            [
              116.34797563551,
              39.96102717198
            ],
            [
              116.34797663335,
              39.96095531568
            ],
            [
              116.34797763118,
              39.96088345937
            ],
            [
              116.34797862902,
              39.96081160307
            ],
            [
              116.34797962685,
              39.96073974676
            ],
            [
              116.34798062467,
              39.96066789046
            ],
            [
              116.3479816225,
              39.96059603415
            ],
            [
              116.34798262032,
              39.96052417784
            ],
            [
              116.34798361814,
              39.96045232153
            ],
            [
              116.34798461595,
              39.96038046522
            ],
            [
              116.34798561376,
              39.96030860891
            ],
            [
              116.34798661157,
              39.9602367526
            ],
            [
              116.34798760938,
              39.96016489629
            ],
            [
              116.34798860718,
              39.96009303997
            ],
            [
              116.34798960498,
              39.96002118366
            ],
            [
              116.34799060277,
              39.95994932734
            ],
            [
              116.34799160057,
              39.95987747102
            ],
            [
              116.34799259836,
              39.95980561471
            ],
            [
              116.34799359614,
              39.95973375839
            ],
            [
              116.34799459393,
              39.95966190207
            ],
            [
              116.34799559171,
              39.95959004575
            ],
            [
              116.34799658948,
              39.95951818943
            ],
            [
              116.34799758726,
              39.9594463331
            ],
            [
              116.34799858503,
              39.95937447678
            ],
            [
              116.3479995828,
              39.95930262046
            ],
            [
              116.34800058056,
              39.95923076413
            ],
            [
              116.34800157832,
              39.95915890781
            ],
            [
              116.34800257608,
              39.95908705148
            ],
            [
              116.34800357384,
              39.95901519515
            ],
            [
              116.34800457159,
              39.95894333882
            ],
            [
              116.34800556934,
              39.95887148249
            ],
            [
              116.34800656709,
              39.95879962616
            ],
            [
              116.34800756483,
              39.95872776983
            ],
            [
              116.34800856257,
              39.9586559135
            ],
            [
              116.34800956031,
              39.95858405717
            ],
            [
              116.34801055804,
              39.95851220083
            ],
            [
              116.34801155577,
              39.9584403445
            ],
            [
              116.3480125535,
              39.95836848816
            ],
            [
              116.34801355122,
              39.95829663183
            ],
            [
              116.34801454894,
              39.95822477549
            ],
            [
              116.34801554666,
              39.95815291915
            ],
            [
              116.34801654438,
              39.95808106281
            ],
            [
              116.34801754209,
              39.95800920647
            ],
            [
              116.3480185398,
              39.95793735013
            ],
            [
              116.3480195375,
              39.95786549379
            ],
            [
              116.34802053521,
              39.95779363744
            ],
            [
              116.34802153291,
              39.9577217811
            ],
            [
              116.3480225306,
              39.95764992475
            ],
            [
              116.3480235283,
              39.95757806841
            ],
            [
              116.34802452599,
              39.95750621206
            ],
            [
              116.34802552367,
              39.95743435571
            ],
            [
              116.34802652136,
              39.95736249936
            ],
            [
              116.34802751904,
              39.95729064301
            ],
            [
              116.34802851672,
              39.95721878666
            ],
            [
              116.34802951439,
              39.95714693031
            ],
            [
              116.34803051206,
              39.95707507396
            ],
            [
              116.34803150973,
              39.95700321761
            ],
            [
              116.3480325074,
              39.95693136125
            ],
            [
              116.34803350506,
              39.9568595049
            ],
            [
              116.34803450272,
              39.95678764854
            ],
            [
              116.34803550037,
              39.95671579218
            ],
            [
              116.34803649803,
              39.95664393583
            ],
            [
              116.34803749568,
              39.95657207947
            ],
            [
              116.34803849332,
              39.95650022311
            ],
            [
              116.34803949097,
              39.95642836675
            ],
            [
              116.34804048861,
              39.95635651039
            ],
            [
              116.34804148624,
              39.95628465402
            ],
            [
              116.34804248388,
              39.95621279766
            ],
            [
              116.34804348151,
              39.9561409413
            ],
            [
              116.34804447914,
              39.95606908493
            ],
            [
              116.34804547676,
              39.95599722857
            ],
            [
              116.34804647438,
              39.9559253722
            ],
            [
              116.348047472,
              39.95585351583
            ],
            [
              116.34804846962,
              39.95578165946
            ],
            [
              116.34804946723,
              39.95570980309
            ],
            [
              116.34805046484,
              39.95563794672
            ],
            [
              116.34805146245,
              39.95556609035
            ],
            [
              116.34805246005,
              39.95549423398
            ],
            [
              116.34805345765,
              39.9554223776
            ],
            [
              116.34805445525,
              39.95535052123
            ],
            [
              116.34805545284,
              39.95527866486
            ],
            [
              116.34805645043,
              39.95520680848
            ],
            [
              116.34805744802,
              39.9551349521
            ],
            [
              116.3480584456,
              39.95506309572
            ],
            [
              116.34805944318,
              39.95499123935
            ],
            [
              116.34806044076,
              39.95491938297
            ],
            [
              116.34806143834,
              39.95484752659
            ],
            [
              116.34806243591,
              39.9547756702
            ],
            [
              116.34806343348,
              39.95470381382
            ],
            [
              116.34806443104,
              39.95463195744
            ],
            [
              116.34806542861,
              39.95456010105
            ],
            [
              116.34806642617,
              39.95448824467
            ],
            [
              116.34806742372,
              39.95441638828
            ],
            [
              116.34806842128,
              39.9543445319
            ],
            [
              116.34806941883,
              39.95427267551
            ],
            [
              116.34807041637,
              39.95420081912
            ],
            [
              116.34807141392,
              39.95412896273
            ],
            [
              116.34807241146,
              39.95405710634
            ],
            [
              116.348073409,
              39.95398524995
            ],
            [
              116.34807440653,
              39.95391339355
            ],
            [
              116.34807540406,
              39.95384153716
            ],
            [
              116.34807640159,
              39.95376968077
            ],
            [
              116.34807739912,
              39.95369782437
            ],
            [
              116.34807839664,
              39.95362596798
            ],
            [
              116.34807939416,
              39.95355411158
            ],
            [
              116.34808039167,
              39.95348225518
            ],
            [
              116.34808138919,
              39.95341039878
            ],
            [
              116.3480823867,
              39.95333854238
            ],
            [
              116.3480833842,
              39.95326668598
            ],
            [
              116.34808438171,
              39.95319482958
            ],
            [
              116.34808537921,
              39.95312297318
            ],
            [
              116.3480863767,
              39.95305111677
            ],
            [
              116.3480873742,
              39.95297926037
            ],
            [
              116.34808837169,
              39.95290740396
            ],
            [
              116.34808936918,
              39.95283554756
            ],
            [
              116.34809036666,
              39.95276369115
            ],
            [
              116.34809136415,
              39.95269183474
            ],
            [
              116.34809236162,
              39.95261997833
            ],
            [
              116.3480933591,
              39.95254812192
            ],
            [
              116.34809435657,
              39.95247626551
            ],
            [
              116.34809535404,
              39.9524044091
            ],
            [
              116.34809635151,
              39.95233255269
            ],
            [
              116.34809734897,
              39.95226069627
            ],
            [
              116.34809834643,
              39.95218883986
            ],
            [
              116.34809934389,
              39.95211698345
            ],
            [
              116.34810034134,
              39.95204512703
            ],
            [
              116.34810133879,
              39.95197327061
            ],
            [
              116.34810233624,
              39.95190141419
            ],
            [
              116.34810333368,
              39.95182955777
            ],
            [
              116.34810433113,
              39.95175770135
            ],
            [
              116.34810532856,
              39.95168584493
            ],
            [
              116.348106326,
              39.95161398851
            ],
            [
              116.34810732343,
              39.95154213209
            ],
            [
              116.34810832086,
              39.95147027567
            ],
            [
              116.34810931829,
              39.95139841924
            ],
            [
              116.34811031571,
              39.95132656282
            ],
            [
              116.34811131313,
              39.95125470639
            ],
            [
              116.34811231055,
              39.95118284996
            ],
            [
              116.34811330796,
              39.95111099353
            ],
            [
              116.34811430537,
              39.95103913711
            ],
            [
              116.34811530278,
              39.95096728068
            ],
            [
              116.34811630018,
              39.95089542425
            ],
            [
              116.34811729758,
              39.95082356781
            ],
            [
              116.34811829498,
              39.95075171138
            ],
            [
              116.34811929238,
              39.95067985495
            ],
            [
              116.34812028977,
              39.95060799851
            ],
            [
              116.34812128716,
              39.95053614208
            ],
            [
              116.34812228454,
              39.95046428564
            ],
            [
              116.34812328192,
              39.9503924292
            ],
            [
              116.3481242793,
              39.95032057277
            ],
            [
              116.34812527668,
              39.95024871633
            ],
            [
              116.34812627405,
              39.95017685989
            ],
            [
              116.34812727142,
              39.95010500345
            ],
            [
              116.34812826879,
              39.950033147
            ],
            [
              116.34812926615,
              39.94996129056
            ],
            [
              116.34813026351,
              39.94988943412
            ],
            [
              116.34813126087,
              39.94981757767
            ],
            [
              116.34813225822,
              39.94974572123
            ],
            [
              116.34813325558,
              39.94967386478
            ],
            [
              116.34813425292,
              39.94960200833
            ],
            [
              116.34813525027,
              39.94953015189
            ],
            [
              116.34813624761,
              39.94945829544
            ],
            [
              116.34813724495,
              39.94938643899
            ],
            [
              116.34813824229,
              39.94931458254
            ],
            [
              116.34813923962,
              39.94924272608
            ],
            [
              116.34814023695,
              39.94917086963
            ],
            [
              116.34814123427,
              39.94909901318
            ],
            [
              116.3481422316,
              39.94902715672
            ],
            [
              116.34814322892,
              39.94895530027
            ],
            [
              116.34814422624,
              39.94888344381
            ],
            [
              116.34814522355,
              39.94881158735
            ],
            [
              116.34814622086,
              39.9487397309
            ],
            [
              116.34814721817,
              39.94866787444
            ],
            [
              116.34814821547,
              39.94859601798
            ],
            [
              116.34814921277,
              39.94852416152
            ],
            [
              116.34815021007,
              39.94845230505
            ],
            [
              116.34815120737,
              39.94838044859
            ],
            [
              116.34815220466,
              39.94830859213
            ],
            [
              116.34815320195,
              39.94823673566
            ],
            [
              116.34815419924,
              39.9481648792
            ],
            [
              116.34815519652,
              39.94809302273
            ],
            [
              116.3481561938,
              39.94802116626
            ],
            [
              116.34815719107,
              39.94794930979
            ],
            [
              116.34815818835,
              39.94787745333
            ],
            [
              116.34815918562,
              39.94780559686
            ],
            [
              116.34816018289,
              39.94773374038
            ],
            [
              116.34816118015,
              39.94766188391
            ],
            [
              116.34816217741,
              39.94759002744
            ],
            [
              116.34816317467,
              39.94751817097
            ],
            [
              116.34816417192,
              39.94744631449
            ],
            [
              116.34816516918,
              39.94737445802
            ],
            [
              116.34816616643,
              39.94730260154
            ],
            [
              116.34816716367,
              39.94723074506
            ],
            [
              116.34816816091,
              39.94715888858
            ],
            [
              116.34816915815,
              39.9470870321
            ],
            [
              116.34817015539,
              39.94701517562
            ],
            [
              116.34817115262,
              39.94694331914
            ],
            [
              116.34817214985,
              39.94687146266
            ],
            [
              116.34817314708,
              39.94679960618
            ],
            [
              116.3481741443,
              39.94672774969
            ],
            [
              116.34817514152,
              39.94665589321
            ],
            [
              116.34817613874,
              39.94658403672
            ],
            [
              116.34817713596,
              39.94651218024
            ],
            [
              116.34817813317,
              39.94644032375
            ],
            [
              116.34817913038,
              39.94636846726
            ],
            [
              116.34818012758,
              39.94629661077
            ],
            [
              116.34818112478,
              39.94622475428
            ],
            [
              116.34818212198,
              39.94615289779
            ],
            [
              116.34818311918,
              39.9460810413
            ],
            [
              116.34818411637,
              39.94600918481
            ],
            [
              116.34818511356,
              39.94593732831
            ],
            [
              116.34818611075,
              39.94586547182
            ],
            [
              116.34818710793,
              39.94579361532
            ],
            [
              116.34818810511,
              39.94572175883
            ],
            [
              116.34818910229,
              39.94564990233
            ],
            [
              116.34819009946,
              39.94557804583
            ],
            [
              116.34819109663,
              39.94550618933
            ],
            [
              116.3481920938,
              39.94543433283
            ],
            [
              116.34819309097,
              39.94536247633
            ],
            [
              116.34819408813,
              39.94529061983
            ],
            [
              116.34819508529,
              39.94521876332
            ],
            [
              116.34819608244,
              39.94514690682
            ],
            [
              116.34819707959,
              39.94507505032
            ],
            [
              116.34819807674,
              39.94500319381
            ],
            [
              116.34819907389,
              39.9449313373
            ],
            [
              116.34820007103,
              39.9448594808
            ],
            [
              116.34820106817,
              39.94478762429
            ],
            [
              116.34820206531,
              39.94471576778
            ],
            [
              116.34820306244,
              39.94464391127
            ],
            [
              116.34820405957,
              39.94457205476
            ],
            [
              116.3482050567,
              39.94450019824
            ],
            [
              116.34820605383,
              39.94442834173
            ],
            [
              116.34820705095,
              39.94435648522
            ],
            [
              116.34820804807,
              39.9442846287
            ],
            [
              116.34820904518,
              39.94421277219
            ],
            [
              116.34821004229,
              39.94414091567
            ],
            [
              116.3482110394,
              39.94406905915
            ],
            [
              116.34821203651,
              39.94399720263
            ],
            [
              116.34821303361,
              39.94392534612
            ],
            [
              116.34821403071,
              39.94385348959
            ],
            [
              116.34821502781,
              39.94378163307
            ],
            [
              116.3482160249,
              39.94370977655
            ],
            [
              116.34821702199,
              39.94363792003
            ],
            [
              116.34821801908,
              39.9435660635
            ],
            [
              116.34821901616,
              39.94349420698
            ],
            [
              116.34822001324,
              39.94342235045
            ],
            [
              116.34822101032,
              39.94335049393
            ],
            [
              116.34822200739,
              39.9432786374
            ],
            [
              116.34822300447,
              39.94320678087
            ],
            [
              116.34822400153,
              39.94313492434
            ],
            [
              116.3482249986,
              39.94306306781
            ],
            [
              116.34822599566,
              39.94299121128
            ],
            [
              116.34822699272,
              39.94291935475
            ],
            [
              116.34822798978,
              39.94284749821
            ],
            [
              116.34822898683,
              39.94277564168
            ],
            [
              116.34822998388,
              39.94270378515
            ],
            [
              116.34823098093,
              39.94263192861
            ],
            [
              116.34823197797,
              39.94256007207
            ],
            [
              116.34823297501,
              39.94248821554
            ],
            [
              116.34823397205,
              39.942416359
            ],
            [
              116.34823496908,
              39.94234450246
            ],
            [
              116.34823596611,
              39.94227264592
            ],
            [
              116.34823696314,
              39.94220078938
            ],
            [
              116.34823796017,
              39.94212893283
            ],
            [
              116.34823895719,
              39.94205707629
            ],
            [
              116.34823995421,
              39.94198521975
            ],
            [
              116.34824095122,
              39.9419133632
            ],
            [
              116.34824194824,
              39.94184150666
            ],
            [
              116.34824294525,
              39.94176965011
            ],
            [
              116.34824394225,
              39.94169779356
            ],
            [
              116.34824493926,
              39.94162593701
            ],
            [
              116.34824593626,
              39.94155408046
            ],
            [
              116.34824693325,
              39.94148222391
            ],
            [
              116.34824793025,
              39.94141036736
            ],
            [
              116.34824892724,
              39.94133851081
            ],
            [
              116.34824992422,
              39.94126665426
            ],
            [
              116.34825092121,
              39.9411947977
            ],
            [
              116.34825191819,
              39.94112294115
            ],
            [
              116.34825291517,
              39.94105108459
            ],
            [
              116.34825391214,
              39.94097922803
            ],
            [
              116.34825490912,
              39.94090737148
            ],
            [
              116.34817468568,
              39.94090671196
            ],
            [
              116.34809446225,
              39.94090605238
            ],
            [
              116.34801423882,
              39.94090539275
            ],
            [
              116.3479340154,
              39.94090473306
            ],
            [
              116.34785379198,
              39.94090407332
            ],
            [
              116.34777356855,
              39.94090341352
            ],
            [
              116.34769334513,
              39.94090275366
            ],
            [
              116.34769234782,
              39.94097459279
            ],
            [
              116.3476913505,
              39.94104643191
            ],
            [
              116.34769035317,
              39.94111827103
            ],
            [
              116.34768935585,
              39.94119011015
            ],
            [
              116.34768835852,
              39.94126194927
            ],
            [
              116.34768736118,
              39.94133378839
            ],
            [
              116.34768636385,
              39.94140562751
            ],
            [
              116.34768536651,
              39.94147746663
            ],
            [
              116.34768436916,
              39.94154930574
            ],
            [
              116.34768337182,
              39.94162114486
            ],
            [
              116.34768237447,
              39.94169298397
            ],
            [
              116.34768137712,
              39.94176482309
            ],
            [
              116.34768037976,
              39.9418366622
            ],
            [
              116.34767938241,
              39.94190850131
            ],
            [
              116.34767838505,
              39.94198034042
            ],
            [
              116.34767738768,
              39.94205217953
            ],
            [
              116.34767639031,
              39.94212401864
            ],
            [
              116.34767539294,
              39.94219585775
            ],
            [
              116.34767439557,
              39.94226769686
            ],
            [
              116.34767339819,
              39.94233953596
            ],
            [
              116.34767240081,
              39.94241137507
            ],
            [
              116.34767140343,
              39.94248321417
            ],
            [
              116.34767040605,
              39.94255505328
            ],
            [
              116.34766940866,
              39.94262689238
            ],
            [
              116.34766841126,
              39.94269873148
            ],
            [
              116.34766741387,
              39.94277057058
            ],
            [
              116.34766641647,
              39.94284240968
            ],
            [
              116.34766541907,
              39.94291424878
            ],
            [
              116.34766442166,
              39.94298608788
            ],
            [
              116.34766342426,
              39.94305792697
            ],
            [
              116.34766242685,
              39.94312976607
            ],
            [
              116.34766142943,
              39.94320160517
            ],
            [
              116.34766043202,
              39.94327344426
            ],
            [
              116.3476594346,
              39.94334528335
            ],
            [
              116.34765843717,
              39.94341712245
            ],
            [
              116.34765743975,
              39.94348896154
            ],
            [
              116.34765644232,
              39.94356080063
            ],
            [
              116.34765544488,
              39.94363263972
            ],
            [
              116.34765444745,
              39.94370447881
            ],
            [
              116.34765345001,
              39.9437763179
            ],
            [
              116.34765245257,
              39.94384815698
            ],
            [
              116.34765145512,
              39.94391999607
            ],
            [
              116.34765045768,
              39.94399183515
            ],
            [
              116.34764946022,
              39.94406367424
            ],
            [
              116.34764846277,
              39.94413551332
            ],
            [
              116.34764746531,
              39.9442073524
            ],
            [
              116.34764646785,
              39.94427919149
            ],
            [
              116.34764547039,
              39.94435103057
            ],
            [
              116.34764447292,
              39.94442286965
            ],
            [
              116.34764347545,
              39.94449470873
            ],
            [
              116.34764247798,
              39.9445665478
            ],
            [
              116.3476414805,
              39.94463838688
            ],
            [
              116.34764048302,
              39.94471022596
            ],
            [
              116.34763948554,
              39.94478206503
            ],
            [
              116.34763848806,
              39.94485390411
            ],
            [
              116.34763749057,
              39.94492574318
            ],
            [
              116.34763649308,
              39.94499758225
            ],
            [
              116.34763549558,
              39.94506942132
            ],
            [
              116.34763449808,
              39.94514126039
            ],
            [
              116.34763350058,
              39.94521309946
            ],
            [
              116.34763250308,
              39.94528493853
            ],
            [
              116.34763150557,
              39.9453567776
            ],
            [
              116.34763050806,
              39.94542861667
            ],
            [
              116.34762951055,
              39.94550045573
            ],
            [
              116.34762851303,
              39.9455722948
            ],
            [
              116.34762751551,
              39.94564413386
            ],
            [
              116.34762651799,
              39.94571597293
            ],
            [
              116.34762552046,
              39.94578781199
            ],
            [
              116.34762452294,
              39.94585965105
            ],
            [
              116.3476235254,
              39.94593149011
            ],
            [
              116.34762252787,
              39.94600332917
            ],
            [
              116.34762153033,
              39.94607516823
            ],
            [
              116.34762053279,
              39.94614700729
            ],
            [
              116.34761953524,
              39.94621884634
            ],
            [
              116.3476185377,
              39.9462906854
            ],
            [
              116.34761754015,
              39.94636252446
            ],
            [
              116.34761654259,
              39.94643436351
            ],
            [
              116.34761554504,
              39.94650620256
            ],
            [
              116.34761454748,
              39.94657804162
            ],
            [
              116.34761354991,
              39.94664988067
            ],
            [
              116.34761255235,
              39.94672171972
            ],
            [
              116.34761155478,
              39.94679355877
            ],
            [
              116.3476105572,
              39.94686539782
            ],
            [
              116.34760955963,
              39.94693723686
            ],
            [
              116.34760856205,
              39.94700907591
            ],
            [
              116.34760756447,
              39.94708091496
            ],
            [
              116.34760656688,
              39.947152754
            ],
            [
              116.3476055693,
              39.94722459305
            ],
            [
              116.34760457171,
              39.94729643209
            ],
            [
              116.34760357411,
              39.94736827113
            ],
            [
              116.34760257651,
              39.94744011017
            ],
            [
              116.34760157891,
              39.94751194921
            ],
            [
              116.34760058131,
              39.94758378825
            ],
            [
              116.3475995837,
              39.94765562729
            ],
            [
              116.34759858609,
              39.94772746633
            ],
            [
              116.34759758848,
              39.94779930537
            ],
            [
              116.34759659087,
              39.9478711444
            ],
            [
              116.34759559325,
              39.94794298344
            ],
            [
              116.34759459562,
              39.94801482247
            ],
            [
              116.347593598,
              39.94808666151
            ],
            [
              116.34759260037,
              39.94815850054
            ],
            [
              116.34759160274,
              39.94823033957
            ],
            [
              116.3475906051,
              39.9483021786
            ],
            [
              116.34758960747,
              39.94837401763
            ],
            [
              116.34758860983,
              39.94844585666
            ],
            [
              116.34758761218,
              39.94851769569
            ],
            [
              116.34758661454,
              39.94858953471
            ],
            [
              116.34758561689,
              39.94866137374
            ],
            [
              116.34758461923,
              39.94873321276
            ],
            [
              116.34758362158,
              39.94880505179
            ],
            [
              116.34758262392,
              39.94887689081
            ],
            [
              116.34758162625,
              39.94894872983
            ],
            [
              116.34758062859,
              39.94902056885
            ],
            [
              116.34757963092,
              39.94909240788
            ],
            [
              116.34757863325,
              39.94916424689
            ],
            [
              116.34757763557,
              39.94923608591
            ],
            [
              116.34757663789,
              39.94930792493
            ],
            [
              116.34757564021,
              39.94937976395
            ],
            [
              116.34757464253,
              39.94945160296
            ],
            [
              116.34757364484,
              39.94952344198
            ],
            [
              116.34757264715,
              39.94959528099
            ],
            [
              116.34757164946,
              39.94966712001
            ],
            [
              116.34757065176,
              39.94973895902
            ],
            [
              116.34756965406,
              39.94981079803
            ],
            [
              116.34756865636,
              39.94988263704
            ],
            [
              116.34756765865,
              39.94995447605
            ],
            [
              116.34756666094,
              39.95002631506
            ],
            [
              116.34756566323,
              39.95009815407
            ],
            [
              116.34756466552,
              39.95016999307
            ],
            [
              116.3475636678,
              39.95024183208
            ],
            [
              116.34756267008,
              39.95031367108
            ],
            [
              116.34756167235,
              39.95038551009
            ],
            [
              116.34756067462,
              39.95045734909
            ],
            [
              116.34755967689,
              39.95052918809
            ],
            [
              116.34755867916,
              39.95060102709
            ],
            [
              116.34755768142,
              39.95067286609
            ],
            [
              116.34755668368,
              39.95074470509
            ],
            [
              116.34755568594,
              39.95081654409
            ],
            [
              116.34755468819,
              39.95088838309
            ],
            [
              116.34755369044,
              39.95096022209
            ],
            [
              116.34755269269,
              39.95103206108
            ],
            [
              116.34755169493,
              39.95110390008
            ],
            [
              116.34755069717,
              39.95117573907
            ],
            [
              116.34754969941,
              39.95124757807
            ],
            [
              116.34754870165,
              39.95131941706
            ],
            [
              116.34754770388,
              39.95139125605
            ],
            [
              116.34754670611,
              39.95146309504
            ],
            [
              116.34754570833,
              39.95153493403
            ],
            [
              116.34754471056,
              39.95160677302
            ],
            [
              116.34754371277,
              39.951678612
            ],
            [
              116.34754271499,
              39.95175045099
            ],
            [
              116.3475417172,
              39.95182228998
            ],
            [
              116.34754071941,
              39.95189412896
            ],
            [
              116.34753972162,
              39.95196596795
            ],
            [
              116.34753872382,
              39.95203780693
            ],
            [
              116.34753772603,
              39.95210964591
            ],
            [
              116.34753672822,
              39.95218148489
            ],
            [
              116.34753573042,
              39.95225332387
            ],
            [
              116.34753473261,
              39.95232516285
            ],
            [
              116.3475337348,
              39.95239700183
            ],
            [
              116.34753273698,
              39.95246884081
            ],
            [
              116.34753173916,
              39.95254067978
            ],
            [
              116.34753074134,
              39.95261251876
            ],
            [
              116.34752974352,
              39.95268435774
            ],
            [
              116.34752874569,
              39.95275619671
            ],
            [
              116.34752774786,
              39.95282803568
            ],
            [
              116.34752675003,
              39.95289987465
            ],
            [
              116.34752575219,
              39.95297171363
            ],
            [
              116.34752475435,
              39.9530435526
            ],
            [
              116.34752375651,
              39.95311539157
            ],
            [
              116.34752275866,
              39.95318723053
            ],
            [
              116.34752176081,
              39.9532590695
            ],
            [
              116.34752076296,
              39.95333090847
            ],
            [
              116.34751976511,
              39.95340274743
            ],
            [
              116.34751876725,
              39.9534745864
            ],
            [
              116.34751776939,
              39.95354642536
            ],
            [
              116.34751677152,
              39.95361826433
            ],
            [
              116.34751577365,
              39.95369010329
            ],
            [
              116.34751477578,
              39.95376194225
            ],
            [
              116.34751377791,
              39.95383378121
            ],
            [
              116.34751278003,
              39.95390562017
            ],
            [
              116.34751178215,
              39.95397745913
            ],
            [
              116.34751078427,
              39.95404929808
            ],
            [
              116.34750978638,
              39.95412113704
            ],
            [
              116.34750878849,
              39.954192976
            ],
            [
              116.3475077906,
              39.95426481495
            ],
            [
              116.3475067927,
              39.9543366539
            ],
            [
              116.34750579481,
              39.95440849286
            ],
            [
              116.3475047969,
              39.95448033181
            ],
            [
              116.347503799,
              39.95455217076
            ],
            [
              116.34750280109,
              39.95462400971
            ],
            [
              116.34750180318,
              39.95469584866
            ],
            [
              116.34750080526,
              39.95476768761
            ],
            [
              116.34749980735,
              39.95483952656
            ],
            [
              116.34749880943,
              39.9549113655
            ],
            [
              116.3474978115,
              39.95498320445
            ],
            [
              116.34749681358,
              39.95505504339
            ],
            [
              116.34749581565,
              39.95512688234
            ],
            [
              116.34749481771,
              39.95519872128
            ],
            [
              116.34749381978,
              39.95527056022
            ],
            [
              116.34749282184,
              39.95534239916
            ],
            [
              116.3474918239,
              39.9554142381
            ],
            [
              116.34749082595,
              39.95548607704
            ],
            [
              116.347489828,
              39.95555791598
            ],
            [
              116.34748883005,
              39.95562975492
            ],
            [
              116.34748783209,
              39.95570159385
            ],
            [
              116.34748683414,
              39.95577343279
            ],
            [
              116.34748583618,
              39.95584527173
            ],
            [
              116.34748483821,
              39.95591711066
            ],
            [
              116.34748384024,
              39.95598894959
            ],
            [
              116.34748284227,
              39.95606078852
            ],
            [
              116.3474818443,
              39.95613262745
            ],
            [
              116.34748084632,
              39.95620446638
            ],
            [
              116.34747984834,
              39.95627630531
            ],
            [
              116.34747885036,
              39.95634814424
            ],
            [
              116.34747785238,
              39.95641998317
            ],
            [
              116.34747685439,
              39.9564918221
            ],
            [
              116.34747585639,
              39.95656366102
            ],
            [
              116.3474748584,
              39.95663549995
            ],
            [
              116.3474738604,
              39.95670733887
            ],
            [
              116.3474728624,
              39.95677917779
            ],
            [
              116.34747186439,
              39.95685101672
            ],
            [
              116.34747086639,
              39.95692285564
            ],
            [
              116.34746986838,
              39.95699469456
            ],
            [
              116.34746887036,
              39.95706653348
            ],
            [
              116.34746787235,
              39.95713837239
            ],
            [
              116.34746687433,
              39.95721021131
            ],
            [
              116.3474658763,
              39.95728205023
            ],
            [
              116.34746487828,
              39.95735388914
            ],
            [
              116.34746388025,
              39.95742572806
            ],
            [
              116.34746288221,
              39.95749756697
            ],
            [
              116.34746188418,
              39.95756940588
            ],
            [
              116.34746088614,
              39.9576412448
            ],
            [
              116.3474598881,
              39.95771308371
            ],
            [
              116.34745889005,
              39.95778492262
            ],
            [
              116.347457892,
              39.95785676153
            ],
            [
              116.34745689395,
              39.95792860043
            ],
            [
              116.3474558959,
              39.95800043934
            ],
            [
              116.34745489784,
              39.95807227825
            ],
            [
              116.34745389978,
              39.95814411715
            ],
            [
              116.34745290172,
              39.95821595606
            ],
            [
              116.34745190365,
              39.95828779496
            ],
            [
              116.34745090558,
              39.95835963386
            ],
            [
              116.34744990751,
              39.95843147277
            ],
            [
              116.34744890943,
              39.95850331167
            ],
            [
              116.34744791135,
              39.95857515057
            ],
            [
              116.34744691327,
              39.95864698947
            ],
            [
              116.34744591518,
              39.95871882836
            ],
            [
              116.3474449171,
              39.95879066726
            ],
            [
              116.347443919,
              39.95886250616
            ],
            [
              116.34744292091,
              39.95893434505
            ],
            [
              116.34744192281,
              39.95900618395
            ],
            [
              116.34744092471,
              39.95907802284
            ],
            [
              116.34743992661,
              39.95914986173
            ],
            [
              116.3474389285,
              39.95922170063
            ],
            [
              116.34743793039,
              39.95929353952
            ],
            [
              116.34743693228,
              39.95936537841
            ],
            [
              116.34743593416,
              39.9594372173
            ],
            [
              116.34743493604,
              39.95950905618
            ],
            [
              116.34743393792,
              39.95958089507
            ],
            [
              116.34743293979,
              39.95965273396
            ],
            [
              116.34743194166,
              39.95972457284
            ],
            [
              116.34743094353,
              39.95979641173
            ],
            [
              116.34742994539,
              39.95986825061
            ],
            [
              116.34742894726,
              39.95994008949
            ],
            [
              116.34742794911,
              39.96001192838
            ],
            [
              116.34742695097,
              39.96008376726
            ],
            [
              116.34742595282,
              39.96015560614
            ],
            [
              116.34742495467,
              39.96022744502
            ],
            [
              116.34742395652,
              39.96029928389
            ],
            [
              116.34742295836,
              39.96037112277
            ],
            [
              116.3474219602,
              39.96044296165
            ],
            [
              116.34742096204,
              39.96051480052
            ],
            [
              116.34741996387,
              39.9605866394
            ],
            [
              116.3474189657,
              39.96065847827
            ],
            [
              116.34741796753,
              39.96073031714
            ],
            [
              116.34741696935,
              39.96080215602
            ],
            [
              116.34741597117,
              39.96087399489
            ],
            [
              116.34741497299,
              39.96094583376
            ],
            [
              116.34741397481,
              39.96101767262
            ],
            [
              116.34741297662,
              39.96108951149
            ],
            [
              116.34741197843,
              39.96116135036
            ],
            [
              116.34741098023,
              39.96123318923
            ],
            [
              116.34740998204,
              39.96130502809
            ],
            [
              116.34740898384,
              39.96137686696
            ],
            [
              116.34740798563,
              39.96144870582
            ],
            [
              116.34740698743,
              39.96152054468
            ],
            [
              116.34740598922,
              39.96159238354
            ],
            [
              116.347404991,
              39.9616642224
            ],
            [
              116.34740399279,
              39.96173606126
            ],
            [
              116.34740299457,
              39.96180790012
            ],
            [
              116.34740199634,
              39.96187973898
            ],
            [
              116.34740099812,
              39.96195157784
            ],
            [
              116.34739999989,
              39.96202341669
            ],
            [
              116.34739900166,
              39.96209525555
            ],
            [
              116.34739800342,
              39.9621670944
            ],
            [
              116.34739700519,
              39.96223893326
            ],
            [
              116.34739600695,
              39.96231077211
            ],
            [
              116.3473950087,
              39.96238261096
            ],
            [
              116.34739401045,
              39.96245444981
            ],
            [
              116.3473930122,
              39.96252628866
            ],
            [
              116.34739201395,
              39.96259812751
            ],
            [
              116.34739101569,
              39.96266996636
            ],
            [
              116.34739001743,
              39.96274180521
            ],
            [
              116.34738901917,
              39.96281364405
            ],
            [
              116.34738802091,
              39.9628854829
            ],
            [
              116.34738702264,
              39.96295732174
            ],
            [
              116.34738602436,
              39.96302916059
            ],
            [
              116.34738502609,
              39.96310099943
            ],
            [
              116.34738402781,
              39.96317283827
            ],
            [
              116.34738302953,
              39.96324467711
            ],
            [
              116.34738203124,
              39.96331651595
            ],
            [
              116.34738103296,
              39.96338835479
            ],
            [
              116.34738003467,
              39.96346019363
            ],
            [
              116.34737903637,
              39.96353203246
            ],
            [
              116.34737803808,
              39.9636038713
            ],
            [
              116.34737703978,
              39.96367571014
            ],
            [
              116.34737604147,
              39.96374754897
            ],
            [
              116.34737504317,
              39.9638193878
            ],
            [
              116.34737404486,
              39.96389122664
            ],
            [
              116.34737304654,
              39.96396306547
            ],
            [
              116.34737204823,
              39.9640349043
            ],
            [
              116.34737104991,
              39.96410674313
            ],
            [
              116.34737005159,
              39.96417858196
            ],
            [
              116.34736905326,
              39.96425042078
            ],
            [
              116.347365618,
              39.96432203735
            ],
            [
              116.34736218273,
              39.96439365391
            ],
            [
              116.34735874745,
              39.96446527047
            ],
            [
              116.34735531216,
              39.96453688704
            ],
            [
              116.34735187686,
              39.9646085036
            ],
            [
              116.34734844156,
              39.96468012016
            ],
            [
              116.34734500625,
              39.96475173671
            ],
            [
              116.34734157093,
              39.96482335327
            ],
            [
              116.3473381356,
              39.96489496983
            ],
            [
              116.34733470026,
              39.96496658638
            ],
            [
              116.34733126492,
              39.96503820294
            ],
            [
              116.34732782956,
              39.96510981949
            ],
            [
              116.3473243942,
              39.96518143604
            ],
            [
              116.34732095883,
              39.96525305259
            ],
            [
              116.34731752345,
              39.96532466914
            ],
            [
              116.34731408807,
              39.96539628569
            ],
            [
              116.34731065267,
              39.96546790224
            ],
            [
              116.34730721727,
              39.96553951878
            ],
            [
              116.34730378186,
              39.96561113533
            ],
            [
              116.34730034644,
              39.96568275187
            ],
            [
              116.34729691102,
              39.96575436842
            ],
            [
              116.34729347558,
              39.96582598496
            ],
            [
              116.34729004014,
              39.9658976015
            ],
            [
              116.34728660469,
              39.96596921804
            ],
            [
              116.34728316923,
              39.96604083458
            ],
            [
              116.34727973376,
              39.96611245112
            ],
            [
              116.34727629828,
              39.96618406766
            ],
            [
              116.3472728628,
              39.96625568419
            ],
            [
              116.34726942731,
              39.96632730073
            ],
            [
              116.3472659918,
              39.96639891726
            ],
            [
              116.3472625563,
              39.9664705338
            ],
            [
              116.34725912078,
              39.96654215033
            ],
            [
              116.34725568525,
              39.96661376686
            ],
            [
              116.34725224972,
              39.96668538339
            ],
            [
              116.34724881418,
              39.96675699992
            ],
            [
              116.34724537863,
              39.96682861645
            ],
            [
              116.34724194307,
              39.96690023297
            ],
            [
              116.3472385075,
              39.9669718495
            ],
            [
              116.34723507193,
              39.96704346602
            ],
            [
              116.34723163635,
              39.96711508255
            ],
            [
              116.34722820076,
              39.96718669907
            ],
            [
              116.34722476516,
              39.96725831559
            ],
            [
              116.34722132955,
              39.96732993211
            ],
            [
              116.34721789394,
              39.96740154863
            ],
            [
              116.34721445831,
              39.96747316515
            ],
            [
              116.34721102268,
              39.96754478167
            ],
            [
              116.34720758704,
              39.96761639819
            ],
            [
              116.34720415139,
              39.9676880147
            ],
            [
              116.34720071574,
              39.96775963122
            ],
            [
              116.34719728007,
              39.96783124773
            ],
            [
              116.3471938444,
              39.96790286424
            ],
            [
              116.34719040872,
              39.96797448075
            ],
            [
              116.34718697303,
              39.96804609726
            ],
            [
              116.34718353733,
              39.96811771377
            ],
            [
              116.34718010163,
              39.96818933028
            ],
            [
              116.34717666592,
              39.96826094679
            ],
            [
              116.34717323019,
              39.96833256329
            ],
            [
              116.34716979446,
              39.9684041798
            ],
            [
              116.34716635873,
              39.9684757963
            ],
            [
              116.34716292298,
              39.96854741281
            ],
            [
              116.34715948723,
              39.96861902931
            ],
            [
              116.34715605146,
              39.96869064581
            ],
            [
              116.34715261569,
              39.96876226231
            ],
            [
              116.34714917991,
              39.96883387881
            ],
            [
              116.34714574413,
              39.9689054953
            ],
            [
              116.34714230833,
              39.9689771118
            ],
            [
              116.34713887253,
              39.9690487283
            ],
            [
              116.34713543672,
              39.96912034479
            ],
            [
              116.3471320009,
              39.96919196129
            ],
            [
              116.34712856507,
              39.96926357778
            ],
            [
              116.34712512923,
              39.96933519427
            ],
            [
              116.34712169339,
              39.96940681076
            ],
            [
              116.34711825754,
              39.96947842725
            ],
            [
              116.34711482167,
              39.96955004374
            ],
            [
              116.34711138581,
              39.96962166023
            ],
            [
              116.34710794993,
              39.96969327671
            ],
            [
              116.34710451404,
              39.9697648932
            ],
            [
              116.34710107815,
              39.96983650968
            ],
            [
              116.34709764225,
              39.96990812616
            ],
            [
              116.34709420634,
              39.96997974265
            ],
            [
              116.34709077042,
              39.97005135913
            ],
            [
              116.34708733449,
              39.97012297561
            ],
            [
              116.34708389856,
              39.97019459209
            ],
            [
              116.34708046262,
              39.97026620856
            ],
            [
              116.34707702667,
              39.97033782504
            ],
            [
              116.34707359071,
              39.97040944152
            ],
            [
              116.34707015474,
              39.97048105799
            ],
            [
              116.34706671876,
              39.97055267447
            ],
            [
              116.34706328278,
              39.97062429094
            ],
            [
              116.34705984679,
              39.97069590741
            ],
            [
              116.34705641079,
              39.97076752388
            ],
            [
              116.34705297478,
              39.97083914035
            ],
            [
              116.34704953876,
              39.97091075682
            ],
            [
              116.34704610274,
              39.97098237329
            ],
            [
              116.34704266671,
              39.97105398975
            ],
            [
              116.34703923067,
              39.97112560622
            ],
            [
              116.34703579462,
              39.97119722268
            ],
            [
              116.34703235856,
              39.97126883915
            ],
            [
              116.34702892249,
              39.97134045561
            ],
            [
              116.34702548642,
              39.97141207207
            ],
            [
              116.34702205034,
              39.97148368853
            ],
            [
              116.34701861425,
              39.97155530499
            ],
            [
              116.34701517815,
              39.97162692145
            ],
            [
              116.34701174204,
              39.97169853791
            ],
            [
              116.34700830593,
              39.97177015436
            ],
            [
              116.34700486981,
              39.97184177082
            ],
            [
              116.34700143368,
              39.97191338727
            ],
            [
              116.34699799754,
              39.97198500372
            ],
            [
              116.34699456139,
              39.97205662018
            ],
            [
              116.34699112523,
              39.97212823663
            ],
            [
              116.34698768907,
              39.97219985308
            ],
            [
              116.3469842529,
              39.97227146953
            ],
            [
              116.34698081672,
              39.97234308597
            ],
            [
              116.34697738053,
              39.97241470242
            ],
            [
              116.34697394433,
              39.97248631887
            ],
            [
              116.34697050813,
              39.97255793531
            ],
            [
              116.34696707192,
              39.97262955175
            ],
            [
              116.3469636357,
              39.9727011682
            ],
            [
              116.34696019947,
              39.97277278464
            ],
            [
              116.34695676323,
              39.97284440108
            ],
            [
              116.34695332698,
              39.97291601752
            ],
            [
              116.34694989073,
              39.97298763396
            ],
            [
              116.34694645447,
              39.97305925039
            ],
            [
              116.3469430182,
              39.97313086683
            ],
            [
              116.34693958192,
              39.97320248326
            ],
            [
              116.34693614563,
              39.9732740997
            ],
            [
              116.34693270934,
              39.97334571613
            ],
            [
              116.34692927304,
              39.97341733256
            ],
            [
              116.34692583672,
              39.973488949
            ],
            [
              116.3469224004,
              39.97356056543
            ],
            [
              116.34691896408,
              39.97363218185
            ],
            [
              116.34691552774,
              39.97370379828
            ],
            [
              116.3469120914,
              39.97377541471
            ],
            [
              116.34690865505,
              39.97384703114
            ],
            [
              116.34690521869,
              39.97391864756
            ],
            [
              116.34690178232,
              39.97399026398
            ],
            [
              116.34689834594,
              39.97406188041
            ],
            [
              116.34689490956,
              39.97413349683
            ],
            [
              116.34689147316,
              39.97420511325
            ],
            [
              116.34688803676,
              39.97427672967
            ],
            [
              116.34688460035,
              39.97434834609
            ],
            [
              116.34688116394,
              39.97441996251
            ],
            [
              116.34687772751,
              39.97449157892
            ],
            [
              116.34687429108,
              39.97456319534
            ],
            [
              116.34687085463,
              39.97463481175
            ],
            [
              116.34686741818,
              39.97470642817
            ],
            [
              116.34686398172,
              39.97477804458
            ],
            [
              116.34686054526,
              39.97484966099
            ],
            [
              116.34685710878,
              39.9749212774
            ],
            [
              116.3468536723,
              39.97499289381
            ],
            [
              116.34685023581,
              39.97506451022
            ],
            [
              116.34684679931,
              39.97513612662
            ],
            [
              116.3468433628,
              39.97520774303
            ],
            [
              116.34683992629,
              39.97527935944
            ],
            [
              116.34683648976,
              39.97535097584
            ],
            [
              116.34683305323,
              39.97542259224
            ],
            [
              116.34682961669,
              39.97549420864
            ],
            [
              116.34682618014,
              39.97556582505
            ],
            [
              116.34682274358,
              39.97563744144
            ],
            [
              116.34681930702,
              39.97570905784
            ],
            [
              116.34681587045,
              39.97578067424
            ],
            [
              116.34681243386,
              39.97585229064
            ],
            [
              116.34680899728,
              39.97592390703
            ]
          ]
        ]
      }
    },
    {
      "type": "Feature",
      "id": "PUBLIC-002",
      "properties": {
        "id": "PUBLIC-002",
        "layer": "PUBLIC_SPACE",
        "source_type": "agent_generated_design",
        "confidence": "low",
        "geometry_role": "design_proposal",
        "model_status": "provisional_design_model",
        "name_zh": "众智园试造场开放前场（临时设计模型）",
        "name_en": "Zhongzhiyuan Make Yard Open Forecourt (Provisional Design Model)",
        "derived_from_source_ids": [
          "DATA-SRC-PROVISIONAL-BOUNDARIES-20260605",
          "DATA-SRC-OFFICIAL-ANNOUNCEMENT-20260509",
          "A0-URBAN-RENEWAL-2025"
        ],
        "usage_note_zh": "概念建议，仅用于方案生成与复算；不是官方红线、现状测绘、地块或工程依据。",
        "usage_note_en": "Conceptual proposal for generation and recalculation only; not an official boundary, survey, parcel, or engineering basis.",
        "area_sqm_declared": 350536.006,
        "design_role": "make_open_work_forecourt",
        "interface_role": "MAKE",
        "parent_key_area_id": "PROV-KEY-001",
        "ai_off_required": true,
        "public_front_controlled_back": true
      },
      "geometry": {
        "type": "MultiPolygon",
        "coordinates": [
          [
            [
              [
                116.34929614254,
                40.01723919274
              ],
              [
                116.3493000717,
                40.01731099742
              ],
              [
                116.34930400087,
                40.01738280208
              ],
              [
                116.34930793004,
                40.01745460675
              ],
              [
                116.34931185922,
                40.01752641142
              ],
              [
                116.3493157884,
                40.01759821609
              ],
              [
                116.3493197176,
                40.01767002075
              ],
              [
                116.3493236468,
                40.01774182542
              ],
              [
                116.34932757601,
                40.01781363008
              ],
              [
                116.34933150522,
                40.01788543475
              ],
              [
                116.34933543444,
                40.01795723941
              ],
              [
                116.34933936367,
                40.01802904407
              ],
              [
                116.34934329291,
                40.01810084873
              ],
              [
                116.34934722216,
                40.01817265339
              ],
              [
                116.34935115141,
                40.01824445805
              ],
              [
                116.34935508067,
                40.01831626271
              ],
              [
                116.34935900993,
                40.01838806736
              ],
              [
                116.3493629392,
                40.01845987202
              ],
              [
                116.34936686848,
                40.01853167667
              ],
              [
                116.34937079777,
                40.01860348133
              ],
              [
                116.34937472707,
                40.01867528598
              ],
              [
                116.34937865637,
                40.01874709063
              ],
              [
                116.34938258568,
                40.01881889528
              ],
              [
                116.349386515,
                40.01889069993
              ],
              [
                116.34939044432,
                40.01896250458
              ],
              [
                116.34939437365,
                40.01903430923
              ],
              [
                116.34939830299,
                40.01910611388
              ],
              [
                116.34940223233,
                40.01917791852
              ],
              [
                116.34940616169,
                40.01924972317
              ],
              [
                116.34941009105,
                40.01932152781
              ],
              [
                116.34941402041,
                40.01939333245
              ],
              [
                116.34941794979,
                40.0194651371
              ],
              [
                116.34942187917,
                40.01953694174
              ],
              [
                116.34942580856,
                40.01960874638
              ],
              [
                116.34942973795,
                40.01968055102
              ],
              [
                116.34943366736,
                40.01975235566
              ],
              [
                116.34943759677,
                40.01982416029
              ],
              [
                116.34944152618,
                40.01989596493
              ],
              [
                116.34944545561,
                40.01996776957
              ],
              [
                116.34944938504,
                40.0200395742
              ],
              [
                116.34945331448,
                40.02011137883
              ],
              [
                116.34945724393,
                40.02018318347
              ],
              [
                116.34946117338,
                40.0202549881
              ],
              [
                116.34946510284,
                40.02032679273
              ],
              [
                116.34946903231,
                40.02039859736
              ],
              [
                116.34947296178,
                40.02047040199
              ],
              [
                116.34947689127,
                40.02054220662
              ],
              [
                116.34948082076,
                40.02061401124
              ],
              [
                116.34948475025,
                40.02068581587
              ],
              [
                116.34948867976,
                40.02075762049
              ],
              [
                116.34949260927,
                40.02082942512
              ],
              [
                116.34949653879,
                40.02090122974
              ],
              [
                116.34950046831,
                40.02097303436
              ],
              [
                116.34950439785,
                40.02104483898
              ],
              [
                116.34950832739,
                40.02111664361
              ],
              [
                116.34951225694,
                40.02118844822
              ],
              [
                116.34951618649,
                40.02126025284
              ],
              [
                116.34952011605,
                40.02133205746
              ],
              [
                116.34952404562,
                40.02140386208
              ],
              [
                116.3495279752,
                40.02147566669
              ],
              [
                116.34953190478,
                40.02154747131
              ],
              [
                116.34953583437,
                40.02161927592
              ],
              [
                116.34953976397,
                40.02169108053
              ],
              [
                116.34954369358,
                40.02176288514
              ],
              [
                116.34954762319,
                40.02183468976
              ],
              [
                116.34955155281,
                40.02190649437
              ],
              [
                116.34955548244,
                40.02197829897
              ],
              [
                116.34955941207,
                40.02205010358
              ],
              [
                116.34956334171,
                40.02212190819
              ],
              [
                116.34956727136,
                40.02219371279
              ],
              [
                116.34957120102,
                40.0222655174
              ],
              [
                116.34957513068,
                40.022337322
              ],
              [
                116.34957906035,
                40.02240912661
              ],
              [
                116.34958299003,
                40.02248093121
              ],
              [
                116.34958691971,
                40.02255273581
              ],
              [
                116.3495908494,
                40.02262454041
              ],
              [
                116.3495947791,
                40.02269634501
              ],
              [
                116.34959870881,
                40.02276814961
              ],
              [
                116.34960263852,
                40.02283995421
              ],
              [
                116.34960656824,
                40.0229117588
              ],
              [
                116.34961049797,
                40.0229835634
              ],
              [
                116.34961442771,
                40.02305536799
              ],
              [
                116.34961835745,
                40.02312717259
              ],
              [
                116.3496222872,
                40.02319897718
              ],
              [
                116.34962621696,
                40.02327078177
              ],
              [
                116.34963014672,
                40.02334258636
              ],
              [
                116.34963407649,
                40.02341439095
              ],
              [
                116.34963800627,
                40.02348619554
              ],
              [
                116.34964193606,
                40.02355800013
              ],
              [
                116.34964586585,
                40.02362980471
              ],
              [
                116.34964979565,
                40.0237016093
              ],
              [
                116.34965372546,
                40.02377341389
              ],
              [
                116.34965765527,
                40.02384521847
              ],
              [
                116.3496615851,
                40.02391702305
              ],
              [
                116.34966551493,
                40.02398882763
              ],
              [
                116.34966944476,
                40.02406063222
              ],
              [
                116.34967337461,
                40.0241324368
              ],
              [
                116.34967730446,
                40.02420424137
              ],
              [
                116.34968123431,
                40.02427604595
              ],
              [
                116.34968516418,
                40.02434785053
              ],
              [
                116.34968909405,
                40.02441965511
              ],
              [
                116.34969302393,
                40.02449145968
              ],
              [
                116.34969695382,
                40.02456326426
              ],
              [
                116.34972311535,
                40.02456241798
              ],
              [
                116.34981330378,
                40.02455950049
              ],
              [
                116.3499034922,
                40.02455658293
              ],
              [
                116.34999368062,
                40.02455366531
              ],
              [
                116.35008386903,
                40.02455074761
              ],
              [
                116.35017405744,
                40.02454782984
              ],
              [
                116.35026424583,
                40.02454491201
              ],
              [
                116.35035443422,
                40.0245419941
              ],
              [
                116.35044462261,
                40.02453907612
              ],
              [
                116.35053481098,
                40.02453615807
              ],
              [
                116.35062499935,
                40.02453323996
              ],
              [
                116.35071518771,
                40.02453032177
              ],
              [
                116.35071127654,
                40.02445887857
              ],
              [
                116.35070736538,
                40.02438743536
              ],
              [
                116.35070345422,
                40.02431599216
              ],
              [
                116.35069954307,
                40.02424454895
              ],
              [
                116.35069563193,
                40.02417310575
              ],
              [
                116.35069172079,
                40.02410166254
              ],
              [
                116.35068780966,
                40.02403021933
              ],
              [
                116.35068389854,
                40.02395877613
              ],
              [
                116.35067998743,
                40.02388733292
              ],
              [
                116.35067607632,
                40.02381588971
              ],
              [
                116.35067216522,
                40.02374444649
              ],
              [
                116.35066825413,
                40.02367300328
              ],
              [
                116.35066434304,
                40.02360156007
              ],
              [
                116.35066043196,
                40.02353011686
              ],
              [
                116.35065652089,
                40.02345867364
              ],
              [
                116.35065260983,
                40.02338723042
              ],
              [
                116.35064869877,
                40.02331578721
              ],
              [
                116.35064478772,
                40.02324434399
              ],
              [
                116.35064087668,
                40.02317290077
              ],
              [
                116.35063696564,
                40.02310145755
              ],
              [
                116.35063305461,
                40.02303001433
              ],
              [
                116.35062914359,
                40.02295857111
              ],
              [
                116.35062523258,
                40.02288712789
              ],
              [
                116.35062132157,
                40.02281568466
              ],
              [
                116.35061741057,
                40.02274424144
              ],
              [
                116.35061349958,
                40.02267279821
              ],
              [
                116.35060958859,
                40.02260135499
              ],
              [
                116.35060567761,
                40.02252991176
              ],
              [
                116.35060176664,
                40.02245846853
              ],
              [
                116.35059785568,
                40.0223870253
              ],
              [
                116.35059394472,
                40.02231558207
              ],
              [
                116.35059003377,
                40.02224413884
              ],
              [
                116.35058612283,
                40.02217269561
              ],
              [
                116.35058221189,
                40.02210125237
              ],
              [
                116.35057830096,
                40.02202980914
              ],
              [
                116.35057439004,
                40.0219583659
              ],
              [
                116.35057047913,
                40.02188692267
              ],
              [
                116.35056656822,
                40.02181547943
              ],
              [
                116.35056265732,
                40.02174403619
              ],
              [
                116.35055874643,
                40.02167259296
              ],
              [
                116.35055483554,
                40.02160114972
              ],
              [
                116.35055092466,
                40.02152970648
              ],
              [
                116.35054701379,
                40.02145826323
              ],
              [
                116.35054310293,
                40.02138681999
              ],
              [
                116.35053919207,
                40.02131537675
              ],
              [
                116.35053528122,
                40.0212439335
              ],
              [
                116.35053137038,
                40.02117249026
              ],
              [
                116.35052745954,
                40.02110104701
              ],
              [
                116.35052354872,
                40.02102960376
              ],
              [
                116.35051963789,
                40.02095816052
              ],
              [
                116.35051572708,
                40.02088671727
              ],
              [
                116.35051181627,
                40.02081527402
              ],
              [
                116.35050790547,
                40.02074383077
              ],
              [
                116.35050399468,
                40.02067238751
              ],
              [
                116.3505000839,
                40.02060094426
              ],
              [
                116.35049617312,
                40.02052950101
              ],
              [
                116.35049226235,
                40.02045805775
              ],
              [
                116.35048835158,
                40.0203866145
              ],
              [
                116.35048444083,
                40.02031517124
              ],
              [
                116.35048053008,
                40.02024372798
              ],
              [
                116.35047661933,
                40.02017228472
              ],
              [
                116.3504727086,
                40.02010084147
              ],
              [
                116.35046879787,
                40.0200293982
              ],
              [
                116.35046488715,
                40.01995795494
              ],
              [
                116.35046097644,
                40.01988651168
              ],
              [
                116.35045706573,
                40.01981506842
              ],
              [
                116.35045315503,
                40.01974362515
              ],
              [
                116.35044924434,
                40.01967218189
              ],
              [
                116.35044533365,
                40.01960073862
              ],
              [
                116.35044142297,
                40.01952929536
              ],
              [
                116.3504375123,
                40.01945785209
              ],
              [
                116.35043360164,
                40.01938640882
              ],
              [
                116.35042969098,
                40.01931496555
              ],
              [
                116.35042578033,
                40.01924352228
              ],
              [
                116.35042186969,
                40.01917207901
              ],
              [
                116.35041795906,
                40.01910063573
              ],
              [
                116.35041404843,
                40.01902919246
              ],
              [
                116.35041013781,
                40.01895774918
              ],
              [
                116.35040622719,
                40.01888630591
              ],
              [
                116.35040231659,
                40.01881486263
              ],
              [
                116.35039840599,
                40.01874341936
              ],
              [
                116.3503944954,
                40.01867197608
              ],
              [
                116.35039058481,
                40.0186005328
              ],
              [
                116.35038667423,
                40.01852908952
              ],
              [
                116.35038276366,
                40.01845764624
              ],
              [
                116.3503788531,
                40.01838620295
              ],
              [
                116.35037494254,
                40.01831475967
              ],
              [
                116.35037103199,
                40.01824331639
              ],
              [
                116.35036712145,
                40.0181718731
              ],
              [
                116.35036321092,
                40.01810042982
              ],
              [
                116.35035930039,
                40.01802898653
              ],
              [
                116.35035538987,
                40.01795754324
              ],
              [
                116.35035147935,
                40.01788609995
              ],
              [
                116.35034756885,
                40.01781465666
              ],
              [
                116.35034365835,
                40.01774321337
              ],
              [
                116.35033974786,
                40.01767177008
              ],
              [
                116.35033583737,
                40.01760032679
              ],
              [
                116.35033192689,
                40.01752888349
              ],
              [
                116.35032801642,
                40.0174574402
              ],
              [
                116.35032410596,
                40.0173859969
              ],
              [
                116.3503201955,
                40.01731455361
              ],
              [
                116.35031628505,
                40.01724311031
              ],
              [
                116.35031237461,
                40.01717166701
              ],
              [
                116.35030846418,
                40.01710022371
              ],
              [
                116.35030455375,
                40.01702878041
              ],
              [
                116.35030064333,
                40.01695733711
              ],
              [
                116.35029673292,
                40.01688589381
              ],
              [
                116.35038928503,
                40.01688641267
              ],
              [
                116.35048183716,
                40.01688693145
              ],
              [
                116.35057438928,
                40.01688745015
              ],
              [
                116.35066694141,
                40.01688796879
              ],
              [
                116.35075949353,
                40.01688848735
              ],
              [
                116.35085204566,
                40.01688900583
              ],
              [
                116.3509445978,
                40.01688952425
              ],
              [
                116.35103714993,
                40.01689004258
              ],
              [
                116.35112970207,
                40.01689056085
              ],
              [
                116.35122225421,
                40.01689107904
              ],
              [
                116.35131480635,
                40.01689159716
              ],
              [
                116.3514073585,
                40.0168921152
              ],
              [
                116.35149991065,
                40.01689263317
              ],
              [
                116.3515924628,
                40.01689315106
              ],
              [
                116.35168501495,
                40.01689366888
              ],
              [
                116.3517775671,
                40.01689418663
              ],
              [
                116.35187011926,
                40.0168947043
              ],
              [
                116.35196267142,
                40.0168952219
              ],
              [
                116.35205522358,
                40.01689573943
              ],
              [
                116.35214777574,
                40.01689625688
              ],
              [
                116.35224032791,
                40.01689677426
              ],
              [
                116.35233288008,
                40.01689729156
              ],
              [
                116.35242543225,
                40.01689780879
              ],
              [
                116.35251798443,
                40.01689832594
              ],
              [
                116.3526105366,
                40.01689884303
              ],
              [
                116.35270308878,
                40.01689936003
              ],
              [
                116.35279564096,
                40.01689987697
              ],
              [
                116.35288819314,
                40.01690039383
              ],
              [
                116.35298074533,
                40.01690091061
              ],
              [
                116.35307329752,
                40.01690142733
              ],
              [
                116.35316584971,
                40.01690194396
              ],
              [
                116.3532584019,
                40.01690246053
              ],
              [
                116.3533509541,
                40.01690297702
              ],
              [
                116.35344350629,
                40.01690349344
              ],
              [
                116.35353605849,
                40.01690400978
              ],
              [
                116.3536286107,
                40.01690452605
              ],
              [
                116.3537211629,
                40.01690504224
              ],
              [
                116.35381371511,
                40.01690555836
              ],
              [
                116.35390626732,
                40.01690607441
              ],
              [
                116.35399881953,
                40.01690659038
              ],
              [
                116.35399941396,
                40.01684355119
              ],
              [
                116.35400000839,
                40.016780512
              ],
              [
                116.35400060281,
                40.0167174728
              ],
              [
                116.35400119723,
                40.01665443361
              ],
              [
                116.35390824041,
                40.01665391538
              ],
              [
                116.3538152836,
                40.01665339708
              ],
              [
                116.35372232678,
                40.01665287871
              ],
              [
                116.35362936997,
                40.01665236026
              ],
              [
                116.35353641316,
                40.01665184173
              ],
              [
                116.35344345635,
                40.01665132313
              ],
              [
                116.35335049955,
                40.01665080446
              ],
              [
                116.35325754275,
                40.01665028571
              ],
              [
                116.35316458594,
                40.01664976689
              ],
              [
                116.35307162915,
                40.01664924799
              ],
              [
                116.35297867235,
                40.01664872902
              ],
              [
                116.35288571556,
                40.01664820997
              ],
              [
                116.35279275877,
                40.01664769085
              ],
              [
                116.35269980198,
                40.01664717166
              ],
              [
                116.35260684519,
                40.01664665239
              ],
              [
                116.35251388841,
                40.01664613304
              ],
              [
                116.35242093163,
                40.01664561362
              ],
              [
                116.35232797485,
                40.01664509413
              ],
              [
                116.35223501808,
                40.01664457456
              ],
              [
                116.3521420613,
                40.01664405492
              ],
              [
                116.35204910453,
                40.0166435352
              ],
              [
                116.35195614776,
                40.01664301541
              ],
              [
                116.351863191,
                40.01664249554
              ],
              [
                116.35177023423,
                40.0166419756
              ],
              [
                116.35167727747,
                40.01664145559
              ],
              [
                116.35158432071,
                40.0166409355
              ],
              [
                116.35149136396,
                40.01664041533
              ],
              [
                116.3513984072,
                40.01663989509
              ],
              [
                116.35130545045,
                40.01663937478
              ],
              [
                116.3512124937,
                40.01663885439
              ],
              [
                116.35111953695,
                40.01663833393
              ],
              [
                116.35102658021,
                40.01663781339
              ],
              [
                116.35093362347,
                40.01663729278
              ],
              [
                116.35084066673,
                40.01663677209
              ],
              [
                116.35074770999,
                40.01663625133
              ],
              [
                116.35065475325,
                40.01663573049
              ],
              [
                116.35056179652,
                40.01663520958
              ],
              [
                116.35046883979,
                40.0166346886
              ],
              [
                116.35037588306,
                40.01663416754
              ],
              [
                116.35028292634,
                40.0166336464
              ],
              [
                116.35027899001,
                40.01656172896
              ],
              [
                116.35027505368,
                40.01648981152
              ],
              [
                116.35027111736,
                40.01641789407
              ],
              [
                116.35026718105,
                40.01634597662
              ],
              [
                116.35026324475,
                40.01627405918
              ],
              [
                116.35025930845,
                40.01620214173
              ],
              [
                116.35025537216,
                40.01613022428
              ],
              [
                116.35025143588,
                40.01605830683
              ],
              [
                116.35024749961,
                40.01598638938
              ],
              [
                116.35024356334,
                40.01591447193
              ],
              [
                116.35023962708,
                40.01584255447
              ],
              [
                116.35023569083,
                40.01577063702
              ],
              [
                116.35023175458,
                40.01569871956
              ],
              [
                116.35022781834,
                40.01562680211
              ],
              [
                116.35022388211,
                40.01555488465
              ],
              [
                116.35021994589,
                40.01548296719
              ],
              [
                116.35021600967,
                40.01541104973
              ],
              [
                116.35021207346,
                40.01533913227
              ],
              [
                116.35020813726,
                40.01526721481
              ],
              [
                116.35020420107,
                40.01519529735
              ],
              [
                116.35020026488,
                40.01512337989
              ],
              [
                116.3501963287,
                40.01505146242
              ],
              [
                116.35019239253,
                40.01497954496
              ],
              [
                116.35018845636,
                40.01490762749
              ],
              [
                116.3501845202,
                40.01483571003
              ],
              [
                116.35018058405,
                40.01476379256
              ],
              [
                116.35017664791,
                40.01469187509
              ],
              [
                116.35017271177,
                40.01461995762
              ],
              [
                116.35016877564,
                40.01454804015
              ],
              [
                116.35016483952,
                40.01447612268
              ],
              [
                116.3501609034,
                40.01440420521
              ],
              [
                116.3501569673,
                40.01433228774
              ],
              [
                116.35015303119,
                40.01426037026
              ],
              [
                116.3501490951,
                40.01418845279
              ],
              [
                116.35014515902,
                40.01411653531
              ],
              [
                116.35014122294,
                40.01404461783
              ],
              [
                116.35013728686,
                40.01397270035
              ],
              [
                116.3501333508,
                40.01390078288
              ],
              [
                116.35012941474,
                40.0138288654
              ],
              [
                116.35012547869,
                40.01375694792
              ],
              [
                116.35012154265,
                40.01368503043
              ],
              [
                116.35011760662,
                40.01361311295
              ],
              [
                116.35011367059,
                40.01354119547
              ],
              [
                116.35010973457,
                40.01346927798
              ],
              [
                116.35010579855,
                40.0133973605
              ],
              [
                116.35010186255,
                40.01332544301
              ],
              [
                116.35009792655,
                40.01325352552
              ],
              [
                116.35009399056,
                40.01318160803
              ],
              [
                116.35009005457,
                40.01310969054
              ],
              [
                116.35008611859,
                40.01303777305
              ],
              [
                116.35008218262,
                40.01296585556
              ],
              [
                116.35007824666,
                40.01289393807
              ],
              [
                116.35007431071,
                40.01282202058
              ],
              [
                116.35007037476,
                40.01275010308
              ],
              [
                116.35006643882,
                40.01267818559
              ],
              [
                116.35006250288,
                40.01260626809
              ],
              [
                116.35005856696,
                40.01253435059
              ],
              [
                116.35005463104,
                40.0124624331
              ],
              [
                116.35005069512,
                40.0123905156
              ],
              [
                116.35004675922,
                40.0123185981
              ],
              [
                116.35004282332,
                40.01224668059
              ],
              [
                116.35003888743,
                40.01217476309
              ],
              [
                116.35003495155,
                40.01210284559
              ],
              [
                116.35003101567,
                40.01203092809
              ],
              [
                116.3500270798,
                40.01195901058
              ],
              [
                116.35002314394,
                40.01188709308
              ],
              [
                116.35001920809,
                40.01181517557
              ],
              [
                116.35001527224,
                40.01174325806
              ],
              [
                116.3500113364,
                40.01167134055
              ],
              [
                116.35000740057,
                40.01159942304
              ],
              [
                116.35000346474,
                40.01152750553
              ],
              [
                116.34999952892,
                40.01145558802
              ],
              [
                116.34999559311,
                40.01138367051
              ],
              [
                116.34999165731,
                40.01131175299
              ],
              [
                116.34998772151,
                40.01123983548
              ],
              [
                116.34998378573,
                40.01116791796
              ],
              [
                116.34997984994,
                40.01109600045
              ],
              [
                116.34997591417,
                40.01102408293
              ],
              [
                116.3499719784,
                40.01095216541
              ],
              [
                116.34996804264,
                40.01088024789
              ],
              [
                116.34996410689,
                40.01080833037
              ],
              [
                116.34996017114,
                40.01073641285
              ],
              [
                116.3499562354,
                40.01066449533
              ],
              [
                116.34995229967,
                40.01059257781
              ],
              [
                116.34994836395,
                40.01052066028
              ],
              [
                116.34994442823,
                40.01044874276
              ],
              [
                116.34994049252,
                40.01037682523
              ],
              [
                116.34993655682,
                40.01030490771
              ],
              [
                116.34993262113,
                40.01023299018
              ],
              [
                116.34992868544,
                40.01016107265
              ],
              [
                116.34992474976,
                40.01008915512
              ],
              [
                116.34992081409,
                40.01001723759
              ],
              [
                116.34991687842,
                40.00994532006
              ],
              [
                116.34991294276,
                40.00987340252
              ],
              [
                116.34990900711,
                40.00980148499
              ],
              [
                116.34990507147,
                40.00972956746
              ],
              [
                116.34990113583,
                40.00965764992
              ],
              [
                116.3498972002,
                40.00958573238
              ],
              [
                116.34989326458,
                40.00951381485
              ],
              [
                116.34988932896,
                40.00944189731
              ],
              [
                116.34988539335,
                40.00936997977
              ],
              [
                116.34988145775,
                40.00929806223
              ],
              [
                116.34987752216,
                40.00922614469
              ],
              [
                116.34987358657,
                40.00915422715
              ],
              [
                116.34986965099,
                40.0090823096
              ],
              [
                116.34986571542,
                40.00901039206
              ],
              [
                116.34986177986,
                40.00893847451
              ],
              [
                116.3498578443,
                40.00886655697
              ],
              [
                116.34985390875,
                40.00879463942
              ],
              [
                116.34984997321,
                40.00872272187
              ],
              [
                116.34984603767,
                40.00865080432
              ],
              [
                116.34984210214,
                40.00857888677
              ],
              [
                116.34983816662,
                40.00850696922
              ],
              [
                116.34983423111,
                40.00843505167
              ],
              [
                116.3498302956,
                40.00836313412
              ],
              [
                116.3498263601,
                40.00829121657
              ],
              [
                116.34982242461,
                40.00821929901
              ],
              [
                116.34981848913,
                40.00814738146
              ],
              [
                116.34981455365,
                40.0080754639
              ],
              [
                116.34981061818,
                40.00800354634
              ],
              [
                116.34980668272,
                40.00793162878
              ],
              [
                116.34980274726,
                40.00785971122
              ],
              [
                116.34979881181,
                40.00778779366
              ],
              [
                116.34979487637,
                40.0077158761
              ],
              [
                116.34979094094,
                40.00764395854
              ],
              [
                116.34978700551,
                40.00757204098
              ],
              [
                116.34978307009,
                40.00750012341
              ],
              [
                116.34969036258,
                40.0075001244
              ],
              [
                116.34959765508,
                40.00750012532
              ],
              [
                116.34950494758,
                40.00750012616
              ],
              [
                116.34941224008,
                40.00750012692
              ],
              [
                116.34931953258,
                40.00750012762
              ],
              [
                116.34922682508,
                40.00750012824
              ],
              [
                116.34913411758,
                40.00750012878
              ],
              [
                116.34904141008,
                40.00750012925
              ],
              [
                116.34894870259,
                40.00750012965
              ],
              [
                116.34885599509,
                40.00750012997
              ],
              [
                116.3487632876,
                40.00750013022
              ],
              [
                116.34876721948,
                40.00757200265
              ],
              [
                116.34877115136,
                40.00764387509
              ],
              [
                116.34877508326,
                40.00771574752
              ],
              [
                116.34877901516,
                40.00778761995
              ],
              [
                116.34878294706,
                40.00785949238
              ],
              [
                116.34878687898,
                40.00793136481
              ],
              [
                116.3487908109,
                40.00800323724
              ],
              [
                116.34879474283,
                40.00807510967
              ],
              [
                116.34879867477,
                40.0081469821
              ],
              [
                116.34880260671,
                40.00821885453
              ],
              [
                116.34880653866,
                40.00829072695
              ],
              [
                116.34881047062,
                40.00836259938
              ],
              [
                116.34881440258,
                40.0084344718
              ],
              [
                116.34881833456,
                40.00850634423
              ],
              [
                116.34882226654,
                40.00857821665
              ],
              [
                116.34882619852,
                40.00865008907
              ],
              [
                116.34883013052,
                40.00872196149
              ],
              [
                116.34883406252,
                40.00879383391
              ],
              [
                116.34883799453,
                40.00886570633
              ],
              [
                116.34884192655,
                40.00893757874
              ],
              [
                116.34884585857,
                40.00900945116
              ],
              [
                116.3488497906,
                40.00908132358
              ],
              [
                116.34885372264,
                40.00915319599
              ],
              [
                116.34885765468,
                40.0092250684
              ],
              [
                116.34886158673,
                40.00929694082
              ],
              [
                116.34886551879,
                40.00936881323
              ],
              [
                116.34886945086,
                40.00944068564
              ],
              [
                116.34887338293,
                40.00951255805
              ],
              [
                116.34887731502,
                40.00958443046
              ],
              [
                116.3488812471,
                40.00965630287
              ],
              [
                116.3488851792,
                40.00972817527
              ],
              [
                116.3488891113,
                40.00980004768
              ],
              [
                116.34889304341,
                40.00987192008
              ],
              [
                116.34889697553,
                40.00994379249
              ],
              [
                116.34890090765,
                40.01001566489
              ],
              [
                116.34890483979,
                40.01008753729
              ],
              [
                116.34890877192,
                40.01015940969
              ],
              [
                116.34891270407,
                40.01023128209
              ],
              [
                116.34891663622,
                40.01030315449
              ],
              [
                116.34892056838,
                40.01037502689
              ],
              [
                116.34892450055,
                40.01044689929
              ],
              [
                116.34892843273,
                40.01051877168
              ],
              [
                116.34893236491,
                40.01059064408
              ],
              [
                116.3489362971,
                40.01066251647
              ],
              [
                116.3489402293,
                40.01073438887
              ],
              [
                116.3489441615,
                40.01080626126
              ],
              [
                116.34894809371,
                40.01087813365
              ],
              [
                116.34895202593,
                40.01095000604
              ],
              [
                116.34895595816,
                40.01102187843
              ],
              [
                116.34895989039,
                40.01109375082
              ],
              [
                116.34896382263,
                40.01116562321
              ],
              [
                116.34896775488,
                40.0112374956
              ],
              [
                116.34897168713,
                40.01130936798
              ],
              [
                116.34897561939,
                40.01138124037
              ],
              [
                116.34897955166,
                40.01145311275
              ],
              [
                116.34898348394,
                40.01152498513
              ],
              [
                116.34898741622,
                40.01159685751
              ],
              [
                116.34899134851,
                40.0116687299
              ],
              [
                116.34899528081,
                40.01174060228
              ],
              [
                116.34899921312,
                40.01181247465
              ],
              [
                116.34900314543,
                40.01188434703
              ],
              [
                116.34900707775,
                40.01195621941
              ],
              [
                116.34901101008,
                40.01202809179
              ],
              [
                116.34901494241,
                40.01209996416
              ],
              [
                116.34901887475,
                40.01217183654
              ],
              [
                116.3490228071,
                40.01224370891
              ],
              [
                116.34902673946,
                40.01231558128
              ],
              [
                116.34903067182,
                40.01238745365
              ],
              [
                116.34903460419,
                40.01245932602
              ],
              [
                116.34903853657,
                40.01253119839
              ],
              [
                116.34904246895,
                40.01260307076
              ],
              [
                116.34904640134,
                40.01267494313
              ],
              [
                116.34905033374,
                40.0127468155
              ],
              [
                116.34905426615,
                40.01281868786
              ],
              [
                116.34905819856,
                40.01289056023
              ],
              [
                116.34906213098,
                40.01296243259
              ],
              [
                116.34906606341,
                40.01303430495
              ],
              [
                116.34906999585,
                40.01310617732
              ],
              [
                116.34907392829,
                40.01317804968
              ],
              [
                116.34907786074,
                40.01324992204
              ],
              [
                116.3490817932,
                40.0133217944
              ],
              [
                116.34908572566,
                40.01339366675
              ],
              [
                116.34908965813,
                40.01346553911
              ],
              [
                116.34909359061,
                40.01353741147
              ],
              [
                116.3490975231,
                40.01360928382
              ],
              [
                116.34910145559,
                40.01368115618
              ],
              [
                116.34910538809,
                40.01375302853
              ],
              [
                116.3491093206,
                40.01382490088
              ],
              [
                116.34911325312,
                40.01389677323
              ],
              [
                116.34911718564,
                40.01396864558
              ],
              [
                116.34912111817,
                40.01404051793
              ],
              [
                116.3491250507,
                40.01411239028
              ],
              [
                116.34912898325,
                40.01418426263
              ],
              [
                116.3491329158,
                40.01425613498
              ],
              [
                116.34913684836,
                40.01432800732
              ],
              [
                116.34914078092,
                40.01439987967
              ],
              [
                116.3491447135,
                40.01447175201
              ],
              [
                116.34914864608,
                40.01454362435
              ],
              [
                116.34915257866,
                40.01461549669
              ],
              [
                116.34915651126,
                40.01468736904
              ],
              [
                116.34916044386,
                40.01475924138
              ],
              [
                116.34916437647,
                40.01483111371
              ],
              [
                116.34916830908,
                40.01490298605
              ],
              [
                116.34917224171,
                40.01497485839
              ],
              [
                116.34917617434,
                40.01504673073
              ],
              [
                116.34918010698,
                40.01511860306
              ],
              [
                116.34918403962,
                40.0151904754
              ],
              [
                116.34918797227,
                40.01526234773
              ],
              [
                116.34919190493,
                40.01533422006
              ],
              [
                116.3491958376,
                40.01540609239
              ],
              [
                116.34919977028,
                40.01547796472
              ],
              [
                116.34920370296,
                40.01554983705
              ],
              [
                116.34920763564,
                40.01562170938
              ],
              [
                116.34921156834,
                40.01569358171
              ],
              [
                116.34921550104,
                40.01576545403
              ],
              [
                116.34921943375,
                40.01583732636
              ],
              [
                116.34922336647,
                40.01590919868
              ],
              [
                116.3492272992,
                40.01598107101
              ],
              [
                116.34923123193,
                40.01605294333
              ],
              [
                116.34923516467,
                40.01612481565
              ],
              [
                116.34923909741,
                40.01619668797
              ],
              [
                116.34924303017,
                40.01626856029
              ],
              [
                116.34924696293,
                40.01634043261
              ],
              [
                116.3492508957,
                40.01641230493
              ],
              [
                116.34925482847,
                40.01648417725
              ],
              [
                116.34925876125,
                40.01655604956
              ],
              [
                116.34926269404,
                40.01662792188
              ],
              [
                116.34917669747,
                40.01662743894
              ],
              [
                116.34909070089,
                40.01662695594
              ],
              [
                116.34900470432,
                40.01662647287
              ],
              [
                116.34891870774,
                40.01662598975
              ],
              [
                116.34883271117,
                40.01662550655
              ],
              [
                116.34874671461,
                40.0166250233
              ],
              [
                116.34875016483,
                40.01668808518
              ],
              [
                116.34875361505,
                40.01675114707
              ],
              [
                116.34875706528,
                40.01681420895
              ],
              [
                116.34876051552,
                40.01687727084
              ],
              [
                116.34884651241,
                40.01687775409
              ],
              [
                116.34893250929,
                40.01687823727
              ],
              [
                116.34901850618,
                40.01687872039
              ],
              [
                116.34910450307,
                40.01687920345
              ],
              [
                116.34919049997,
                40.01687968645
              ],
              [
                116.34927649686,
                40.01688016938
              ],
              [
                116.34928042598,
                40.01695197405
              ],
              [
                116.34928435511,
                40.01702377873
              ],
              [
                116.34928828425,
                40.0170955834
              ],
              [
                116.34929221339,
                40.01716738807
              ],
              [
                116.34929614254,
                40.01723919274
              ]
            ]
          ],
          [
            [
              [
                116.34811163,
                40.01687362245
              ],
              [
                116.34819762687,
                40.01687410618
              ],
              [
                116.34819417715,
                40.01681104428
              ],
              [
                116.34819072744,
                40.01674798238
              ],
              [
                116.34818727773,
                40.01668492049
              ],
              [
                116.34818382803,
                40.01662185859
              ],
              [
                116.34809783148,
                40.01662137485
              ],
              [
                116.34801183493,
                40.01662089105
              ],
              [
                116.34792583838,
                40.01662040718
              ],
              [
                116.34783984183,
                40.01661992325
              ],
              [
                116.34775384529,
                40.01661943926
              ],
              [
                116.34766784875,
                40.0166189552
              ],
              [
                116.34766392149,
                40.01654715343
              ],
              [
                116.34765999424,
                40.01647535166
              ],
              [
                116.347656067,
                40.01640354989
              ],
              [
                116.34765213977,
                40.01633174812
              ],
              [
                116.34764821254,
                40.01625994635
              ],
              [
                116.34764428533,
                40.01618814457
              ],
              [
                116.34764035811,
                40.0161163428
              ],
              [
                116.34763643091,
                40.01604454102
              ],
              [
                116.34763250371,
                40.01597273924
              ],
              [
                116.34762857652,
                40.01590093747
              ],
              [
                116.34762464934,
                40.01582913569
              ],
              [
                116.34762072216,
                40.01575733391
              ],
              [
                116.347616795,
                40.01568553213
              ],
              [
                116.34761286784,
                40.01561373034
              ],
              [
                116.34760894068,
                40.01554192856
              ],
              [
                116.34760501354,
                40.01547012678
              ],
              [
                116.3476010864,
                40.01539832499
              ],
              [
                116.34759715926,
                40.01532652321
              ],
              [
                116.34759323214,
                40.01525472142
              ],
              [
                116.34758930502,
                40.01518291963
              ],
              [
                116.34758537791,
                40.01511111785
              ],
              [
                116.34758145081,
                40.01503931606
              ],
              [
                116.34757752371,
                40.01496751427
              ],
              [
                116.34757359662,
                40.01489571248
              ],
              [
                116.34756966954,
                40.01482391068
              ],
              [
                116.34756574247,
                40.01475210889
              ],
              [
                116.3475618154,
                40.0146803071
              ],
              [
                116.34755788834,
                40.0146085053
              ],
              [
                116.34755396129,
                40.0145367035
              ],
              [
                116.34755003424,
                40.01446490171
              ],
              [
                116.3475461072,
                40.01439309991
              ],
              [
                116.34754218017,
                40.01432129811
              ],
              [
                116.34753825315,
                40.01424949631
              ],
              [
                116.34753432613,
                40.01417769451
              ],
              [
                116.34753039912,
                40.01410589271
              ],
              [
                116.34752647212,
                40.01403409091
              ],
              [
                116.34752254512,
                40.0139622891
              ],
              [
                116.34751861814,
                40.0138904873
              ],
              [
                116.34751469116,
                40.01381868549
              ],
              [
                116.34751076418,
                40.01374688369
              ],
              [
                116.34750683722,
                40.01367508188
              ],
              [
                116.34750291026,
                40.01360328007
              ],
              [
                116.3474989833,
                40.01353147826
              ],
              [
                116.34749505636,
                40.01345967645
              ],
              [
                116.34749112942,
                40.01338787464
              ],
              [
                116.34748720249,
                40.01331607283
              ],
              [
                116.34748327557,
                40.01324427101
              ],
              [
                116.34747934865,
                40.0131724692
              ],
              [
                116.34747542175,
                40.01310066739
              ],
              [
                116.34747149484,
                40.01302886557
              ],
              [
                116.34746756795,
                40.01295706375
              ],
              [
                116.34746364106,
                40.01288526193
              ],
              [
                116.34745971418,
                40.01281346012
              ],
              [
                116.34745578731,
                40.0127416583
              ],
              [
                116.34745186045,
                40.01266985647
              ],
              [
                116.34744793359,
                40.01259805465
              ],
              [
                116.34744400674,
                40.01252625283
              ],
              [
                116.34744007989,
                40.01245445101
              ],
              [
                116.34743615306,
                40.01238264918
              ],
              [
                116.34743222623,
                40.01231084736
              ],
              [
                116.34742829941,
                40.01223904553
              ],
              [
                116.34742437259,
                40.0121672437
              ],
              [
                116.34742044578,
                40.01209544187
              ],
              [
                116.34741651898,
                40.01202364005
              ],
              [
                116.34741259219,
                40.01195183821
              ],
              [
                116.3474086654,
                40.01188003638
              ],
              [
                116.34740473862,
                40.01180823455
              ],
              [
                116.34740081185,
                40.01173643272
              ],
              [
                116.34739688509,
                40.01166463088
              ],
              [
                116.34739295833,
                40.01159282905
              ],
              [
                116.34738903158,
                40.01152102721
              ],
              [
                116.34738510484,
                40.01144922538
              ],
              [
                116.3473811781,
                40.01137742354
              ],
              [
                116.34737725138,
                40.0113056217
              ],
              [
                116.34737332465,
                40.01123381986
              ],
              [
                116.34736939794,
                40.01116201802
              ],
              [
                116.34736547123,
                40.01109021618
              ],
              [
                116.34736154453,
                40.01101841433
              ],
              [
                116.34735761784,
                40.01094661249
              ],
              [
                116.34735369116,
                40.01087481065
              ],
              [
                116.34734976448,
                40.0108030088
              ],
              [
                116.34734583781,
                40.01073120695
              ],
              [
                116.34734191115,
                40.01065940511
              ],
              [
                116.34733798449,
                40.01058760326
              ],
              [
                116.34733405784,
                40.01051580141
              ],
              [
                116.3473301312,
                40.01044399956
              ],
              [
                116.34732620456,
                40.01037219771
              ],
              [
                116.34732227794,
                40.01030039585
              ],
              [
                116.34731835132,
                40.010228594
              ],
              [
                116.3473144247,
                40.01015679215
              ],
              [
                116.3473104981,
                40.01008499029
              ],
              [
                116.3473065715,
                40.01001318844
              ],
              [
                116.34730264491,
                40.00994138658
              ],
              [
                116.34729871832,
                40.00986958472
              ],
              [
                116.34729479175,
                40.00979778286
              ],
              [
                116.34729086518,
                40.009725981
              ],
              [
                116.34728693862,
                40.00965417914
              ],
              [
                116.34728301206,
                40.00958237728
              ],
              [
                116.34727908551,
                40.00951057542
              ],
              [
                116.34727515897,
                40.00943877355
              ],
              [
                116.34727123244,
                40.00936697169
              ],
              [
                116.34726730591,
                40.00929516982
              ],
              [
                116.34726337939,
                40.00922336796
              ],
              [
                116.34725945288,
                40.00915156609
              ],
              [
                116.34725552638,
                40.00907976422
              ],
              [
                116.34725159988,
                40.00900796235
              ],
              [
                116.34724767339,
                40.00893616048
              ],
              [
                116.3472437469,
                40.00886435861
              ],
              [
                116.34723982043,
                40.00879255674
              ],
              [
                116.34723589396,
                40.00872075486
              ],
              [
                116.3472319675,
                40.00864895299
              ],
              [
                116.34722804104,
                40.00857715111
              ],
              [
                116.3472241146,
                40.00850534924
              ],
              [
                116.34722018816,
                40.00843354736
              ],
              [
                116.34721626172,
                40.00836174548
              ],
              [
                116.3472123353,
                40.0082899436
              ],
              [
                116.34720840888,
                40.00821814172
              ],
              [
                116.34720448247,
                40.00814633984
              ],
              [
                116.34720055607,
                40.00807453796
              ],
              [
                116.34719662967,
                40.00800273608
              ],
              [
                116.34719270328,
                40.0079309342
              ],
              [
                116.3471887769,
                40.00785913231
              ],
              [
                116.34718485052,
                40.00778733043
              ],
              [
                116.34718092416,
                40.00771552854
              ],
              [
                116.34717699779,
                40.00764372665
              ],
              [
                116.34717307144,
                40.00757192476
              ],
              [
                116.3471691451,
                40.00750012287
              ],
              [
                116.34707643762,
                40.00750012177
              ],
              [
                116.34698373014,
                40.0075001206
              ],
              [
                116.34689102267,
                40.00750011935
              ],
              [
                116.3467983152,
                40.00750011802
              ],
              [
                116.34670560773,
                40.00750011662
              ],
              [
                116.34661290025,
                40.00750011515
              ],
              [
                116.34652019278,
                40.0075001136
              ],
              [
                116.34642748532,
                40.00750011198
              ],
              [
                116.34633477785,
                40.00750011029
              ],
              [
                116.34624207038,
                40.00750010852
              ],
              [
                116.34614936292,
                40.00750010668
              ],
              [
                116.34615328572,
                40.00757186344
              ],
              [
                116.34615720854,
                40.0076436202
              ],
              [
                116.34616113136,
                40.00771537695
              ],
              [
                116.34616505419,
                40.00778713371
              ],
              [
                116.34616897703,
                40.00785889047
              ],
              [
                116.34617289988,
                40.00793064722
              ],
              [
                116.34617682273,
                40.00800240398
              ],
              [
                116.34618074559,
                40.00807416073
              ],
              [
                116.34618466845,
                40.00814591749
              ],
              [
                116.34618859133,
                40.00821767424
              ],
              [
                116.34619251421,
                40.00828943099
              ],
              [
                116.34619643709,
                40.00836118774
              ],
              [
                116.34620035999,
                40.00843294449
              ],
              [
                116.34620428289,
                40.00850470124
              ],
              [
                116.3462082058,
                40.00857645798
              ],
              [
                116.34621212872,
                40.00864821473
              ],
              [
                116.34621605164,
                40.00871997148
              ],
              [
                116.34621997457,
                40.00879172822
              ],
              [
                116.34622389751,
                40.00886348496
              ],
              [
                116.34622782046,
                40.00893524171
              ],
              [
                116.34623174341,
                40.00900699845
              ],
              [
                116.34623566637,
                40.00907875519
              ],
              [
                116.34623958934,
                40.00915051193
              ],
              [
                116.34624351231,
                40.00922226867
              ],
              [
                116.34624743529,
                40.0092940254
              ],
              [
                116.34625135828,
                40.00936578214
              ],
              [
                116.34625528128,
                40.00943753888
              ],
              [
                116.34625920428,
                40.00950929561
              ],
              [
                116.34626312729,
                40.00958105235
              ],
              [
                116.34626705031,
                40.00965280908
              ],
              [
                116.34627097333,
                40.00972456581
              ],
              [
                116.34627489636,
                40.00979632254
              ],
              [
                116.3462788194,
                40.00986807927
              ],
              [
                116.34628274245,
                40.009939836
              ],
              [
                116.3462866655,
                40.01001159273
              ],
              [
                116.34629058856,
                40.01008334946
              ],
              [
                116.34629451163,
                40.01015510618
              ],
              [
                116.3462984347,
                40.01022686291
              ],
              [
                116.34630235779,
                40.01029861963
              ],
              [
                116.34630628088,
                40.01037037636
              ],
              [
                116.34631020397,
                40.01044213308
              ],
              [
                116.34631412708,
                40.0105138898
              ],
              [
                116.34631805019,
                40.01058564652
              ],
              [
                116.3463219733,
                40.01065740324
              ],
              [
                116.34632589643,
                40.01072915996
              ],
              [
                116.34632981956,
                40.01080091668
              ],
              [
                116.3463337427,
                40.01087267339
              ],
              [
                116.34633766585,
                40.01094443011
              ],
              [
                116.346341589,
                40.01101618683
              ],
              [
                116.34634551216,
                40.01108794354
              ],
              [
                116.34634943533,
                40.01115970025
              ],
              [
                116.34635335851,
                40.01123145696
              ],
              [
                116.34635728169,
                40.01130321368
              ],
              [
                116.34636120488,
                40.01137497039
              ],
              [
                116.34636512808,
                40.0114467271
              ],
              [
                116.34636905128,
                40.0115184838
              ],
              [
                116.34637297449,
                40.01159024051
              ],
              [
                116.34637689771,
                40.01166199722
              ],
              [
                116.34638082094,
                40.01173375392
              ],
              [
                116.34638474417,
                40.01180551063
              ],
              [
                116.34638866741,
                40.01187726733
              ],
              [
                116.34639259066,
                40.01194902403
              ],
              [
                116.34639651392,
                40.01202078073
              ],
              [
                116.34640043718,
                40.01209253744
              ],
              [
                116.34640436045,
                40.01216429413
              ],
              [
                116.34640828372,
                40.01223605083
              ],
              [
                116.34641220701,
                40.01230780753
              ],
              [
                116.3464161303,
                40.01237956423
              ],
              [
                116.3464200536,
                40.01245132092
              ],
              [
                116.3464239769,
                40.01252307762
              ],
              [
                116.34642790021,
                40.01259483431
              ],
              [
                116.34643182353,
                40.01266659101
              ],
              [
                116.34643574686,
                40.0127383477
              ],
              [
                116.34643967019,
                40.01281010439
              ],
              [
                116.34644359354,
                40.01288186108
              ],
              [
                116.34644751688,
                40.01295361777
              ],
              [
                116.34645144024,
                40.01302537446
              ],
              [
                116.3464553636,
                40.01309713114
              ],
              [
                116.34645928697,
                40.01316888783
              ],
              [
                116.34646321035,
                40.01324064452
              ],
              [
                116.34646713373,
                40.0133124012
              ],
              [
                116.34647105713,
                40.01338415788
              ],
              [
                116.34647498053,
                40.01345591457
              ],
              [
                116.34647890393,
                40.01352767125
              ],
              [
                116.34648282734,
                40.01359942793
              ],
              [
                116.34648675076,
                40.01367118461
              ],
              [
                116.34649067419,
                40.01374294129
              ],
              [
                116.34649459763,
                40.01381469796
              ],
              [
                116.34649852107,
                40.01388645464
              ],
              [
                116.34650244452,
                40.01395821132
              ],
              [
                116.34650636798,
                40.01402996799
              ],
              [
                116.34651029144,
                40.01410172467
              ],
              [
                116.34651421491,
                40.01417348134
              ],
              [
                116.34651813839,
                40.01424523801
              ],
              [
                116.34652206187,
                40.01431699468
              ],
              [
                116.34652598537,
                40.01438875135
              ],
              [
                116.34652990886,
                40.01446050802
              ],
              [
                116.34653383237,
                40.01453226469
              ],
              [
                116.34653775589,
                40.01460402136
              ],
              [
                116.34654167941,
                40.01467577802
              ],
              [
                116.34654560294,
                40.01474753469
              ],
              [
                116.34654952647,
                40.01481929135
              ],
              [
                116.34655345001,
                40.01489104802
              ],
              [
                116.34655737356,
                40.01496280468
              ],
              [
                116.34656129712,
                40.01503456134
              ],
              [
                116.34656522069,
                40.015106318
              ],
              [
                116.34656914426,
                40.01517807466
              ],
              [
                116.34657306784,
                40.01524983132
              ],
              [
                116.34657699142,
                40.01532158798
              ],
              [
                116.34658091502,
                40.01539334463
              ],
              [
                116.34658483862,
                40.01546510129
              ],
              [
                116.34658876222,
                40.01553685795
              ],
              [
                116.34659268584,
                40.0156086146
              ],
              [
                116.34659660946,
                40.01568037125
              ],
              [
                116.34660053309,
                40.0157521279
              ],
              [
                116.34660445673,
                40.01582388456
              ],
              [
                116.34660838037,
                40.01589564121
              ],
              [
                116.34661230402,
                40.01596739785
              ],
              [
                116.34661622768,
                40.0160391545
              ],
              [
                116.34662015134,
                40.01611091115
              ],
              [
                116.34662407502,
                40.0161826678
              ],
              [
                116.3466279987,
                40.01625442444
              ],
              [
                116.34663192238,
                40.01632618109
              ],
              [
                116.34663584608,
                40.01639793773
              ],
              [
                116.34663976978,
                40.01646969437
              ],
              [
                116.34664369349,
                40.01654145101
              ],
              [
                116.3466476172,
                40.01661320765
              ],
              [
                116.34655411973,
                40.01661268048
              ],
              [
                116.34646062226,
                40.01661215323
              ],
              [
                116.34636712479,
                40.01661162591
              ],
              [
                116.34627362733,
                40.01661109851
              ],
              [
                116.34618012987,
                40.01661057103
              ],
              [
                116.34608663241,
                40.01661004348
              ],
              [
                116.34599313495,
                40.01660951585
              ],
              [
                116.34589963749,
                40.01660898815
              ],
              [
                116.34580614004,
                40.01660846037
              ],
              [
                116.34571264259,
                40.01660793252
              ],
              [
                116.34561914514,
                40.01660740459
              ],
              [
                116.3455256477,
                40.01660687659
              ],
              [
                116.34543215026,
                40.01660634851
              ],
              [
                116.34533865282,
                40.01660582036
              ],
              [
                116.34524515538,
                40.01660529213
              ],
              [
                116.34515165794,
                40.01660476382
              ],
              [
                116.34505816051,
                40.01660423544
              ],
              [
                116.34496466308,
                40.01660370698
              ],
              [
                116.34487116565,
                40.01660317845
              ],
              [
                116.34477766823,
                40.01660264985
              ],
              [
                116.3446841708,
                40.01660212116
              ],
              [
                116.34459067338,
                40.01660159241
              ],
              [
                116.34449717597,
                40.01660106357
              ],
              [
                116.34440367855,
                40.01660053466
              ],
              [
                116.34431018114,
                40.01660000568
              ],
              [
                116.34421668373,
                40.01659947662
              ],
              [
                116.34412318632,
                40.01659894748
              ],
              [
                116.34402968891,
                40.01659841827
              ],
              [
                116.34393619151,
                40.01659788899
              ],
              [
                116.34384269411,
                40.01659735963
              ],
              [
                116.34374919671,
                40.01659683019
              ],
              [
                116.34365569932,
                40.01659630068
              ],
              [
                116.34356220192,
                40.01659577109
              ],
              [
                116.34346870453,
                40.01659524143
              ],
              [
                116.34337520714,
                40.01659471169
              ],
              [
                116.34328170976,
                40.01659418188
              ],
              [
                116.34318821237,
                40.01659365199
              ],
              [
                116.34309471499,
                40.01659312202
              ],
              [
                116.34300121762,
                40.01659259198
              ],
              [
                116.34300061307,
                40.01665563104
              ],
              [
                116.34300000853,
                40.0167186701
              ],
              [
                116.34299940398,
                40.01678170915
              ],
              [
                116.34299879943,
                40.01684474821
              ],
              [
                116.34309036466,
                40.0168452673
              ],
              [
                116.34318192989,
                40.01684578631
              ],
              [
                116.34327349512,
                40.01684630526
              ],
              [
                116.34336506036,
                40.01684682413
              ],
              [
                116.34345662559,
                40.01684734293
              ],
              [
                116.34354819083,
                40.01684786166
              ],
              [
                116.34363975608,
                40.01684838032
              ],
              [
                116.34373132132,
                40.0168488989
              ],
              [
                116.34382288657,
                40.01684941741
              ],
              [
                116.34391445182,
                40.01684993585
              ],
              [
                116.34400601707,
                40.01685045422
              ],
              [
                116.34409758232,
                40.01685097251
              ],
              [
                116.34418914758,
                40.01685149074
              ],
              [
                116.34428071283,
                40.01685200889
              ],
              [
                116.3443722781,
                40.01685252696
              ],
              [
                116.34446384336,
                40.01685304497
              ],
              [
                116.34455540862,
                40.0168535629
              ],
              [
                116.34464697389,
                40.01685408076
              ],
              [
                116.34473853916,
                40.01685459855
              ],
              [
                116.34483010444,
                40.01685511627
              ],
              [
                116.34492166971,
                40.01685563391
              ],
              [
                116.34501323499,
                40.01685615148
              ],
              [
                116.34510480027,
                40.01685666898
              ],
              [
                116.34519636555,
                40.0168571864
              ],
              [
                116.34528793083,
                40.01685770376
              ],
              [
                116.34537949612,
                40.01685822104
              ],
              [
                116.34547106141,
                40.01685873825
              ],
              [
                116.3455626267,
                40.01685925539
              ],
              [
                116.345654192,
                40.01685977245
              ],
              [
                116.34574575729,
                40.01686028944
              ],
              [
                116.34583732259,
                40.01686080636
              ],
              [
                116.34592888789,
                40.01686132321
              ],
              [
                116.3460204532,
                40.01686183999
              ],
              [
                116.3461120185,
                40.01686235669
              ],
              [
                116.34620358381,
                40.01686287332
              ],
              [
                116.34629514912,
                40.01686338988
              ],
              [
                116.34638671443,
                40.01686390636
              ],
              [
                116.34647827975,
                40.01686442278
              ],
              [
                116.34656984507,
                40.01686493912
              ],
              [
                116.34666141039,
                40.01686545539
              ],
              [
                116.34666531444,
                40.01693685183
              ],
              [
                116.3466692185,
                40.01700824827
              ],
              [
                116.34667312256,
                40.01707964471
              ],
              [
                116.34667702664,
                40.01715104115
              ],
              [
                116.34668093072,
                40.01722243759
              ],
              [
                116.34668483481,
                40.01729383403
              ],
              [
                116.3466887389,
                40.01736523047
              ],
              [
                116.346692643,
                40.01743662691
              ],
              [
                116.34669654711,
                40.01750802334
              ],
              [
                116.34670045123,
                40.01757941978
              ],
              [
                116.34670435535,
                40.01765081621
              ],
              [
                116.34670825948,
                40.01772221264
              ],
              [
                116.34671216362,
                40.01779360908
              ],
              [
                116.34671606777,
                40.01786500551
              ],
              [
                116.34671997192,
                40.01793640194
              ],
              [
                116.34672387608,
                40.01800779837
              ],
              [
                116.34672778024,
                40.01807919479
              ],
              [
                116.34673168442,
                40.01815059122
              ],
              [
                116.3467355886,
                40.01822198765
              ],
              [
                116.34673949279,
                40.01829338407
              ],
              [
                116.34674339698,
                40.0183647805
              ],
              [
                116.34674730118,
                40.01843617692
              ],
              [
                116.34675120539,
                40.01850757334
              ],
              [
                116.34675510961,
                40.01857896977
              ],
              [
                116.34675901383,
                40.01865036619
              ],
              [
                116.34676291806,
                40.01872176261
              ],
              [
                116.3467668223,
                40.01879315902
              ],
              [
                116.34677072654,
                40.01886455544
              ],
              [
                116.3467746308,
                40.01893595186
              ],
              [
                116.34677853506,
                40.01900734828
              ],
              [
                116.34678243932,
                40.01907874469
              ],
              [
                116.34678634359,
                40.0191501411
              ],
              [
                116.34679024788,
                40.01922153752
              ],
              [
                116.34679415216,
                40.01929293393
              ],
              [
                116.34679805646,
                40.01936433034
              ],
              [
                116.34680196076,
                40.01943572675
              ],
              [
                116.34680586507,
                40.01950712316
              ],
              [
                116.34680976938,
                40.01957851957
              ],
              [
                116.34681367371,
                40.01964991598
              ],
              [
                116.34681757804,
                40.01972131238
              ],
              [
                116.34682148238,
                40.01979270879
              ],
              [
                116.34682538672,
                40.01986410519
              ],
              [
                116.34682929107,
                40.0199355016
              ],
              [
                116.34683319543,
                40.020006898
              ],
              [
                116.3468370998,
                40.0200782944
              ],
              [
                116.34684100417,
                40.0201496908
              ],
              [
                116.34684490855,
                40.0202210872
              ],
              [
                116.34684881294,
                40.0202924836
              ],
              [
                116.34685271733,
                40.02036388
              ],
              [
                116.34685662173,
                40.0204352764
              ],
              [
                116.34686052614,
                40.02050667279
              ],
              [
                116.34686443056,
                40.02057806919
              ],
              [
                116.34686833498,
                40.02064946558
              ],
              [
                116.34687223941,
                40.02072086197
              ],
              [
                116.34687614385,
                40.02079225837
              ],
              [
                116.34688004829,
                40.02086365476
              ],
              [
                116.34688395275,
                40.02093505115
              ],
              [
                116.3468878572,
                40.02100644754
              ],
              [
                116.34689176167,
                40.02107784393
              ],
              [
                116.34689566614,
                40.02114924031
              ],
              [
                116.34689957062,
                40.0212206367
              ],
              [
                116.34690347511,
                40.02129203309
              ],
              [
                116.3469073796,
                40.02136342947
              ],
              [
                116.34691128411,
                40.02143482586
              ],
              [
                116.34691518861,
                40.02150622224
              ],
              [
                116.34691909313,
                40.02157761862
              ],
              [
                116.34692299765,
                40.021649015
              ],
              [
                116.34692690218,
                40.02172041138
              ],
              [
                116.34693080672,
                40.02179180776
              ],
              [
                116.34693471126,
                40.02186320414
              ],
              [
                116.34693861582,
                40.02193460052
              ],
              [
                116.34694252037,
                40.02200599689
              ],
              [
                116.34694642494,
                40.02207739327
              ],
              [
                116.34695032951,
                40.02214878964
              ],
              [
                116.34695423409,
                40.02222018602
              ],
              [
                116.34695813868,
                40.02229158239
              ],
              [
                116.34696204327,
                40.02236297876
              ],
              [
                116.34696594788,
                40.02243437513
              ],
              [
                116.34696985248,
                40.0225057715
              ],
              [
                116.3469737571,
                40.02257716787
              ],
              [
                116.34697766172,
                40.02264856424
              ],
              [
                116.34698156635,
                40.0227199606
              ],
              [
                116.34698547099,
                40.02279135697
              ],
              [
                116.34698937563,
                40.02286275334
              ],
              [
                116.34699328028,
                40.0229341497
              ],
              [
                116.34699718494,
                40.02300554606
              ],
              [
                116.34700108961,
                40.02307694243
              ],
              [
                116.34700499428,
                40.02314833879
              ],
              [
                116.34700889896,
                40.02321973515
              ],
              [
                116.34701280365,
                40.02329113151
              ],
              [
                116.34701670834,
                40.02336252786
              ],
              [
                116.34702061304,
                40.02343392422
              ],
              [
                116.34702451775,
                40.02350532058
              ],
              [
                116.34702842247,
                40.02357671693
              ],
              [
                116.34703232719,
                40.02364811329
              ],
              [
                116.34703623192,
                40.02371950964
              ],
              [
                116.34704013666,
                40.023790906
              ],
              [
                116.3470440414,
                40.02386230235
              ],
              [
                116.34704794615,
                40.0239336987
              ],
              [
                116.34705185091,
                40.02400509505
              ],
              [
                116.34705575567,
                40.0240764914
              ],
              [
                116.34705966045,
                40.02414788774
              ],
              [
                116.34706356523,
                40.02421928409
              ],
              [
                116.34706747001,
                40.02429068044
              ],
              [
                116.34707137481,
                40.02436207678
              ],
              [
                116.34707527961,
                40.02443347313
              ],
              [
                116.34707918442,
                40.02450486947
              ],
              [
                116.34708308923,
                40.02457626581
              ],
              [
                116.34708699405,
                40.02464766215
              ],
              [
                116.34717956101,
                40.02464466984
              ],
              [
                116.34727212795,
                40.02464167745
              ],
              [
                116.34736469489,
                40.02463868499
              ],
              [
                116.34745726182,
                40.02463569245
              ],
              [
                116.34754982875,
                40.02463269984
              ],
              [
                116.34764239567,
                40.02462970716
              ],
              [
                116.34773496258,
                40.0246267144
              ],
              [
                116.34782752948,
                40.02462372156
              ],
              [
                116.34792009638,
                40.02462072866
              ],
              [
                116.34801266327,
                40.02461773568
              ],
              [
                116.34810523015,
                40.02461474262
              ],
              [
                116.34810130769,
                40.02454304323
              ],
              [
                116.34809738523,
                40.02447134384
              ],
              [
                116.34809346278,
                40.02439964444
              ],
              [
                116.34808954034,
                40.02432794505
              ],
              [
                116.3480856179,
                40.02425624565
              ],
              [
                116.34808169548,
                40.02418454626
              ],
              [
                116.34807777306,
                40.02411284686
              ],
              [
                116.34807385064,
                40.02404114746
              ],
              [
                116.34806992824,
                40.02396944806
              ],
              [
                116.34806600584,
                40.02389774866
              ],
              [
                116.34806208345,
                40.02382604926
              ],
              [
                116.34805816106,
                40.02375434986
              ],
              [
                116.34805423869,
                40.02368265046
              ],
              [
                116.34805031632,
                40.02361095105
              ],
              [
                116.34804639396,
                40.02353925165
              ],
              [
                116.3480424716,
                40.02346755224
              ],
              [
                116.34803854925,
                40.02339585284
              ],
              [
                116.34803462691,
                40.02332415343
              ],
              [
                116.34803070458,
                40.02325245402
              ],
              [
                116.34802678225,
                40.02318075461
              ],
              [
                116.34802285993,
                40.0231090552
              ],
              [
                116.34801893762,
                40.02303735579
              ],
              [
                116.34801501531,
                40.02296565638
              ],
              [
                116.34801109302,
                40.02289395696
              ],
              [
                116.34800717073,
                40.02282225755
              ],
              [
                116.34800324844,
                40.02275055813
              ],
              [
                116.34799932617,
                40.02267885872
              ],
              [
                116.3479954039,
                40.0226071593
              ],
              [
                116.34799148163,
                40.02253545988
              ],
              [
                116.34798755938,
                40.02246376046
              ],
              [
                116.34798363713,
                40.02239206104
              ],
              [
                116.34797971489,
                40.02232036162
              ],
              [
                116.34797579266,
                40.0222486622
              ],
              [
                116.34797187043,
                40.02217696278
              ],
              [
                116.34796794821,
                40.02210526335
              ],
              [
                116.347964026,
                40.02203356393
              ],
              [
                116.3479601038,
                40.0219618645
              ],
              [
                116.3479561816,
                40.02189016507
              ],
              [
                116.34795225941,
                40.02181846565
              ],
              [
                116.34794833723,
                40.02174676622
              ],
              [
                116.34794441505,
                40.02167506679
              ],
              [
                116.34794049289,
                40.02160336736
              ],
              [
                116.34793657072,
                40.02153166793
              ],
              [
                116.34793264857,
                40.02145996849
              ],
              [
                116.34792872642,
                40.02138826906
              ],
              [
                116.34792480428,
                40.02131656963
              ],
              [
                116.34792088215,
                40.02124487019
              ],
              [
                116.34791696003,
                40.02117317075
              ],
              [
                116.34791303791,
                40.02110147132
              ],
              [
                116.3479091158,
                40.02102977188
              ],
              [
                116.3479051937,
                40.02095807244
              ],
              [
                116.3479012716,
                40.020886373
              ],
              [
                116.34789734951,
                40.02081467356
              ],
              [
                116.34789342743,
                40.02074297412
              ],
              [
                116.34788950535,
                40.02067127467
              ],
              [
                116.34788558329,
                40.02059957523
              ],
              [
                116.34788166123,
                40.02052787579
              ],
              [
                116.34787773917,
                40.02045617634
              ],
              [
                116.34787381713,
                40.02038447689
              ],
              [
                116.34786989509,
                40.02031277745
              ],
              [
                116.34786597306,
                40.020241078
              ],
              [
                116.34786205103,
                40.02016937855
              ],
              [
                116.34785812901,
                40.0200976791
              ],
              [
                116.347854207,
                40.02002597965
              ],
              [
                116.347850285,
                40.01995428019
              ],
              [
                116.34784636301,
                40.01988258074
              ],
              [
                116.34784244102,
                40.01981088129
              ],
              [
                116.34783851904,
                40.01973918183
              ],
              [
                116.34783459706,
                40.01966748237
              ],
              [
                116.3478306751,
                40.01959578292
              ],
              [
                116.34782675314,
                40.01952408346
              ],
              [
                116.34782283118,
                40.019452384
              ],
              [
                116.34781890924,
                40.01938068454
              ],
              [
                116.3478149873,
                40.01930898508
              ],
              [
                116.34781106537,
                40.01923728562
              ],
              [
                116.34780714345,
                40.01916558615
              ],
              [
                116.34780322153,
                40.01909388669
              ],
              [
                116.34779929962,
                40.01902218723
              ],
              [
                116.34779537772,
                40.01895048776
              ],
              [
                116.34779145582,
                40.01887878829
              ],
              [
                116.34778753394,
                40.01880708883
              ],
              [
                116.34778361206,
                40.01873538936
              ],
              [
                116.34777969018,
                40.01866368989
              ],
              [
                116.34777576832,
                40.01859199042
              ],
              [
                116.34777184646,
                40.01852029095
              ],
              [
                116.34776792461,
                40.01844859147
              ],
              [
                116.34776400276,
                40.018376892
              ],
              [
                116.34776008092,
                40.01830519253
              ],
              [
                116.34775615909,
                40.01823349305
              ],
              [
                116.34775223727,
                40.01816179357
              ],
              [
                116.34774831545,
                40.0180900941
              ],
              [
                116.34774439365,
                40.01801839462
              ],
              [
                116.34774047184,
                40.01794669514
              ],
              [
                116.34773655005,
                40.01787499566
              ],
              [
                116.34773262826,
                40.01780329618
              ],
              [
                116.34772870648,
                40.0177315967
              ],
              [
                116.34772478471,
                40.01765989722
              ],
              [
                116.34772086295,
                40.01758819773
              ],
              [
                116.34771694119,
                40.01751649825
              ],
              [
                116.34771301944,
                40.01744479876
              ],
              [
                116.34770909769,
                40.01737309927
              ],
              [
                116.34770517596,
                40.01730139979
              ],
              [
                116.34770125423,
                40.0172297003
              ],
              [
                116.34769733251,
                40.01715800081
              ],
              [
                116.34769341079,
                40.01708630132
              ],
              [
                116.34768948908,
                40.01701460183
              ],
              [
                116.34768556738,
                40.01694290233
              ],
              [
                116.34768164569,
                40.01687120284
              ],
              [
                116.34776764255,
                40.01687168689
              ],
              [
                116.34785363941,
                40.01687217088
              ],
              [
                116.34793963627,
                40.0168726548
              ],
              [
                116.34802563314,
                40.01687313866
              ],
              [
                116.34811163,
                40.01687362245
              ]
            ]
          ]
        ]
      }
    },
    {
      "type": "Feature",
      "id": "PUBLIC-003",
      "properties": {
        "id": "PUBLIC-003",
        "layer": "PUBLIC_SPACE",
        "source_type": "agent_generated_design",
        "confidence": "low",
        "geometry_role": "design_proposal",
        "model_status": "provisional_design_model",
        "name_zh": "AI 原点转化站开放前场（临时设计模型）",
        "name_en": "AI Origin Translation Station Open Forecourt (Provisional Design Model)",
        "derived_from_source_ids": [
          "DATA-SRC-PROVISIONAL-BOUNDARIES-20260605",
          "DATA-SRC-OFFICIAL-ANNOUNCEMENT-20260509",
          "A0-URBAN-RENEWAL-2025"
        ],
        "usage_note_zh": "概念建议，仅用于方案生成与复算；不是官方红线、现状测绘、地块或工程依据。",
        "usage_note_en": "Conceptual proposal for generation and recalculation only; not an official boundary, survey, parcel, or engineering basis.",
        "area_sqm_declared": 213368.22,
        "design_role": "translate_open_work_forecourt",
        "interface_role": "TRANSLATE",
        "parent_key_area_id": "PROV-KEY-002",
        "ai_off_required": true,
        "public_front_controlled_back": true
      },
      "geometry": {
        "type": "MultiPolygon",
        "coordinates": [
          [
            [
              [
                116.34640372123,
                39.99350012532
              ],
              [
                116.34639980633,
                39.9934285069
              ],
              [
                116.34639589144,
                39.99335688849
              ],
              [
                116.34639197656,
                39.99328527007
              ],
              [
                116.34638806169,
                39.99321365165
              ],
              [
                116.34638414682,
                39.99314203323
              ],
              [
                116.34638023196,
                39.99307041481
              ],
              [
                116.34637631711,
                39.99299879639
              ],
              [
                116.34637240227,
                39.99292717797
              ],
              [
                116.34636848743,
                39.99285555955
              ],
              [
                116.3463645726,
                39.99278394113
              ],
              [
                116.34636065778,
                39.9927123227
              ],
              [
                116.34635674296,
                39.99264070428
              ],
              [
                116.34635282815,
                39.99256908585
              ],
              [
                116.34634891335,
                39.99249746742
              ],
              [
                116.34634499856,
                39.99242584899
              ],
              [
                116.34634108377,
                39.99235423056
              ],
              [
                116.34633716899,
                39.99228261213
              ],
              [
                116.34633325422,
                39.9922109937
              ],
              [
                116.34632933945,
                39.99213937527
              ],
              [
                116.34632542469,
                39.99206775684
              ],
              [
                116.34632150994,
                39.9919961384
              ],
              [
                116.3463175952,
                39.99192451997
              ],
              [
                116.34631368046,
                39.99185290153
              ],
              [
                116.34630976573,
                39.9917812831
              ],
              [
                116.34630585101,
                39.99170966466
              ],
              [
                116.34630193629,
                39.99163804622
              ],
              [
                116.34629802158,
                39.99156642778
              ],
              [
                116.34629410688,
                39.99149480934
              ],
              [
                116.34629019219,
                39.9914231909
              ],
              [
                116.3462862775,
                39.99135157245
              ],
              [
                116.34628236282,
                39.99127995401
              ],
              [
                116.34627844815,
                39.99120833557
              ],
              [
                116.34627453348,
                39.99113671712
              ],
              [
                116.34627061882,
                39.99106509867
              ],
              [
                116.34626670417,
                39.99099348023
              ],
              [
                116.34626278953,
                39.99092186178
              ],
              [
                116.34625887489,
                39.99085024333
              ],
              [
                116.34625496026,
                39.99077862488
              ],
              [
                116.34625104564,
                39.99070700643
              ],
              [
                116.34624713102,
                39.99063538798
              ],
              [
                116.34624321641,
                39.99056376952
              ],
              [
                116.34623930181,
                39.99049215107
              ],
              [
                116.34623538722,
                39.99042053261
              ],
              [
                116.34623147263,
                39.99034891416
              ],
              [
                116.34622755805,
                39.9902772957
              ],
              [
                116.34622364348,
                39.99020567724
              ],
              [
                116.34621972891,
                39.99013405879
              ],
              [
                116.34621581436,
                39.99006244033
              ],
              [
                116.34621189981,
                39.98999082187
              ],
              [
                116.34620798526,
                39.9899192034
              ],
              [
                116.34620407073,
                39.98984758494
              ],
              [
                116.3462001562,
                39.98977596648
              ],
              [
                116.34619624167,
                39.98970434801
              ],
              [
                116.34619232716,
                39.98963272955
              ],
              [
                116.34618841265,
                39.98956111108
              ],
              [
                116.34618893366,
                39.98949379934
              ],
              [
                116.34618945467,
                39.9894264876
              ],
              [
                116.34618997568,
                39.98935917586
              ],
              [
                116.34619049669,
                39.98929186412
              ],
              [
                116.34619101769,
                39.98922455237
              ],
              [
                116.3461915387,
                39.98915724063
              ],
              [
                116.3461920597,
                39.98908992889
              ],
              [
                116.3461925807,
                39.98902261714
              ],
              [
                116.34619310169,
                39.98895530539
              ],
              [
                116.34619362269,
                39.98888799365
              ],
              [
                116.34619414368,
                39.9888206819
              ],
              [
                116.34619466467,
                39.98875337015
              ],
              [
                116.34619518566,
                39.9886860584
              ],
              [
                116.34619570665,
                39.98861874665
              ],
              [
                116.34628156347,
                39.98861923093
              ],
              [
                116.34636742029,
                39.98861971515
              ],
              [
                116.34645327711,
                39.9886201993
              ],
              [
                116.34653913393,
                39.98862068339
              ],
              [
                116.34662499076,
                39.98862116741
              ],
              [
                116.34671084759,
                39.98862165137
              ],
              [
                116.34671133504,
                39.98855861133
              ],
              [
                116.34671182248,
                39.98849557128
              ],
              [
                116.34671230993,
                39.98843253123
              ],
              [
                116.34671279737,
                39.98836949118
              ],
              [
                116.34662694086,
                39.98836900722
              ],
              [
                116.34654108435,
                39.9883685232
              ],
              [
                116.34645522784,
                39.98836803912
              ],
              [
                116.34636937134,
                39.98836755497
              ],
              [
                116.34628351483,
                39.98836707076
              ],
              [
                116.34619765833,
                39.98836658648
              ],
              [
                116.34619821223,
                39.98829502088
              ],
              [
                116.34619876613,
                39.98822345528
              ],
              [
                116.34619932003,
                39.98815188968
              ],
              [
                116.34619987393,
                39.98808032407
              ],
              [
                116.34620042782,
                39.98800875847
              ],
              [
                116.34620098171,
                39.98793719286
              ],
              [
                116.3462015356,
                39.98786562726
              ],
              [
                116.34620208949,
                39.98779406165
              ],
              [
                116.34620264337,
                39.98772249604
              ],
              [
                116.34620319726,
                39.98765093043
              ],
              [
                116.34620375114,
                39.98757936482
              ],
              [
                116.34620430501,
                39.98750779921
              ],
              [
                116.34620485889,
                39.9874362336
              ],
              [
                116.34620541276,
                39.98736466799
              ],
              [
                116.34620596664,
                39.98729310238
              ],
              [
                116.34620652051,
                39.98722153676
              ],
              [
                116.34620707437,
                39.98714997115
              ],
              [
                116.34620762824,
                39.98707840553
              ],
              [
                116.3462081821,
                39.98700683991
              ],
              [
                116.34620873596,
                39.9869352743
              ],
              [
                116.34620928982,
                39.98686370868
              ],
              [
                116.34620984368,
                39.98679214306
              ],
              [
                116.34621039753,
                39.98672057744
              ],
              [
                116.34621095138,
                39.98664901182
              ],
              [
                116.34621150523,
                39.98657744619
              ],
              [
                116.34621205908,
                39.98650588057
              ],
              [
                116.34621261293,
                39.98643431495
              ],
              [
                116.34621316677,
                39.98636274932
              ],
              [
                116.34621372061,
                39.9862911837
              ],
              [
                116.34621427445,
                39.98621961807
              ],
              [
                116.34621482829,
                39.98614805244
              ],
              [
                116.34621538212,
                39.98607648681
              ],
              [
                116.34621593596,
                39.98600492118
              ],
              [
                116.34621648979,
                39.98593335555
              ],
              [
                116.34621704361,
                39.98586178992
              ],
              [
                116.34621759744,
                39.98579022429
              ],
              [
                116.34621815126,
                39.98571865866
              ],
              [
                116.34621870509,
                39.98564709302
              ],
              [
                116.34621925891,
                39.98557552739
              ],
              [
                116.34621981272,
                39.98550396175
              ],
              [
                116.34622036654,
                39.98543239612
              ],
              [
                116.34622092035,
                39.98536083048
              ],
              [
                116.34622147416,
                39.98528926484
              ],
              [
                116.34622202797,
                39.9852176992
              ],
              [
                116.34622258178,
                39.98514613356
              ],
              [
                116.34622313558,
                39.98507456792
              ],
              [
                116.34622368939,
                39.98500300228
              ],
              [
                116.34622424319,
                39.98493143664
              ],
              [
                116.34622479698,
                39.98485987099
              ],
              [
                116.34622535078,
                39.98478830535
              ],
              [
                116.34622590457,
                39.9847167397
              ],
              [
                116.34622645836,
                39.98464517406
              ],
              [
                116.34622701215,
                39.98457360841
              ],
              [
                116.34622756594,
                39.98450204276
              ],
              [
                116.34622811972,
                39.98443047711
              ],
              [
                116.34622867351,
                39.98435891146
              ],
              [
                116.34622922729,
                39.98428734581
              ],
              [
                116.34622978107,
                39.98421578016
              ],
              [
                116.34623033484,
                39.98414421451
              ],
              [
                116.34623088862,
                39.98407264886
              ],
              [
                116.34623144239,
                39.9840010832
              ],
              [
                116.34623199616,
                39.98392951755
              ],
              [
                116.34623254993,
                39.98385795189
              ],
              [
                116.34623310369,
                39.98378638623
              ],
              [
                116.34623365745,
                39.98371482058
              ],
              [
                116.34623421122,
                39.98364325492
              ],
              [
                116.34623476497,
                39.98357168926
              ],
              [
                116.34623531873,
                39.9835001236
              ],
              [
                116.34614272397,
                39.98350012255
              ],
              [
                116.3460501292,
                39.98350012143
              ],
              [
                116.34595753444,
                39.98350012023
              ],
              [
                116.34586493968,
                39.98350011896
              ],
              [
                116.34577234492,
                39.98350011762
              ],
              [
                116.34567975016,
                39.9835001162
              ],
              [
                116.3455871554,
                39.98350011471
              ],
              [
                116.34549456065,
                39.98350011315
              ],
              [
                116.34540196589,
                39.98350011151
              ],
              [
                116.34530937114,
                39.98350010979
              ],
              [
                116.34521677638,
                39.98350010801
              ],
              [
                116.34521622222,
                39.98357158934
              ],
              [
                116.34521566805,
                39.98364307066
              ],
              [
                116.34521511388,
                39.98371455199
              ],
              [
                116.34521455971,
                39.98378603332
              ],
              [
                116.34521400553,
                39.98385751464
              ],
              [
                116.34521345136,
                39.98392899597
              ],
              [
                116.34521289718,
                39.98400047729
              ],
              [
                116.345212343,
                39.98407195862
              ],
              [
                116.34521178881,
                39.98414343994
              ],
              [
                116.34521123463,
                39.98421492126
              ],
              [
                116.34521068044,
                39.98428640258
              ],
              [
                116.34521012625,
                39.9843578839
              ],
              [
                116.34520957206,
                39.98442936522
              ],
              [
                116.34520901787,
                39.98450084653
              ],
              [
                116.34520846367,
                39.98457232785
              ],
              [
                116.34520790947,
                39.98464380917
              ],
              [
                116.34520735527,
                39.98471529048
              ],
              [
                116.34520680107,
                39.9847867718
              ],
              [
                116.34520624686,
                39.98485825311
              ],
              [
                116.34520569266,
                39.98492973442
              ],
              [
                116.34520513845,
                39.98500121573
              ],
              [
                116.34520458424,
                39.98507269704
              ],
              [
                116.34520403002,
                39.98514417835
              ],
              [
                116.34520347581,
                39.98521565966
              ],
              [
                116.34520292159,
                39.98528714097
              ],
              [
                116.34520236737,
                39.98535862227
              ],
              [
                116.34520181315,
                39.98543010358
              ],
              [
                116.34520125892,
                39.98550158489
              ],
              [
                116.3452007047,
                39.98557306619
              ],
              [
                116.34520015047,
                39.98564454749
              ],
              [
                116.34519959624,
                39.9857160288
              ],
              [
                116.34519904201,
                39.9857875101
              ],
              [
                116.34519848777,
                39.9858589914
              ],
              [
                116.34519793353,
                39.9859304727
              ],
              [
                116.34519737929,
                39.986001954
              ],
              [
                116.34519682505,
                39.98607343529
              ],
              [
                116.34519627081,
                39.98614491659
              ],
              [
                116.34519571656,
                39.98621639789
              ],
              [
                116.34519516231,
                39.98628787918
              ],
              [
                116.34519460806,
                39.98635936048
              ],
              [
                116.34519405381,
                39.98643084177
              ],
              [
                116.34519349956,
                39.98650232306
              ],
              [
                116.3451929453,
                39.98657380435
              ],
              [
                116.34519239104,
                39.98664528565
              ],
              [
                116.34519183678,
                39.98671676694
              ],
              [
                116.34519128252,
                39.98678824822
              ],
              [
                116.34519072825,
                39.98685972951
              ],
              [
                116.34519017398,
                39.9869312108
              ],
              [
                116.34518961971,
                39.98700269209
              ],
              [
                116.34518906544,
                39.98707417337
              ],
              [
                116.34518851117,
                39.98714565466
              ],
              [
                116.34518795689,
                39.98721713594
              ],
              [
                116.34518740261,
                39.98728861722
              ],
              [
                116.34518684833,
                39.9873600985
              ],
              [
                116.34518629405,
                39.98743157979
              ],
              [
                116.34518573976,
                39.98750306107
              ],
              [
                116.34518518548,
                39.98757454235
              ],
              [
                116.34518463119,
                39.98764602362
              ],
              [
                116.3451840769,
                39.9877175049
              ],
              [
                116.3451835226,
                39.98778898618
              ],
              [
                116.34518296831,
                39.98786046745
              ],
              [
                116.34518241401,
                39.98793194873
              ],
              [
                116.34518185971,
                39.98800343
              ],
              [
                116.34518130541,
                39.98807491128
              ],
              [
                116.3451807511,
                39.98814639255
              ],
              [
                116.34518019679,
                39.98821787382
              ],
              [
                116.34517964249,
                39.98828935509
              ],
              [
                116.34517908817,
                39.98836083636
              ],
              [
                116.34508562119,
                39.98836030826
              ],
              [
                116.34499215422,
                39.98835978009
              ],
              [
                116.34489868724,
                39.98835925184
              ],
              [
                116.34480522027,
                39.98835872352
              ],
              [
                116.3447117533,
                39.98835819512
              ],
              [
                116.34461828633,
                39.98835766665
              ],
              [
                116.34452481936,
                39.9883571381
              ],
              [
                116.3444313524,
                39.98835660948
              ],
              [
                116.34433788544,
                39.98835608078
              ],
              [
                116.34424441848,
                39.988355552
              ],
              [
                116.34415095152,
                39.98835502315
              ],
              [
                116.34405748457,
                39.98835449423
              ],
              [
                116.34396401762,
                39.98835396523
              ],
              [
                116.34387055067,
                39.98835343615
              ],
              [
                116.34377708372,
                39.988352907
              ],
              [
                116.34368361678,
                39.98835237777
              ],
              [
                116.34359014984,
                39.98835184847
              ],
              [
                116.3434966829,
                39.98835131909
              ],
              [
                116.34340321596,
                39.98835078964
              ],
              [
                116.34330974903,
                39.98835026011
              ],
              [
                116.3432162821,
                39.98834973051
              ],
              [
                116.34312281517,
                39.98834920083
              ],
              [
                116.34302934824,
                39.98834867107
              ],
              [
                116.34293588132,
                39.98834814124
              ],
              [
                116.3428424144,
                39.98834761134
              ],
              [
                116.34274894748,
                39.98834708136
              ],
              [
                116.34265548056,
                39.9883465513
              ],
              [
                116.34256201365,
                39.98834602117
              ],
              [
                116.34246854673,
                39.98834549096
              ],
              [
                116.34237507983,
                39.98834496068
              ],
              [
                116.34228161292,
                39.98834443032
              ],
              [
                116.34218814601,
                39.98834389989
              ],
              [
                116.34209467911,
                39.98834336938
              ],
              [
                116.34200121221,
                39.9883428388
              ],
              [
                116.34200060736,
                39.98840587815
              ],
              [
                116.3420000025,
                39.9884689175
              ],
              [
                116.34199939763,
                39.98853195686
              ],
              [
                116.34199879277,
                39.98859499621
              ],
              [
                116.34209227332,
                39.98859552687
              ],
              [
                116.34218575387,
                39.98859605746
              ],
              [
                116.34227923442,
                39.98859658797
              ],
              [
                116.34237271497,
                39.98859711841
              ],
              [
                116.34246619553,
                39.98859764877
              ],
              [
                116.34255967609,
                39.98859817906
              ],
              [
                116.34265315665,
                39.98859870927
              ],
              [
                116.34274663721,
                39.98859923941
              ],
              [
                116.34284011778,
                39.98859976947
              ],
              [
                116.34293359835,
                39.98860029945
              ],
              [
                116.34302707892,
                39.98860082936
              ],
              [
                116.34312055949,
                39.9886013592
              ],
              [
                116.34321404007,
                39.98860188896
              ],
              [
                116.34330752065,
                39.98860241864
              ],
              [
                116.34340100123,
                39.98860294825
              ],
              [
                116.34349448182,
                39.98860347778
              ],
              [
                116.3435879624,
                39.98860400724
              ],
              [
                116.34368144299,
                39.98860453662
              ],
              [
                116.34377492358,
                39.98860506593
              ],
              [
                116.34386840418,
                39.98860559516
              ],
              [
                116.34396188477,
                39.98860612431
              ],
              [
                116.34405536537,
                39.98860665339
              ],
              [
                116.34414884597,
                39.9886071824
              ],
              [
                116.34424232658,
                39.98860771133
              ],
              [
                116.34433580718,
                39.98860824018
              ],
              [
                116.34442928779,
                39.98860876896
              ],
              [
                116.3445227684,
                39.98860929767
              ],
              [
                116.34461624901,
                39.9886098263
              ],
              [
                116.34470972963,
                39.98861035485
              ],
              [
                116.34480321025,
                39.98861088333
              ],
              [
                116.34489669087,
                39.98861141173
              ],
              [
                116.34499017149,
                39.98861194005
              ],
              [
                116.34508365212,
                39.98861246831
              ],
              [
                116.34517713275,
                39.98861299648
              ],
              [
                116.34517659975,
                39.98868172803
              ],
              [
                116.34517606675,
                39.98875045958
              ],
              [
                116.34517553375,
                39.98881919113
              ],
              [
                116.34517500075,
                39.98888792268
              ],
              [
                116.34517446774,
                39.98895665423
              ],
              [
                116.34517393473,
                39.98902538577
              ],
              [
                116.34517340172,
                39.98909411732
              ],
              [
                116.34517286871,
                39.98916284887
              ],
              [
                116.3451723357,
                39.98923158041
              ],
              [
                116.34517180268,
                39.98930031195
              ],
              [
                116.34517126967,
                39.9893690435
              ],
              [
                116.34517073665,
                39.98943777504
              ],
              [
                116.34517020362,
                39.98950650658
              ],
              [
                116.3451696706,
                39.98957523812
              ],
              [
                116.34517356999,
                39.98964659947
              ],
              [
                116.34517746939,
                39.98971796082
              ],
              [
                116.3451813688,
                39.98978932218
              ],
              [
                116.34518526822,
                39.98986068353
              ],
              [
                116.34518916764,
                39.98993204488
              ],
              [
                116.34519306707,
                39.99000340623
              ],
              [
                116.3451969665,
                39.99007476758
              ],
              [
                116.34520086595,
                39.99014612892
              ],
              [
                116.3452047654,
                39.99021749027
              ],
              [
                116.34520866485,
                39.99028885162
              ],
              [
                116.34521256432,
                39.99036021296
              ],
              [
                116.34521646379,
                39.9904315743
              ],
              [
                116.34522036327,
                39.99050293565
              ],
              [
                116.34522426275,
                39.99057429699
              ],
              [
                116.34522816225,
                39.99064565833
              ],
              [
                116.34523206175,
                39.99071701967
              ],
              [
                116.34523596125,
                39.99078838101
              ],
              [
                116.34523986077,
                39.99085974235
              ],
              [
                116.34524376029,
                39.99093110368
              ],
              [
                116.34524765982,
                39.99100246502
              ],
              [
                116.34525155935,
                39.99107382635
              ],
              [
                116.3452554589,
                39.99114518769
              ],
              [
                116.34525935845,
                39.99121654902
              ],
              [
                116.345263258,
                39.99128791035
              ],
              [
                116.34526715757,
                39.99135927169
              ],
              [
                116.34527105714,
                39.99143063302
              ],
              [
                116.34527495672,
                39.99150199435
              ],
              [
                116.3452788563,
                39.99157335567
              ],
              [
                116.34528275589,
                39.991644717
              ],
              [
                116.34528665549,
                39.99171607833
              ],
              [
                116.3452905551,
                39.99178743965
              ],
              [
                116.34529445471,
                39.99185880098
              ],
              [
                116.34529835433,
                39.9919301623
              ],
              [
                116.34530225396,
                39.99200152363
              ],
              [
                116.3453061536,
                39.99207288495
              ],
              [
                116.34531005324,
                39.99214424627
              ],
              [
                116.34531395289,
                39.99221560759
              ],
              [
                116.34531785254,
                39.99228696891
              ],
              [
                116.34532175221,
                39.99235833023
              ],
              [
                116.34532565188,
                39.99242969154
              ],
              [
                116.34532955156,
                39.99250105286
              ],
              [
                116.34533345124,
                39.99257241418
              ],
              [
                116.34533735093,
                39.99264377549
              ],
              [
                116.34534125063,
                39.9927151368
              ],
              [
                116.34534515034,
                39.99278649812
              ],
              [
                116.34534905005,
                39.99285785943
              ],
              [
                116.34535294977,
                39.99292922074
              ],
              [
                116.3453568495,
                39.99300058205
              ],
              [
                116.34536074923,
                39.99307194336
              ],
              [
                116.34536464897,
                39.99314330467
              ],
              [
                116.34536854872,
                39.99321466597
              ],
              [
                116.34537244848,
                39.99328602728
              ],
              [
                116.34537634824,
                39.99335738858
              ],
              [
                116.34538024801,
                39.99342874989
              ],
              [
                116.34538414779,
                39.99350011119
              ],
              [
                116.34547683628,
                39.99350011285
              ],
              [
                116.34556952477,
                39.99350011443
              ],
              [
                116.34566221326,
                39.99350011593
              ],
              [
                116.34575490175,
                39.99350011737
              ],
              [
                116.34584759025,
                39.99350011872
              ],
              [
                116.34594027874,
                39.99350012001
              ],
              [
                116.34603296723,
                39.99350012122
              ],
              [
                116.34612565573,
                39.99350012236
              ],
              [
                116.34621834423,
                39.99350012342
              ],
              [
                116.34631103273,
                39.99350012441
              ],
              [
                116.34640372123,
                39.99350012532
              ]
            ]
          ],
          [
            [
              [
                116.34778796069,
                39.98862771749
              ],
              [
                116.34778741976,
                39.98869781688
              ],
              [
                116.34778687882,
                39.98876791627
              ],
              [
                116.34778633788,
                39.98883801566
              ],
              [
                116.34778579694,
                39.98890811504
              ],
              [
                116.34778525599,
                39.98897821443
              ],
              [
                116.34778471504,
                39.98904831382
              ],
              [
                116.3477841741,
                39.9891184132
              ],
              [
                116.34778363315,
                39.98918851259
              ],
              [
                116.34778309219,
                39.98925861197
              ],
              [
                116.34778255124,
                39.98932871135
              ],
              [
                116.34778201028,
                39.98939881073
              ],
              [
                116.34778146932,
                39.98946891011
              ],
              [
                116.34778092836,
                39.98953900949
              ],
              [
                116.34778479619,
                39.9896097438
              ],
              [
                116.34778866402,
                39.98968047811
              ],
              [
                116.34779253186,
                39.98975121242
              ],
              [
                116.34779639971,
                39.98982194673
              ],
              [
                116.34780026756,
                39.98989268103
              ],
              [
                116.34780413543,
                39.98996341534
              ],
              [
                116.34780800329,
                39.99003414964
              ],
              [
                116.34781187117,
                39.99010488395
              ],
              [
                116.34781573905,
                39.99017561825
              ],
              [
                116.34781960694,
                39.99024635255
              ],
              [
                116.34782347484,
                39.99031708685
              ],
              [
                116.34782734274,
                39.99038782115
              ],
              [
                116.34783121065,
                39.99045855545
              ],
              [
                116.34783507857,
                39.99052928975
              ],
              [
                116.34783894649,
                39.99060002405
              ],
              [
                116.34784281443,
                39.99067075834
              ],
              [
                116.34784668236,
                39.99074149264
              ],
              [
                116.34785055031,
                39.99081222693
              ],
              [
                116.34785441826,
                39.99088296123
              ],
              [
                116.34785828622,
                39.99095369552
              ],
              [
                116.34786215419,
                39.99102442981
              ],
              [
                116.34786602216,
                39.9910951641
              ],
              [
                116.34786989014,
                39.99116589839
              ],
              [
                116.34787375813,
                39.99123663268
              ],
              [
                116.34787762612,
                39.99130736697
              ],
              [
                116.34788149412,
                39.99137810126
              ],
              [
                116.34788536213,
                39.99144883554
              ],
              [
                116.34788923015,
                39.99151956983
              ],
              [
                116.34789309817,
                39.99159030411
              ],
              [
                116.3478969662,
                39.99166103839
              ],
              [
                116.34790083424,
                39.99173177268
              ],
              [
                116.34790470228,
                39.99180250696
              ],
              [
                116.34790857033,
                39.99187324124
              ],
              [
                116.34791243839,
                39.99194397552
              ],
              [
                116.34791630645,
                39.9920147098
              ],
              [
                116.34792017452,
                39.99208544407
              ],
              [
                116.3479240426,
                39.99215617835
              ],
              [
                116.34792791069,
                39.99222691263
              ],
              [
                116.34793177878,
                39.9922976469
              ],
              [
                116.34793564688,
                39.99236838118
              ],
              [
                116.34793951498,
                39.99243911545
              ],
              [
                116.3479433831,
                39.99250984972
              ],
              [
                116.34794725122,
                39.99258058399
              ],
              [
                116.34795111935,
                39.99265131826
              ],
              [
                116.34795498748,
                39.99272205253
              ],
              [
                116.34795885562,
                39.9927927868
              ],
              [
                116.34796272377,
                39.99286352107
              ],
              [
                116.34796659192,
                39.99293425534
              ],
              [
                116.34797046009,
                39.9930049896
              ],
              [
                116.34797432826,
                39.99307572387
              ],
              [
                116.34797819643,
                39.99314645813
              ],
              [
                116.34798206462,
                39.99321719239
              ],
              [
                116.34798593281,
                39.99328792666
              ],
              [
                116.347989801,
                39.99335866092
              ],
              [
                116.34799366921,
                39.99342939518
              ],
              [
                116.34799753742,
                39.99350012944
              ],
              [
                116.34809022594,
                39.993500129
              ],
              [
                116.34818291445,
                39.99350012849
              ],
              [
                116.34827560297,
                39.99350012791
              ],
              [
                116.34836829149,
                39.99350012725
              ],
              [
                116.34846098002,
                39.99350012652
              ],
              [
                116.34855366854,
                39.99350012571
              ],
              [
                116.34864635706,
                39.99350012483
              ],
              [
                116.34873904559,
                39.99350012388
              ],
              [
                116.34883173411,
                39.99350012285
              ],
              [
                116.34892442264,
                39.99350012175
              ],
              [
                116.34901711117,
                39.99350012057
              ],
              [
                116.34901322809,
                39.9934291338
              ],
              [
                116.34900934502,
                39.99335814701
              ],
              [
                116.34900546195,
                39.99328716023
              ],
              [
                116.3490015789,
                39.99321617345
              ],
              [
                116.34899769585,
                39.99314518667
              ],
              [
                116.3489938128,
                39.99307419988
              ],
              [
                116.34898992977,
                39.9930032131
              ],
              [
                116.34898604674,
                39.99293222631
              ],
              [
                116.34898216372,
                39.99286123953
              ],
              [
                116.3489782807,
                39.99279025274
              ],
              [
                116.3489743977,
                39.99271926595
              ],
              [
                116.3489705147,
                39.99264827916
              ],
              [
                116.3489666317,
                39.99257729237
              ],
              [
                116.34896274872,
                39.99250630558
              ],
              [
                116.34895886574,
                39.99243531879
              ],
              [
                116.34895498276,
                39.99236433199
              ],
              [
                116.3489510998,
                39.9922933452
              ],
              [
                116.34894721684,
                39.9922223584
              ],
              [
                116.34894333389,
                39.99215137161
              ],
              [
                116.34893945094,
                39.99208038481
              ],
              [
                116.34893556801,
                39.99200939801
              ],
              [
                116.34893168508,
                39.99193841121
              ],
              [
                116.34892780215,
                39.99186742441
              ],
              [
                116.34892391924,
                39.99179643761
              ],
              [
                116.34892003633,
                39.99172545081
              ],
              [
                116.34891615343,
                39.99165446401
              ],
              [
                116.34891227053,
                39.9915834772
              ],
              [
                116.34890838764,
                39.9915124904
              ],
              [
                116.34890450476,
                39.99144150359
              ],
              [
                116.34890062189,
                39.99137051679
              ],
              [
                116.34889673902,
                39.99129952998
              ],
              [
                116.34889285616,
                39.99122854317
              ],
              [
                116.34888897331,
                39.99115755636
              ],
              [
                116.34888509047,
                39.99108656955
              ],
              [
                116.34888120763,
                39.99101558274
              ],
              [
                116.3488773248,
                39.99094459593
              ],
              [
                116.34887344197,
                39.99087360912
              ],
              [
                116.34886955915,
                39.9908026223
              ],
              [
                116.34886567634,
                39.99073163549
              ],
              [
                116.34886179354,
                39.99066064867
              ],
              [
                116.34885791074,
                39.99058966186
              ],
              [
                116.34885402795,
                39.99051867504
              ],
              [
                116.34885014517,
                39.99044768822
              ],
              [
                116.3488462624,
                39.9903767014
              ],
              [
                116.34884237963,
                39.99030571458
              ],
              [
                116.34883849687,
                39.99023472776
              ],
              [
                116.34883461411,
                39.99016374094
              ],
              [
                116.34883073137,
                39.99009275411
              ],
              [
                116.34882684863,
                39.99002176729
              ],
              [
                116.34882296589,
                39.98995078046
              ],
              [
                116.34881908317,
                39.98987979364
              ],
              [
                116.34881520045,
                39.98980880681
              ],
              [
                116.34881131774,
                39.98973781998
              ],
              [
                116.34880743503,
                39.98966683315
              ],
              [
                116.34880355234,
                39.98959584632
              ],
              [
                116.34879966965,
                39.98952485949
              ],
              [
                116.34880019779,
                39.98945628913
              ],
              [
                116.34880072593,
                39.98938771877
              ],
              [
                116.34880125407,
                39.9893191484
              ],
              [
                116.3488017822,
                39.98925057804
              ],
              [
                116.34880231034,
                39.98918200767
              ],
              [
                116.34880283847,
                39.98911343731
              ],
              [
                116.3488033666,
                39.98904486694
              ],
              [
                116.34880389473,
                39.98897629657
              ],
              [
                116.34880442286,
                39.9889077262
              ],
              [
                116.34880495098,
                39.98883915583
              ],
              [
                116.3488054791,
                39.98877058546
              ],
              [
                116.34880600722,
                39.98870201509
              ],
              [
                116.34880653534,
                39.98863344472
              ],
              [
                116.34889969701,
                39.9886339681
              ],
              [
                116.34899285869,
                39.98863449141
              ],
              [
                116.34908602036,
                39.98863501464
              ],
              [
                116.34917918204,
                39.98863553779
              ],
              [
                116.34927234372,
                39.98863606088
              ],
              [
                116.34936550541,
                39.98863658388
              ],
              [
                116.34945866709,
                39.98863710682
              ],
              [
                116.34955182878,
                39.98863762967
              ],
              [
                116.34964499047,
                39.98863815245
              ],
              [
                116.34973815216,
                39.98863867516
              ],
              [
                116.34983131386,
                39.98863919779
              ],
              [
                116.34992447556,
                39.98863972035
              ],
              [
                116.35001763726,
                39.98864024284
              ],
              [
                116.35011079896,
                39.98864076524
              ],
              [
                116.35020396066,
                39.98864128758
              ],
              [
                116.35029712237,
                39.98864180983
              ],
              [
                116.35039028408,
                39.98864233202
              ],
              [
                116.35048344579,
                39.98864285413
              ],
              [
                116.35057660751,
                39.98864337616
              ],
              [
                116.35066976923,
                39.98864389812
              ],
              [
                116.35076293095,
                39.98864442
              ],
              [
                116.35085609267,
                39.98864494181
              ],
              [
                116.35094925439,
                39.98864546355
              ],
              [
                116.35104241612,
                39.98864598521
              ],
              [
                116.35113557785,
                39.98864650679
              ],
              [
                116.35122873958,
                39.9886470283
              ],
              [
                116.35132190132,
                39.98864754973
              ],
              [
                116.35141506305,
                39.98864807109
              ],
              [
                116.35150822479,
                39.98864859238
              ],
              [
                116.35160138653,
                39.98864911359
              ],
              [
                116.35169454828,
                39.98864963472
              ],
              [
                116.35178771002,
                39.98865015578
              ],
              [
                116.35188087177,
                39.98865067677
              ],
              [
                116.35197403352,
                39.98865119768
              ],
              [
                116.35206719528,
                39.98865171852
              ],
              [
                116.35216035703,
                39.98865223928
              ],
              [
                116.35225351879,
                39.98865275996
              ],
              [
                116.35234668055,
                39.98865328057
              ],
              [
                116.35243984232,
                39.98865380111
              ],
              [
                116.35253300408,
                39.98865432157
              ],
              [
                116.35262616585,
                39.98865484196
              ],
              [
                116.35271932762,
                39.98865536227
              ],
              [
                116.35281248939,
                39.98865588251
              ],
              [
                116.35290565117,
                39.98865640267
              ],
              [
                116.35299881295,
                39.98865692275
              ],
              [
                116.3529994077,
                39.98859388327
              ],
              [
                116.35300000245,
                39.98853084378
              ],
              [
                116.3530005972,
                39.98846780429
              ],
              [
                116.35300119195,
                39.9884047648
              ],
              [
                116.35290802046,
                39.98840424466
              ],
              [
                116.35281484898,
                39.98840372444
              ],
              [
                116.3527216775,
                39.98840320416
              ],
              [
                116.35262850602,
                39.98840268379
              ],
              [
                116.35253533454,
                39.98840216336
              ],
              [
                116.35244216306,
                39.98840164284
              ],
              [
                116.35234899159,
                39.98840112225
              ],
              [
                116.35225582012,
                39.98840060159
              ],
              [
                116.35216264865,
                39.98840008085
              ],
              [
                116.35206947719,
                39.98839956004
              ],
              [
                116.35197630572,
                39.98839903915
              ],
              [
                116.35188313426,
                39.98839851819
              ],
              [
                116.35178996281,
                39.98839799716
              ],
              [
                116.35169679135,
                39.98839747604
              ],
              [
                116.3516036199,
                39.98839695486
              ],
              [
                116.35151044845,
                39.98839643359
              ],
              [
                116.351417277,
                39.98839591226
              ],
              [
                116.35132410555,
                39.98839539085
              ],
              [
                116.35123093411,
                39.98839486936
              ],
              [
                116.35113776267,
                39.9883943478
              ],
              [
                116.35104459123,
                39.98839382616
              ],
              [
                116.35095141979,
                39.98839330445
              ],
              [
                116.35085824836,
                39.98839278267
              ],
              [
                116.35076507693,
                39.9883922608
              ],
              [
                116.3506719055,
                39.98839173887
              ],
              [
                116.35057873407,
                39.98839121686
              ],
              [
                116.35048556265,
                39.98839069477
              ],
              [
                116.35039239122,
                39.98839017261
              ],
              [
                116.35029921981,
                39.98838965038
              ],
              [
                116.35020604839,
                39.98838912807
              ],
              [
                116.35011287697,
                39.98838860568
              ],
              [
                116.35001970556,
                39.98838808322
              ],
              [
                116.34992653415,
                39.98838756069
              ],
              [
                116.34983336274,
                39.98838703808
              ],
              [
                116.34974019134,
                39.98838651539
              ],
              [
                116.34964701994,
                39.98838599263
              ],
              [
                116.34955384854,
                39.9883854698
              ],
              [
                116.34946067714,
                39.98838494689
              ],
              [
                116.34936750575,
                39.9883844239
              ],
              [
                116.34927433435,
                39.98838390085
              ],
              [
                116.34918116296,
                39.98838337771
              ],
              [
                116.34908799158,
                39.9883828545
              ],
              [
                116.34899482019,
                39.98838233122
              ],
              [
                116.34890164881,
                39.98838180786
              ],
              [
                116.34880847743,
                39.98838128443
              ],
              [
                116.34880903027,
                39.98830950267
              ],
              [
                116.34880958311,
                39.98823772091
              ],
              [
                116.34881013595,
                39.98816593914
              ],
              [
                116.34881068878,
                39.98809415738
              ],
              [
                116.34881124162,
                39.98802237562
              ],
              [
                116.34881179445,
                39.98795059385
              ],
              [
                116.34881234728,
                39.98787881209
              ],
              [
                116.34881290011,
                39.98780703032
              ],
              [
                116.34881345293,
                39.98773524855
              ],
              [
                116.34881400575,
                39.98766346678
              ],
              [
                116.34881455857,
                39.98759168501
              ],
              [
                116.34881511139,
                39.98751990324
              ],
              [
                116.34881566421,
                39.98744812147
              ],
              [
                116.34881621702,
                39.9873763397
              ],
              [
                116.34881676984,
                39.98730455793
              ],
              [
                116.34881732265,
                39.98723277615
              ],
              [
                116.34881787545,
                39.98716099438
              ],
              [
                116.34881842826,
                39.9870892126
              ],
              [
                116.34881898106,
                39.98701743083
              ],
              [
                116.34881953386,
                39.98694564905
              ],
              [
                116.34882008666,
                39.98687386727
              ],
              [
                116.34882063946,
                39.98680208549
              ],
              [
                116.34882119225,
                39.98673030371
              ],
              [
                116.34882174505,
                39.98665852193
              ],
              [
                116.34882229784,
                39.98658674015
              ],
              [
                116.34882285063,
                39.98651495837
              ],
              [
                116.34882340341,
                39.98644317658
              ],
              [
                116.3488239562,
                39.9863713948
              ],
              [
                116.34882450898,
                39.98629961301
              ],
              [
                116.34882506176,
                39.98622783123
              ],
              [
                116.34882561453,
                39.98615604944
              ],
              [
                116.34882616731,
                39.98608426765
              ],
              [
                116.34882672008,
                39.98601248586
              ],
              [
                116.34882727285,
                39.98594070407
              ],
              [
                116.34882782562,
                39.98586892228
              ],
              [
                116.34882837839,
                39.98579714049
              ],
              [
                116.34882893115,
                39.9857253587
              ],
              [
                116.34882948391,
                39.9856535769
              ],
              [
                116.34883003667,
                39.98558179511
              ],
              [
                116.34883058943,
                39.98551001331
              ],
              [
                116.34883114219,
                39.98543823152
              ],
              [
                116.34883169494,
                39.98536644972
              ],
              [
                116.34883224769,
                39.98529466792
              ],
              [
                116.34883280044,
                39.98522288612
              ],
              [
                116.34883335319,
                39.98515110432
              ],
              [
                116.34883390593,
                39.98507932252
              ],
              [
                116.34883445867,
                39.98500754072
              ],
              [
                116.34883501141,
                39.98493575892
              ],
              [
                116.34883556415,
                39.98486397712
              ],
              [
                116.34883611689,
                39.98479219531
              ],
              [
                116.34883666962,
                39.98472041351
              ],
              [
                116.34883722235,
                39.9846486317
              ],
              [
                116.34883777508,
                39.98457684989
              ],
              [
                116.34883832781,
                39.98450506808
              ],
              [
                116.34883888054,
                39.98443328628
              ],
              [
                116.34883943326,
                39.98436150447
              ],
              [
                116.34883998598,
                39.98428972266
              ],
              [
                116.3488405387,
                39.98421794084
              ],
              [
                116.34884109141,
                39.98414615903
              ],
              [
                116.34884164413,
                39.98407437722
              ],
              [
                116.34884219684,
                39.9840025954
              ],
              [
                116.34884274955,
                39.98393081359
              ],
              [
                116.34884330226,
                39.98385903177
              ],
              [
                116.34884385496,
                39.98378724996
              ],
              [
                116.34884440767,
                39.98371546814
              ],
              [
                116.34884496037,
                39.98364368632
              ],
              [
                116.34884551307,
                39.9835719045
              ],
              [
                116.34884606576,
                39.98350012268
              ],
              [
                116.34875347097,
                39.98350012372
              ],
              [
                116.34866087618,
                39.98350012468
              ],
              [
                116.34856828139,
                39.98350012557
              ],
              [
                116.3484756866,
                39.98350012639
              ],
              [
                116.34838309181,
                39.98350012713
              ],
              [
                116.34829049702,
                39.9835001278
              ],
              [
                116.34819790224,
                39.9835001284
              ],
              [
                116.34810530745,
                39.98350012892
              ],
              [
                116.34801271267,
                39.98350012936
              ],
              [
                116.34792011789,
                39.98350012973
              ],
              [
                116.3478275231,
                39.98350013003
              ],
              [
                116.34782696999,
                39.98357182752
              ],
              [
                116.34782641688,
                39.98364352501
              ],
              [
                116.34782586376,
                39.9837152225
              ],
              [
                116.34782531064,
                39.98378691998
              ],
              [
                116.34782475752,
                39.98385861747
              ],
              [
                116.3478242044,
                39.98393031495
              ],
              [
                116.34782365127,
                39.98400201244
              ],
              [
                116.34782309815,
                39.98407370992
              ],
              [
                116.34782254502,
                39.9841454074
              ],
              [
                116.34782199188,
                39.98421710488
              ],
              [
                116.34782143875,
                39.98428880236
              ],
              [
                116.34782088561,
                39.98436049984
              ],
              [
                116.34782033248,
                39.98443219732
              ],
              [
                116.34781977933,
                39.9845038948
              ],
              [
                116.34781922619,
                39.98457559227
              ],
              [
                116.34781867305,
                39.98464728975
              ],
              [
                116.3478181199,
                39.98471898723
              ],
              [
                116.34781756675,
                39.9847906847
              ],
              [
                116.3478170136,
                39.98486238217
              ],
              [
                116.34781646045,
                39.98493407964
              ],
              [
                116.34781590729,
                39.98500577711
              ],
              [
                116.34781535413,
                39.98507747459
              ],
              [
                116.34781480097,
                39.98514917205
              ],
              [
                116.34781424781,
                39.98522086952
              ],
              [
                116.34781369465,
                39.98529256699
              ],
              [
                116.34781314148,
                39.98536426446
              ],
              [
                116.34781258831,
                39.98543596192
              ],
              [
                116.34781203514,
                39.98550765939
              ],
              [
                116.34781148197,
                39.98557935685
              ],
              [
                116.34781092879,
                39.98565105431
              ],
              [
                116.34781037561,
                39.98572275178
              ],
              [
                116.34780982243,
                39.98579444924
              ],
              [
                116.34780926925,
                39.9858661467
              ],
              [
                116.34780871607,
                39.98593784416
              ],
              [
                116.34780816288,
                39.98600954162
              ],
              [
                116.34780760969,
                39.98608123907
              ],
              [
                116.3478070565,
                39.98615293653
              ],
              [
                116.34780650331,
                39.98622463399
              ],
              [
                116.34780595012,
                39.98629633144
              ],
              [
                116.34780539692,
                39.9863680289
              ],
              [
                116.34780484372,
                39.98643972635
              ],
              [
                116.34780429052,
                39.9865114238
              ],
              [
                116.34780373732,
                39.98658312125
              ],
              [
                116.34780318411,
                39.9866548187
              ],
              [
                116.3478026309,
                39.98672651615
              ],
              [
                116.34780207769,
                39.9867982136
              ],
              [
                116.34780152448,
                39.98686991105
              ],
              [
                116.34780097126,
                39.9869416085
              ],
              [
                116.34780041805,
                39.98701330594
              ],
              [
                116.34779986483,
                39.98708500339
              ],
              [
                116.34779931161,
                39.98715670083
              ],
              [
                116.34779875839,
                39.98722839827
              ],
              [
                116.34779820516,
                39.98730009572
              ],
              [
                116.34779765193,
                39.98737179316
              ],
              [
                116.3477970987,
                39.9874434906
              ],
              [
                116.34779654547,
                39.98751518804
              ],
              [
                116.34779599224,
                39.98758688548
              ],
              [
                116.347795439,
                39.98765858292
              ],
              [
                116.34779488576,
                39.98773028035
              ],
              [
                116.34779433252,
                39.98780197779
              ],
              [
                116.34779377928,
                39.98787367522
              ],
              [
                116.34779322604,
                39.98794537266
              ],
              [
                116.34779267279,
                39.98801707009
              ],
              [
                116.34779211954,
                39.98808876752
              ],
              [
                116.34779156629,
                39.98816046496
              ],
              [
                116.34779101303,
                39.98823216239
              ],
              [
                116.34779045978,
                39.98830385982
              ],
              [
                116.34778990652,
                39.98837555725
              ],
              [
                116.34770404998,
                39.98837507409
              ],
              [
                116.34761819345,
                39.98837459086
              ],
              [
                116.34753233691,
                39.98837410758
              ],
              [
                116.34744648038,
                39.98837362422
              ],
              [
                116.34736062385,
                39.98837314081
              ],
              [
                116.34727476732,
                39.98837265733
              ],
              [
                116.34727428039,
                39.98843569739
              ],
              [
                116.34727379346,
                39.98849873744
              ],
              [
                116.34727330653,
                39.9885617775
              ],
              [
                116.3472728196,
                39.98862481755
              ],
              [
                116.34735867644,
                39.98862530103
              ],
              [
                116.34744453329,
                39.98862578445
              ],
              [
                116.34753039014,
                39.98862626781
              ],
              [
                116.34761624699,
                39.9886267511
              ],
              [
                116.34770210384,
                39.98862723433
              ],
              [
                116.34778796069,
                39.98862771749
              ]
            ]
          ]
        ]
      }
    },
    {
      "type": "Feature",
      "id": "PUBLIC-004",
      "properties": {
        "id": "PUBLIC-004",
        "layer": "PUBLIC_SPACE",
        "source_type": "agent_generated_design",
        "confidence": "low",
        "geometry_role": "design_proposal",
        "model_status": "provisional_design_model",
        "name_zh": "大钟寺首用街开放前场（临时设计模型）",
        "name_en": "Dazhongsi First-Use Street Open Forecourt (Provisional Design Model)",
        "derived_from_source_ids": [
          "DATA-SRC-PROVISIONAL-BOUNDARIES-20260605",
          "DATA-SRC-OFFICIAL-ANNOUNCEMENT-20260509",
          "A0-URBAN-RENEWAL-2025"
        ],
        "usage_note_zh": "概念建议，仅用于方案生成与复算；不是官方红线、现状测绘、地块或工程依据。",
        "usage_note_en": "Conceptual proposal for generation and recalculation only; not an official boundary, survey, parcel, or engineering basis.",
        "area_sqm_declared": 137732.059,
        "design_role": "use_open_work_forecourt",
        "interface_role": "USE",
        "parent_key_area_id": "PROV-KEY-003",
        "ai_off_required": true,
        "public_front_controlled_back": true
      },
      "geometry": {
        "type": "MultiPolygon",
        "coordinates": [
          [
            [
              [
                116.34607882942,
                39.94678042378
              ],
              [
                116.34598615617,
                39.94677990102
              ],
              [
                116.34589348293,
                39.94677937819
              ],
              [
                116.34580080968,
                39.94677885528
              ],
              [
                116.34570813644,
                39.9467783323
              ],
              [
                116.3456154632,
                39.94677780924
              ],
              [
                116.34552278997,
                39.94677728611
              ],
              [
                116.34543011673,
                39.94677676291
              ],
              [
                116.3453374435,
                39.94677623963
              ],
              [
                116.34524477027,
                39.94677571628
              ],
              [
                116.34515209705,
                39.94677519285
              ],
              [
                116.34505942382,
                39.94677466935
              ],
              [
                116.3449667506,
                39.94677414577
              ],
              [
                116.34487407738,
                39.94677362213
              ],
              [
                116.34478140417,
                39.9467730984
              ],
              [
                116.34468873095,
                39.94677257461
              ],
              [
                116.34459605774,
                39.94677205074
              ],
              [
                116.34450338453,
                39.94677152679
              ],
              [
                116.34441071132,
                39.94677100277
              ],
              [
                116.34431803812,
                39.94677047868
              ],
              [
                116.34422536492,
                39.94676995451
              ],
              [
                116.34413269172,
                39.94676943027
              ],
              [
                116.34404001852,
                39.94676890595
              ],
              [
                116.34394734532,
                39.94676838157
              ],
              [
                116.34385467213,
                39.9467678571
              ],
              [
                116.34376199894,
                39.94676733256
              ],
              [
                116.34366932575,
                39.94676680795
              ],
              [
                116.34357665257,
                39.94676628327
              ],
              [
                116.34348397938,
                39.94676575851
              ],
              [
                116.3433913062,
                39.94676523367
              ],
              [
                116.34329863303,
                39.94676470877
              ],
              [
                116.34320595985,
                39.94676418378
              ],
              [
                116.34311328668,
                39.94676365873
              ],
              [
                116.34302061351,
                39.9467631336
              ],
              [
                116.34292794034,
                39.94676260839
              ],
              [
                116.34283526717,
                39.94676208311
              ],
              [
                116.34274259401,
                39.94676155776
              ],
              [
                116.34264992085,
                39.94676103234
              ],
              [
                116.34255724769,
                39.94676050684
              ],
              [
                116.34246457453,
                39.94675998126
              ],
              [
                116.34237190138,
                39.94675945561
              ],
              [
                116.34227922823,
                39.94675892989
              ],
              [
                116.34218655508,
                39.94675840409
              ],
              [
                116.34209388193,
                39.94675787822
              ],
              [
                116.34200120879,
                39.94675735228
              ],
              [
                116.34200060482,
                39.94682039208
              ],
              [
                116.34200000085,
                39.94688343189
              ],
              [
                116.34199939688,
                39.9469464717
              ],
              [
                116.3419987929,
                39.9470095115
              ],
              [
                116.34209144125,
                39.94701003731
              ],
              [
                116.34218408959,
                39.94701056304
              ],
              [
                116.34227673794,
                39.9470110887
              ],
              [
                116.34236938629,
                39.94701161428
              ],
              [
                116.34246203465,
                39.94701213979
              ],
              [
                116.342554683,
                39.94701266523
              ],
              [
                116.34264733136,
                39.94701319059
              ],
              [
                116.34273997972,
                39.94701371588
              ],
              [
                116.34283262809,
                39.9470142411
              ],
              [
                116.34292527645,
                39.94701476624
              ],
              [
                116.34301792482,
                39.9470152913
              ],
              [
                116.34311057319,
                39.9470158163
              ],
              [
                116.34320322156,
                39.94701634122
              ],
              [
                116.34329586994,
                39.94701686606
              ],
              [
                116.34338851832,
                39.94701739083
              ],
              [
                116.3434811667,
                39.94701791553
              ],
              [
                116.34357381508,
                39.94701844015
              ],
              [
                116.34366646346,
                39.9470189647
              ],
              [
                116.34375911185,
                39.94701948917
              ],
              [
                116.34385176024,
                39.94702001357
              ],
              [
                116.34394440863,
                39.9470205379
              ],
              [
                116.34403705703,
                39.94702106215
              ],
              [
                116.34412970543,
                39.94702158633
              ],
              [
                116.34422235383,
                39.94702211043
              ],
              [
                116.34431500223,
                39.94702263446
              ],
              [
                116.34440765063,
                39.94702315842
              ],
              [
                116.34450029904,
                39.9470236823
              ],
              [
                116.34459294745,
                39.94702420611
              ],
              [
                116.34468559586,
                39.94702472984
              ],
              [
                116.34477824427,
                39.9470252535
              ],
              [
                116.34487089269,
                39.94702577709
              ],
              [
                116.34496354111,
                39.9470263006
              ],
              [
                116.34505618953,
                39.94702682404
              ],
              [
                116.34514883796,
                39.9470273474
              ],
              [
                116.34524148638,
                39.94702787069
              ],
              [
                116.34533413481,
                39.94702839391
              ],
              [
                116.34542678324,
                39.94702891705
              ],
              [
                116.34551943168,
                39.94702944012
              ],
              [
                116.34561208011,
                39.94702996311
              ],
              [
                116.34570472855,
                39.94703048603
              ],
              [
                116.34579737699,
                39.94703100888
              ],
              [
                116.34589002543,
                39.94703153165
              ],
              [
                116.34598267388,
                39.94703205435
              ],
              [
                116.34607532233,
                39.94703257697
              ],
              [
                116.34607432105,
                39.94710456619
              ],
              [
                116.34607331977,
                39.94717655542
              ],
              [
                116.34607231849,
                39.94724854464
              ],
              [
                116.34607131721,
                39.94732053386
              ],
              [
                116.34607031592,
                39.94739252308
              ],
              [
                116.34606931463,
                39.9474645123
              ],
              [
                116.34606831334,
                39.94753650152
              ],
              [
                116.34606731204,
                39.94760849074
              ],
              [
                116.34606631074,
                39.94768047996
              ],
              [
                116.34606530944,
                39.94775246917
              ],
              [
                116.34606430813,
                39.94782445839
              ],
              [
                116.34606330682,
                39.9478964476
              ],
              [
                116.34606230551,
                39.94796843682
              ],
              [
                116.34606130419,
                39.94804042603
              ],
              [
                116.34606030287,
                39.94811241524
              ],
              [
                116.34605930155,
                39.94818440445
              ],
              [
                116.34605830022,
                39.94825639366
              ],
              [
                116.3460572989,
                39.94832838287
              ],
              [
                116.34605629756,
                39.94840037208
              ],
              [
                116.34605529623,
                39.94847236129
              ],
              [
                116.34605429489,
                39.94854435049
              ],
              [
                116.34605329355,
                39.9486163397
              ],
              [
                116.34605229221,
                39.9486883289
              ],
              [
                116.34605129086,
                39.9487603181
              ],
              [
                116.34605028951,
                39.94883230731
              ],
              [
                116.34604928816,
                39.94890429651
              ],
              [
                116.3460482868,
                39.94897628571
              ],
              [
                116.34604728544,
                39.94904827491
              ],
              [
                116.34604628408,
                39.94912026411
              ],
              [
                116.34604528271,
                39.94919225331
              ],
              [
                116.34604428134,
                39.9492642425
              ],
              [
                116.34604327997,
                39.9493362317
              ],
              [
                116.3460422786,
                39.94940822089
              ],
              [
                116.34604127722,
                39.94948021009
              ],
              [
                116.34604027584,
                39.94955219928
              ],
              [
                116.34603927445,
                39.94962418847
              ],
              [
                116.34603827306,
                39.94969617767
              ],
              [
                116.34603727167,
                39.94976816686
              ],
              [
                116.34603627028,
                39.94984015605
              ],
              [
                116.34612882328,
                39.94984015798
              ],
              [
                116.34622137629,
                39.94984015983
              ],
              [
                116.34631392929,
                39.94984016161
              ],
              [
                116.3464064823,
                39.94984016332
              ],
              [
                116.34649903531,
                39.94984016496
              ],
              [
                116.34659158832,
                39.94984016652
              ],
              [
                116.34668414133,
                39.949840168
              ],
              [
                116.34677669434,
                39.94984016942
              ],
              [
                116.34686924735,
                39.94984017076
              ],
              [
                116.34696180036,
                39.94984017202
              ],
              [
                116.34705435338,
                39.94984017321
              ],
              [
                116.34705535167,
                39.94976833069
              ],
              [
                116.34705634995,
                39.94969648818
              ],
              [
                116.34705734823,
                39.94962464566
              ],
              [
                116.34705834651,
                39.94955280314
              ],
              [
                116.34705934479,
                39.94948096061
              ],
              [
                116.34706034306,
                39.94940911809
              ],
              [
                116.34706134133,
                39.94933727557
              ],
              [
                116.3470623396,
                39.94926543305
              ],
              [
                116.34706333786,
                39.94919359052
              ],
              [
                116.34706433612,
                39.94912174799
              ],
              [
                116.34706533438,
                39.94904990547
              ],
              [
                116.34706633263,
                39.94897806294
              ],
              [
                116.34706733088,
                39.94890622041
              ],
              [
                116.34706832913,
                39.94883437788
              ],
              [
                116.34706932738,
                39.94876253535
              ],
              [
                116.34707032562,
                39.94869069282
              ],
              [
                116.34707132386,
                39.94861885029
              ],
              [
                116.34707232209,
                39.94854700775
              ],
              [
                116.34707332033,
                39.94847516522
              ],
              [
                116.34707431856,
                39.94840332269
              ],
              [
                116.34707531678,
                39.94833148015
              ],
              [
                116.34707631501,
                39.94825963761
              ],
              [
                116.34707731323,
                39.94818779508
              ],
              [
                116.34707831144,
                39.94811595254
              ],
              [
                116.34707930966,
                39.94804411
              ],
              [
                116.34708030787,
                39.94797226746
              ],
              [
                116.34708130608,
                39.94790042492
              ],
              [
                116.34708230428,
                39.94782858237
              ],
              [
                116.34708330248,
                39.94775673983
              ],
              [
                116.34708430068,
                39.94768489729
              ],
              [
                116.34708529887,
                39.94761305474
              ],
              [
                116.34708629707,
                39.94754121219
              ],
              [
                116.34708729526,
                39.94746936965
              ],
              [
                116.34708829344,
                39.9473975271
              ],
              [
                116.34708929162,
                39.94732568455
              ],
              [
                116.3470902898,
                39.947253842
              ],
              [
                116.34709128798,
                39.94718199945
              ],
              [
                116.34709228615,
                39.9471101569
              ],
              [
                116.34709328432,
                39.94703831435
              ],
              [
                116.34717908956,
                39.94703879755
              ],
              [
                116.3472648948,
                39.94703928069
              ],
              [
                116.34735070005,
                39.94703976376
              ],
              [
                116.34743650529,
                39.94704024677
              ],
              [
                116.34752231054,
                39.94704072972
              ],
              [
                116.34760811579,
                39.94704121261
              ],
              [
                116.34760899116,
                39.94697817429
              ],
              [
                116.34760986653,
                39.94691513597
              ],
              [
                116.34761074189,
                39.94685209765
              ],
              [
                116.34761161726,
                39.94678905933
              ],
              [
                116.34752581232,
                39.94678857645
              ],
              [
                116.34744000739,
                39.9467880935
              ],
              [
                116.34735420246,
                39.9467876105
              ],
              [
                116.34726839753,
                39.94678712743
              ],
              [
                116.34718259261,
                39.9467866443
              ],
              [
                116.34709678768,
                39.9467861611
              ],
              [
                116.34709778018,
                39.94671472555
              ],
              [
                116.34709877268,
                39.94664329001
              ],
              [
                116.34709976518,
                39.94657185446
              ],
              [
                116.34710075767,
                39.94650041891
              ],
              [
                116.34710175016,
                39.94642898337
              ],
              [
                116.34710274264,
                39.94635754782
              ],
              [
                116.34710373513,
                39.94628611227
              ],
              [
                116.34710472761,
                39.94621467672
              ],
              [
                116.34710572008,
                39.94614324116
              ],
              [
                116.34710671256,
                39.94607180561
              ],
              [
                116.34710770503,
                39.94600037006
              ],
              [
                116.3471086975,
                39.9459289345
              ],
              [
                116.34710968996,
                39.94585749895
              ],
              [
                116.34711068242,
                39.94578606339
              ],
              [
                116.34711167488,
                39.94571462783
              ],
              [
                116.34711266734,
                39.94564319228
              ],
              [
                116.34711365979,
                39.94557175672
              ],
              [
                116.34711465224,
                39.94550032116
              ],
              [
                116.34711564468,
                39.9454288856
              ],
              [
                116.34711663713,
                39.94535745003
              ],
              [
                116.34711762957,
                39.94528601447
              ],
              [
                116.347118622,
                39.94521457891
              ],
              [
                116.34711961444,
                39.94514314334
              ],
              [
                116.34712060687,
                39.94507170778
              ],
              [
                116.34712159929,
                39.94500027221
              ],
              [
                116.34712259172,
                39.94492883665
              ],
              [
                116.34712358414,
                39.94485740108
              ],
              [
                116.34712457656,
                39.94478596551
              ],
              [
                116.34712556897,
                39.94471452994
              ],
              [
                116.34712656139,
                39.94464309437
              ],
              [
                116.3471275538,
                39.9445716588
              ],
              [
                116.3471285462,
                39.94450022322
              ],
              [
                116.3471295386,
                39.94442878765
              ],
              [
                116.347130531,
                39.94435735208
              ],
              [
                116.3471315234,
                39.9442859165
              ],
              [
                116.34713251579,
                39.94421448092
              ],
              [
                116.34713350819,
                39.94414304535
              ],
              [
                116.34713450057,
                39.94407160977
              ],
              [
                116.34713549296,
                39.94400017419
              ],
              [
                116.34704294781,
                39.94400017306
              ],
              [
                116.34695040267,
                39.94400017186
              ],
              [
                116.34685785753,
                39.94400017059
              ],
              [
                116.34676531239,
                39.94400016924
              ],
              [
                116.34667276725,
                39.94400016782
              ],
              [
                116.34658022211,
                39.94400016632
              ],
              [
                116.34648767697,
                39.94400016475
              ],
              [
                116.34639513183,
                39.94400016311
              ],
              [
                116.3463025867,
                39.94400016139
              ],
              [
                116.34621004156,
                39.9440001596
              ],
              [
                116.34611749643,
                39.94400015774
              ],
              [
                116.34611650503,
                39.94407144663
              ],
              [
                116.34611551362,
                39.94414273552
              ],
              [
                116.34611452221,
                39.94421402441
              ],
              [
                116.3461135308,
                39.94428531329
              ],
              [
                116.34611253938,
                39.94435660218
              ],
              [
                116.34611154796,
                39.94442789106
              ],
              [
                116.34611055654,
                39.94449917995
              ],
              [
                116.34610956512,
                39.94457046883
              ],
              [
                116.34610857369,
                39.94464175772
              ],
              [
                116.34610758226,
                39.9447130466
              ],
              [
                116.34610659082,
                39.94478433548
              ],
              [
                116.34610559939,
                39.94485562436
              ],
              [
                116.34610460794,
                39.94492691324
              ],
              [
                116.3461036165,
                39.94499820212
              ],
              [
                116.34610262506,
                39.94506949099
              ],
              [
                116.34610163361,
                39.94514077987
              ],
              [
                116.34610064215,
                39.94521206875
              ],
              [
                116.3460996507,
                39.94528335762
              ],
              [
                116.34609865924,
                39.94535464649
              ],
              [
                116.34609766778,
                39.94542593537
              ],
              [
                116.34609667631,
                39.94549722424
              ],
              [
                116.34609568484,
                39.94556851311
              ],
              [
                116.34609469337,
                39.94563980198
              ],
              [
                116.3460937019,
                39.94571109085
              ],
              [
                116.34609271042,
                39.94578237972
              ],
              [
                116.34609171894,
                39.94585366859
              ],
              [
                116.34609072746,
                39.94592495745
              ],
              [
                116.34608973597,
                39.94599624632
              ],
              [
                116.34608874448,
                39.94606753518
              ],
              [
                116.34608775299,
                39.94613882405
              ],
              [
                116.3460867615,
                39.94621011291
              ],
              [
                116.34608577,
                39.94628140177
              ],
              [
                116.3460847785,
                39.94635269063
              ],
              [
                116.34608378699,
                39.94642397949
              ],
              [
                116.34608279548,
                39.94649526835
              ],
              [
                116.34608180397,
                39.94656655721
              ],
              [
                116.34608081246,
                39.94663784607
              ],
              [
                116.34607982094,
                39.94670913493
              ],
              [
                116.34607882942,
                39.94678042378
              ]
            ]
          ],
          [
            [
              [
                116.34868458182,
                39.94704726522
              ],
              [
                116.3486835885,
                39.94711887849
              ],
              [
                116.34868259517,
                39.94719049176
              ],
              [
                116.34868160184,
                39.94726210503
              ],
              [
                116.3486806085,
                39.9473337183
              ],
              [
                116.34867961516,
                39.94740533156
              ],
              [
                116.34867862182,
                39.94747694483
              ],
              [
                116.34867762848,
                39.9475485581
              ],
              [
                116.34867663513,
                39.94762017136
              ],
              [
                116.34867564178,
                39.94769178463
              ],
              [
                116.34867464843,
                39.94776339789
              ],
              [
                116.34867365507,
                39.94783501115
              ],
              [
                116.34867266171,
                39.94790662441
              ],
              [
                116.34867166835,
                39.94797823768
              ],
              [
                116.34867067499,
                39.94804985094
              ],
              [
                116.34866968162,
                39.94812146419
              ],
              [
                116.34866868825,
                39.94819307745
              ],
              [
                116.34866769487,
                39.94826469071
              ],
              [
                116.34866670149,
                39.94833630397
              ],
              [
                116.34866570811,
                39.94840791722
              ],
              [
                116.34866471473,
                39.94847953047
              ],
              [
                116.34866372134,
                39.94855114373
              ],
              [
                116.34866272795,
                39.94862275698
              ],
              [
                116.34866173456,
                39.94869437023
              ],
              [
                116.34866074116,
                39.94876598348
              ],
              [
                116.34865974776,
                39.94883759673
              ],
              [
                116.34865875436,
                39.94890920998
              ],
              [
                116.34865776095,
                39.94898082323
              ],
              [
                116.34865676754,
                39.94905243648
              ],
              [
                116.34865577413,
                39.94912404972
              ],
              [
                116.34865478072,
                39.94919566297
              ],
              [
                116.3486537873,
                39.94926727621
              ],
              [
                116.34865279388,
                39.94933888946
              ],
              [
                116.34865180045,
                39.9494105027
              ],
              [
                116.34865080703,
                39.94948211594
              ],
              [
                116.3486498136,
                39.94955372918
              ],
              [
                116.34864882016,
                39.94962534242
              ],
              [
                116.34864782673,
                39.94969695566
              ],
              [
                116.34864683329,
                39.9497685689
              ],
              [
                116.34864583984,
                39.94984018213
              ],
              [
                116.34873839288,
                39.94984018198
              ],
              [
                116.34883094591,
                39.94984018175
              ],
              [
                116.34892349894,
                39.94984018145
              ],
              [
                116.34901605198,
                39.94984018108
              ],
              [
                116.34910860502,
                39.94984018063
              ],
              [
                116.34920115805,
                39.94984018011
              ],
              [
                116.34929371109,
                39.94984017951
              ],
              [
                116.34938626413,
                39.94984017884
              ],
              [
                116.34947881717,
                39.94984017809
              ],
              [
                116.34957137021,
                39.94984017728
              ],
              [
                116.34966392325,
                39.94984017638
              ],
              [
                116.3496649136,
                39.94976870982
              ],
              [
                116.34966590395,
                39.94969724325
              ],
              [
                116.34966689429,
                39.94962577669
              ],
              [
                116.34966788463,
                39.94955431012
              ],
              [
                116.34966887497,
                39.94948284355
              ],
              [
                116.3496698653,
                39.94941137698
              ],
              [
                116.34967085563,
                39.94933991041
              ],
              [
                116.34967184596,
                39.94926844384
              ],
              [
                116.34967283628,
                39.94919697727
              ],
              [
                116.3496738266,
                39.94912551069
              ],
              [
                116.34967481692,
                39.94905404412
              ],
              [
                116.34967580723,
                39.94898257755
              ],
              [
                116.34967679754,
                39.94891111097
              ],
              [
                116.34967778785,
                39.94883964439
              ],
              [
                116.34967877816,
                39.94876817782
              ],
              [
                116.34967976846,
                39.94869671124
              ],
              [
                116.34968075876,
                39.94862524466
              ],
              [
                116.34968174906,
                39.94855377808
              ],
              [
                116.34968273935,
                39.9484823115
              ],
              [
                116.34968372964,
                39.94841084492
              ],
              [
                116.34968471993,
                39.94833937833
              ],
              [
                116.34968571021,
                39.94826791175
              ],
              [
                116.34968670049,
                39.94819644516
              ],
              [
                116.34968769077,
                39.94812497858
              ],
              [
                116.34968868104,
                39.94805351199
              ],
              [
                116.34968967131,
                39.9479820454
              ],
              [
                116.34969066158,
                39.94791057882
              ],
              [
                116.34969165185,
                39.94783911223
              ],
              [
                116.34969264211,
                39.94776764564
              ],
              [
                116.34969363237,
                39.94769617905
              ],
              [
                116.34969462263,
                39.94762471245
              ],
              [
                116.34969561288,
                39.94755324586
              ],
              [
                116.34969660313,
                39.94748177927
              ],
              [
                116.34969759338,
                39.94741031267
              ],
              [
                116.34969858362,
                39.94733884608
              ],
              [
                116.34969957386,
                39.94726737948
              ],
              [
                116.3497005641,
                39.94719591288
              ],
              [
                116.34970155433,
                39.94712444628
              ],
              [
                116.34970254457,
                39.94705297969
              ],
              [
                116.34979546155,
                39.94705350084
              ],
              [
                116.34988837854,
                39.94705402192
              ],
              [
                116.34998129554,
                39.94705454293
              ],
              [
                116.35007421253,
                39.94705506387
              ],
              [
                116.35016712953,
                39.94705558472
              ],
              [
                116.35026004653,
                39.94705610551
              ],
              [
                116.35035296353,
                39.94705662622
              ],
              [
                116.35044588054,
                39.94705714685
              ],
              [
                116.35053879755,
                39.94705766742
              ],
              [
                116.35063171456,
                39.9470581879
              ],
              [
                116.35072463157,
                39.94705870831
              ],
              [
                116.35081754858,
                39.94705922865
              ],
              [
                116.3509104656,
                39.94705974891
              ],
              [
                116.35100338262,
                39.9470602691
              ],
              [
                116.35109629964,
                39.94706078922
              ],
              [
                116.35118921667,
                39.94706130926
              ],
              [
                116.3512821337,
                39.94706182922
              ],
              [
                116.35137505072,
                39.94706234911
              ],
              [
                116.35146796776,
                39.94706286893
              ],
              [
                116.35156088479,
                39.94706338867
              ],
              [
                116.35165380183,
                39.94706390834
              ],
              [
                116.35174671887,
                39.94706442793
              ],
              [
                116.35183963591,
                39.94706494745
              ],
              [
                116.35193255295,
                39.94706546689
              ],
              [
                116.35202547,
                39.94706598626
              ],
              [
                116.35211838705,
                39.94706650556
              ],
              [
                116.3522113041,
                39.94706702478
              ],
              [
                116.35230422115,
                39.94706754393
              ],
              [
                116.35239713821,
                39.947068063
              ],
              [
                116.35249005527,
                39.947068582
              ],
              [
                116.35258297233,
                39.94706910092
              ],
              [
                116.35267588939,
                39.94706961977
              ],
              [
                116.35276880645,
                39.94707013854
              ],
              [
                116.35286172352,
                39.94707065724
              ],
              [
                116.35295464059,
                39.94707117587
              ],
              [
                116.35304755767,
                39.94707169442
              ],
              [
                116.35314047474,
                39.94707221289
              ],
              [
                116.35323339182,
                39.94707273129
              ],
              [
                116.3533263089,
                39.94707324962
              ],
              [
                116.35341922598,
                39.94707376787
              ],
              [
                116.35351214307,
                39.94707428605
              ],
              [
                116.35360506015,
                39.94707480416
              ],
              [
                116.35369797724,
                39.94707532218
              ],
              [
                116.35379089433,
                39.94707584014
              ],
              [
                116.35388381143,
                39.94707635802
              ],
              [
                116.35397672853,
                39.94707687583
              ],
              [
                116.35406964562,
                39.94707739356
              ],
              [
                116.35416256273,
                39.94707791121
              ],
              [
                116.35425547983,
                39.9470784288
              ],
              [
                116.35434839694,
                39.9470789463
              ],
              [
                116.35444131405,
                39.94707946374
              ],
              [
                116.35453423116,
                39.9470799811
              ],
              [
                116.35462714827,
                39.94708049838
              ],
              [
                116.35472006539,
                39.94708101559
              ],
              [
                116.35481298251,
                39.94708153273
              ],
              [
                116.35490589963,
                39.94708204979
              ],
              [
                116.35499881675,
                39.94708256678
              ],
              [
                116.35499940879,
                39.94701952681
              ],
              [
                116.35500000083,
                39.94695648684
              ],
              [
                116.35500059287,
                39.94689344687
              ],
              [
                116.35500118491,
                39.94683040691
              ],
              [
                116.35490828754,
                39.94682989003
              ],
              [
                116.35481539016,
                39.94682937308
              ],
              [
                116.35472249279,
                39.94682885606
              ],
              [
                116.35462959542,
                39.94682833896
              ],
              [
                116.35453669806,
                39.94682782179
              ],
              [
                116.35444380069,
                39.94682730454
              ],
              [
                116.35435090333,
                39.94682678722
              ],
              [
                116.35425800597,
                39.94682626983
              ],
              [
                116.35416510862,
                39.94682575236
              ],
              [
                116.35407221126,
                39.94682523481
              ],
              [
                116.35397931391,
                39.94682471719
              ],
              [
                116.35388641656,
                39.9468241995
              ],
              [
                116.35379351922,
                39.94682368173
              ],
              [
                116.35370062187,
                39.94682316389
              ],
              [
                116.35360772453,
                39.94682264598
              ],
              [
                116.35351482719,
                39.94682212799
              ],
              [
                116.35342192985,
                39.94682160992
              ],
              [
                116.35332903252,
                39.94682109178
              ],
              [
                116.35323613519,
                39.94682057357
              ],
              [
                116.35314323786,
                39.94682005528
              ],
              [
                116.35305034053,
                39.94681953692
              ],
              [
                116.3529574432,
                39.94681901848
              ],
              [
                116.35286454588,
                39.94681849997
              ],
              [
                116.35277164856,
                39.94681798138
              ],
              [
                116.35267875124,
                39.94681746272
              ],
              [
                116.35258585393,
                39.94681694398
              ],
              [
                116.35249295662,
                39.94681642517
              ],
              [
                116.3524000593,
                39.94681590629
              ],
              [
                116.352307162,
                39.94681538733
              ],
              [
                116.35221426469,
                39.9468148683
              ],
              [
                116.35212136739,
                39.94681434919
              ],
              [
                116.35202847009,
                39.94681383001
              ],
              [
                116.35193557279,
                39.94681331076
              ],
              [
                116.35184267549,
                39.94681279142
              ],
              [
                116.3517497782,
                39.94681227202
              ],
              [
                116.35165688091,
                39.94681175254
              ],
              [
                116.35156398362,
                39.94681123299
              ],
              [
                116.35147108633,
                39.94681071336
              ],
              [
                116.35137818905,
                39.94681019366
              ],
              [
                116.35128529176,
                39.94680967388
              ],
              [
                116.35119239449,
                39.94680915403
              ],
              [
                116.35109949721,
                39.9468086341
              ],
              [
                116.35100659993,
                39.9468081141
              ],
              [
                116.35091370266,
                39.94680759403
              ],
              [
                116.35082080539,
                39.94680707388
              ],
              [
                116.35072790813,
                39.94680655365
              ],
              [
                116.35063501086,
                39.94680603336
              ],
              [
                116.3505421136,
                39.94680551298
              ],
              [
                116.35044921634,
                39.94680499254
              ],
              [
                116.35035631908,
                39.94680447202
              ],
              [
                116.35026342183,
                39.94680395142
              ],
              [
                116.35017052457,
                39.94680343075
              ],
              [
                116.35007762732,
                39.94680291
              ],
              [
                116.34998473007,
                39.94680238919
              ],
              [
                116.34989183283,
                39.94680186829
              ],
              [
                116.34979893559,
                39.94680134732
              ],
              [
                116.34970603834,
                39.94680082628
              ],
              [
                116.34970703334,
                39.94672901474
              ],
              [
                116.34970802834,
                39.9466572032
              ],
              [
                116.34970902333,
                39.94658539166
              ],
              [
                116.34971001831,
                39.94651358012
              ],
              [
                116.3497110133,
                39.94644176857
              ],
              [
                116.34971200828,
                39.94636995703
              ],
              [
                116.34971300326,
                39.94629814548
              ],
              [
                116.34971399824,
                39.94622633393
              ],
              [
                116.34971499321,
                39.94615452239
              ],
              [
                116.34971598818,
                39.94608271084
              ],
              [
                116.34971698314,
                39.94601089929
              ],
              [
                116.34971797811,
                39.94593908774
              ],
              [
                116.34971897307,
                39.94586727619
              ],
              [
                116.34971996802,
                39.94579546464
              ],
              [
                116.34972096298,
                39.94572365308
              ],
              [
                116.34972195793,
                39.94565184153
              ],
              [
                116.34972295288,
                39.94558002997
              ],
              [
                116.34972394782,
                39.94550821842
              ],
              [
                116.34972494276,
                39.94543640686
              ],
              [
                116.3497259377,
                39.9453645953
              ],
              [
                116.34972693263,
                39.94529278374
              ],
              [
                116.34972792757,
                39.94522097219
              ],
              [
                116.3497289225,
                39.94514916063
              ],
              [
                116.34972991742,
                39.94507734906
              ],
              [
                116.34973091234,
                39.9450055375
              ],
              [
                116.34973190726,
                39.94493372594
              ],
              [
                116.34973290218,
                39.94486191437
              ],
              [
                116.34973389709,
                39.94479010281
              ],
              [
                116.349734892,
                39.94471829124
              ],
              [
                116.34973588691,
                39.94464647968
              ],
              [
                116.34973688182,
                39.94457466811
              ],
              [
                116.34973787672,
                39.94450285654
              ],
              [
                116.34973887161,
                39.94443104497
              ],
              [
                116.34973986651,
                39.9443592334
              ],
              [
                116.3497408614,
                39.94428742183
              ],
              [
                116.34974185629,
                39.94421561026
              ],
              [
                116.34974285118,
                39.94414379869
              ],
              [
                116.34974384606,
                39.94407198711
              ],
              [
                116.34974484094,
                39.94400017554
              ],
              [
                116.34965229577,
                39.94400017649
              ],
              [
                116.34955975059,
                39.94400017738
              ],
              [
                116.34946720542,
                39.94400017819
              ],
              [
                116.34937466025,
                39.94400017892
              ],
              [
                116.34928211509,
                39.94400017958
              ],
              [
                116.34918956992,
                39.94400018017
              ],
              [
                116.34909702475,
                39.94400018068
              ],
              [
                116.34900447959,
                39.94400018112
              ],
              [
                116.34891193442,
                39.94400018149
              ],
              [
                116.34881938926,
                39.94400018178
              ],
              [
                116.3487268441,
                39.944000182
              ],
              [
                116.34872585019,
                39.94407184688
              ],
              [
                116.34872485628,
                39.94414351177
              ],
              [
                116.34872386236,
                39.94421517665
              ],
              [
                116.34872286844,
                39.94428684154
              ],
              [
                116.34872187452,
                39.94435850642
              ],
              [
                116.34872088059,
                39.9444301713
              ],
              [
                116.34871988667,
                39.94450183618
              ],
              [
                116.34871889274,
                39.94457350106
              ],
              [
                116.3487178988,
                39.94464516594
              ],
              [
                116.34871690486,
                39.94471683082
              ],
              [
                116.34871591092,
                39.94478849569
              ],
              [
                116.34871491698,
                39.94486016057
              ],
              [
                116.34871392303,
                39.94493182544
              ],
              [
                116.34871292908,
                39.94500349032
              ],
              [
                116.34871193513,
                39.94507515519
              ],
              [
                116.34871094118,
                39.94514682006
              ],
              [
                116.34870994722,
                39.94521848493
              ],
              [
                116.34870895325,
                39.9452901498
              ],
              [
                116.34870795929,
                39.94536181467
              ],
              [
                116.34870696532,
                39.94543347954
              ],
              [
                116.34870597135,
                39.94550514441
              ],
              [
                116.34870497738,
                39.94557680928
              ],
              [
                116.3487039834,
                39.94564847414
              ],
              [
                116.34870298942,
                39.94572013901
              ],
              [
                116.34870199543,
                39.94579180387
              ],
              [
                116.34870100145,
                39.94586346873
              ],
              [
                116.34870000746,
                39.9459351336
              ],
              [
                116.34869901346,
                39.94600679846
              ],
              [
                116.34869801947,
                39.94607846332
              ],
              [
                116.34869702547,
                39.94615012818
              ],
              [
                116.34869603147,
                39.94622179304
              ],
              [
                116.34869503746,
                39.94629345789
              ],
              [
                116.34869404345,
                39.94636512275
              ],
              [
                116.34869304944,
                39.94643678761
              ],
              [
                116.34869205543,
                39.94650845246
              ],
              [
                116.34869106141,
                39.94658011732
              ],
              [
                116.34869006739,
                39.94665178217
              ],
              [
                116.34868907337,
                39.94672344702
              ],
              [
                116.34868807934,
                39.94679511187
              ],
              [
                116.34860227438,
                39.94679462979
              ],
              [
                116.34851646942,
                39.94679414764
              ],
              [
                116.34843066446,
                39.94679366543
              ],
              [
                116.34834485951,
                39.94679318316
              ],
              [
                116.34825905456,
                39.94679270082
              ],
              [
                116.34817324961,
                39.94679221842
              ],
              [
                116.34817237476,
                39.94685525675
              ],
              [
                116.34817149991,
                39.94691829508
              ],
              [
                116.34817062506,
                39.94698133341
              ],
              [
                116.3481697502,
                39.94704437174
              ],
              [
                116.34825555547,
                39.94704485414
              ],
              [
                116.34834136073,
                39.94704533648
              ],
              [
                116.348427166,
                39.94704581876
              ],
              [
                116.34851297127,
                39.94704630098
              ],
              [
                116.34859877655,
                39.94704678313
              ],
              [
                116.34868458182,
                39.94704726522
              ]
            ]
          ]
        ]
      }
    }
  ]
}
