{
  "type": "FeatureCollection",
  "name": "p3_4_green_space_v0_2",
  "metadata": {
    "schema_version": "p3.4-geometry-0.2.0",
    "generated_at": "2026-08-13T10:01:55+08:00",
    "baseline_upstream_main_sha": "b123180ca770aa78964d6ad40957bc26c816120b",
    "delivery_crs": "EPSG:4326",
    "calculation_crs": "EPSG:4548",
    "package_state": "scaffold",
    "precision_ceiling": "concept_design_within_provisional_constraints",
    "field_pass_claimed": false,
    "official_site_boundary_available": false,
    "official_key_area_polygons_available": false,
    "layer": "GREEN_SPACE"
  },
  "features": [
    {
      "type": "Feature",
      "id": "GREEN-DZS-RECOVERY-01",
      "properties": {
        "id": "GREEN-DZS-RECOVERY-01",
        "layer": "GREEN_SPACE",
        "source_type": "agent_generated_design",
        "confidence": "low",
        "geometry_role": "design_proposal",
        "design_status": "TARGET_RECOVERY_ENVELOPE",
        "action_ids": [
          "DZS-A01",
          "DZS-A03"
        ],
        "action_contracts": [
          {
            "action_id": "DZS-A01",
            "interface_from": "station exit threshold / IF-DZS-02",
            "interface_to": "four-quadrant municipal public realm / IF-DZS-03",
            "beneficiary": [
              "adult",
              "wheelchair",
              "elderly",
              "parent_child",
              "cyclist",
              "night_worker"
            ],
            "responsible_role": "municipal transport/public-realm delivery lead, jointly reviewed by the rail operator",
            "evidence": [
              "F-CTX-001",
              "IF-DZS-02",
              "IF-DZS-03",
              "U-DZS-003"
            ],
            "approval_dependency": [
              "traffic and signal review",
              "road-space approval",
              "rail-interface confirmation",
              "accessibility professional review"
            ],
            "maintenance_owner": "municipal public-realm maintainer coordinated with the rail operator",
            "stop_condition": "Stop fixing the alignment if traffic, rail-safety or accessibility review cannot confirm a safe continuous ground route; keep the action HOLD until an equivalent route is demonstrated.",
            "fallback": "A professional-approved temporary accessible route must open before the affected segment closes; otherwise the action remains HOLD.",
            "verification_method": "day/night/rain route audit with wheelchair user and older-person participation, plus traffic and accessibility professional review",
            "action_status": "SELECTED_FOR_DEVELOPMENT"
          },
          {
            "action_id": "DZS-A03",
            "interface_from": "municipal crossing edge / IF-DZS-03",
            "interface_to": "Shunxinyuan entrance and existing park route",
            "beneficiary": [
              "wheelchair",
              "elderly",
              "parent_child",
              "night_worker"
            ],
            "responsible_role": "park asset owner or authorized public-realm renewal delivery entity",
            "evidence": [
              "F-DZS-002",
              "F-DZS-003",
              "IF-DZS-03",
              "U-DZS-004",
              "U-DZS-008"
            ],
            "approval_dependency": [
              "park-asset consent",
              "tree/root and drainage review",
              "lighting/ecology review",
              "accessibility professional review"
            ],
            "maintenance_owner": "park maintainer at the park side and municipal maintainer at the sidewalk side",
            "stop_condition": "Kill or reduce the retrofit if it harms trees or drainage, narrows the clear route, causes unsafe glare or lacks an accepted maintenance owner.",
            "fallback": "Retain the existing park condition and deliver a smaller removable rest/help element outside the clear route.",
            "verification_method": "entrance measurement, rain observation, night audit, tree/drainage review and maintenance trial",
            "action_status": "CONCEPT_OPTION"
          }
        ],
        "interface_from": [
          "station exit threshold / IF-DZS-02",
          "municipal crossing edge / IF-DZS-03"
        ],
        "interface_to": [
          "four-quadrant municipal public realm / IF-DZS-03",
          "Shunxinyuan entrance and existing park route"
        ],
        "beneficiary": [
          "adult",
          "cyclist",
          "elderly",
          "night_worker",
          "parent_child",
          "wheelchair"
        ],
        "responsible_role": [
          "municipal transport/public-realm delivery lead, jointly reviewed by the rail operator",
          "park asset owner or authorized public-realm renewal delivery entity"
        ],
        "evidence": [
          "F-CTX-001",
          "F-DZS-002",
          "F-DZS-003",
          "IF-DZS-02",
          "IF-DZS-03",
          "U-DZS-003",
          "U-DZS-004",
          "U-DZS-008"
        ],
        "source": [
          "F-CTX-001",
          "F-DZS-002",
          "F-DZS-003",
          "IF-DZS-02",
          "IF-DZS-03",
          "U-DZS-003",
          "U-DZS-004",
          "U-DZS-008"
        ],
        "assumption": [
          "Geometry is a concept alignment inside an organizer-maintained provisional constraint.",
          "Physical interface, public rights, asset boundary and operational performance are not field-verified."
        ],
        "design_requirement": [
          "Reserve a legible, all-hours, step-free public ground route connecting the station-side threshold to all quadrant edges. Crossing form and alignment remain subject to survey and professional review.",
          "Preserve the built park and add only an interface recovery sequence: unobstructed entrance apron, shade/rain cover where professionally feasible, seating, drinking-water possibility, drained non-slip surface, low-level night guidance and a visible help location."
        ],
        "approval_dependency": [
          "accessibility professional review",
          "lighting/ecology review",
          "park-asset consent",
          "rail-interface confirmation",
          "road-space approval",
          "traffic and signal review",
          "tree/root and drainage review"
        ],
        "maintenance_owner": [
          "municipal public-realm maintainer coordinated with the rail operator",
          "park maintainer at the park side and municipal maintainer at the sidewalk side"
        ],
        "stop_condition": [
          "Stop fixing the alignment if traffic, rail-safety or accessibility review cannot confirm a safe continuous ground route; keep the action HOLD until an equivalent route is demonstrated.",
          "Kill or reduce the retrofit if it harms trees or drainage, narrows the clear route, causes unsafe glare or lacks an accepted maintenance owner."
        ],
        "fallback": [
          "A professional-approved temporary accessible route must open before the affected segment closes; otherwise the action remains HOLD.",
          "Retain the existing park condition and deliver a smaller removable rest/help element outside the clear route."
        ],
        "verification_method": [
          "day/night/rain route audit with wheelchair user and older-person participation, plus traffic and accessibility professional review",
          "entrance measurement, rain observation, night audit, tree/drainage review and maintenance trial"
        ],
        "field_verified": false,
        "approved": false,
        "location_precision": "conceptual_within_provisional_constraint",
        "calculation_crs": "EPSG:4548",
        "name_zh": "遮阴—休息—排水恢复节点概念包络",
        "existing_green_space": false,
        "tree_retention_verified": false,
        "recovery_interval_target_m": 50.0,
        "usage_note": "圆形仅为6米概念影响范围；树位、根系、海绵设施和构造均待现场与专业复核。",
        "metric_ids": [
          "dazhongsi_ground_baseline_length_m",
          "dazhongsi_independent_public_route_count",
          "dazhongsi_park_branch_length_m",
          "recovery_interval_design_target_m"
        ],
        "figure_ids": [
          "03",
          "04",
          "05",
          "07",
          "08"
        ],
        "area_sqm_calculated": 4287.016
      },
      "geometry": {
        "type": "MultiPolygon",
        "coordinates": [
          [
            [
              [
                116.34514508025278,
                39.944849376571106
              ],
              [
                116.34514158182962,
                39.94484480832014
              ],
              [
                116.34513751851055,
                39.944840526000675
              ],
              [
                116.34513292942765,
                39.94483657085371
              ],
              [
                116.34512785877627,
                39.944832980969444
              ],
              [
                116.34512235538958,
                39.94482979092033
              ],
              [
                116.34511647226812,
                39.94482703142826
              ],
              [
                116.34511026606955,
                39.94482472906858
              ],
              [
                116.34510379656281,
                39.94482290601424
              ],
              [
                116.34509712605268,
                39.94482157982219
              ],
              [
                116.34509031877971,
                39.94482076326436
              ],
              [
                116.3450834403015,
                39.94482046420463
              ],
              [
                116.34507655686137,
                39.944820685523105
              ],
              [
                116.34506973475051,
                39.944821425088385
              ],
              [
                116.34506303966937,
                39.94482267577805
              ],
              [
                116.34505653609511,
                39.944824425547296
              ],
              [
                116.34505028666065,
                39.94482665754494
              ],
              [
                116.34504435155128,
                39.94482935027565
              ],
              [
                116.34503878792532,
                39.94483247780702
              ],
              [
                116.34503364936343,
                39.94483601001927
              ],
              [
                116.34502898535278,
                39.94483991289533
              ],
              [
                116.34502484081038,
                39.94484414884842
              ],
              [
                116.34502125565047,
                39.944848677084046
              ],
              [
                116.34501826440011,
                39.94485345399289
              ],
              [
                116.34501589586684,
                39.94485843357075
              ],
              [
                116.34501417286103,
                39.944863567861624
              ],
              [
                116.34501311197627,
                39.94486880741949
              ],
              [
                116.34501272342966,
                39.94487410178456
              ],
              [
                116.34501301096323,
                39.94487939996924
              ],
              [
                116.34501397180807,
                39.944884650949085
              ],
              [
                116.34501559671084,
                39.94488980415429
              ],
              [
                116.34501787002299,
                39.94489480995664
              ],
              [
                116.34502076985137,
                39.944899620147474
              ],
              [
                116.34502426826921,
                39.944904188402006
              ],
              [
                116.34502833158486,
                39.94490847072537
              ],
              [
                116.34503292066645,
                39.94491242587641
              ],
              [
                116.3450379913186,
                39.94491601576479
              ],
              [
                116.3450434947082,
                39.944919205817875
              ],
              [
                116.34504937783451,
                39.944921965313654
              ],
              [
                116.34505558403974,
                39.944924267676605
              ],
              [
                116.34506205355467,
                39.944926090733674
              ],
              [
                116.3450687240742,
                39.944927416927804
              ],
              [
                116.34507553135747,
                39.94492823348697
              ],
              [
                116.34508240984641,
                39.944928532547245
              ],
              [
                116.34508929329733,
                39.9449283112285
              ],
              [
                116.34509611541866,
                39.944927571662184
              ],
              [
                116.34510281050946,
                39.9449263209707
              ],
              [
                116.34510931409223,
                39.94492457119896
              ],
              [
                116.3451155635338,
                39.944922339198236
              ],
              [
                116.34512149864852,
                39.944919646463966
              ],
              [
                116.3451270622779,
                39.9449165189287
              ],
              [
                116.34513220084109,
                39.94491298671236
              ],
              [
                116.34513686485093,
                39.94490908383219
              ],
              [
                116.34514100939046,
                39.94490484787513
              ],
              [
                116.34514459454554,
                39.9449003196358
              ],
              [
                116.34514758578923,
                39.94489554272367
              ],
              [
                116.34514995431431,
                39.94489056314308
              ],
              [
                116.3451516773107,
                39.94488542885014
              ],
              [
                116.34515273818516,
                39.944880189290956
              ],
              [
                116.34515312672104,
                39.94487489492531
              ],
              [
                116.34515283917666,
                39.9448695967409
              ],
              [
                116.34515187832137,
                39.944864345762106
              ],
              [
                116.34515025340893,
                39.94485919255871
              ],
              [
                116.34514798008827,
                39.94485418675886
              ],
              [
                116.34514508025278,
                39.944849376571106
              ]
            ]
          ],
          [
            [
              [
                116.3457300938084,
                39.94485267953305
              ],
              [
                116.34572659534591,
                39.94484811129942
              ],
              [
                116.3457225319899,
                39.94484382900016
              ],
              [
                116.34571794287277,
                39.9448398738761
              ],
              [
                116.34571287219023,
                39.944836284017164
              ],
              [
                116.3457073687757,
                39.94483309399561
              ],
              [
                116.34570148563007,
                39.94483033453304
              ],
              [
                116.34569527941116,
                39.9448280322045
              ],
              [
                116.34568880988813,
                39.94482620918267
              ],
              [
                116.34568213936593,
                39.9448248830242
              ],
              [
                116.34567533208521,
                39.94482406650066
              ],
              [
                116.34566845360365,
                39.944823767475626
              ],
              [
                116.34566157016461,
                39.94482398882886
              ],
              [
                116.34565474805925,
                39.9448247284286
              ],
              [
                116.34564805298797,
                39.94482597915213
              ],
              [
                116.34564154942788,
                39.944827728954316
              ],
              [
                116.34563530001168,
                39.94482996098364
              ],
              [
                116.34562936492456,
                39.94483265374448
              ],
              [
                116.34562380132455,
                39.94483578130414
              ],
              [
                116.34561866279216,
                39.94483931354256
              ],
              [
                116.34561399881424,
                39.94484321644242
              ],
              [
                116.34560985430743,
                39.94484745241671
              ],
              [
                116.34560626918562,
                39.944851980670734
              ],
              [
                116.34560327797563,
                39.944856757595
              ],
              [
                116.34560090948449,
                39.94486173718516
              ],
              [
                116.3455991865222,
                39.944866871485075
              ],
              [
                116.34559812568195,
                39.94487211104864
              ],
              [
                116.3455977371804,
                39.94487740541604
              ],
              [
                116.34559802475913,
                39.94488270359964
              ],
              [
                116.34559898564879,
                39.94488795457498
              ],
              [
                116.34560061059562,
                39.944893107772344
              ],
              [
                116.34560288395068,
                39.94489811356357
              ],
              [
                116.34560578382039,
                39.9449029237401
              ],
              [
                116.34560928227754,
                39.94490749197728
              ],
              [
                116.34561334563014,
                39.944911774280435
              ],
              [
                116.34561793474595,
                39.94491572940859
              ],
              [
                116.34562300542927,
                39.944919319271634
              ],
              [
                116.34562850884667,
                39.94492250929717
              ],
              [
                116.34563439199715,
                39.94492526876345
              ],
              [
                116.34564059822274,
                39.944927571095235
              ],
              [
                116.34564706775396,
                39.94492939411979
              ],
              [
                116.34565373828556,
                39.94493072028036
              ],
              [
                116.34566054557658,
                39.94493153680522
              ],
              [
                116.34566742406888,
                39.94493183583081
              ],
              [
                116.34567430751873,
                39.94493161447731
              ],
              [
                116.34568112963453,
                39.944930874876526
              ],
              [
                116.34568782471547,
                39.94492962415118
              ],
              [
                116.34569432828411,
                39.944927874346504
              ],
              [
                116.34570057770739,
                39.9449256423141
              ],
              [
                116.34570651279988,
                39.944922949549685
              ],
              [
                116.34571207640325,
                39.94491982198613
              ],
              [
                116.34571721493697,
                39.94491628974364
              ],
              [
                116.34572187891412,
                39.94491238683966
              ],
              [
                116.34572602341805,
                39.944908150861394
              ],
              [
                116.345729608535,
                39.94490362260366
              ],
              [
                116.34573259973833,
                39.94489884567612
              ],
              [
                116.34573496822127,
                39.94489386608324
              ],
              [
                116.34573669117415,
                39.944888731781255
              ],
              [
                116.34573775200411,
                39.94488349221634
              ],
              [
                116.34573814049493,
                39.94487819784839
              ],
              [
                116.34573785290539,
                39.944872899665064
              ],
              [
                116.34573689200529,
                39.94486764869077
              ],
              [
                116.34573526704875,
                39.944862495495215
              ],
              [
                116.34573299368519,
                39.94485748970649
              ],
              [
                116.3457300938084,
                39.94485267953305
              ]
            ]
          ],
          [
            [
              [
                116.34631510746051,
                39.944855979543334
              ],
              [
                116.3463116089587,
                39.94485141132704
              ],
              [
                116.34630754556575,
                39.94484712904801
              ],
              [
                116.34630295641439,
                39.944843173946815
              ],
              [
                116.34629788570066,
                39.94483958411322
              ],
              [
                116.34629238225835,
                39.94483639411922
              ],
              [
                116.34628649908854,
                39.94483363468614
              ],
              [
                116.34628029284929,
                39.94483133238878
              ],
              [
                116.34627382330997,
                39.94482950939947
              ],
              [
                116.34626715277572,
                39.94482818327455
              ],
              [
                116.34626034548722,
                39.944827366785304
              ],
              [
                116.3462534670023,
                39.94482706779496
              ],
              [
                116.34624658356437,
                39.94482728918293
              ],
              [
                116.34623976146449,
                39.944828028817156
              ],
              [
                116.34623306640309,
                39.944829279574556
              ],
              [
                116.34622656285714,
                39.94483102940968
              ],
              [
                116.34622031345921,
                39.94483326147069
              ],
              [
                116.34621437839434,
                39.944835954261656
              ],
              [
                116.34620881482033,
                39.94483908184961
              ],
              [
                116.34620367631743,
                39.944842614114194
              ],
              [
                116.34619901237218,
                39.94484651703785
              ],
              [
                116.34619486790096,
                39.94485075303333
              ],
              [
                116.34619128281733,
                39.94485528130577
              ],
              [
                116.34618829164766,
                39.94486005824545
              ],
              [
                116.34618592319863,
                39.9448650378479
              ],
              [
                116.34618420027988,
                39.94487017215686
              ],
              [
                116.34618313948415,
                39.944875411726144
              ],
              [
                116.34618275102761,
                39.94488070609586
              ],
              [
                116.34618303865153,
                39.94488600427835
              ],
              [
                116.34618399958603,
                39.94489125524922
              ],
              [
                116.34618562457696,
                39.94489640843873
              ],
              [
                116.34618789797491,
                39.94490141421882
              ],
              [
                116.34619079788592,
                39.94490622438105
              ],
              [
                116.34619429638238,
                39.944910792600886
              ],
              [
                116.34619835977192,
                39.94491507488384
              ],
              [
                116.34620294892196,
                39.944919029989116
              ],
              [
                116.34620801963645,
                39.94492261982681
              ],
              [
                116.34621352308166,
                39.94492580982479
              ],
              [
                116.34621940625635,
                39.94492856926158
              ],
              [
                116.34622561250227,
                39.9449308715622
              ],
              [
                116.34623208204974,
                39.94493269455424
              ],
              [
                116.34623875259344,
                39.94493402068124
              ],
              [
                116.34624555989218,
                39.94493483717181
              ],
              [
                116.34625243838786,
                39.944935136162705
              ],
              [
                116.34625932183661,
                39.944934914774464
              ],
              [
                116.34626614394692,
                39.9449341751392
              ],
              [
                116.34627283901798,
                39.94493292437999
              ],
              [
                116.34627934257249,
                39.944931174542376
              ],
              [
                116.34628559197749,
                39.9449289424783
              ],
              [
                116.34629152704771,
                39.944926249683746
              ],
              [
                116.3462970906251,
                39.94492312209191
              ],
              [
                116.34630222912935,
                39.94491958982323
              ],
              [
                116.34630689307379,
                39.94491568689546
              ],
              [
                116.34631103754214,
                39.944911450895994
              ],
              [
                116.34631462262092,
                39.94490692261986
              ],
              [
                116.34631761378394,
                39.9449021456769
              ],
              [
                116.34631998222474,
                39.94489716607173
              ],
              [
                116.34632170513409,
                39.9448920317607
              ],
              [
                116.34632276591955,
                39.94488679219008
              ],
              [
                116.34632315436532,
                39.944881497819814
              ],
              [
                116.34632286673062,
                39.94487619963758
              ],
              [
                116.34632190578569,
                39.94487094866776
              ],
              [
                116.34632028078508,
                39.94486579548006
              ],
              [
                116.34631800737858,
                39.94486078970247
              ],
              [
                116.34631510746051,
                39.944855979543334
              ]
            ]
          ],
          [
            [
              [
                116.346900121209,
                39.944859276601946
              ],
              [
                116.34689662266788,
                39.94485470840301
              ],
              [
                116.34689255923799,
                39.94485042614417
              ],
              [
                116.3468879700524,
                39.944846471065866
              ],
              [
                116.34688289930753,
                39.94484288125762
              ],
              [
                116.3468773958374,
                39.94483969129117
              ],
              [
                116.34687151264339,
                39.94483693188759
              ],
              [
                116.34686530638379,
                39.94483462962137
              ],
              [
                116.34685883682822,
                39.94483280666459
              ],
              [
                116.34685216628188,
                39.94483148057325
              ],
              [
                116.34684535898565,
                39.94483066411829
              ],
              [
                116.34683848049737,
                39.944830365162645
              ],
              [
                116.3468315970605,
                39.94483058658536
              ],
              [
                116.34682477496614,
                39.944831326254054
              ],
              [
                116.34681807991461,
                39.944832577045325
              ],
              [
                116.34681157638282,
                39.94483432691337
              ],
              [
                116.34680532700315,
                39.94483655900607
              ],
              [
                116.34679939196052,
                39.94483925182717
              ],
              [
                116.34679382841252,
                39.944842379443415
              ],
              [
                116.34678868993909,
                39.94484591173416
              ],
              [
                116.34678402602655,
                39.94484981468163
              ],
              [
                116.34677988159093,
                39.94485405069831
              ],
              [
                116.34677629654544,
                39.94485857898914
              ],
              [
                116.3467733054161,
                39.94486335594424
              ],
              [
                116.34677093700924,
                39.94486833555898
              ],
              [
                116.34676921413399,
                39.94487346987698
              ],
              [
                116.34676815338277,
                39.94487870945197
              ],
              [
                116.34676776497129,
                39.94488400382401
              ],
              [
                116.34676805264036,
                39.94488930200542
              ],
              [
                116.34676901361968,
                39.94489455297179
              ],
              [
                116.34677063865469,
                39.94489970615346
              ],
              [
                116.34677291209553,
                39.944904711922405
              ],
              [
                116.34677581204785,
                39.94490952207033
              ],
              [
                116.34677931058363,
                39.94491409027284
              ],
              [
                116.34678337401012,
                39.94491837253557
              ],
              [
                116.34678796319437,
                39.94492232761795
              ],
              [
                116.34679303394003,
                39.94492591743032
              ],
              [
                116.34679853741305,
                39.944929107400746
              ],
              [
                116.34680442061195,
                39.944931866808034
              ],
              [
                116.3468106268782,
                39.9449341690775
              ],
              [
                116.34681709644195,
                39.94493599203702
              ],
              [
                116.3468237669977,
                39.94493731813044
              ],
              [
                116.3468305743042,
                39.94493813458672
              ],
              [
                116.34683745280323,
                39.944938433542944
              ],
              [
                116.34684433625091,
                39.94493821211995
              ],
              [
                116.34685115835573,
                39.944937472450206
              ],
              [
                116.34685785341692,
                39.94493622165712
              ],
              [
                116.34686435695724,
                39.944934471786574
              ],
              [
                116.34687060634397,
                39.94493223969081
              ],
              [
                116.34687654139196,
                39.94492954686614
              ],
              [
                116.34688210494338,
                39.944926419245995
              ],
              [
                116.34688724341812,
                39.94492288695116
              ],
              [
                116.34689190732988,
                39.9449189839996
              ],
              [
                116.34689605176264,
                39.944914747978935
              ],
              [
                116.34689963680324,
                39.944910219684395
              ],
              [
                116.34690262792593,
                39.94490544272602
              ],
              [
                116.34690499632461,
                39.94490046310856
              ],
              [
                116.34690671919043,
                39.94489532878848
              ],
              [
                116.34690777993137,
                39.94489008921216
              ],
              [
                116.3469081683321,
                39.94488479483956
              ],
              [
                116.34690788065225,
                39.944879496658416
              ],
              [
                116.34690691966247,
                39.9448742456931
              ],
              [
                116.3469052946178,
                39.94486909251324
              ],
              [
                116.3469030211684,
                39.94486408674678
              ],
              [
                116.346900121209,
                39.944859276601946
              ]
            ]
          ],
          [
            [
              [
                116.34748513505383,
                39.94486257070889
              ],
              [
                116.34748163647339,
                39.944858002527305
              ],
              [
                116.34747757300656,
                39.94485372028868
              ],
              [
                116.34747298378674,
                39.94484976523326
              ],
              [
                116.34746791301072,
                39.94484617545035
              ],
              [
                116.34746240951276,
                39.94484298551145
              ],
              [
                116.34745652629455,
                39.94484022613737
              ],
              [
                116.34745032001464,
                39.94483792390233
              ],
              [
                116.34744385044277,
                39.94483610097805
              ],
              [
                116.34743717988437,
                39.944834774920274
              ],
              [
                116.3474303725804,
                39.94483395849962
              ],
              [
                116.34742349408877,
                39.94483365957865
              ],
              [
                116.34741661065299,
                39.94483388103612
              ],
              [
                116.34740978856414,
                39.944834620739286
              ],
              [
                116.34740309352247,
                39.94483587156442
              ],
              [
                116.34739659000482,
                39.94483762146541
              ],
              [
                116.34739034064346,
                39.944839853589784
              ],
              [
                116.34738440562306,
                39.94484254644102
              ],
              [
                116.34737884210104,
                39.94484567408555
              ],
              [
                116.3473737036571,
                39.94484920640247
              ],
              [
                116.34736903977726,
                39.94485310937373
              ],
              [
                116.34736489537721,
                39.94485734541161
              ],
              [
                116.34736131036989,
                39.944861873720846
              ],
              [
                116.34735831928087,
                39.94486665069136
              ],
              [
                116.34735595091614,
                39.94487163031838
              ],
              [
                116.34735422808443,
                39.944876764645436
              ],
              [
                116.34735316737772,
                39.944882004226145
              ],
              [
                116.34735277901127,
                39.9448872986005
              ],
              [
                116.3473530667255,
                39.94489259678081
              ],
              [
                116.34735402774966,
                39.94489784774269
              ],
              [
                116.34735565282875,
                39.94490300091651
              ],
              [
                116.3473579263125,
                39.94490800667433
              ],
              [
                116.34736082630613,
                39.94491281680795
              ],
              [
                116.34736432488121,
                39.94491738499312
              ],
              [
                116.34736838834468,
                39.94492166723563
              ],
              [
                116.34737297756313,
                39.94492562229512
              ],
              [
                116.34737804833998,
                39.944929212082144
              ],
              [
                116.34738355184079,
                39.944932402025024
              ],
              [
                116.34738943506387,
                39.94493516140281
              ],
              [
                116.34739564135045,
                39.944937463641125
              ],
              [
                116.34740211093049,
                39.94493928656812
              ],
              [
                116.34740878149833,
                39.94494061262798
              ],
              [
                116.34741558881257,
                39.94494142904997
              ],
              [
                116.34742246731496,
                39.9449417279715
              ],
              [
                116.34742935076154,
                39.94494150651376
              ],
              [
                116.34743617286084,
                39.94494076680954
              ],
              [
                116.34744286791215,
                39.9449395159826
              ],
              [
                116.34744937143836,
                39.94493776607911
              ],
              [
                116.3474556208068,
                39.94493553395165
              ],
              [
                116.34746155583254,
                39.94493284109684
              ],
              [
                116.34746711935797,
                39.94492971344843
              ],
              [
                116.34747225780323,
                39.94492618112743
              ],
              [
                116.34747692168229,
                39.94492227815205
              ],
              [
                116.34748106607944,
                39.94491804211018
              ],
              [
                116.34748465108193,
                39.94491351379726
              ],
              [
                116.34748764216424,
                39.944908736823464
              ],
              [
                116.34749001052077,
                39.94490375719372
              ],
              [
                116.34749173334308,
                39.9448986228646
              ],
              [
                116.34749279403951,
                39.944893383282555
              ],
              [
                116.34749318239521,
                39.94488808890764
              ],
              [
                116.34749289467018,
                39.9448827907276
              ],
              [
                116.34749193363558,
                39.944877539766765
              ],
              [
                116.34749030854682,
                39.94487238659476
              ],
              [
                116.34748803505455,
                39.94486738083943
              ],
              [
                116.34748513505383,
                39.94486257070889
              ]
            ]
          ],
          [
            [
              [
                116.34807014899488,
                39.94486586186418
              ],
              [
                116.34806665037515,
                39.94486129369992
              ],
              [
                116.34806258687135,
                39.94485701148152
              ],
              [
                116.34805799761733,
                39.944853056448984
              ],
              [
                116.34805292681011,
                39.944849466691416
              ],
              [
                116.34804742328437,
                39.94484627678008
              ],
              [
                116.34804154004198,
                39.944843517435494
              ],
              [
                116.34803533374172,
                39.944841215231605
              ],
              [
                116.34802886415358,
                39.94483939233986
              ],
              [
                116.34802219358309,
                39.94483806631565
              ],
              [
                116.34801538627137,
                39.944837249929286
              ],
              [
                116.34800850777643,
                39.944836951043
              ],
              [
                116.3480016243417,
                39.944837172535216
              ],
              [
                116.34799480225836,
                39.94483791227286
              ],
              [
                116.34798810722657,
                39.94483916313186
              ],
              [
                116.34798160372307,
                39.94484091306578
              ],
              [
                116.34797535438,
                39.944843145221846
              ],
              [
                116.34796941938183,
                39.94484583810321
              ],
              [
                116.3479638558858,
                39.94484896577602
              ],
              [
                116.34795871747134,
                39.944852498119104
              ],
              [
                116.34795405362419,
                39.94485640111417
              ],
              [
                116.34794990925977,
                39.944860637173264
              ],
              [
                116.34794632429056,
                39.94486516550088
              ],
              [
                116.34794333324193,
                39.944869942486825
              ],
              [
                116.34794096491932,
                39.94487492212613
              ],
              [
                116.34793924213113,
                39.94488005646222
              ],
              [
                116.34793818146892,
                39.94488529604863
              ],
              [
                116.34793779314754,
                39.9448905904253
              ],
              [
                116.3479380809069,
                39.944895888604535
              ],
              [
                116.34793904197592,
                39.94490113956192
              ],
              [
                116.3479406670991,
                39.94490629272789
              ],
              [
                116.34794294062573,
                39.94491129847459
              ],
              [
                116.34794584066066,
                39.9449161085939
              ],
              [
                116.34794933927506,
                39.94492067676172
              ],
              [
                116.34795340277546,
                39.94492495898402
              ],
              [
                116.34795799202814,
                39.944928914020636
              ],
              [
                116.34796306283613,
                39.944932503782304
              ],
              [
                116.34796856636477,
                39.94493569369763
              ],
              [
                116.34797444961204,
                39.94493845304592
              ],
              [
                116.34798065591895,
                39.94494075525307
              ],
              [
                116.34798712551529,
                39.94494257814755
              ],
              [
                116.34799379609517,
                39.94494390417384
              ],
              [
                116.34800060341716,
                39.94494472056153
              ],
              [
                116.34800748192288,
                39.944945019448376
              ],
              [
                116.3480143653684,
                39.9449447979559
              ],
              [
                116.3480211874622,
                39.9449440582172
              ],
              [
                116.34802788250364,
                39.944942807356384
              ],
              [
                116.3480343860157,
                39.94494105741997
              ],
              [
                116.34804063536585,
                39.94493882526083
              ],
              [
                116.34804657036935,
                39.94493613237589
              ],
              [
                116.34805213386878,
                39.944933004699195
              ],
              [
                116.34805727228455,
                39.944929472352015
              ],
              [
                116.3480619361309,
                39.94492556935284
              ],
              [
                116.34806608049249,
                39.94492133328978
              ],
              [
                116.3480696654568,
                39.94491680495845
              ],
              [
                116.3480726564988,
                39.944912027969245
              ],
              [
                116.3480750248132,
                39.944907048327195
              ],
              [
                116.34807674759196,
                39.94490191398904
              ],
              [
                116.34807780824393,
                39.94489667440129
              ],
              [
                116.34807819655454,
                39.94489138002406
              ],
              [
                116.34807790878436,
                39.9448860818451
              ],
              [
                116.34807694770493,
                39.94488083088876
              ],
              [
                116.3480753225721,
                39.944875677724596
              ],
              [
                116.3480730490369,
                39.94487067198041
              ],
              [
                116.34807014899488,
                39.94486586186418
              ]
            ]
          ],
          [
            [
              [
                116.34471910404152,
                39.944970292814446
              ],
              [
                116.3447156056408,
                39.944965724550904
              ],
              [
                116.34471154234146,
                39.94496144221675
              ],
              [
                116.34470695327533,
                39.944957487053145
              ],
              [
                116.34470188263764,
                39.94495389715043
              ],
              [
                116.34469637926138,
                39.94495070708125
              ],
              [
                116.34469049614705,
                39.944947947567655
              ],
              [
                116.3446842899522,
                39.94494564518526
              ],
              [
                116.34467782044574,
                39.94494382210718
              ],
              [
                116.34467114993248,
                39.94494249589061
              ],
              [
                116.34466434265295,
                39.94494167930773
              ],
              [
                116.34465746416481,
                39.94494138022265
              ],
              [
                116.34465058071156,
                39.94494160151574
              ],
              [
                116.34464375858441,
                39.94494234105578
              ],
              [
                116.34463706348403,
                39.94494359172067
              ],
              [
                116.34463055988778,
                39.944945341465804
              ],
              [
                116.3446243104287,
                39.944947573440224
              ],
              [
                116.34461837529243,
                39.94495026614885
              ],
              [
                116.34461281163746,
                39.94495339365948
              ],
              [
                116.34460767304479,
                39.94495692585253
              ],
              [
                116.34460300900189,
                39.94496082871112
              ],
              [
                116.34459886442602,
                39.9449650646486
              ],
              [
                116.34459527923175,
                39.94496959287069
              ],
              [
                116.34459228794655,
                39.94497436976817
              ],
              [
                116.34458991937822,
                39.94497934933694
              ],
              [
                116.34458819633751,
                39.944984483621084
              ],
              [
                116.34458713541834,
                39.944989723174665
              ],
              [
                116.34458674683809,
                39.94499501753794
              ],
              [
                116.34458703433916,
                39.9450003157233
              ],
              [
                116.34458799515295,
                39.945005566706314
              ],
              [
                116.34458962002641,
                39.945010719917136
              ],
              [
                116.34459189331128,
                39.94501572572751
              ],
              [
                116.34459479311468,
                39.94502053592871
              ],
              [
                116.34459829151005,
                39.945025104195814
              ],
              [
                116.34460235480599,
                39.94502938653386
              ],
              [
                116.34460694387079,
                39.94503334170155
              ],
              [
                116.34461201450927,
                39.94503693160839
              ],
              [
                116.3446175178884,
                39.94504012168155
              ],
              [
                116.3446234010076,
                39.94504288119883
              ],
              [
                116.3446296072091,
                39.945045183584504
              ],
              [
                116.34463607672376,
                39.94504700666532
              ],
              [
                116.34464274724644,
                39.94504833288396
              ],
              [
                116.34464955453625,
                39.94504914946817
              ],
              [
                116.34465643303511,
                39.94504944855378
              ],
              [
                116.3446633164992,
                39.94504922726046
              ],
              [
                116.34467013863677,
                39.945048487719355
              ],
              [
                116.34467683374682,
                39.94504723705267
              ],
              [
                116.34468333735163,
                39.94504548730504
              ],
              [
                116.34468958681776,
                39.94504325532752
              ],
              [
                116.34469552195938,
                39.94504056261533
              ],
              [
                116.34470108561776,
                39.945037435100815
              ],
              [
                116.34470622421175,
                39.94503390290369
              ],
              [
                116.34471088825387,
                39.945030000040994
              ],
              [
                116.34471503282687,
                39.94502576409952
              ],
              [
                116.34471861801627,
                39.94502123587373
              ],
              [
                116.3447216092948,
                39.94501645897299
              ],
              [
                116.34472397785494,
                39.94501147940148
              ],
              [
                116.34472570088626,
                39.94500634511526
              ],
              [
                116.34472676179516,
                39.94500110556035
              ],
              [
                116.34472715036465,
                39.94499581119652
              ],
              [
                116.34472686285275,
                39.944990513011426
              ],
              [
                116.34472590202853,
                39.944985262029455
              ],
              [
                116.34472427714542,
                39.94498010882044
              ],
              [
                116.34472200385201,
                39.94497510301256
              ],
              [
                116.34471910404152,
                39.944970292814446
              ]
            ]
          ],
          [
            [
              [
                116.34471130960783,
                39.94541600925383
              ],
              [
                116.34470724628248,
                39.945411726919644
              ],
              [
                116.34470265718687,
                39.94540777175593
              ],
              [
                116.34469758651649,
                39.945404181853036
              ],
              [
                116.34469208310466,
                39.94540099178361
              ],
              [
                116.34468619995218,
                39.94539823226971
              ],
              [
                116.34467999371698,
                39.945395929886935
              ],
              [
                116.34467352416839,
                39.94539410680841
              ],
              [
                116.34466685361159,
                39.945392780591334
              ],
              [
                116.34466004628754,
                39.945391964007904
              ],
              [
                116.34465316775437,
                39.94539166492224
              ],
              [
                116.34464628425596,
                39.94539188621468
              ],
              [
                116.34463946208398,
                39.94539262575405
              ],
              [
                116.3446327669395,
                39.94539387641824
              ],
              [
                116.34462626330034,
                39.94539562616265
              ],
              [
                116.34462001379998,
                39.94539785813633
              ],
              [
                116.34461407862437,
                39.94540055084422
              ],
              [
                116.34460851493247,
                39.94540367835412
              ],
              [
                116.3446033763056,
                39.94540721054642
              ],
              [
                116.34459871223152,
                39.945411113404276
              ],
              [
                116.34459456762784,
                39.94541534934106
              ],
              [
                116.34459098240937,
                39.94541987756247
              ],
              [
                116.34458799110382,
                39.945424654459295
              ],
              [
                116.3445856225192,
                39.94542963402748
              ],
              [
                116.3445838994664,
                39.94543476831107
              ],
              [
                116.34458283853947,
                39.94544000786414
              ],
              [
                116.34458244995588,
                39.94544530222696
              ],
              [
                116.34458273745805,
                39.945450600411945
              ],
              [
                116.34458369827735,
                39.945455851394634
              ],
              [
                116.34458532316067,
                39.9454610046052
              ],
              [
                116.34458759645966,
                39.9454660104154
              ],
              [
                116.34459049628136,
                39.94547082061648
              ],
              [
                116.34459399469894,
                39.945475388883544
              ],
              [
                116.34459805802088,
                39.94547967122163
              ],
              [
                116.34460264711517,
                39.945483626389425
              ],
              [
                116.34460771778635,
                39.945487216296435
              ],
              [
                116.34461322120107,
                39.94549040636984
              ],
              [
                116.34461910435842,
                39.945493165887434
              ],
              [
                116.34462531060025,
                39.9454954682735
              ],
              [
                116.34463178015704,
                39.94549729135475
              ],
              [
                116.34463845072325,
                39.94549861757389
              ],
              [
                116.34464525805757,
                39.94549943415864
              ],
              [
                116.3446521366015,
                39.945499733244866
              ],
              [
                116.34465902011071,
                39.945499511952164
              ],
              [
                116.34466584229315,
                39.94549877241174
              ],
              [
                116.34467253744727,
                39.94549752174576
              ],
              [
                116.34467904109498,
                39.94549577199883
              ],
              [
                116.34468529060244,
                39.94549354002206
              ],
              [
                116.34469122578336,
                39.945490847310616
              ],
              [
                116.34469678947869,
                39.945487719796844
              ],
              [
                116.3447019281069,
                39.94548418760046
              ],
              [
                116.3447065921802,
                39.94548028473849
              ],
              [
                116.344710736781,
                39.945476048797715
              ],
              [
                116.34471432199457,
                39.945471520572596
              ],
              [
                116.34471731329346,
                39.94546674367249
              ],
              [
                116.34471968186988,
                39.94546176410159
              ],
              [
                116.34472140491327,
                39.945456629815936
              ],
              [
                116.34472246582993,
                39.94545139026152
              ],
              [
                116.34472285440278,
                39.94544609589814
              ],
              [
                116.34472256688981,
                39.945440797713424
              ],
              [
                116.34472160606009,
                39.94543554673179
              ],
              [
                116.3447199811671,
                39.94543039352301
              ],
              [
                116.34471770785953,
                39.945425387715325
              ],
              [
                116.34471480803079,
                39.94542057751734
              ],
              [
                116.34471130960783,
                39.94541600925383
              ]
            ]
          ],
          [
            [
              [
                116.3447070134782,
                39.94586629392129
              ],
              [
                116.34470295012687,
                39.945862011587074
              ],
              [
                116.34469836100178,
                39.94585805642327
              ],
              [
                116.3446932902987,
                39.94585446652018
              ],
              [
                116.34468778685127,
                39.94585127645049
              ],
              [
                116.34468190366064,
                39.9458485169363
              ],
              [
                116.34467569738509,
                39.945846214553136
              ],
              [
                116.34466922779438,
                39.94584439147416
              ],
              [
                116.34466255719404,
                39.945843065256604
              ],
              [
                116.3446557498255,
                39.94584224867263
              ],
              [
                116.3446488712473,
                39.94584194958637
              ],
              [
                116.3446419877037,
                39.94584217087816
              ],
              [
                116.34463516548688,
                39.94584291041687
              ],
              [
                116.34462847029833,
                39.94584416108035
              ],
              [
                116.34462196661629,
                39.94584591082404
              ],
              [
                116.34461571707459,
                39.94584814279698
              ],
              [
                116.34460978185967,
                39.94585083550412
              ],
              [
                116.34460421813081,
                39.94585396301327
              ],
              [
                116.34459907946973,
                39.94585749520484
              ],
              [
                116.34459441536447,
                39.945861398061965
              ],
              [
                116.34459027073297,
                39.945865633998054
              ],
              [
                116.34458668549033,
                39.94587016221879
              ],
              [
                116.34458369416446,
                39.94587493911498
              ],
              [
                116.34458132556355,
                39.94587991868256
              ],
              [
                116.34457960249865,
                39.94588505296558
              ],
              [
                116.34457854156396,
                39.945890292518165
              ],
              [
                116.34457815297702,
                39.94589558688054
              ],
              [
                116.34457844048026,
                39.945900885065114
              ],
              [
                116.34457940130504,
                39.9459061360475
              ],
              [
                116.34458102619824,
                39.94591128925782
              ],
              [
                116.3445832995114,
                39.945916295067825
              ],
              [
                116.34458619935134,
                39.94592110526878
              ],
              [
                116.34458969779119,
                39.945925673535804
              ],
              [
                116.34459376113911,
                39.94592995587392
              ],
              [
                116.34459835026288,
                39.94593391104182
              ],
              [
                116.34460342096676,
                39.94593750094901
              ],
              [
                116.34460892441709,
                39.945940691022685
              ],
              [
                116.34461480761257,
                39.945943450540575
              ],
              [
                116.34462101389477,
                39.94594575292702
              ],
              [
                116.3446274834937,
                39.94594757600871
              ],
              [
                116.34463415410342,
                39.94594890222834
              ],
              [
                116.34464096148223,
                39.94594971881366
              ],
              [
                116.3446478400712,
                39.945950017900465
              ],
              [
                116.3446547236256,
                39.94594979660842
              ],
              [
                116.34466154585287,
                39.94594905706866
              ],
              [
                116.34466824105108,
                39.94594780640336
              ],
              [
                116.34467474474167,
                39.94594605665718
              ],
              [
                116.34468099429044,
                39.945943824681144
              ],
              [
                116.34468692951069,
                39.945941131970436
              ],
              [
                116.34469249324296,
                39.9459380044574
              ],
              [
                116.34469763190539,
                39.94593447226175
              ],
              [
                116.34470229600986,
                39.94593056940052
              ],
              [
                116.34470644063849,
                39.945926333460434
              ],
              [
                116.34471002587627,
                39.94592180523601
              ],
              [
                116.34471301719547,
                39.94591702833654
              ],
              [
                116.34471538578819,
                39.945912048766246
              ],
              [
                116.34471710884365,
                39.94590691448114
              ],
              [
                116.34471816976806,
                39.94590167492722
              ],
              [
                116.34471855834425,
                39.94589638056431
              ],
              [
                116.34471827083023,
                39.94589108237998
              ],
              [
                116.34471730999499,
                39.94588583139864
              ],
              [
                116.34471568509213,
                39.94588067819014
              ],
              [
                116.34471341177043,
                39.94587567238264
              ],
              [
                116.3447105119234,
                39.945870862184755
              ],
              [
                116.3447070134782,
                39.94586629392129
              ]
            ]
          ],
          [
            [
              [
                116.34470621571937,
                39.946321146816715
              ],
              [
                116.34470271725193,
                39.94631657855327
              ],
              [
                116.34469865387463,
                39.94631229621904
              ],
              [
                116.34469406472004,
                39.94630834105511
              ],
              [
                116.34468899398425,
                39.94630475115186
              ],
              [
                116.34468349050124,
                39.94630156108194
              ],
              [
                116.34467760727244,
                39.946298801567416
              ],
              [
                116.34467140095659,
                39.94629649918386
              ],
              [
                116.34466493132372,
                39.94629467610446
              ],
              [
                116.34465826067988,
                39.9462933498864
              ],
              [
                116.34465145326683,
                39.94629253330188
              ],
              [
                116.34464457464354,
                39.946292234215015
              ],
              [
                116.3446376910548,
                39.94629245550617
              ],
              [
                116.34463086879315,
                39.94629319504421
              ],
              [
                116.34462417356053,
                39.94629444570698
              ],
              [
                116.34461766983556,
                39.94629619544996
              ],
              [
                116.34461142025258,
                39.94629842742217
              ],
              [
                116.34460548499834,
                39.94630112012856
              ],
              [
                116.3445999212325,
                39.94630424763697
              ],
              [
                116.34459478253717,
                39.94630777982779
              ],
              [
                116.34459011840075,
                39.9463116826842
              ],
              [
                116.34458597374145,
                39.94631591861958
              ],
              [
                116.34458238847459,
                39.94632044683965
              ],
              [
                116.34457939712838,
                39.94632522373519
              ],
              [
                116.3445770285112,
                39.94633020330216
              ],
              [
                116.34457530543423,
                39.94633533758464
              ],
              [
                116.3445742444918,
                39.94634057713671
              ],
              [
                116.34457385590149,
                39.94634587149863
              ],
              [
                116.34457414340582,
                39.946351169682835
              ],
              [
                116.3445751042361,
                39.946356420664884
              ],
              [
                116.34457672913918,
                39.94636157387495
              ],
              [
                116.34457900246646,
                39.94636657968477
              ],
              [
                116.34458190232469,
                39.94637138988563
              ],
              [
                116.34458540078678,
                39.946375958152615
              ],
              [
                116.3445894641607,
                39.94638024049075
              ],
              [
                116.34459405331394,
                39.94638419565876
              ],
              [
                116.34459912405052,
                39.946387785566124
              ],
              [
                116.34460462753644,
                39.94639097564002
              ],
              [
                116.34461051077008,
                39.94639373515825
              ],
              [
                116.34461671709262,
                39.94639603754508
              ],
              [
                116.34462318673364,
                39.94639786062721
              ],
              [
                116.34462985738693,
                39.94639918684733
              ],
              [
                116.34463666481025,
                39.946400003433205
              ],
              [
                116.34464354344428,
                39.94640030252062
              ],
              [
                116.34465042704382,
                39.94640008122919
              ],
              [
                116.34465724931593,
                39.9463993416901
              ],
              [
                116.3446639445582,
                39.94639809102552
              ],
              [
                116.34467044829171,
                39.94639634128004
              ],
              [
                116.3446766978818,
                39.946394109304755
              ],
              [
                116.34468263314137,
                39.94639141659479
              ],
              [
                116.34468819691058,
                39.9463882890825
              ],
              [
                116.34469333560726,
                39.946384756887596
              ],
              [
                116.3446979997429,
                39.946380854027076
              ],
              [
                116.34470214439932,
                39.946376618087704
              ],
              [
                116.3447057296613,
                39.94637208986395
              ],
              [
                116.34470872100086,
                39.94636731296512
              ],
              [
                116.34471108960986,
                39.94636233339543
              ],
              [
                116.34471281267739,
                39.946357199110885
              ],
              [
                116.34471387360955,
                39.94635195955747
              ],
              [
                116.3447142621891,
                39.946346665194994
              ],
              [
                116.34471397467398,
                39.94634136701106
              ],
              [
                116.34471301383327,
                39.94633611603005
              ],
              [
                116.34471138892053,
                39.946330962821804
              ],
              [
                116.3447091155847,
                39.94632595701447
              ],
              [
                116.34470621571937,
                39.946321146816715
              ]
            ]
          ],
          [
            [
              [
                116.3447019194187,
                39.946771431413204
              ],
              [
                116.34469842092902,
                39.94676686314982
              ],
              [
                116.34469435752573,
                39.94676258081554
              ],
              [
                116.34468976834167,
                39.946758625651505
              ],
              [
                116.34468469757319,
                39.94675503574806
              ],
              [
                116.34467919405454,
                39.9467518456779
              ],
              [
                116.34467331078761,
                39.94674908616307
              ],
              [
                116.3446671044314,
                39.94674678377914
              ],
              [
                116.34466063475642,
                39.94674496069929
              ],
              [
                116.34465396406901,
                39.94674363448073
              ],
              [
                116.34464715661147,
                39.94674281789566
              ],
              [
                116.34464027794314,
                39.9467425188082
              ],
              [
                116.34463339430923,
                39.94674274009872
              ],
              [
                116.34462657200275,
                39.946743479636076
              ],
              [
                116.34461987672604,
                39.946744730298164
              ],
              [
                116.34461337295816,
                39.94674648004042
              ],
              [
                116.34460712333386,
                39.946748712011896
              ],
              [
                116.34460118804031,
                39.94675140471753
              ],
              [
                116.34459562423754,
                39.94675453222519
              ],
              [
                116.34459048550798,
                39.94675806441528
              ],
              [
                116.34458582134039,
                39.94676196727096
              ],
              [
                116.34458167665325,
                39.946766203205634
              ],
              [
                116.34457809136222,
                39.94677073142503
              ],
              [
                116.34457509999567,
                39.94677550831993
              ],
              [
                116.34457273136219,
                39.94678048788631
              ],
              [
                116.34457100827315,
                39.94678562216822
              ],
              [
                116.34456994732297,
                39.94679086171978
              ],
              [
                116.3445695587293,
                39.94679615608127
              ],
              [
                116.34456984623473,
                39.946801454265085
              ],
              [
                116.3445708070705,
                39.946806705246814
              ],
              [
                116.34457243198342,
                39.94681185845661
              ],
              [
                116.34457470532486,
                39.94681686426626
              ],
              [
                116.34457760520138,
                39.946821674467
              ],
              [
                116.34458110368571,
                39.946826242733934
              ],
              [
                116.34458516708561,
                39.946830525072116
              ],
              [
                116.34458975626833,
                39.94683448024023
              ],
              [
                116.34459482703761,
                39.94683807014778
              ],
              [
                116.34460033055913,
                39.94684126022193
              ],
              [
                116.34460621383091,
                39.94684401974045
              ],
              [
                116.34461242019377,
                39.946846322127655
              ],
              [
                116.34461888987697,
                39.94684814521024
              ],
              [
                116.34462556057379,
                39.946849471430866
              ],
              [
                116.34463236804162,
                39.94685028801728
              ],
              [
                116.34463924672067,
                39.94685058710529
              ],
              [
                116.34464613036538,
                39.94685036581451
              ],
              [
                116.34465295268234,
                39.946849626276084
              ],
              [
                116.34465964796873,
                39.9468483756122
              ],
              [
                116.34466615174512,
                39.946846625867465
              ],
              [
                116.3446724013765,
                39.946844393892896
              ],
              [
                116.34467833667541,
                39.94684170118369
              ],
              [
                116.34468390048157,
                39.94683857367214
              ],
              [
                116.34468903921248,
                39.94683504147796
              ],
              [
                116.34469370337928,
                39.94683113861817
              ],
              [
                116.34469784806352,
                39.9468269026795
              ],
              [
                116.34470143334968,
                39.94682237445643
              ],
              [
                116.34470442470958,
                39.94681759755824
              ],
              [
                116.34470679333486,
                39.946812617989146
              ],
              [
                116.34470851641449,
                39.94680748370516
              ],
              [
                116.3447095773544,
                39.94680224415225
              ],
              [
                116.34470996593728,
                39.94679694979022
              ],
              [
                116.3447096784211,
                39.94679165160666
              ],
              [
                116.34470871757487,
                39.94678640062599
              ],
              [
                116.34470709265226,
                39.94678124741799
              ],
              [
                116.3447048193023,
                39.94677624161085
              ],
              [
                116.3447019194187,
                39.946771431413204
              ]
            ]
          ],
          [
            [
              [
                116.34704612190438,
                39.94716306904362
              ],
              [
                116.34704262323821,
                39.94715850084988
              ],
              [
                116.34703855966481,
                39.94715421859669
              ],
              [
                116.34703397031859,
                39.94715026352443
              ],
              [
                116.34702889939756,
                39.94714667372254
              ],
              [
                116.34702339573737,
                39.947143483762744
              ],
              [
                116.34701751234131,
                39.94714072436604
              ],
              [
                116.34701130586957,
                39.94713842210683
              ],
              [
                116.3470048360938,
                39.94713659915713
              ],
              [
                116.3469981653214,
                39.94713527307289
              ],
              [
                116.34699135779533,
                39.94713445662497
              ],
              [
                116.3469844790757,
                39.94713415767624
              ],
              [
                116.34697759540818,
                39.94713437910568
              ],
              [
                116.34697077308607,
                39.94713511878084
              ],
              [
                116.34696407781196,
                39.947136369578246
              ],
              [
                116.34695757406479,
                39.94713811945207
              ],
              [
                116.34695132447914,
                39.9471403515501
              ],
              [
                116.3469453892418,
                39.94714304437605
              ],
              [
                116.34693982551228,
                39.9471461719966
              ],
              [
                116.34693468687229,
                39.94714970429111
              ],
              [
                116.34693002280973,
                39.94715360724171
              ],
              [
                116.34692587824208,
                39.94715784326089
              ],
              [
                116.34692229308382,
                39.94716237155354
              ],
              [
                116.34691930186209,
                39.94716714850979
              ],
              [
                116.34691693338404,
                39.947172128124976
              ],
              [
                116.34691521045954,
                39.94717726244274
              ],
              [
                116.34691414968145,
                39.9471825020168
              ],
              [
                116.34691376126578,
                39.947187796387226
              ],
              [
                116.34691404895334,
                39.94719309456634
              ],
              [
                116.34691500997371,
                39.94719834552976
              ],
              [
                116.34691663507185,
                39.94720349870787
              ],
              [
                116.34691890859735,
                39.94720850447268
              ],
              [
                116.34692180865504,
                39.94721331461592
              ],
              [
                116.34692530731584,
                39.94721788281323
              ],
              [
                116.34692937088586,
                39.94722216507032
              ],
              [
                116.34693396023076,
                39.94722612014666
              ],
              [
                116.34693903115259,
                39.947229709952644
              ],
              [
                116.34694453481566,
                39.947232899916436
              ],
              [
                116.34695041821657,
                39.94723565931685
              ],
              [
                116.34695662469497,
                39.94723796157932
              ],
              [
                116.34696309447892,
                39.94723978453175
              ],
              [
                116.34696976526075,
                39.947241110618066
              ],
              [
                116.3469765727971,
                39.94724192706731
              ],
              [
                116.34698345152746,
                39.9472422260166
              ],
              [
                116.3469903352058,
                39.9472420045869
              ],
              [
                116.34699715753834,
                39.94724126491069
              ],
              [
                116.34700385282214,
                39.947240014111465
              ],
              [
                116.34701035657784,
                39.94723826423514
              ],
              [
                116.34701660617058,
                39.94723603213403
              ],
              [
                116.34702254141327,
                39.947233339304525
              ],
              [
                116.34702810514618,
                39.947230211680065
              ],
              [
                116.3470332437875,
                39.94722667938148
              ],
              [
                116.34703790784926,
                39.94722277642678
              ],
              [
                116.34704205241404,
                39.94721854040361
              ],
              [
                116.3470456375674,
                39.94721401210725
              ],
              [
                116.3470486287825,
                39.94720923514773
              ],
              [
                116.34705099725237,
                39.94720425552981
              ],
              [
                116.34705272016744,
                39.94719912120999
              ],
              [
                116.34705378093524,
                39.9471938816346
              ],
              [
                116.34705416934015,
                39.94718858726362
              ],
              [
                116.34705388164181,
                39.94718328908477
              ],
              [
                116.347052920611,
                39.947178038122374
              ],
              [
                116.34705129550318,
                39.947172884946085
              ],
              [
                116.34704902196913,
                39.94716787918377
              ],
              [
                116.34704612190438,
                39.94716306904362
              ]
            ]
          ],
          [
            [
              [
                116.34758640606016,
                39.94721775711599
              ],
              [
                116.34758234244912,
                39.9472134748816
              ],
              [
                116.34757775306738,
                39.94720951983062
              ],
              [
                116.34757268211324,
                39.94720593005231
              ],
              [
                116.34756717842276,
                39.947202740118115
              ],
              [
                116.34756129499941,
                39.94719998074879
              ],
              [
                116.34755508850374,
                39.94719767851855
              ],
              [
                116.34754861870756,
                39.94719585559906
              ],
              [
                116.34754194791849,
                39.947194529545975
              ],
              [
                116.34753514037968,
                39.94719371312991
              ],
              [
                116.34752826165129,
                39.947193414213366
              ],
              [
                116.34752137797913,
                39.94719363567507
              ],
              [
                116.34751455565657,
                39.94719437538222
              ],
              [
                116.34750786038613,
                39.94719562621106
              ],
              [
                116.34750135664677,
                39.94719737611545
              ],
              [
                116.34749510707297,
                39.947199608242855
              ],
              [
                116.34748917185144,
                39.94720230109676
              ],
              [
                116.34748360814147,
                39.94720542874353
              ],
              [
                116.34747846952467,
                39.947208961062294
              ],
              [
                116.34747380548865,
                39.94721286403493
              ],
              [
                116.34746966095064,
                39.94721710007375
              ],
              [
                116.34746607582488,
                39.947221628383446
              ],
              [
                116.34746308463814,
                39.94722640535397
              ],
              [
                116.34746071619725,
                39.947231384980526
              ],
              [
                116.34745899331178,
                39.94723651930662
              ],
              [
                116.34745793257412,
                39.94724175888593
              ],
              [
                116.34745754419994,
                39.94724705325845
              ],
              [
                116.34745783192966,
                39.9472523514365
              ],
              [
                116.34745879299243,
                39.947257602395716
              ],
              [
                116.34746041813281,
                39.94726275556649
              ],
              [
                116.34746269169999,
                39.94726776132092
              ],
              [
                116.3474655917984,
                39.94727257145082
              ],
              [
                116.34746909049856,
                39.94727713963199
              ],
              [
                116.34747315410621,
                39.94728142187028
              ],
              [
                116.34747774348662,
                39.94728537692534
              ],
              [
                116.34748281444153,
                39.947288966707774
              ],
              [
                116.3474883181349,
                39.94729215664594
              ],
              [
                116.34749420156312,
                39.947294916018954
              ],
              [
                116.34750040806544,
                39.94729721825247
              ],
              [
                116.3475068778698,
                39.9472990411747
              ],
              [
                116.34751354866833,
                39.94730036722985
              ],
              [
                116.34752035621742,
                39.947301183647255
              ],
              [
                116.34752723495654,
                39.94730148256435
              ],
              [
                116.3475341186395,
                39.94730126110239
              ],
              [
                116.34754094097251,
                39.94730052139418
              ],
              [
                116.34754763625261,
                39.94729927056353
              ],
              [
                116.34755414000053,
                39.94729752065667
              ],
              [
                116.34756038958139,
                39.94729528852615
              ],
              [
                116.34756632480828,
                39.94729259566869
              ],
              [
                116.34757188852164,
                39.94728946801802
              ],
              [
                116.34757702713978,
                39.947285935695184
              ],
              [
                116.34758169117501,
                39.94728203271842
              ],
              [
                116.34758583571013,
                39.947277796675614
              ],
              [
                116.34758942083104,
                39.947273268362224
              ],
              [
                116.34759241201112,
                39.94726849138844
              ],
              [
                116.34759478044381,
                39.947263511759154
              ],
              [
                116.34759650331988,
                39.94725837743098
              ],
              [
                116.34759756404725,
                39.94725313785034
              ],
              [
                116.34759795241067,
                39.94724784347727
              ],
              [
                116.34759766467016,
                39.94724254529948
              ],
              [
                116.34759670359696,
                39.947237294341306
              ],
              [
                116.34759507844687,
                39.94723214117236
              ],
              [
                116.34759280487116,
                39.947227135420434
              ],
              [
                116.3475899047657,
                39.9472223252936
              ],
              [
                116.34758640606016,
                39.94721775711599
              ]
            ]
          ],
          [
            [
              [
                116.34476142247478,
                39.947211156951425
              ],
              [
                116.3447573590416,
                39.94720687461945
              ],
              [
                116.34475276982454,
                39.94720291945795
              ],
              [
                116.34474769902023,
                39.94719932955724
              ],
              [
                116.34474219546331,
                39.947196139489996
              ],
              [
                116.34473631215599,
                39.94719337997824
              ],
              [
                116.34473010575768,
                39.947191077597516
              ],
              [
                116.34472363603928,
                39.94718925452098
              ],
              [
                116.34471696530757,
                39.94718792830578
              ],
              [
                116.34471015780524,
                39.94718711172411
              ],
              [
                116.34470327909213,
                39.94718681264004
              ],
              [
                116.34469639541382,
                39.94718703393394
              ],
              [
                116.34468957306375,
                39.94718777347461
              ],
              [
                116.34468287774473,
                39.94718902413988
              ],
              [
                116.3446763739362,
                39.9471907738852
              ],
              [
                116.34467012427324,
                39.94719300585958
              ],
              [
                116.34466418894348,
                39.947195698567974
              ],
              [
                116.34465862510727,
                39.947198826078136
              ],
              [
                116.34465348634735,
                39.9472023582705
              ],
              [
                116.34464882215278,
                39.947206261128215
              ],
              [
                116.3446446774423,
                39.947210497064646
              ],
              [
                116.34464109213181,
                39.94721502528546
              ],
              [
                116.34463810074985,
                39.94721980218152
              ],
              [
                116.34463573210516,
                39.94722478174871
              ],
              [
                116.34463400900923,
                39.94722991603112
              ],
              [
                116.34463294805651,
                39.947235155582845
              ],
              [
                116.34463255946471,
                39.94724044994416
              ],
              [
                116.34463284697638,
                39.94724574812745
              ],
              [
                116.34463380782273,
                39.947250999108356
              ],
              [
                116.34463543275047,
                39.94725615231702
              ],
              [
                116.34463770611077,
                39.947261158125194
              ],
              [
                116.34464060601007,
                39.94726596832416
              ],
              [
                116.34464410452084,
                39.94727053658908
              ],
              [
                116.34464816795061,
                39.94727481892497
              ],
              [
                116.34465275716634,
                39.94727877409055
              ],
              [
                116.34465782797145,
                39.94728236399536
              ],
              [
                116.34466333153122,
                39.94728555406659
              ],
              [
                116.34466921484342,
                39.947288313582035
              ],
              [
                116.34467542124838,
                39.94729061596603
              ],
              [
                116.344681890975,
                39.9472924390453
              ],
              [
                116.34468856171611,
                39.94729376526256
              ],
              [
                116.34469536922869,
                39.94729458184558
              ],
              [
                116.34470224795257,
                39.947294880930194
              ],
              [
                116.3447091316417,
                39.94729465963604
              ],
              [
                116.3447159540022,
                39.94729392009434
              ],
              [
                116.3447226493309,
                39.947292669427235
              ],
              [
                116.34472915314797,
                39.94729091967943
              ],
              [
                116.344735402818,
                39.94728868770195
              ],
              [
                116.34474133815313,
                39.947285994990004
              ],
              [
                116.34474690199272,
                39.947282867475955
              ],
              [
                116.34475204075397,
                39.94727933527949
              ],
              [
                116.34475670494776,
                39.947275432417676
              ],
              [
                116.34476084965534,
                39.94727119647727
              ],
              [
                116.34476443496098,
                39.94726666825272
              ],
              [
                116.34476742633626,
                39.94726189135342
              ],
              [
                116.34476979497276,
                39.9472569117835
              ],
              [
                116.34477151805928,
                39.947251777499005
              ],
              [
                116.34477257900171,
                39.947246537945944
              ],
              [
                116.34477296758276,
                39.947241243584095
              ],
              [
                116.3447726800603,
                39.94723594540104
              ],
              [
                116.34477171920351,
                39.94723069442121
              ],
              [
                116.3447700942661,
                39.94722554121436
              ],
              [
                116.34476782089726,
                39.94722053540868
              ],
              [
                116.34476492099087,
                39.947215725212786
              ],
              [
                116.34476142247478,
                39.947211156951425
              ]
            ]
          ],
          [
            [
              [
                116.34654468946839,
                39.94739505736662
              ],
              [
                116.34654119082417,
                39.9473904891581
              ],
              [
                116.34653712726873,
                39.947386206887636
              ],
              [
                116.34653253793634,
                39.9473822517958
              ],
              [
                116.34652746702483,
                39.947378661972195
              ],
              [
                116.34652196336984,
                39.94737547198876
              ],
              [
                116.34651607997452,
                39.94737271256671
              ],
              [
                116.34650987349912,
                39.947370410280726
              ],
              [
                116.34650340371526,
                39.94736858730304
              ],
              [
                116.34649673293046,
                39.94736726118988
              ],
              [
                116.3464899253878,
                39.947366444712436
              ],
              [
                116.34648304664755,
                39.94736614573378
              ],
              [
                116.34647616295554,
                39.94736636713325
              ],
              [
                116.34646934060534,
                39.94736710677863
              ],
              [
                116.34646264529981,
                39.947368357546786
              ],
              [
                116.34645614151822,
                39.947370107392125
              ],
              [
                116.34644989189542,
                39.94737233946271
              ],
              [
                116.34644395661859,
                39.947375032262585
              ],
              [
                116.34643839284762,
                39.947378159858616
              ],
              [
                116.34643325416462,
                39.94738169213039
              ],
              [
                116.34642859005791,
                39.9473855950603
              ],
              [
                116.34642444544538,
                39.94738983106102
              ],
              [
                116.34642086024196,
                39.947394359337636
              ],
              [
                116.3464178689752,
                39.94739913628038
              ],
              [
                116.34641550045268,
                39.94740411588478
              ],
              [
                116.34641377748477,
                39.947409250194525
              ],
              [
                116.34641271666464,
                39.94741448976345
              ],
              [
                116.34641232820879,
                39.94741978413167
              ],
              [
                116.34641261585838,
                39.9474250823115
              ],
              [
                116.34641357684333,
                39.947430333278604
              ],
              [
                116.34641520190902,
                39.94743548646327
              ],
              [
                116.34641747540529,
                39.94744049223748
              ],
              [
                116.34642037543723,
                39.947445302392865
              ],
              [
                116.34642387407611,
                39.947449870604956
              ],
              [
                116.34642793762816,
                39.94745415287931
              ],
              [
                116.34643252695922,
                39.94745810797524
              ],
              [
                116.3464375978715,
                39.94746169780295
              ],
              [
                116.34644310152939,
                39.94746488779037
              ],
              [
                116.34644898492958,
                39.94746764721611
              ],
              [
                116.34645519141165,
                39.94746994950537
              ],
              [
                116.34646166120368,
                39.947471772485784
              ],
              [
                116.34646833199791,
                39.947473098601
              ],
              [
                116.34647513955085,
                39.9474739150798
              ],
              [
                116.34648201830187,
                39.947474214059
              ],
              [
                116.34648890200467,
                39.94747399265928
              ],
              [
                116.3464957243653,
                39.94747325301283
              ],
              [
                116.3465024196805,
                39.94747200224288
              ],
              [
                116.34650892347064,
                39.947470252395036
              ],
              [
                116.34651517310051,
                39.947468020321345
              ],
              [
                116.34652110838269,
                39.94746532751793
              ],
              [
                116.34652667215704,
                39.94746219991801
              ],
              [
                116.34653181084138,
                39.94745866764214
              ],
              [
                116.3465364749473,
                39.94745476470813
              ],
              [
                116.34654061955696,
                39.94745052870341
              ],
              [
                116.34654420475552,
                39.947446000423106
              ],
              [
                116.34654719601562,
                39.94744122347708
              ],
              [
                116.34654956452994,
                39.94743624386996
              ],
              [
                116.34655128748844,
                39.94743110955814
              ],
              [
                116.34655234829826,
                39.947425869987875
              ],
              [
                116.34655273674338,
                39.94742057561912
              ],
              [
                116.34655244908299,
                39.94741527743954
              ],
              [
                116.34655148808761,
                39.94741002647349
              ],
              [
                116.34654986301224,
                39.947404873290644
              ],
              [
                116.34654758950744,
                39.947399867518904
              ],
              [
                116.34654468946839,
                39.94739505736662
              ]
            ]
          ],
          [
            [
              [
                116.34604325366355,
                39.947627043484154
              ],
              [
                116.34603975504129,
                39.94762247526085
              ],
              [
                116.34603569150381,
                39.947618192973124
              ],
              [
                116.34603110218526,
                39.947614237861686
              ],
              [
                116.3460260312833,
                39.94761064801638
              ],
              [
                116.34602052763348,
                39.94760745800931
              ],
              [
                116.3460146442389,
                39.94760469856192
              ],
              [
                116.34600843775979,
                39.94760239624915
              ],
              [
                116.34600196796791,
                39.9476005732435
              ],
              [
                116.34599529717067,
                39.94759924710143
              ],
              [
                116.34598848961141,
                39.94759843059442
              ],
              [
                116.34598161085052,
                39.947598131585856
              ],
              [
                116.34597472713406,
                39.94759835295533
              ],
              [
                116.3459679047558,
                39.94759909257097
              ],
              [
                116.34596120941883,
                39.94760034330985
              ],
              [
                116.3459547056028,
                39.9476020931267
              ],
              [
                116.34594845594285,
                39.94760432516987
              ],
              [
                116.34594252062655,
                39.94760701794363
              ],
              [
                116.34593695681413,
                39.94761014551514
              ],
              [
                116.34593181808813,
                39.9476136777642
              ],
              [
                116.34592715393725,
                39.94761758067342
              ],
              [
                116.34592300927984,
                39.94762181665568
              ],
              [
                116.34591942403125,
                39.947626344916245
              ],
              [
                116.34591643271945,
                39.94763112184552
              ],
              [
                116.3459140641525,
                39.947636101439095
              ],
              [
                116.34591234114114,
                39.94764123574084
              ],
              [
                116.34591128027901,
                39.94764647530464
              ],
              [
                116.34591089178295,
                39.947651769670635
              ],
              [
                116.34591117939456,
                39.94765706785118
              ],
              [
                116.34591214034413,
                39.947662318821955
              ],
              [
                116.34591376537735,
                39.947667472013194
              ],
              [
                116.34591603884436,
                39.94767247779681
              ],
              [
                116.34591893885062,
                39.94767728796433
              ],
              [
                116.34592243746754,
                39.947681856191195
              ],
              [
                116.3459265010016,
                39.94768613848282
              ],
              [
                116.34593109031883,
                39.94769009359833
              ],
              [
                116.34593616122157,
                39.94769368344775
              ],
              [
                116.34594166487429,
                39.94769687345881
              ],
              [
                116.34594754827373,
                39.9476996329099
              ],
              [
                116.34595375475949,
                39.94770193522594
              ],
              [
                116.34596022455959,
                39.94770375823433
              ],
              [
                116.34596689536623,
                39.94770508437846
              ],
              [
                116.34597370293577,
                39.94770590088682
              ],
              [
                116.3459805817074,
                39.94770619989593
              ],
              [
                116.34598746543469,
                39.94770597852619
              ],
              [
                116.34599428782339,
                39.94770523890951
              ],
              [
                116.34600098317001,
                39.94770398816882
              ],
              [
                116.3460074869946,
                39.94770223834946
              ],
              [
                116.3460137366616,
                39.94770000630319
              ],
              [
                116.34601967198327,
                39.94769731352587
              ],
              [
                116.34602523579908,
                39.947694185950475
              ],
              [
                116.3460303745264,
                39.947690653697336
              ],
              [
                116.34603503867649,
                39.94768675078399
              ],
              [
                116.34603918333104,
                39.94768251479775
              ],
              [
                116.34604276857476,
                39.9476779865335
              ],
              [
                116.3460457598799,
                39.94767320960095
              ],
              [
                116.34604812843864,
                39.94766823000464
              ],
              [
                116.34604985144061,
                39.94766309570082
              ],
              [
                116.34605091229245,
                39.94765785613569
              ],
              [
                116.34605130077775,
                39.94765256176916
              ],
              [
                116.34605101315533,
                39.94764726358884
              ],
              [
                116.34605005219534,
                39.94764201261913
              ],
              [
                116.34604842715245,
                39.94763685942971
              ],
              [
                116.34604615367688,
                39.947631853648595
              ],
              [
                116.34604325366355,
                39.947627043484154
              ]
            ]
          ],
          [
            [
              [
                116.34490264560932,
                39.9476533672489
              ],
              [
                116.34489914706211,
                39.94764879899179
              ],
              [
                116.34489508359475,
                39.94764451666467
              ],
              [
                116.34489049434077,
                39.94764056150862
              ],
              [
                116.3448854234972,
                39.947636971613896
              ],
              [
                116.344879919899,
                39.94763378155309
              ],
              [
                116.3448740365488,
                39.94763102204818
              ],
              [
                116.34486783010642,
                39.94762871967466
              ],
              [
                116.34486136034319,
                39.94762689660556
              ],
              [
                116.34485468956632,
                39.94762557039804
              ],
              [
                116.34484788201895,
                39.94762475382414
              ],
              [
                116.34484100326131,
                39.94762445474792
              ],
              [
                116.34483411953944,
                39.94762467604962
              ],
              [
                116.34482729714718,
                39.94762541559798
              ],
              [
                116.34482060178777,
                39.947626666270814
              ],
              [
                116.34481409794105,
                39.94762841602342
              ],
              [
                116.34480784824247,
                39.947630648004775
              ],
              [
                116.34480191287994,
                39.94763334071975
              ],
              [
                116.34479634901419,
                39.94763646823605
              ],
              [
                116.34479121022822,
                39.947640000434056
              ],
              [
                116.34478654601135,
                39.94764390329682
              ],
              [
                116.34478240128253,
                39.947648139237714
              ],
              [
                116.3447788159578,
                39.94765266746236
              ],
              [
                116.34477582456589,
                39.94765744436152
              ],
              [
                116.34477345591563,
                39.9476624239311
              ],
              [
                116.34477173281853,
                39.94766755821518
              ],
              [
                116.3447706718691,
                39.9476727977678
              ],
              [
                116.34477028328497,
                39.94767809212922
              ],
              [
                116.34477057080862,
                39.947683390311894
              ],
              [
                116.34477153167121,
                39.94768864129139
              ],
              [
                116.3447731566192,
                39.9476937944979
              ],
              [
                116.34477543000364,
                39.947698800303186
              ],
              [
                116.34477832993069,
                39.94770361049859
              ],
              [
                116.34478182847258,
                39.94770817875925
              ],
              [
                116.34478589193651,
                39.94771246109026
              ],
              [
                116.34479048118916,
                39.94771641625041
              ],
              [
                116.34479555203353,
                39.94772000614925
              ],
              [
                116.3448010556346,
                39.94772319621403
              ],
              [
                116.34480693898968,
                39.947725955722625
              ],
              [
                116.3448131454387,
                39.94772825809944
              ],
              [
                116.34481961521016,
                39.94773008117125
              ],
              [
                116.34482628599643,
                39.947731407380864
              ],
              [
                116.34483309355407,
                39.94773222395609
              ],
              [
                116.34483997232248,
                39.947732523032855
              ],
              [
                116.34484685605514,
                39.94773230173091
              ],
              [
                116.34485367845782,
                39.94773156218148
              ],
              [
                116.3448603738269,
                39.947730311506845
              ],
              [
                116.34486687768218,
                39.94772856175175
              ],
              [
                116.34487312738786,
                39.9477263297673
              ],
              [
                116.34487906275572,
                39.947723637048774
              ],
              [
                116.34488462662489,
                39.947720509528565
              ],
              [
                116.34488976541218,
                39.94771697732648
              ],
              [
                116.34489442962825,
                39.94771307445959
              ],
              [
                116.3448985743542,
                39.94770883851472
              ],
              [
                116.34490215967406,
                39.94770431028639
              ],
              [
                116.34490515105932,
                39.947699533383954
              ],
              [
                116.34490751970137,
                39.947694553811644
              ],
              [
                116.34490924278906,
                39.947689419525496
              ],
              [
                116.34491030372823,
                39.94768417997154
              ],
              [
                116.34491069230158,
                39.94767888560955
              ],
              [
                116.34491040476712,
                39.94767358742715
              ],
              [
                116.34490944389412,
                39.9476683364487
              ],
              [
                116.34490781893645,
                39.947663183244
              ],
              [
                116.34490554554347,
                39.94765817744121
              ],
              [
                116.34490264560932,
                39.9476533672489
              ]
            ]
          ],
          [
            [
              [
                116.34553831588957,
                39.9478544591581
              ],
              [
                116.34553425237006,
                39.94785017685312
              ],
              [
                116.34552966306535,
                39.9478462217221
              ],
              [
                116.34552459217292,
                39.947842631855075
              ],
              [
                116.34551908852828,
                39.94783944182434
              ],
              [
                116.34551320513444,
                39.94783668235162
              ],
              [
                116.34550699865166,
                39.947834380012075
              ],
              [
                116.34550052885167,
                39.94783255697843
              ],
              [
                116.34549385804206,
                39.94783123080746
              ],
              [
                116.3454870504662,
                39.947830414270896
              ],
              [
                116.34548017168467,
                39.94783011523243
              ],
              [
                116.34547328794373,
                39.947830336571926
              ],
              [
                116.34546646553738,
                39.947831076157776
              ],
              [
                116.34545977016903,
                39.94783232686739
              ],
              [
                116.34545326631853,
                39.94783407665578
              ],
              [
                116.34544701662145,
                39.947836308671526
              ],
              [
                116.34544108126565,
                39.947839001419176
              ],
              [
                116.3454355174118,
                39.94784212896616
              ],
              [
                116.34543037864277,
                39.94784566119251
              ],
              [
                116.34542571444776,
                39.94784956408105
              ],
              [
                116.34542156974545,
                39.947853800044854
              ],
              [
                116.3454179844517,
                39.94785832828935
              ],
              [
                116.34541499309486,
                39.947863105205116
              ],
              [
                116.34541262448349,
                39.9478680847879
              ],
              [
                116.34541090142864,
                39.94787321908164
              ],
              [
                116.3454098405245,
                39.9478784586403
              ],
              [
                116.34540945198827,
                39.947883753004085
              ],
              [
                116.34540973956189,
                39.94788905118537
              ],
              [
                116.34541070047608,
                39.94789430215981
              ],
              [
                116.34541232547681,
                39.9478994553576
              ],
              [
                116.3454145989146,
                39.947904461150614
              ],
              [
                116.34541749889515,
                39.94790927133029
              ],
              [
                116.34542099749011,
                39.947913839571925
              ],
              [
                116.34542506100618,
                39.94791812188082
              ],
              [
                116.34542965030957,
                39.94792207701591
              ],
              [
                116.34543472120278,
                39.94792566688706
              ],
              [
                116.34544022485034,
                39.947928856921756
              ],
              [
                116.345446108249,
                39.94793161639818
              ],
              [
                116.34545231473845,
                39.947933918741015
              ],
              [
                116.34545878454662,
                39.94793574177738
              ],
              [
                116.34546545536568,
                39.94793706795041
              ],
              [
                116.3454722629518,
                39.947937884488304
              ],
              [
                116.3454791417441,
                39.947938183527334
              ],
              [
                116.34548602549584,
                39.94793796218759
              ],
              [
                116.3454928479126,
                39.94793722260067
              ],
              [
                116.34549954329064,
                39.947935971889244
              ],
              [
                116.34550604714967,
                39.947934222098375
              ],
              [
                116.34551229685384,
                39.94793199007953
              ],
              [
                116.34551823221497,
                39.947929297328315
              ],
              [
                116.34552379607224,
                39.947926169777446
              ],
              [
                116.34552893484259,
                39.94792263754701
              ],
              [
                116.34553359903683,
                39.947918734654365
              ],
              [
                116.34553774373624,
                39.94791449868657
              ],
              [
                116.34554132902514,
                39.94790997043837
              ],
              [
                116.34554432037531,
                39.94790519351933
              ],
              [
                116.34554668897852,
                39.947900213933806
              ],
              [
                116.3455484120239,
                39.947895079638
              ],
              [
                116.34554947291777,
                39.94788984007803
              ],
              [
                116.34554986144326,
                39.947884545713684
              ],
              [
                116.34554957385883,
                39.94787924753265
              ],
              [
                116.34554861293422,
                39.947873996559274
              ],
              [
                116.34554698792381,
                39.94786884336328
              ],
              [
                116.34554471447747,
                39.947863837572775
              ],
              [
                116.34554181448986,
                39.94785902739618
              ],
              [
                116.34553831588957,
                39.9478544591581
              ]
            ]
          ],
          [
            [
              [
                116.34503687336897,
                39.94808644084979
              ],
              [
                116.34503280986745,
                39.948082158527534
              ],
              [
                116.34502822057655,
                39.94807820337694
              ],
              [
                116.3450231496937,
                39.948074613488195
              ],
              [
                116.34501764605422,
                39.948071423433824
              ],
              [
                116.34501176266114,
                39.948068663935764
              ],
              [
                116.34500555617467,
                39.948066361569424
              ],
              [
                116.3449990863666,
                39.94806453850781
              ],
              [
                116.3449924155446,
                39.94806321230793
              ],
              [
                116.34498560795214,
                39.94806239574182
              ],
              [
                116.34497872914997,
                39.94806209667343
              ],
              [
                116.34497184538456,
                39.94806231798296
              ],
              [
                116.34496502295015,
                39.94806305753903
              ],
              [
                116.34495832755037,
                39.94806430821939
              ],
              [
                116.34495182366544,
                39.948066057979275
              ],
              [
                116.34494557393123,
                39.9480682899676
              ],
              [
                116.34493963853592,
                39.94807098268916
              ],
              [
                116.34493407464063,
                39.9480741102116
              ],
              [
                116.3449289358286,
                39.94807764241524
              ],
              [
                116.34492427158942,
                39.94808154528308
              ],
              [
                116.34492012684223,
                39.948085781228436
              ],
              [
                116.3449165415033,
                39.94809030945688
              ],
              [
                116.34491355010144,
                39.94809508635916
              ],
              [
                116.3449111814456,
                39.94810006593114
              ],
              [
                116.34490945834733,
                39.948105200216865
              ],
              [
                116.34490839740118,
                39.948110439770396
              ],
              [
                116.34490800882472,
                39.94811573413195
              ],
              [
                116.3449082963604,
                39.948121032313985
              ],
              [
                116.34490925723918,
                39.94812628329207
              ],
              [
                116.34491088220744,
                39.948131436496425
              ],
              [
                116.344913155616,
                39.948136442298846
              ],
              [
                116.34491605557082,
                39.94814125249067
              ],
              [
                116.34491955414381,
                39.94814582074709
              ],
              [
                116.34492361764192,
                39.94815010307323
              ],
              [
                116.34492820693147,
                39.94815405822792
              ],
              [
                116.34493327781514,
                39.948157648120784
              ],
              [
                116.3449387814575,
                39.94816083817912
              ],
              [
                116.34494466485546,
                39.94816359768088
              ],
              [
                116.34495087134857,
                39.94816590005049
              ],
              [
                116.34495734116484,
                39.94816772311484
              ],
              [
                116.34496401199627,
                39.94816904931679
              ],
              [
                116.34497081959898,
                39.94816986588423
              ],
              [
                116.3449776984119,
                39.94817016495316
              ],
              [
                116.34498458218812,
                39.94816994364341
              ],
              [
                116.34499140463296,
                39.94816920408627
              ],
              [
                116.34499810004242,
                39.94816795340411
              ],
              [
                116.34500460393589,
                39.94816620364172
              ],
              [
                116.34501085367721,
                39.948163971650295
              ],
              [
                116.34501678907783,
                39.94816127892519
              ],
              [
                116.34502235297653,
                39.94815815139884
              ],
              [
                116.3450274917899,
                39.948154619191115
              ],
              [
                116.34503215602831,
                39.94815071631916
              ],
              [
                116.34503630077259,
                39.948146480369836
              ],
              [
                116.34503988610668,
                39.948141952137696
              ],
              [
                116.34504287750185,
                39.94813717523213
              ],
              [
                116.34504524614952,
                39.94813219565743
              ],
              [
                116.34504696923835,
                39.94812706136962
              ],
              [
                116.34504803017425,
                39.94812182181478
              ],
              [
                116.34504841873992,
                39.948116527452655
              ],
              [
                116.34504813119348,
                39.948111229270886
              ],
              [
                116.34504717030424,
                39.948105978293846
              ],
              [
                116.34504554532631,
                39.9481008250913
              ],
              [
                116.34504327190922,
                39.948095819291375
              ],
              [
                116.34504037194732,
                39.94809100910265
              ],
              [
                116.34503687336897,
                39.94808644084979
              ]
            ]
          ],
          [
            [
              [
                116.34865516303209,
                39.944869150067795
              ],
              [
                116.34865166437304,
                39.944864581920896
              ],
              [
                116.34864760083228,
                39.94486029972269
              ],
              [
                116.34864301154406,
                39.94485634471305
              ],
              [
                116.34863794070569,
                39.94485275498082
              ],
              [
                116.34863243715213,
                39.94484956509704
              ],
              [
                116.34862655388554,
                39.94484680578195
              ],
              [
                116.34862034756496,
                39.944844503609225
              ],
              [
                116.34861387796055,
                39.94484268075
              ],
              [
                116.348607207378,
                39.944841354759355
              ],
              [
                116.34860040005852,
                39.944840538407284
              ],
              [
                116.3485935215602,
                39.944840239555674
              ],
              [
                116.34858663812659,
                39.944840461082656
              ],
              [
                116.34857981604873,
                39.94484120085477
              ],
              [
                116.34857312102682,
                39.94484245174764
              ],
              [
                116.34856661753746,
                39.944844201714496
              ],
              [
                116.34856036821269,
                39.94484643390225
              ],
              [
                116.34855443323676,
                39.944849126813736
              ],
              [
                116.34854886976672,
                39.944852254514835
              ],
              [
                116.34854373138175,
                39.9448557868841
              ],
              [
                116.34853906756732,
                39.94485968990294
              ],
              [
                116.34853492323847,
                39.94486392598323
              ],
              [
                116.34853133830744,
                39.94486845432926
              ],
              [
                116.34852834729911,
                39.94487323133061
              ],
              [
                116.34852597901866,
                39.94487821098221
              ],
              [
                116.34852425627402,
                39.94488334532734
              ],
              [
                116.34852319565627,
                39.944888584919454
              ],
              [
                116.34852280737994,
                39.94489387929846
              ],
              [
                116.34852309518449,
                39.94489917747659
              ],
              [
                116.34852405629832,
                39.94490442842949
              ],
              [
                116.34852568146557,
                39.944909581587595
              ],
              [
                116.34852795503512,
                39.94491458732316
              ],
              [
                116.34853085511133,
                39.94491939742817
              ],
              [
                116.34853435376507,
                39.944923965578646
              ],
              [
                116.3485384173024,
                39.944928247780744
              ],
              [
                116.34854300658932,
                39.94493220279446
              ],
              [
                116.34854807742849,
                39.94493579253079
              ],
              [
                116.34855358098491,
                39.94493898241858
              ],
              [
                116.34855946425637,
                39.94494174173736
              ],
              [
                116.34856567058361,
                39.944944043913345
              ],
              [
                116.34857214019623,
                39.944945866775306
              ],
              [
                116.34857881078818,
                39.94494719276801
              ],
              [
                116.34858561811795,
                39.94494800912142
              ],
              [
                116.34859249662699,
                39.94494830797358
              ],
              [
                116.34859938007142,
                39.94494808644635
              ],
              [
                116.34860620215971,
                39.94494734667319
              ],
              [
                116.34861289719129,
                39.9449460957785
              ],
              [
                116.34861940068917,
                39.94494434580915
              ],
              [
                116.34862565002105,
                39.94494211361832
              ],
              [
                116.34863158500232,
                39.94493942070326
              ],
              [
                116.34863714847575,
                39.944936292998264
              ],
              [
                116.34864228686205,
                39.94493276062492
              ],
              [
                116.34864695067571,
                39.944928857601965
              ],
              [
                116.34865109500167,
                39.94492462151769
              ],
              [
                116.34865467992785,
                39.944920093167966
              ],
              [
                116.34865767092951,
                39.94491531616334
              ],
              [
                116.34866003920177,
                39.94491033650901
              ],
              [
                116.348661761937,
                39.94490520216181
              ],
              [
                116.34866282254443,
                39.94489996256835
              ],
              [
                116.34866321081003,
                39.94489466818881
              ],
              [
                116.34866292299469,
                39.944889370010934
              ],
              [
                116.3486619618704,
                39.94488411905909
              ],
              [
                116.3486603366935,
                39.94487896590279
              ],
              [
                116.34865806311541,
                39.94487396016972
              ],
              [
                116.34865516303209,
                39.944869150067795
              ]
            ]
          ],
          [
            [
              [
                116.34924017716536,
                39.94487243531975
              ],
              [
                116.34923667846697,
                39.94486786719018
              ],
              [
                116.34923261488929,
                39.9448635850122
              ],
              [
                116.34922802556684,
                39.94485963002545
              ],
              [
                116.3492229546973,
                39.94485604031856
              ],
              [
                116.34921745111593,
                39.944852850462325
              ],
              [
                116.34921156782517,
                39.94485009117674
              ],
              [
                116.34920536148427,
                39.944847789035165
              ],
              [
                116.34919889186357,
                39.94484596620847
              ],
              [
                116.34919222126892,
                39.94484464025139
              ],
              [
                116.34918541394174,
                39.94484382393362
              ],
              [
                116.34917853544006,
                39.9448435251167
              ],
              [
                116.34917165200753,
                39.94484374667842
              ],
              [
                116.34916482993518,
                39.94484448648501
              ],
              [
                116.34915813492317,
                39.94484573741175
              ],
              [
                116.34915163144795,
                39.94484748741152
              ],
              [
                116.34914538214143,
                39.94484971963097
              ],
              [
                116.34913944718777,
                39.944852412572594
              ],
              [
                116.34913388374373,
                39.94485554030197
              ],
              [
                116.34912874538826,
                39.9448590726974
              ],
              [
                116.3491240816065,
                39.94486297574005
              ],
              [
                116.34911993731325,
                39.94486721184153
              ],
              [
                116.34911635242037,
                39.944871740205954
              ],
              [
                116.3491133614524,
                39.944876517222724
              ],
              [
                116.34911099321405,
                39.944881496886616
              ],
              [
                116.34910927051294,
                39.94488663124078
              ],
              [
                116.34910820993971,
                39.94489187083862
              ],
              [
                116.34910782170843,
                39.944897165219935
              ],
              [
                116.34910810955812,
                39.944902463396964
              ],
              [
                116.3491090707168,
                39.944907714345376
              ],
              [
                116.34911069592815,
                39.944912867495646
              ],
              [
                116.34911296954056,
                39.944917873220064
              ],
              [
                116.34911586965812,
                39.944922683310764
              ],
              [
                116.34911936835115,
                39.9449272514439
              ],
              [
                116.34912343192543,
                39.944931533625784
              ],
              [
                116.34912802124657,
                39.944935488616615
              ],
              [
                116.3491330921169,
                39.94493907832761
              ],
              [
                116.34913859570113,
                39.94494226818783
              ],
              [
                116.34914447899676,
                39.94494502747712
              ],
              [
                116.34915068534433,
                39.94494732962195
              ],
              [
                116.34915715497323,
                39.94494915245138
              ],
              [
                116.34916382557728,
                39.944950478410526
              ],
              [
                116.34917063291478,
                39.94495129472964
              ],
              [
                116.34917751142719,
                39.9449515935471
              ],
              [
                116.34918439487052,
                39.94495137198513
              ],
              [
                116.34919121695329,
                39.94495063217749
              ],
              [
                116.349197911975,
                39.94494938124894
              ],
              [
                116.34920441545873,
                39.94494763124664
              ],
              [
                116.34921066477233,
                39.94494539902414
              ],
              [
                116.34921659973134,
                39.94494270607894
              ],
              [
                116.34922216317878,
                39.944939578345675
              ],
              [
                116.34922730153558,
                39.94493604594616
              ],
              [
                116.34923196531653,
                39.944932142899404
              ],
              [
                116.34923610960689,
                39.94492790679393
              ],
              [
                116.34923969449494,
                39.94492337842581
              ],
              [
                116.34924268545625,
                39.94491860140577
              ],
              [
                116.34924505368637,
                39.94491362173915
              ],
              [
                116.3492467763781,
                39.94490848738292
              ],
              [
                116.34924783694102,
                39.944903247783756
              ],
              [
                116.34924822516156,
                39.94489795340188
              ],
              [
                116.34924793730109,
                39.944892655225104
              ],
              [
                116.34924697613197,
                39.94488740427775
              ],
              [
                116.34924535091096,
                39.9448822511293
              ],
              [
                116.34924307728997,
                39.94487724540736
              ],
              [
                116.34924017716536,
                39.94487243531975
              ]
            ]
          ],
          [
            [
              [
                116.34982169265689,
                39.9448711495078
              ],
              [
                116.34981762904228,
                39.944866867350036
              ],
              [
                116.3498130396856,
                39.94486291238617
              ],
              [
                116.34980796878489,
                39.94485932270464
              ],
              [
                116.34980246517571,
                39.94485613287595
              ],
              [
                116.34979658186077,
                39.944853373619864
              ],
              [
                116.34979037549954,
                39.94485107150945
              ],
              [
                116.34978390586255,
                39.94484924871527
              ],
              [
                116.34977723525586,
                39.94484792279176
              ],
              [
                116.3497704279209,
                39.94484710650828
              ],
              [
                116.34976354941591,
                39.94484680772606
              ],
              [
                116.34975666598446,
                39.944847029322524
              ],
              [
                116.34974984391764,
                39.944847769163594
              ],
              [
                116.34974314891546,
                39.94484902012418
              ],
              [
                116.3497366454544,
                39.944850770156904
              ],
              [
                116.3497303961662,
                39.94485300240803
              ],
              [
                116.34972446123477,
                39.94485569537978
              ],
              [
                116.34971889781671,
                39.944858823137444
              ],
              [
                116.34971375949073,
                39.94486235555903
              ],
              [
                116.34970909574167,
                39.94486625862548
              ],
              [
                116.34970495148404,
                39.944870494748166
              ],
              [
                116.3497013666293,
                39.94487502313099
              ],
              [
                116.34969837570166,
                39.94487980016318
              ],
              [
                116.34969600750546,
                39.94488477983935
              ],
              [
                116.34969428484789,
                39.94488991420256
              ],
              [
                116.34969322431915,
                39.944895153806094
              ],
              [
                116.34969283613293,
                39.944900448189735
              ],
              [
                116.34969312402777,
                39.944905746365684
              ],
              [
                116.34969408523128,
                39.94491099730959
              ],
              [
                116.34969571048669,
                39.94491615045201
              ],
              [
                116.34969798414203,
                39.94492115616531
              ],
              [
                116.34970088430089,
                39.9449259662417
              ],
              [
                116.34970438303323,
                39.94493053435748
              ],
              [
                116.34970844664446,
                39.944934816519144
              ],
              [
                116.34971303599981,
                39.944938771487095
              ],
              [
                116.34971810690129,
                39.944942361172735
              ],
              [
                116.34972361051337,
                39.94494555100541
              ],
              [
                116.34972949383317,
                39.94494831026519
              ],
              [
                116.34973570020105,
                39.94495061237887
              ],
              [
                116.34974216984624,
                39.94495243517578
              ],
              [
                116.34974884046235,
                39.94495376110137
              ],
              [
                116.34975564780758,
                39.94495457738616
              ],
              [
                116.34976252632332,
                39.94495487616896
              ],
              [
                116.34976940976556,
                39.94495465457223
              ],
              [
                116.34977623184284,
                39.94495391473012
              ],
              [
                116.34978292685467,
                39.9449526637677
              ],
              [
                116.34978943032428,
                39.94495091373248
              ],
              [
                116.34979567961958,
                39.94494868147828
              ],
              [
                116.34980161455633,
                39.94494598850296
              ],
              [
                116.3498071779778,
                39.944942860741406
              ],
              [
                116.3498123163051,
                39.944939328315726
              ],
              [
                116.34981698005338,
                39.94493542524516
              ],
              [
                116.34982112430814,
                39.9449311891185
              ],
              [
                116.349824709158,
                39.94492666073198
              ],
              [
                116.34982770007898,
                39.944921883696516
              ],
              [
                116.34983006826697,
                39.94491690401762
              ],
              [
                116.34983179091513,
                39.944911769652336
              ],
              [
                116.34983285143359,
                39.94490653004746
              ],
              [
                116.34983323960907,
                39.94490123566328
              ],
              [
                116.34983295170342,
                39.9448959374876
              ],
              [
                116.34983199048946,
                39.94489068654474
              ],
              [
                116.34983036522439,
                39.94488553340413
              ],
              [
                116.34982809156051,
                39.944880527693336
              ],
              [
                116.3498251913946,
                39.94487571762002
              ],
              [
                116.34982169265689,
                39.9448711495078
              ]
            ]
          ],
          [
            [
              [
                116.35040670694269,
                39.94487442887375
              ],
              [
                116.35040264329113,
                39.9448701467362
              ],
              [
                116.35039805390024,
                39.94486619179523
              ],
              [
                116.35039298296837,
                39.94486260213903
              ],
              [
                116.35038747933139,
                39.944859412337905
              ],
              [
                116.35038159599226,
                39.944856653111316
              ],
              [
                116.35037538961069,
                39.94485435103207
              ],
              [
                116.35036891995745,
                39.9448525282704
              ],
              [
                116.35036224933869,
                39.94485120238046
              ],
              [
                116.350355441996,
                39.94485038613128
              ],
              [
                116.35034856348764,
                39.944850087383735
              ],
              [
                116.35034168005728,
                39.944850309014946
              ],
              [
                116.35033485799596,
                39.944851048890484
              ],
              [
                116.3503281630037,
                39.94485229988495
              ],
              [
                116.35032165955677,
                39.94485404995061
              ],
              [
                116.35031541028684,
                39.94485628223342
              ],
              [
                116.35030947537767,
                39.944858975235306
              ],
              [
                116.3503039119856,
                39.944862103021244
              ],
              [
                116.3502987736891,
                39.94486563546899
              ],
              [
                116.35029410997275,
                39.94486953855926
              ],
              [
                116.3502899657507,
                39.94487377470315
              ],
              [
                116.35028638093412,
                39.94487830310435
              ],
              [
                116.35028339004683,
                39.944883080151946
              ],
              [
                116.35028102189278,
                39.944888059840416
              ],
              [
                116.35027929927872,
                39.94489319421266
              ],
              [
                116.35027823879449,
                39.944898433821905
              ],
              [
                116.35027785065331,
                39.944903728207855
              ],
              [
                116.35027813859332,
                39.94490902638271
              ],
              [
                116.35027909984166,
                39.94491427732212
              ],
              [
                116.35028072514115,
                39.94491943045669
              ],
              [
                116.35028299883939,
                39.94492443615886
              ],
              [
                116.35028589903955,
                39.94492924622094
              ],
              [
                116.3502893978112,
                39.944933814319384
              ],
              [
                116.35029346145937,
                39.94493809646083
              ],
              [
                116.35029805084895,
                39.94494205140589
              ],
              [
                116.3503031217816,
                39.94494564106619
              ],
              [
                116.35030862542146,
                39.9449488308713
              ],
              [
                116.35031450876545,
                39.94495159010159
              ],
              [
                116.35032071515369,
                39.94495389218411
              ],
              [
                116.35032718481511,
                39.9449557149485
              ],
              [
                116.3503338554433,
                39.94495704084051
              ],
              [
                116.35034066279628,
                39.94495785709103
              ],
              [
                116.35034754131539,
                39.944958155839124
              ],
              [
                116.35035442475653,
                39.94495793420765
              ],
              [
                116.35036124682829,
                39.94495719433106
              ],
              [
                116.35036794183024,
                39.94495594333478
              ],
              [
                116.3503744452857,
                39.94495419326662
              ],
              [
                116.3503806945627,
                39.944951960980745
              ],
              [
                116.35038662947723,
                39.94494926797528
              ],
              [
                116.35039219287269,
                39.94494614018545
              ],
              [
                116.3503973311705,
                39.9449426077336
              ],
              [
                116.35040199488607,
                39.94493870463924
              ],
              [
                116.35040613910525,
                39.94493446849139
              ],
              [
                116.35040972391694,
                39.944929940086475
              ],
              [
                116.3504127147976,
                39.94492516303559
              ],
              [
                116.35041508294344,
                39.9449201833444
              ],
              [
                116.3504168055481,
                39.94491504897009
              ],
              [
                116.35041786602203,
                39.94490980935951
              ],
              [
                116.35041825415246,
                39.944904514973004
              ],
              [
                116.35041796620166,
                39.94489921679842
              ],
              [
                116.35041700494287,
                39.944893965860054
              ],
              [
                116.35041537963373,
                39.94488881272729
              ],
              [
                116.35041310592695,
                39.94488380702763
              ],
              [
                116.35041020571971,
                39.94487899696863
              ],
              [
                116.35040670694269,
                39.94487442887375
              ]
            ]
          ],
          [
            [
              [
                116.35099522014062,
                39.944882273365565
              ],
              [
                116.35099172132432,
                39.94487770528803
              ],
              [
                116.35098765763581,
                39.94487342317069
              ],
              [
                116.3509830682107,
                39.944869468252605
              ],
              [
                116.35097799724767,
                39.94486587862176
              ],
              [
                116.35097249358287,
                39.94486268884818
              ],
              [
                116.35096661021956,
                39.944859929651095
              ],
              [
                116.35096040381767,
                39.944857627603014
              ],
              [
                116.35095393414814,
                39.94485580487387
              ],
              [
                116.35094726351733,
                39.9448544790175
              ],
              [
                116.35094045616687,
                39.94485366280259
              ],
              [
                116.35093357765521,
                39.944853364089745
              ],
              [
                116.35092669422592,
                39.94485358575571
              ],
              [
                116.35091987217011,
                39.944854325665716
              ],
              [
                116.35091317718772,
                39.944855576694046
              ],
              [
                116.35090667375495,
                39.94485732679265
              ],
              [
                116.3509004245033,
                39.94485955910714
              ],
              [
                116.35089448961638,
                39.944862252139146
              ],
              [
                116.3508889262503,
                39.94486537995338
              ],
              [
                116.3508837879833,
                39.94486891242731
              ],
              [
                116.35087912429967,
                39.94487281554135
              ],
              [
                116.3508749801132,
                39.94487705170643
              ],
              [
                116.35087139533478,
                39.94488158012604
              ],
              [
                116.35086840448781,
                39.944886357189056
              ],
              [
                116.3508660363759,
                39.9448913368898
              ],
              [
                116.35086431380537,
                39.9448964712711
              ],
              [
                116.35086325336565,
                39.944901710886036
              ],
              [
                116.35086286526953,
                39.9449070052743
              ],
              [
                116.35086315325469,
                39.94491230344807
              ],
              [
                116.35086411454787,
                39.944917554383
              ],
              [
                116.35086573989145,
                39.944922707509704
              ],
              [
                116.35086801363255,
                39.944927713200734
              ],
              [
                116.35087091387403,
                39.94493252324852
              ],
              [
                116.350874412685,
                39.944937091329614
              ],
              [
                116.35087847637013,
                39.944941373450845
              ],
              [
                116.3508830657939,
                39.94494532837301
              ],
              [
                116.3508881367577,
                39.94494891800797
              ],
              [
                116.35089364042538,
                39.944952107785525
              ],
              [
                116.35089952379357,
                39.944954866986315
              ],
              [
                116.3509057302021,
                39.94495716903767
              ],
              [
                116.35091219987983,
                39.94495899176954
              ],
              [
                116.35091887052009,
                39.94496031762799
              ],
              [
                116.35092567788078,
                39.9449611338442
              ],
              [
                116.35093255640324,
                39.944961432557605
              ],
              [
                116.3509394398433,
                39.944961210891385
              ],
              [
                116.35094626190956,
                39.94496047098033
              ],
              [
                116.35095295690162,
                39.94495921995018
              ],
              [
                116.35095946034293,
                39.94495746984909
              ],
              [
                116.35096570960167,
                39.94495523753152
              ],
              [
                116.35097164449392,
                39.94495254449595
              ],
              [
                116.35097720786338,
                39.94494941667782
              ],
              [
                116.35098234613173,
                39.944945884199804
              ],
              [
                116.35098700981457,
                39.944941981081655
              ],
              [
                116.35099115399815,
                39.94493774491259
              ],
              [
                116.35099473877172,
                39.9449332164893
              ],
              [
                116.350997729612,
                39.94492843942299
              ],
              [
                116.35100009771573,
                39.94492345971951
              ],
              [
                116.35100182027684,
                39.944918325336154
              ],
              [
                116.35100288070626,
                39.94491308571988
              ],
              [
                116.35100326879166,
                39.944907791331055
              ],
              [
                116.3510029807957,
                39.94490249315756
              ],
              [
                116.35100201949207,
                39.94489724222369
              ],
              [
                116.35100039413884,
                39.944892089098786
              ],
              [
                116.35099812038918,
                39.94488708341026
              ],
              [
                116.35099522014062,
                39.944882273365565
              ]
            ]
          ],
          [
            [
              [
                116.35158023465726,
                39.94488554681082
              ],
              [
                116.35157673580164,
                39.94488097875063
              ],
              [
                116.35157267207619,
                39.944876696653516
              ],
              [
                116.35156808261685,
                39.94487274175831
              ],
              [
                116.35156301162267,
                39.94486915215282
              ],
              [
                116.35155750793007,
                39.944865962406794
              ],
              [
                116.35155162454258,
                39.94486320323921
              ],
              [
                116.35154541812037,
                39.94486090122228
              ],
              [
                116.35153894843455,
                39.94485907852566
              ],
              [
                116.35153227779168,
                39.94485775270285
              ],
              [
                116.35152547043349,
                39.94485693652226
              ],
              [
                116.35151859191846,
                39.94485663784409
              ],
              [
                116.35151170849029,
                39.9448568595448
              ],
              [
                116.35150488643998,
                39.94485759948928
              ],
              [
                116.35149819146747,
                39.94485885055148
              ],
              [
                116.35149168804884,
                39.94486060068301
              ],
              [
                116.35148543881549,
                39.944862833029184
              ],
              [
                116.35147950395081,
                39.94486552609133
              ],
              [
                116.35147394061075,
                39.944868653933824
              ],
              [
                116.35146880237323,
                39.944872186433926
              ],
              [
                116.35146413872229,
                39.94487608957177
              ],
              [
                116.35145999457144,
                39.94488032575805
              ],
              [
                116.35145640983116,
                39.94488485419605
              ],
              [
                116.35145341902455,
                39.944889631274485
              ],
              [
                116.35145105095478,
                39.94489461098752
              ],
              [
                116.35144932842776,
                39.944899745377846
              ],
              [
                116.35144826803256,
                39.944904984998495
              ],
              [
                116.35144787998145,
                39.94491027938909
              ],
              [
                116.3514481680118,
                39.944915577561744
              ],
              [
                116.35144912934982,
                39.944920828492165
              ],
              [
                116.35145075473746,
                39.944925981611036
              ],
              [
                116.35145302852146,
                39.94493098729093
              ],
              [
                116.35145592880424,
                39.9449357973244
              ],
              [
                116.35145942765455,
                39.94494036538815
              ],
              [
                116.35146349137659,
                39.944944647489166
              ],
              [
                116.35146808083458,
                39.94494860238845
              ],
              [
                116.35147315182957,
                39.94495219199806
              ],
              [
                116.35147865552504,
                39.944955381748066
              ],
              [
                116.35148453891739,
                39.944958140919354
              ],
              [
                116.35149074534628,
                39.944960442939546
              ],
              [
                116.35149721504028,
                39.944962265638885
              ],
              [
                116.35150388569258,
                39.94496359146377
              ],
              [
                116.35151069306104,
                39.9449644076457
              ],
              [
                116.3515175715868,
                39.94496470632441
              ],
              [
                116.35152445502578,
                39.94496448462344
              ],
              [
                116.35153127708655,
                39.944963744677914
              ],
              [
                116.35153797206874,
                39.9449624936139
              ],
              [
                116.35154447549588,
                39.944960743479875
              ],
              [
                116.35155072473631,
                39.94495851113062
              ],
              [
                116.35155665960635,
                39.94495581806492
              ],
              [
                116.3515622229498,
                39.94495269021851
              ],
              [
                116.35156736118866,
                39.944949157714326
              ],
              [
                116.3515720248388,
                39.944945254572374
              ],
              [
                116.35157616898675,
                39.944941018382124
              ],
              [
                116.35157975372218,
                39.94493648994042
              ],
              [
                116.35158274452213,
                39.94493171285872
              ],
              [
                116.35158511258372,
                39.94492673314295
              ],
              [
                116.3515868351013,
                39.94492159875055
              ],
              [
                116.35158789548622,
                39.94491635912857
              ],
              [
                116.35158828352657,
                39.944911064737425
              ],
              [
                116.35158799548543,
                39.94490576656503
              ],
              [
                116.351587034137,
                39.94490051563565
              ],
              [
                116.35158540873967,
                39.94489536251861
              ],
              [
                116.3515831349471,
                39.944890356841206
              ],
              [
                116.35158023465726,
                39.94488554681082
              ]
            ]
          ],
          [
            [
              [
                116.35161950904961,
                39.9453028142167
              ],
              [
                116.35161601017046,
                39.94529824615785
              ],
              [
                116.35161194641822,
                39.945293964062174
              ],
              [
                116.35160735692905,
                39.94529000916858
              ],
              [
                116.35160228590229,
                39.94528641956479
              ],
              [
                116.35159678217464,
                39.94528322982058
              ],
              [
                116.35159089875003,
                39.94528047065489
              ],
              [
                116.35158469228897,
                39.945278168639916
              ],
              [
                116.35157822256292,
                39.9452763459453
              ],
              [
                116.35157155187882,
                39.94527502012452
              ],
              [
                116.35156474447886,
                39.94527420394595
              ],
              [
                116.35155786592188,
                39.9452739052698
              ],
              [
                116.35155098245195,
                39.945274126972485
              ],
              [
                116.35154416036053,
                39.94527486691889
              ],
              [
                116.3515374653479,
                39.94527611798297
              ],
              [
                116.3515309618906,
                39.94527786811626
              ],
              [
                116.35152471262036,
                39.94528010046409
              ],
              [
                116.35151877772093,
                39.94528279352777
              ],
              [
                116.35151321434856,
                39.945285921371685
              ],
              [
                116.35150807608154,
                39.94528945387304
              ],
              [
                116.35150341240413,
                39.94529335701197
              ],
              [
                116.35149926823016,
                39.945297593199165
              ],
              [
                116.3514956834703,
                39.9453021216379
              ],
              [
                116.35149269264785,
                39.945306898716886
              ],
              [
                116.35149032456611,
                39.945311878430275
              ],
              [
                116.35148860203115,
                39.94531701282075
              ],
              [
                116.35148754163207,
                39.94532225244135
              ],
              [
                116.35148715358122,
                39.945327546831706
              ],
              [
                116.35148744161589,
                39.94533284500393
              ],
              [
                116.3514884029623,
                39.945338095933735
              ],
              [
                116.35149002836236,
                39.94534324905176
              ],
              [
                116.35149230216265,
                39.94534825473066
              ],
              [
                116.3514952024654,
                39.94535306476298
              ],
              [
                116.35149870133921,
                39.945357632825385
              ],
              [
                116.35150276508807,
                39.94536191492495
              ],
              [
                116.35150735457592,
                39.94536586982263
              ],
              [
                116.35151242560347,
                39.945369459430545
              ],
              [
                116.351517929334,
                39.94537264917873
              ],
              [
                116.35152381276347,
                39.94537540834812
              ],
              [
                116.35153001923122,
                39.945377710366365
              ],
              [
                116.35153648896544,
                39.94537953306371
              ],
              [
                116.35154315965895,
                39.94538085888656
              ],
              [
                116.35154996706919,
                39.945381675066464
              ],
              [
                116.35155684563694,
                39.94538197374315
              ],
              [
                116.35156372911767,
                39.94538175204021
              ],
              [
                116.35157055121952,
                39.94538101209275
              ],
              [
                116.35157724624179,
                39.94537976102687
              ],
              [
                116.35158374970764,
                39.94537801089108
              ],
              [
                116.35158999898499,
                39.94537577854015
              ],
              [
                116.35159593388974,
                39.94537308547291
              ],
              [
                116.3516014972655,
                39.94536995762512
              ],
              [
                116.35160663553388,
                39.94536642511967
              ],
              [
                116.35161129921048,
                39.945362521976634
              ],
              [
                116.35161544338155,
                39.94535828578544
              ],
              [
                116.35161902813654,
                39.94535375734303
              ],
              [
                116.35162201895236,
                39.94534898026076
              ],
              [
                116.3516243870259,
                39.94534400054466
              ],
              [
                116.35162610955143,
                39.945338866152106
              ],
              [
                116.35162716994026,
                39.94533362653015
              ],
              [
                116.35162755798034,
                39.94532833213926
              ],
              [
                116.35162726993488,
                39.94532303396729
              ],
              [
                116.351626308578,
                39.945317783038554
              ],
              [
                116.35162468316828,
                39.94531262992232
              ],
              [
                116.35162240935944,
                39.94530762424592
              ],
              [
                116.35161950904961,
                39.9453028142167
              ]
            ]
          ],
          [
            [
              [
                116.35107902884361,
                39.94538889126848
              ],
              [
                116.35107496511979,
                39.945384609154274
              ],
              [
                116.35107037565584,
                39.94538065423969
              ],
              [
                116.35106530465083,
                39.94537706461263
              ],
              [
                116.35105980094127,
                39.94537387484312
              ],
              [
                116.3510539175309,
                39.945371115650325
              ],
              [
                116.35104771108006,
                39.94536881360673
              ],
              [
                116.35104124136016,
                39.945366990882206
              ],
              [
                116.35103457067808,
                39.94536566503057
              ],
              [
                116.35102776327595,
                39.945364848820454
              ],
              [
                116.35102088471264,
                39.945364550112416
              ],
              [
                116.35101400123233,
                39.94536477178312
              ],
              [
                116.35100717912653,
                39.9453655116978
              ],
              [
                116.35100048409572,
                39.94536676273067
              ],
              [
                116.35099398061654,
                39.945368512833646
              ],
              [
                116.35098773132091,
                39.945370745152296
              ],
              [
                116.3509817963929,
                39.945373438188206
              ],
              [
                116.35097623298904,
                39.94537656600606
              ],
              [
                116.35097109468788,
                39.94538009848328
              ],
              [
                116.35096643097403,
                39.945384001600246
              ],
              [
                116.35096228676166,
                39.94538823776788
              ],
              [
                116.35095870196182,
                39.94539276618962
              ],
              [
                116.35095571109814,
                39.94539754325433
              ],
              [
                116.35095334297442,
                39.94540252295634
              ],
              [
                116.35095162039704,
                39.94540765733843
              ],
              [
                116.35095055995556,
                39.945412896953705
              ],
              [
                116.35095017186272,
                39.94541819134184
              ],
              [
                116.35095045985625,
                39.945423489514965
              ],
              [
                116.35095142116275,
                39.94542874044883
              ],
              [
                116.35095304652445,
                39.94543389357401
              ],
              [
                116.35095532028839,
                39.94543889926307
              ],
              [
                116.3509582205571,
                39.945443709308464
              ],
              [
                116.3509617193995,
                39.945448277386774
              ],
              [
                116.3509657831199,
                39.94545255950486
              ],
              [
                116.35097037258252,
                39.94545651442354
              ],
              [
                116.35097544358833,
                39.94546010405471
              ],
              [
                116.35098094730078,
                39.945463293828205
              ],
              [
                116.35098683071602,
                39.945466053024695
              ],
              [
                116.35099303717354,
                39.945468355071554
              ],
              [
                116.35099950690162,
                39.9454701777988
              ],
              [
                116.3510061775931,
                39.94547150365253
              ],
              [
                116.35101298500551,
                39.945472319863974
              ],
              [
                116.35101986357958,
                39.94547261857256
              ],
              [
                116.35102674707069,
                39.945472396901586
              ],
              [
                116.35103356918692,
                39.945471656985866
              ],
              [
                116.35104026422741,
                39.94547040595117
              ],
              [
                116.35104676771515,
                39.9454686558457
              ],
              [
                116.35105301701783,
                39.94546642352397
              ],
              [
                116.35105895195119,
                39.945463730484484
              ],
              [
                116.35106451535846,
                39.94546060266275
              ],
              [
                116.35106965366094,
                39.94545707018145
              ],
              [
                116.351074317374,
                39.94545316706035
              ],
              [
                116.3510784615835,
                39.94544893088875
              ],
              [
                116.35108204637847,
                39.94544440246332
              ],
              [
                116.35108503723546,
                39.945439625395316
              ],
              [
                116.351087405351,
                39.94543464569059
              ],
              [
                116.35108912791895,
                39.94542951130644
              ],
              [
                116.35109018835016,
                39.94542427168982
              ],
              [
                116.35109057643223,
                39.945418977301145
              ],
              [
                116.35109028842791,
                39.945413679128265
              ],
              [
                116.35108932711098,
                39.945408428195464
              ],
              [
                116.3510877017396,
                39.94540327507208
              ],
              [
                116.35108542796712,
                39.94539826938553
              ],
              [
                116.35108252769135,
                39.945393459343215
              ],
              [
                116.35107902884361,
                39.94538889126848
              ]
            ]
          ],
          [
            [
              [
                116.35049955899831,
                39.945450850729536
              ],
              [
                116.35049549530729,
                39.94544656859534
              ],
              [
                116.35049090587293,
                39.94544261365808
              ],
              [
                116.350485834894,
                39.94543902400593
              ],
              [
                116.35048033120681,
                39.94543583420912
              ],
              [
                116.35047444781483,
                39.945433074987086
              ],
              [
                116.35046824137825,
                39.9454307729126
              ],
              [
                116.35046177166836,
                39.94542895015585
              ],
              [
                116.35045510099194,
                39.94542762427091
              ],
              [
                116.350448293591,
                39.94542680802678
              ],
              [
                116.3504414150245,
                39.94542650928433
              ],
              [
                116.35043453153656,
                39.945426730920566
              ],
              [
                116.35042770941882,
                39.945427470801036
              ],
              [
                116.35042101437183,
                39.94542872180032
              ],
              [
                116.35041451087243,
                39.94543047187059
              ],
              [
                116.35040826155273,
                39.945432704157774
              ],
              [
                116.35040232659703,
                39.94543539716378
              ],
              [
                116.3503967631621,
                39.94543852495353
              ],
              [
                116.3503916248268,
                39.94544205740475
              ],
              [
                116.35038696107608,
                39.94544596049808
              ],
              [
                116.35038281682445,
                39.94545019664463
              ],
              [
                116.35037923198335,
                39.94545472504806
              ],
              [
                116.35037624107683,
                39.94545950209744
              ],
              [
                116.35037387290905,
                39.945464481787205
              ],
              [
                116.35037215028687,
                39.94546961616027
              ],
              [
                116.35037108980022,
                39.945474855769824
              ],
              [
                116.35037070166234,
                39.94548015015559
              ],
              [
                116.35037098961132,
                39.94548544832976
              ],
              [
                116.35037195087426,
                39.945490699268014
              ],
              [
                116.35037357619377,
                39.945495852400924
              ],
              [
                116.35037584991731,
                39.94550085810098
              ],
              [
                116.3503787501478,
                39.94550566816052
              ],
              [
                116.35038224895453,
                39.945510236255984
              ],
              [
                116.35038631264216,
                39.94551451839408
              ],
              [
                116.35039090207518,
                39.94551847333541
              ],
              [
                116.35039597305487,
                39.94552206299169
              ],
              [
                116.35040147674496,
                39.945525252792486
              ],
              [
                116.35040736014182,
                39.94552801201821
              ],
              [
                116.35041356658505,
                39.94553031409597
              ],
              [
                116.35042003630312,
                39.945532136855455
              ],
              [
                116.35042670698898,
                39.94553346274245
              ],
              [
                116.3504335144002,
                39.94553427898791
              ],
              [
                116.35044039297745,
                39.94553457773091
              ],
              [
                116.35044727647617,
                39.94553435609442
              ],
              [
                116.35045409860437,
                39.94553361621289
              ],
              [
                116.35046079366101,
                39.94553236521182
              ],
              [
                116.35046729716898,
                39.94553061513904
              ],
              [
                116.35047354649573,
                39.94552838284876
              ],
              [
                116.35047948145677,
                39.94552568983921
              ],
              [
                116.35048504489514,
                39.94552256204555
              ],
              [
                116.35049018323174,
                39.94551902959024
              ],
              [
                116.35049484698168,
                39.94551512649281
              ],
              [
                116.3504989912304,
                39.94551089034228
              ],
              [
                116.35050257606666,
                39.945506361935145
              ],
              [
                116.35050556696652,
                39.94550158488249
              ],
              [
                116.35050793512609,
                39.94549660519
              ],
              [
                116.35050965773885,
                39.94549147081488
              ],
              [
                116.35051071821522,
                39.94548623120399
              ],
              [
                116.35051110634235,
                39.94548093681766
              ],
              [
                116.35051081838256,
                39.94547563864374
              ],
              [
                116.3505098571092,
                39.94547038770654
              ],
              [
                116.35050823178001,
                39.945465234575444
              ],
              [
                116.35050595804793,
                39.94546022887789
              ],
              [
                116.35050305781037,
                39.94545541882145
              ],
              [
                116.35049955899831,
                39.945450850729536
              ]
            ]
          ],
          [
            [
              [
                116.34992358692233,
                39.94551737539417
              ],
              [
                116.34992008814595,
                39.94551280728512
              ],
              [
                116.34991602448771,
                39.94550852513091
              ],
              [
                116.34991143508296,
                39.94550457017099
              ],
              [
                116.34990636413012,
                39.945500980493726
              ],
              [
                116.34990086046531,
                39.94549779066962
              ],
              [
                116.34989497709172,
                39.94549503141836
              ],
              [
                116.34988877066942,
                39.945492729312974
              ],
              [
                116.34988230096954,
                39.945490906523986
              ],
              [
                116.34987563029871,
                39.945489580605766
              ],
              [
                116.34986882289904,
                39.94548876432763
              ],
              [
                116.34986194432928,
                39.94548846555076
              ],
              [
                116.34985506083373,
                39.945488687152526
              ],
              [
                116.34984823870407,
                39.94548942699879
              ],
              [
                116.3498415436409,
                39.94549067796445
              ],
              [
                116.34983504012129,
                39.94549242800203
              ],
              [
                116.34982879077754,
                39.945494660257765
              ],
              [
                116.34982285579412,
                39.945497353233854
              ],
              [
                116.34981729232811,
                39.9455004809955
              ],
              [
                116.34981215395868,
                39.945504013420724
              ],
              [
                116.3498074901711,
                39.945507916490406
              ],
              [
                116.3498033458802,
                39.94551215261588
              ],
              [
                116.34979976099787,
                39.94551668100101
              ],
              [
                116.3497967700485,
                39.94552145803504
              ],
              [
                116.34979440183663,
                39.945526437712566
              ],
              [
                116.34979267916965,
                39.9455315720766
              ],
              [
                116.34979161863787,
                39.94553681168044
              ],
              [
                116.3497912304549,
                39.945542106063854
              ],
              [
                116.34979151835937,
                39.94554740423905
              ],
              [
                116.34979247957872,
                39.94555265518169
              ],
              [
                116.34979410485606,
                39.94555780832234
              ],
              [
                116.34979637853921,
                39.94556281403338
              ],
              [
                116.34979927873145,
                39.945567624107056
              ],
              [
                116.34980277750252,
                39.9455721922197
              ],
              [
                116.34980684115733,
                39.945576474377795
              ],
              [
                116.34981143056078,
                39.945580429341796
              ],
              [
                116.3498165015144,
                39.945584019023165
              ],
              [
                116.34982200518212,
                39.94558720885125
              ],
              [
                116.34982788856055,
                39.94558996810622
              ],
              [
                116.3498340949895,
                39.945592270214874
              ],
              [
                116.34984056469757,
                39.9455940930066
              ],
              [
                116.34984723537781,
                39.94559541892688
              ],
              [
                116.3498540427878,
                39.94559623520635
              ],
              [
                116.34986092136826,
                39.945596533983775
              ],
              [
                116.34986780487462,
                39.945596312381745
              ],
              [
                116.34987462701476,
                39.94559557253442
              ],
              [
                116.34988132208757,
                39.94559432156696
              ],
              [
                116.34988782561571,
                39.94559257152687
              ],
              [
                116.34989407496657,
                39.94559033926805
              ],
              [
                116.34990000995532,
                39.94558764628841
              ],
              [
                116.34990557342472,
                39.945584518522864
              ],
              [
                116.3499107117955,
                39.94558098609355
              ],
              [
                116.34991537558227,
                39.94557708301977
              ],
              [
                116.34991951987028,
                39.945572846890315
              ],
              [
                116.34992310474777,
                39.94556831850147
              ],
              [
                116.3499260956905,
                39.94556354146417
              ],
              [
                116.34992846389414,
                39.94555856178392
              ],
              [
                116.34993018655172,
                39.94555342741782
              ],
              [
                116.34993124707321,
                39.94554818781265
              ],
              [
                116.34993163524544,
                39.94554289342868
              ],
              [
                116.34993134733016,
                39.94553759525375
              ],
              [
                116.34993038610037,
                39.94553234431215
              ],
              [
                116.34992876081334,
                39.94552719117331
              ],
              [
                116.34992648712166,
                39.94552218546476
              ],
              [
                116.34992358692233,
                39.94551737539417
              ]
            ]
          ],
          [
            [
              [
                116.34934411502732,
                39.94557932906142
              ],
              [
                116.34934061628661,
                39.94557476093519
              ],
              [
                116.34933655266119,
                39.94557047876099
              ],
              [
                116.34933196328599,
                39.945566523778396
              ],
              [
                116.34932689235927,
                39.945562934076044
              ],
              [
                116.34932138871682,
                39.94555974422463
              ],
              [
                116.34931550536162,
                39.945556984944126
              ],
              [
                116.3493092989536,
                39.945554682807874
              ],
              [
                116.34930282926373,
                39.94555285998663
              ],
              [
                116.34929615859855,
                39.945551534035125
              ],
              [
                116.34928935120006,
                39.945550717722995
              ],
              [
                116.34928247262712,
                39.94555041891171
              ],
              [
                116.34927558912396,
                39.945550640479
              ],
              [
                116.34926876698233,
                39.94555138029106
              ],
              [
                116.34926207190303,
                39.9455526312231
              ],
              [
                116.3492555683632,
                39.945554381227986
              ],
              [
                116.34924931899536,
                39.94555661345226
              ],
              [
                116.34924338398424,
                39.94555930639842
              ],
              [
                116.34923782048716,
                39.94556243413199
              ],
              [
                116.3492326820836,
                39.945565966531206
              ],
              [
                116.34922801825915,
                39.945569869577234
              ],
              [
                116.34922387392902,
                39.94557410568163
              ],
              [
                116.34922028900542,
                39.94557863404848
              ],
              [
                116.34921729801316,
                39.94558341106715
              ],
              [
                116.34921492975728,
                39.94558839073243
              ],
              [
                116.34921485339893,
                39.945588618310175
              ],
              [
                116.34921456175852,
                39.94558823752905
              ],
              [
                116.3492104981402,
                39.94558395535049
              ],
              [
                116.34920590877147,
                39.94558000036299
              ],
              [
                116.34920083785042,
                39.94557641065516
              ],
              [
                116.34919533421282,
                39.945573220797804
              ],
              [
                116.34918945086163,
                39.945570461510954
              ],
              [
                116.34918324445671,
                39.94556815936798
              ],
              [
                116.34917677476903,
                39.94556633653971
              ],
              [
                116.34917010410507,
                39.945565010580985
              ],
              [
                116.34916329670686,
                39.94556419426143
              ],
              [
                116.3491564181332,
                39.94556389544266
              ],
              [
                116.3491495346284,
                39.945564117002455
              ],
              [
                116.34914271248415,
                39.94556485680707
              ],
              [
                116.34913601740136,
                39.94556610773181
              ],
              [
                116.34912951385714,
                39.94556785772959
              ],
              [
                116.34912326448405,
                39.94557008994702
              ],
              [
                116.3491173294669,
                39.94557278288667
              ],
              [
                116.34911176596307,
                39.945575910614124
              ],
              [
                116.34910662755208,
                39.9455794430077
              ],
              [
                116.34910196371959,
                39.945583346048565
              ],
              [
                116.34909781938094,
                39.94558758214839
              ],
              [
                116.34909423444834,
                39.945592110511235
              ],
              [
                116.3490912434468,
                39.94559688752659
              ],
              [
                116.34908887518132,
                39.9456018671892
              ],
              [
                116.34908715245976,
                39.945607001542236
              ],
              [
                116.34908609187298,
                39.945612241139116
              ],
              [
                116.34908570363517,
                39.94561753551965
              ],
              [
                116.34908599148541,
                39.945622833696106
              ],
              [
                116.34908695265173,
                39.94562808464411
              ],
              [
                116.3490885778777,
                39.945633237794176
              ],
              [
                116.34909085151166,
                39.94563824351859
              ],
              [
                116.34909375165738,
                39.94564305360949
              ],
              [
                116.349097250385,
                39.94564762174299
              ],
              [
                116.3491013139999,
                39.94565190392545
              ],
              [
                116.34910590336732,
                39.94565585891704
              ],
              [
                116.34911097428915,
                39.94565944862899
              ],
              [
                116.34911647792964,
                39.94566263849031
              ],
              [
                116.34912236128567,
                39.94566539778087
              ],
              [
                116.34912856769726,
                39.94566769992713
              ],
              [
                116.34913503739313,
                39.94566952275811
              ],
              [
                116.34914170806651,
                39.945670848718926
              ],
              [
                116.349148515475,
                39.94567166503981
              ],
              [
                116.34915539405941,
                39.94567196385912
              ],
              [
                116.349162277575,
                39.94567174229907
              ],
              [
                116.34916909972969,
                39.9456710024934
              ],
              [
                116.34917579482217,
                39.94566975156684
              ],
              [
                116.34918229837491,
                39.94566800156656
              ],
              [
                116.34918854775509,
                39.94566576934605
              ],
              [
                116.34919448277758,
                39.94566307640284
              ],
              [
                116.3492000462848,
                39.94565994867149
              ],
              [
                116.34920518469715,
                39.945656416273835
              ],
              [
                116.34920984852883,
                39.94565251322884
              ],
              [
                116.3492139928646,
                39.94564827712505
              ],
              [
                116.3492175777923,
                39.9456437487585
              ],
              [
                116.34922056878723,
                39.94563897173988
              ],
              [
                116.3492229370445,
                39.94563399207455
              ],
              [
                116.34922301340288,
                39.94563376449679
              ],
              [
                116.34922330504354,
                39.9456341452779
              ],
              [
                116.34922736866557,
                39.945638427456004
              ],
              [
                116.34923195803941,
                39.945642382442664
              ],
              [
                116.34923702896694,
                39.94564597214914
              ],
              [
                116.34924253261227,
                39.94564916200452
              ],
              [
                116.34924841597233,
                39.94565192128872
              ],
              [
                116.34925462238701,
                39.94565422342826
              ],
              [
                116.34926109208507,
                39.94565604625223
              ],
              [
                116.34926776275968,
                39.94565737220581
              ],
              [
                116.34927457016843,
                39.94565818851929
              ],
              [
                116.34928144875211,
                39.945658487331116
              ],
              [
                116.34928833226608,
                39.945658265763555
              ],
              [
                116.34929515441814,
                39.94565752595045
              ],
              [
                116.34930184950713,
                39.94565627501659
              ],
              [
                116.34930835305549,
                39.94565452500919
              ],
              [
                116.34931460243041,
                39.945652292781844
              ],
              [
                116.34932053744687,
                39.945649599832116
              ],
              [
                116.34932610094737,
                39.94564647209465
              ],
              [
                116.34933123935225,
                39.94564293969135
              ],
              [
                116.34933590317591,
                39.94563903664122
              ],
              [
                116.34934004750316,
                39.945634800532844
              ],
              [
                116.3493436324219,
                39.9456302721623
              ],
              [
                116.3493466234075,
                39.94562549514033
              ],
              [
                116.34934899165518,
                39.94562051547234
              ],
              [
                116.34935071435758,
                39.94561538111527
              ],
              [
                116.34935177492426,
                39.945610141515814
              ],
              [
                116.34935216314152,
                39.9456048471342
              ],
              [
                116.34935187527078,
                39.94559954895824
              ],
              [
                116.34935091408454,
                39.94559429801225
              ],
              [
                116.34934928883972,
                39.94558914486568
              ],
              [
                116.34934701518843,
                39.94558413914614
              ],
              [
                116.34934411502732,
                39.94557932906142
              ]
            ]
          ],
          [
            [
              [
                116.34814206730478,
                39.94735868142035
              ],
              [
                116.34813800365059,
                39.9473543992052
              ],
              [
                116.34813341422726,
                39.94735044417597
              ],
              [
                116.34812834323344,
                39.947346854421724
              ],
              [
                116.34812283950556,
                39.94734366451369
              ],
              [
                116.34811695604753,
                39.94734090517236
              ],
              [
                116.34811074952015,
                39.94733860297168
              ],
              [
                116.34810427969559,
                39.94733678008301
              ],
              [
                116.34809760888167,
                39.94733545406174
              ],
              [
                116.34809080132186,
                39.94733463767815
              ],
              [
                116.34808392257652,
                39.94733433879447
              ],
              [
                116.34807703889159,
                39.94733456028905
              ],
              [
                116.34807021656053,
                39.94733530002881
              ],
              [
                116.34806352128601,
                39.947336550889695
              ],
              [
                116.34805701754698,
                39.94733830082521
              ],
              [
                116.34805076797797,
                39.94734053298257
              ],
              [
                116.34804483276557,
                39.94734322586493
              ],
              [
                116.34803926906905,
                39.94734635353841
              ],
              [
                116.34803413046984,
                39.947349885881856
              ],
              [
                116.3480294664554,
                39.94735378887694
              ],
              [
                116.34802532194279,
                39.947358024935724
              ],
              [
                116.34802173684595,
                39.947362553262735
              ],
              [
                116.34801874569136,
                39.94736733024773
              ],
              [
                116.34801637728565,
                39.9473723098858
              ],
              [
                116.3480146544379,
                39.94737744422034
              ],
              [
                116.34801359374026,
                39.947382683804925
              ],
              [
                116.34801320540795,
                39.94738797817953
              ],
              [
                116.348013493181,
                39.947393276356415
              ],
              [
                116.34801445428813,
                39.94739852731126
              ],
              [
                116.34801607947352,
                39.94740368047447
              ],
              [
                116.34801835308588,
                39.94740868621824
              ],
              [
                116.3480212532292,
                39.947413496334505
              ],
              [
                116.34802475197363,
                39.94741806449914
              ],
              [
                116.3480288156244,
                39.9474223467182
              ],
              [
                116.34803340504641,
                39.94742630175149
              ],
              [
                116.34803847604101,
                39.947429891509856
              ],
              [
                116.34804397977176,
                39.94743308142188
              ],
              [
                116.34804986323466,
                39.947435840766886
              ],
              [
                116.34805606976872,
                39.947438142970846
              ],
              [
                116.34806253960147,
                39.94743996586225
              ],
              [
                116.3480692104248,
                39.947441291885596
              ],
              [
                116.34807601799488,
                39.947442108270515
              ],
              [
                116.34808289675097,
                39.947442407154746
              ],
              [
                116.34808978044671,
                39.947442185659916
              ],
              [
                116.3480966027882,
                39.94744144591908
              ],
              [
                116.34810329807242,
                39.94744019505641
              ],
              [
                116.34810980181996,
                39.94743844511839
              ],
              [
                116.34811605139608,
                39.94743621295794
              ],
              [
                116.34812198661383,
                39.94743352007204
              ],
              [
                116.34812755031373,
                39.947430392394644
              ],
              [
                116.34813268891428,
                39.947426860047116
              ],
              [
                116.3481373529279,
                39.94742295704792
              ],
              [
                116.34814149743765,
                39.947418720985134
              ],
              [
                116.34814508252963,
                39.947414192654435
              ],
              [
                116.34814807367755,
                39.947409415666165
              ],
              [
                116.34815044207507,
                39.94740443602538
              ],
              [
                116.3481521649134,
                39.94739930168877
              ],
              [
                116.34815322560075,
                39.947394062102845
              ],
              [
                116.3481536139223,
                39.947388767727695
              ],
              [
                116.34815332613847,
                39.94738346955106
              ],
              [
                116.3481523650209,
                39.94737821859728
              ],
              [
                116.34815073982583,
                39.94737306543586
              ],
              [
                116.34814846620493,
                39.9473680596946
              ],
              [
                116.34814556605454,
                39.94736324958143
              ],
              [
                116.34814206730478,
                39.94735868142035
              ]
            ]
          ],
          [
            [
              [
                116.34869773086209,
                39.94749960307627
              ],
              [
                116.34869366716477,
                39.94749532088035
              ],
              [
                116.34868907769983,
                39.9474913658729
              ],
              [
                116.34868400666632,
                39.94748777614273
              ],
              [
                116.3486785029011,
                39.94748458626085
              ],
              [
                116.34867261940835,
                39.94748182694753
              ],
              [
                116.34866641284925,
                39.947479524776384
              ],
              [
                116.3486599429963,
                39.94747770191854
              ],
              [
                116.34865327215758,
                39.94747637592908
              ],
              [
                116.34864646457676,
                39.94747555957799
              ],
              [
                116.34863958581447,
                39.94747526072713
              ],
              [
                116.34863270211673,
                39.94747548225461
              ],
              [
                116.3486258797772,
                39.94747622202699
              ],
              [
                116.34861918449859,
                39.9474774729199
              ],
              [
                116.34861268075991,
                39.94747922288655
              ],
              [
                116.34860643119563,
                39.94748145507386
              ],
              [
                116.34860049599239,
                39.947484147984675
              ],
              [
                116.34859493230933,
                39.94748727568486
              ],
              [
                116.34858979372771,
                39.947490808053004
              ],
              [
                116.3485851297349,
                39.94749471107052
              ],
              [
                116.34858098524765,
                39.94749894714928
              ],
              [
                116.34857740017972,
                39.9475034754936
              ],
              [
                116.34857440905735,
                39.94750825249307
              ],
              [
                116.34857204068675,
                39.94751323214267
              ],
              [
                116.34857031787675,
                39.947518366485646
              ],
              [
                116.34856925721913,
                39.94752360607551
              ],
              [
                116.34856886892868,
                39.94752890045218
              ],
              [
                116.34856915674504,
                39.947534198627906
              ],
              [
                116.34857011789656,
                39.947539449578386
              ],
              [
                116.34857174312694,
                39.94754460273404
              ],
              [
                116.34857401678447,
                39.94754960846716
              ],
              [
                116.34857691697273,
                39.94755441856975
              ],
              [
                116.34858041576139,
                39.94755898671787
              ],
              [
                116.3485844794553,
                39.94756326891769
              ],
              [
                116.34858906891891,
                39.94756722392923
              ],
              [
                116.34859413995319,
                39.94757081366352
              ],
              [
                116.34859964372131,
                39.94757400354937
              ],
              [
                116.34860552721894,
                39.94757676286639
              ],
              [
                116.34861173378467,
                39.94757906504081
              ],
              [
                116.34861820364583,
                39.94758088790137
              ],
              [
                116.34862487449396,
                39.9475822138929
              ],
              [
                116.34863168208506,
                39.94758303024535
              ],
              [
                116.34863856085812,
                39.94758332909674
              ],
              [
                116.34864544456666,
                39.947583107569
              ],
              [
                116.34865226691663,
                39.94758236779557
              ],
              [
                116.34865896220491,
                39.94758111690085
              ],
              [
                116.34866546595212,
                39.9475793669317
              ],
              [
                116.34867171552347,
                39.947577134741316
              ],
              [
                116.34867765073207,
                39.94757444182694
              ],
              [
                116.34868321441851,
                39.947571314122854
              ],
              [
                116.34868835300146,
                39.94756778175062
              ],
              [
                116.34869301699351,
                39.94756387872899
              ],
              [
                116.34869716147786,
                39.947559642646254
              ],
              [
                116.34870074654093,
                39.94755511429824
              ],
              [
                116.34870373765666,
                39.94755033729549
              ],
              [
                116.34870610601905,
                39.94754535764318
              ],
              [
                116.34870782881961,
                39.94754022329814
              ],
              [
                116.34870888946698,
                39.947534983706916
              ],
              [
                116.34870927774666,
                39.9475296893297
              ],
              [
                116.3487089899195,
                39.947524391154225
              ],
              [
                116.34870802875756,
                39.94751914020482
              ],
              [
                116.3487064035175,
                39.94751398705097
              ],
              [
                116.34870412985141,
                39.94750898132035
              ],
              [
                116.34870122965609,
                39.947504171220835
              ],
              [
                116.34869773086209,
                39.94749960307627
              ]
            ]
          ],
          [
            [
              [
                116.34926206937102,
                39.94763224011954
              ],
              [
                116.34925857053307,
                39.947627671991654
              ],
              [
                116.34925450679306,
                39.94762338981514
              ],
              [
                116.34924991728705,
                39.94761943482965
              ],
              [
                116.34924484621453,
                39.94761584512379
              ],
              [
                116.3492393424127,
                39.947612655268316
              ],
              [
                116.34923345888613,
                39.94760989598324
              ],
              [
                116.34922725229634,
                39.94760759384192
              ],
              [
                116.34922078241605,
                39.94760577101521
              ],
              [
                116.34921411155364,
                39.94760444505787
              ],
              [
                116.34920730395305,
                39.947603628739564
              ],
              [
                116.34920042517503,
                39.947603329921876
              ],
              [
                116.3491935414658,
                39.94760355148256
              ],
              [
                116.34918671911915,
                39.94760429128789
              ],
              [
                116.34918002383777,
                39.94760554221313
              ],
              [
                116.34917352010079,
                39.94760729221123
              ],
              [
                116.34916727054264,
                39.94760952442878
              ],
              [
                116.34916133534985,
                39.947612217368324
              ],
              [
                116.3491557716815,
                39.94761534509549
              ],
              [
                116.34915063311874,
                39.947618877488566
              ],
              [
                116.34914596914867,
                39.94762278052874
              ],
              [
                116.34914182468793,
                39.947627016627685
              ],
              [
                116.34913823964995,
                39.947631544989484
              ],
              [
                116.34913524856069,
                39.947636322003596
              ],
              [
                116.34913288022605,
                39.947641301664824
              ],
              [
                116.34913115745454,
                39.947646436016335
              ],
              [
                116.34913009683751,
                39.947651675611546
              ],
              [
                116.34912970858942,
                39.94765696999031
              ],
              [
                116.34912999644949,
                39.94766226816488
              ],
              [
                116.34913095764561,
                39.94766751911095
              ],
              [
                116.34913258292109,
                39.947672672258996
              ],
              [
                116.34913485662375,
                39.94767767798137
              ],
              [
                116.34913775685676,
                39.94768248807019
              ],
              [
                116.34914125568937,
                39.94768705620163
              ],
              [
                116.34914531942597,
                39.94769133838203
              ],
              [
                116.34914990893066,
                39.947695293371616
              ],
              [
                116.34915498000396,
                39.9476988830816
              ],
              [
                116.34916048380867,
                39.947702072941055
              ],
              [
                116.34916636734009,
                39.947704832229824
              ],
              [
                116.34917257393658,
                39.94770713437441
              ],
              [
                116.34917904382506,
                39.94770895720385
              ],
              [
                116.34918571469687,
                39.94771028316326
              ],
              [
                116.34919252230776,
                39.9477110994829
              ],
              [
                116.34919940109653,
                39.94771139830114
              ],
              [
                116.34920628481655,
                39.9477111767402
              ],
              [
                116.34921310717365,
                39.94771043693382
              ],
              [
                116.34921980246469,
                39.94770918600677
              ],
              [
                116.34922630621023,
                39.947707436006176
              ],
              [
                116.34923255577544,
                39.94770520378554
              ],
              [
                116.34923849097358,
                39.94770251084242
              ],
              [
                116.34924405464531,
                39.94769938311136
              ],
              [
                116.34924919320943,
                39.94769585071421
              ],
              [
                116.34925385717868,
                39.9476919476699
              ],
              [
                116.34925800163657,
                39.94768771156699
              ],
              [
                116.34926158666967,
                39.9476831832015
              ],
              [
                116.3492645777523,
                39.94767840618412
              ],
              [
                116.3492669460787,
                39.947673426520154
              ],
              [
                116.34926866884079,
                39.947668292166576
              ],
              [
                116.34926972944754,
                39.94766305257002
              ],
              [
                116.34927011768488,
                39.9476577581907
              ],
              [
                116.34926982981402,
                39.94765246001639
              ],
              [
                116.34926886860747,
                39.947647209071384
              ],
              [
                116.34926724332232,
                39.94764205592515
              ],
              [
                116.34926496961111,
                39.94763705020527
              ],
              [
                116.34926206937102,
                39.94763224011954
              ]
            ]
          ],
          [
            [
              [
                116.3498238973598,
                39.94775785698626
              ],
              [
                116.34982039847795,
                39.94775328887508
              ],
              [
                116.34981633469532,
                39.94774900671801
              ],
              [
                116.34981174514834,
                39.94774505175451
              ],
              [
                116.34980667403696,
                39.94774146207299
              ],
              [
                116.34980117019867,
                39.94773827224397
              ],
              [
                116.34979528663845,
                39.9477355129872
              ],
              [
                116.34978908001811,
                39.94773321087577
              ],
              [
                116.34978261011071,
                39.947731388080236
              ],
              [
                116.34977593922484,
                39.94773006215507
              ],
              [
                116.3497691316047,
                39.94772924586963
              ],
              [
                116.34976225281122,
                39.94772894708515
              ],
              [
                116.34975536909074,
                39.9477291686791
              ],
              [
                116.34974854673719,
                39.94772990851743
              ],
              [
                116.34974185145333,
                39.947731159475076
              ],
              [
                116.3497353477183,
                39.94773290950467
              ],
              [
                116.3497290981665,
                39.94773514175251
              ],
              [
                116.34972316298443,
                39.947737834720876
              ],
              [
                116.34971759933107,
                39.94774096247504
              ],
              [
                116.34971246078736,
                39.9477444948931
              ],
              [
                116.34970779684032,
                39.947748397956
              ],
              [
                116.34970365240625,
                39.94775263407513
              ],
              [
                116.34970006739842,
                39.947757162454465
              ],
              [
                116.34969707634244,
                39.94776193948324
              ],
              [
                116.34969470804394,
                39.94776691915613
              ],
              [
                116.34969298531105,
                39.94777205351619
              ],
              [
                116.34969192473474,
                39.94777729311676
              ],
              [
                116.34969153652911,
                39.947782587497635
              ],
              [
                116.34969182443291,
                39.94778788567104
              ],
              [
                116.34969278567368,
                39.947793136612695
              ],
              [
                116.34969441099427,
                39.94779828975312
              ],
              [
                116.34969668474209,
                39.94780329546474
              ],
              [
                116.34969958501982,
                39.94780810553975
              ],
              [
                116.34970308389633,
                39.94781267365448
              ],
              [
                116.34970714767555,
                39.94781695581545
              ],
              [
                116.3497117372212,
                39.94782091078303
              ],
              [
                116.34971680833338,
                39.947824500468656
              ],
              [
                116.34972231217453,
                39.947827690301665
              ],
              [
                116.34972819573962,
                39.947830449562126
              ],
              [
                116.34973440236664,
                39.94783275167683
              ],
              [
                116.34974087228224,
                39.947834574475095
              ],
              [
                116.3497475431775,
                39.94783590040233
              ],
              [
                116.34975435080794,
                39.94783671668911
              ],
              [
                116.3497612296122,
                39.94783701547413
              ],
              [
                116.34976811334343,
                39.947836793879915
              ],
              [
                116.34977493570744,
                39.94783605404054
              ],
              [
                116.34978163100097,
                39.947834803081086
              ],
              [
                116.34978813474454,
                39.94783305304898
              ],
              [
                116.34979438430341,
                39.94783082079807
              ],
              [
                116.34980031949083,
                39.94782812782614
              ],
              [
                116.3498058831476,
                39.94782500006807
              ],
              [
                116.34981102169263,
                39.94782146764594
              ],
              [
                116.34981568563889,
                39.94781756457893
              ],
              [
                116.34981983007007,
                39.94781332845581
              ],
              [
                116.34982341507305,
                39.947808800072785
              ],
              [
                116.34982640612235,
                39.94780402304074
              ],
              [
                116.34982877441264,
                39.94779904336514
              ],
              [
                116.34983049713613,
                39.94779390900299
              ],
              [
                116.34983155770216,
                39.94778866940108
              ],
              [
                116.34983194589705,
                39.94778337501966
              ],
              [
                116.34983165798242,
                39.947778076846504
              ],
              [
                116.34983069673122,
                39.9477728259059
              ],
              [
                116.34982907140096,
                39.9477676727673
              ],
              [
                116.34982679764461,
                39.947762667058186
              ],
              [
                116.3498238973598,
                39.94775785698626
              ]
            ]
          ],
          [
            [
              [
                116.35038572743767,
                39.94788347114393
              ],
              [
                116.35038222851193,
                39.947878903049464
              ],
              [
                116.35037816468666,
                39.94787462091185
              ],
              [
                116.35037357509877,
                39.94787066597035
              ],
              [
                116.35036850394847,
                39.94786707631317
              ],
              [
                116.35036300007376,
                39.947863886510596
              ],
              [
                116.35035711647988,
                39.94786112728213
              ],
              [
                116.35035090982899,
                39.94785882520062
              ],
              [
                116.35034443989446,
                39.94785700243626
              ],
              [
                116.35033776898514,
                39.94785567654325
              ],
              [
                116.35033096134545,
                39.947854860290654
              ],
              [
                116.35032408253649,
                39.947854561539415
              ],
              [
                116.35031719880479,
                39.94785478316663
              ],
              [
                116.35031037644434,
                39.94785552303796
              ],
              [
                116.35030368115798,
                39.94785677402802
              ],
              [
                116.35029717742492,
                39.947858524089106
              ],
              [
                116.3502909278795,
                39.947860756367234
              ],
              [
                116.35028499270815,
                39.9478634493644
              ],
              [
                116.35027942906974,
                39.94786657714558
              ],
              [
                116.35027429054513,
                39.947870109588614
              ],
              [
                116.35026962662106,
                39.94787401267422
              ],
              [
                116.35026548221369,
                39.94787824881358
              ],
              [
                116.35026189723601,
                39.94788277721042
              ],
              [
                116.35025890621333,
                39.94788755425386
              ],
              [
                116.35025653795095,
                39.9478925339384
              ],
              [
                116.35025481525668,
                39.94789766830702
              ],
              [
                116.3502537547211,
                39.94790290791294
              ],
              [
                116.35025336655791,
                39.947908202295935
              ],
              [
                116.35025365450548,
                39.947913500468196
              ],
              [
                116.35025461579089,
                39.947918751405425
              ],
              [
                116.35025624115659,
                39.94792390453822
              ],
              [
                116.35025851494953,
                39.947928910239064
              ],
              [
                116.350261415272,
                39.94793372030028
              ],
              [
                116.3502649141924,
                39.94793828839831
              ],
              [
                116.35026897801426,
                39.94794257053983
              ],
              [
                116.35027356760082,
                39.947946525485406
              ],
              [
                116.35027863875192,
                39.94795011514669
              ],
              [
                116.3502841426295,
                39.94795330495325
              ],
              [
                116.35029002622825,
                39.94795606418542
              ],
              [
                116.3502962328858,
                39.94795836627023
              ],
              [
                116.35030270282853,
                39.9479601890373
              ],
              [
                116.35030937374725,
                39.94796151493237
              ],
              [
                116.35031618139725,
                39.9479623311863
              ],
              [
                116.35032306021695,
                39.9479626299381
              ],
              [
                116.35032994395947,
                39.947962408310616
              ],
              [
                116.35033676633034,
                39.94796166843823
              ],
              [
                116.35034346162637,
                39.947960417446374
              ],
              [
                116.35034996536798,
                39.94795866738278
              ],
              [
                116.35035621492048,
                39.94795643510156
              ],
              [
                116.35036215009717,
                39.94795374210085
              ],
              [
                116.35036771373898,
                39.94795061431575
              ],
              [
                116.35037285226493,
                39.947947081868634
              ],
              [
                116.3503775161882,
                39.94794317877892
              ],
              [
                116.35038166059267,
                39.94793894263559
              ],
              [
                116.35038524556549,
                39.94793441423505
              ],
              [
                116.35038823658151,
                39.94792963718833
              ],
              [
                116.35039060483571,
                39.94792465750106
              ],
              [
                116.35039232752055,
                39.947919523130366
              ],
              [
                116.35039338804586,
                39.94791428352312
              ],
              [
                116.3503937761983,
                39.94790898913958
              ],
              [
                116.35039348823992,
                39.94790369096758
              ],
              [
                116.35039252694408,
                39.94789844003139
              ],
              [
                116.35039090156872,
                39.94789328690041
              ],
              [
                116.35038862776722,
                39.94788828120207
              ],
              [
                116.35038572743767,
                39.94788347114393
              ]
            ]
          ],
          [
            [
              [
                116.35094406063497,
                39.94800451451479
              ],
              [
                116.35093999676707,
                39.948000232396616
              ],
              [
                116.35093540713822,
                39.94799627747713
              ],
              [
                116.35093033594904,
                39.94799268784429
              ],
              [
                116.35092483203786,
                39.94798949806818
              ],
              [
                116.35091894841034,
                39.947986738868025
              ],
              [
                116.35091274172892,
                39.94798443681637
              ],
              [
                116.35090627176726,
                39.947982614083195
              ],
              [
                116.3508996008345,
                39.94798128822237
              ],
              [
                116.35089279317523,
                39.94798047200264
              ],
              [
                116.3508859143508,
                39.94798017328463
              ],
              [
                116.35087903060789,
                39.94798039494511
              ],
              [
                116.35087220824053,
                39.94798113484942
              ],
              [
                116.35086551295171,
                39.94798238587189
              ],
              [
                116.35085900922058,
                39.94798413596448
              ],
              [
                116.35085275968154,
                39.94798636827291
              ],
              [
                116.35084682452089,
                39.94798906129885
              ],
              [
                116.35084126089747,
                39.94799218910706
              ],
              [
                116.35083612239193,
                39.94799572157509
              ],
              [
                116.35083145849084,
                39.94799962468338
              ],
              [
                116.3508273141102,
                39.94800386084297
              ],
              [
                116.35082372916266,
                39.94800838925732
              ],
              [
                116.35082073817325,
                39.94801316631541
              ],
              [
                116.35081836994702,
                39.94801814601163
              ],
              [
                116.35081664729135,
                39.94802328038879
              ],
              [
                116.35081558679649,
                39.94802852000008
              ],
              [
                116.35081519867575,
                39.948033814385184
              ],
              [
                116.35081548666709,
                39.94803911255628
              ],
              [
                116.35081644799716,
                39.948044363489096
              ],
              [
                116.35081807340796,
                39.948049516614255
              ],
              [
                116.35082034724604,
                39.94805452230434
              ],
              [
                116.35082324761323,
                39.94805933235175
              ],
              [
                116.3508267465775,
                39.948063900433084
              ],
              [
                116.350830810442,
                39.94806818255515
              ],
              [
                116.35083540006954,
                39.94807213747873
              ],
              [
                116.3508404712595,
                39.94807572711568
              ],
              [
                116.35084597517356,
                39.948078916895774
              ],
              [
                116.35085185880594,
                39.948081676099626
              ],
              [
                116.35085806549404,
                39.94808397815455
              ],
              [
                116.35086453546388,
                39.94808580089045
              ],
              [
                116.35087120640607,
                39.94808712675335
              ],
              [
                116.3508780140756,
                39.94808794297442
              ],
              [
                116.3508848929108,
                39.94808824169299
              ],
              [
                116.35089177666454,
                39.94808802003223
              ],
              [
                116.35089859904231,
                39.94808728012687
              ],
              [
                116.3509052943408,
                39.9480860291026
              ],
              [
                116.35091179808046,
                39.9480842790075
              ],
              [
                116.35091804762659,
                39.94808204669598
              ],
              [
                116.35092398279257,
                39.94807935366648
              ],
              [
                116.35092954641942,
                39.94807622585438
              ],
              [
                116.35093468492629,
                39.948072693382265
              ],
              [
                116.35093934882656,
                39.94806879026986
              ],
              [
                116.35094349320434,
                39.94806455410631
              ],
              [
                116.35094707814703,
                39.94806002568823
              ],
              [
                116.35095006912974,
                39.948055248626865
              ],
              [
                116.35095243734779,
                39.94805026892793
              ],
              [
                116.35095415999403,
                39.94804513454869
              ],
              [
                116.35095522047862,
                39.94803989493608
              ],
              [
                116.3509556085886,
                39.948034600550436
              ],
              [
                116.35095532058648,
                39.94802930237959
              ],
              [
                116.35095435924596,
                39.94802405144783
              ],
              [
                116.35095273382548,
                39.94801889832447
              ],
              [
                116.35095045997888,
                39.94801389263689
              ],
              [
                116.35094755960459,
                39.948009082592556
              ],
              [
                116.35094406063497,
                39.94800451451479
              ]
            ]
          ],
          [
            [
              [
                116.35147233093441,
                39.948122619507274
              ],
              [
                116.35146826702643,
                39.948118337407394
              ],
              [
                116.35146367735906,
                39.948114382508585
              ],
              [
                116.35145860613335,
                39.948110792898625
              ],
              [
                116.3514531021879,
                39.94810760314739
              ],
              [
                116.35144721852872,
                39.94810484397385
              ],
              [
                116.3514410118186,
                39.94810254195031
              ],
              [
                116.35143454183144,
                39.94810071924646
              ],
              [
                116.35142787087662,
                39.94809939341588
              ],
              [
                116.35142106319898,
                39.94809857722704
              ],
              [
                116.35141418436,
                39.94809827854026
              ],
              [
                116.3514073006065,
                39.948098500232035
              ],
              [
                116.35140047823266,
                39.94809924016737
              ],
              [
                116.35139378294153,
                39.94810049122031
              ],
              [
                116.35138727921225,
                39.948102241342525
              ],
              [
                116.35138102967916,
                39.94810447367942
              ],
              [
                116.3513750945286,
                39.94810716673245
              ],
              [
                116.35136953091926,
                39.948110294566064
              ],
              [
                116.35136439243166,
                39.948113827057576
              ],
              [
                116.3513597285522,
                39.948117730187235
              ],
              [
                116.35135558419665,
                39.948121966365804
              ],
              [
                116.35135199927744,
                39.94812649479665
              ],
              [
                116.35134900831937,
                39.948131271868526
              ],
              [
                116.3513466401271,
                39.948136251575704
              ],
              [
                116.35134491750775,
                39.9481413859609
              ],
              [
                116.35134385705118,
                39.94814662557721
              ],
              [
                116.35134346897036,
                39.948151919964296
              ],
              [
                116.35134375700284,
                39.94815721813431
              ],
              [
                116.35134471837488,
                39.94816246906297
              ],
              [
                116.35134634382811,
                39.94816762218097
              ],
              [
                116.35134861770862,
                39.94817262786092
              ],
              [
                116.35135151811787,
                39.94817743789537
              ],
              [
                116.35135501712342,
                39.94818200596099
              ],
              [
                116.35135908102798,
                39.94818628806476
              ],
              [
                116.35136367069403,
                39.94819024296766
              ],
              [
                116.35136874192057,
                39.948193832581715
              ],
              [
                116.35137424586887,
                39.948197022336934
              ],
              [
                116.3513801295329,
                39.94819978151417
              ],
              [
                116.35138633624969,
                39.948202083541
              ],
              [
                116.35139280624506,
                39.94820390624758
              ],
              [
                116.3513994772093,
                39.94820523208022
              ],
              [
                116.35140628489722,
                39.94820604827039
              ],
              [
                116.35141316374697,
                39.948206346957726
              ],
              [
                116.35142004751124,
                39.9482061252657
              ],
              [
                116.35142686989552,
                39.948205385329295
              ],
              [
                116.35143356519636,
                39.94820413427456
              ],
              [
                116.35144006893415,
                39.948202384149845
              ],
              [
                116.35144631847432,
                39.94820015180984
              ],
              [
                116.35145225363021,
                39.94819745875326
              ],
              [
                116.35145781724296,
                39.94819433091575
              ],
              [
                116.35146295573192,
                39.94819079842015
              ],
              [
                116.35146761961056,
                39.94818689528639
              ],
              [
                116.35147176396323,
                39.948182659103836
              ],
              [
                116.35147534887759,
                39.9481781306693
              ],
              [
                116.35147833982897,
                39.948173353594136
              ],
              [
                116.35148070801304,
                39.948168373884236
              ],
              [
                116.35148243062301,
                39.948163239496964
              ],
              [
                116.35148349106927,
                39.94815799987933
              ],
              [
                116.35148387913937,
                39.948152705491694
              ],
              [
                116.35148359109607,
                39.94814740732193
              ],
              [
                116.35148262971359,
                39.94814215639431
              ],
              [
                116.35148100425069,
                39.948137003278134
              ],
              [
                116.35147873036162,
                39.94813199760068
              ],
              [
                116.3514758299453,
                39.94812718756933
              ],
              [
                116.35147233093441,
                39.948122619507274
              ]
            ]
          ]
        ]
      }
    },
    {
      "type": "Feature",
      "id": "GREEN-QH-RECOVERY-01",
      "properties": {
        "id": "GREEN-QH-RECOVERY-01",
        "layer": "GREEN_SPACE",
        "source_type": "agent_generated_design",
        "confidence": "low",
        "geometry_role": "design_proposal",
        "design_status": "TARGET_RECOVERY_ENVELOPE",
        "action_ids": [
          "QH-A01",
          "QH-A02",
          "QH-A03"
        ],
        "action_contracts": [
          {
            "action_id": "QH-A01",
            "interface_from": "station plaza/exit threshold / IF-QH-02",
            "interface_to": "under-construction station-scene project edge",
            "beneficiary": [
              "adult",
              "wheelchair",
              "elderly",
              "parent_child",
              "cyclist",
              "night_worker"
            ],
            "responsible_role": "station-scene project delivery entity with the receiving station-area public-realm maintainer",
            "evidence": [
              "IF-QH-01",
              "IF-QH-02",
              "QH-SCENE-PROGRESS"
            ],
            "approval_dependency": [
              "completion-drawing review",
              "handover-boundary confirmation",
              "station/municipal/accessibility acceptance",
              "temporary-route inspection"
            ],
            "maintenance_owner": "receiving station-area public-realm maintainer after construction handoff",
            "stop_condition": "Do not accept the endpoint as Journey-complete if the onward public edge, temporary route or receiving maintenance role remains unverified.",
            "fallback": "Keep the current public route and temporary handoff until the receiving interface passes field verification.",
            "verification_method": "post-completion route audit and joint boundary walk-through",
            "action_status": "SELECTED_FOR_DEVELOPMENT"
          },
          {
            "action_id": "QH-A02",
            "interface_from": "scene project endpoint / IF-QH-03",
            "interface_to": "municipal/river/park and renewal-group edge / IF-QH-04",
            "beneficiary": [
              "wheelchair",
              "elderly",
              "parent_child",
              "cyclist",
              "night_worker"
            ],
            "responsible_role": "renewal/planning delivery lead coordinating municipal and blue-green asset roles",
            "evidence": [
              "IF-QH-03",
              "IF-QH-04",
              "ZZY-UPDATE"
            ],
            "approval_dependency": [
              "river/park and road-boundary confirmation",
              "renewal-planning review",
              "flood/drainage and ecology review",
              "accessibility professional review"
            ],
            "maintenance_owner": "municipal/blue-green asset maintainers and future renewal public-realm maintainer by boundary",
            "stop_condition": "Hold permanent geometry until the public/blue-green boundaries, flood/drainage conditions and receiving maintenance roles are verified.",
            "fallback": "Hold permanent construction and retain a protected temporary public route to the verified network.",
            "verification_method": "boundary overlay, professional review and post-delivery Journey audit",
            "action_status": "CONCEPT_OPTION"
          },
          {
            "action_id": "QH-A03",
            "interface_from": "renewal-group public edge / IF-QH-05",
            "interface_to": "campus/property threshold and building entrance / IF-QH-06",
            "beneficiary": [
              "adult",
              "wheelchair",
              "elderly",
              "parent_child",
              "cyclist",
              "night_worker"
            ],
            "responsible_role": "future renewal/property developer with planning and public-realm interface review",
            "evidence": [
              "IF-QH-05",
              "IF-QH-06"
            ],
            "approval_dependency": [
              "destination/property plan",
              "fire and accessibility review",
              "binding access-hours condition",
              "maintenance agreement"
            ],
            "maintenance_owner": "future property manager with public-realm maintainer at the boundary",
            "stop_condition": "Do not count the destination as delivered until the exact entrance, public rights/hours, accessible threshold and receiving owner are confirmed.",
            "fallback": "Use the verified public-network endpoint as the Journey terminus until the property interface is delivered.",
            "verification_method": "approved-design review and actual entrance/open-hour audit",
            "action_status": "CONCEPT_OPTION"
          }
        ],
        "interface_from": [
          "station plaza/exit threshold / IF-QH-02",
          "scene project endpoint / IF-QH-03",
          "renewal-group public edge / IF-QH-05"
        ],
        "interface_to": [
          "under-construction station-scene project edge",
          "municipal/river/park and renewal-group edge / IF-QH-04",
          "campus/property threshold and building entrance / IF-QH-06"
        ],
        "beneficiary": [
          "adult",
          "cyclist",
          "elderly",
          "night_worker",
          "parent_child",
          "wheelchair"
        ],
        "responsible_role": [
          "station-scene project delivery entity with the receiving station-area public-realm maintainer",
          "renewal/planning delivery lead coordinating municipal and blue-green asset roles",
          "future renewal/property developer with planning and public-realm interface review"
        ],
        "evidence": [
          "IF-QH-01",
          "IF-QH-02",
          "IF-QH-03",
          "IF-QH-04",
          "IF-QH-05",
          "IF-QH-06",
          "QH-SCENE-PROGRESS",
          "ZZY-UPDATE"
        ],
        "source": [
          "IF-QH-01",
          "IF-QH-02",
          "IF-QH-03",
          "IF-QH-04",
          "IF-QH-05",
          "IF-QH-06",
          "QH-SCENE-PROGRESS",
          "ZZY-UPDATE"
        ],
        "assumption": [
          "Geometry is a concept alignment inside an organizer-maintained provisional constraint.",
          "Physical interface, public rights, asset boundary and operational performance are not field-verified."
        ],
        "design_requirement": [
          "Define a receiving apron at the station project endpoint: protected accessible line, cycle arrival/parking transition, shelter/rest sequence, legible project-boundary marker and temporary-route handoff.",
          "Carry one continuous arrival chain through the municipal/blue-green edge: accessible crossing requirement, shaded/rest recovery, water-edge safety, cycle continuity and a clearly receiving renewal-group public edge.",
          "Reserve a visible, step-free property threshold, bicycle arrival zone, sheltered waiting/rest point and building-entrance handoff with an outside-property after-hours fallback."
        ],
        "approval_dependency": [
          "accessibility professional review",
          "binding access-hours condition",
          "completion-drawing review",
          "destination/property plan",
          "fire and accessibility review",
          "flood/drainage and ecology review",
          "handover-boundary confirmation",
          "maintenance agreement",
          "renewal-planning review",
          "river/park and road-boundary confirmation",
          "station/municipal/accessibility acceptance",
          "temporary-route inspection"
        ],
        "maintenance_owner": [
          "receiving station-area public-realm maintainer after construction handoff",
          "municipal/blue-green asset maintainers and future renewal public-realm maintainer by boundary",
          "future property manager with public-realm maintainer at the boundary"
        ],
        "stop_condition": [
          "Do not accept the endpoint as Journey-complete if the onward public edge, temporary route or receiving maintenance role remains unverified.",
          "Hold permanent geometry until the public/blue-green boundaries, flood/drainage conditions and receiving maintenance roles are verified.",
          "Do not count the destination as delivered until the exact entrance, public rights/hours, accessible threshold and receiving owner are confirmed."
        ],
        "fallback": [
          "Keep the current public route and temporary handoff until the receiving interface passes field verification.",
          "Hold permanent construction and retain a protected temporary public route to the verified network.",
          "Use the verified public-network endpoint as the Journey terminus until the property interface is delivered."
        ],
        "verification_method": [
          "post-completion route audit and joint boundary walk-through",
          "boundary overlay, professional review and post-delivery Journey audit",
          "approved-design review and actual entrance/open-hour audit"
        ],
        "field_verified": false,
        "approved": false,
        "location_precision": "conceptual_within_provisional_constraint",
        "calculation_crs": "EPSG:4548",
        "name_zh": "跨项目交接恢复节点概念包络",
        "existing_green_space": false,
        "bluegreen_boundary_verified": false,
        "usage_note": "表达恢复功能需求，不把河道、公园、树木或海绵设施的未知位置画成事实。",
        "metric_ids": [
          "qinghe_after_hours_fallback_length_m",
          "qinghe_arrival_chain_length_m",
          "qinghe_cycle_chain_length_m",
          "qinghe_interface_count",
          "recovery_interval_design_target_m"
        ],
        "figure_ids": [
          "09",
          "12"
        ],
        "area_sqm_calculated": 451.663
      },
      "geometry": {
        "type": "MultiPolygon",
        "coordinates": [
          [
            [
              [
                116.34575802075186,
                40.01672373171798
              ],
              [
                116.34575639416418,
                40.01671857857266
              ],
              [
                116.34575411848776,
                40.01671357282699
              ],
              [
                116.34575121563877,
                40.01670876268898
              ],
              [
                116.34574771357332,
                40.01670419448286
              ],
              [
                116.34574364601826,
                40.016699912202924
              ],
              [
                116.34573905214647,
                40.01669595708978
              ],
              [
                116.34573397619944,
                40.016692367233276
              ],
              [
                116.34572846706132,
                40.01668917720564
              ],
              [
                116.34572257778805,
                40.016686417728536
              ],
              [
                116.34571636509651,
                40.01668411537715
              ],
              [
                116.34570988881819,
                40.01668229232437
              ],
              [
                116.34570321132313,
                40.01668096612713
              ],
              [
                116.34569639691904,
                40.01668014955744
              ],
              [
                116.34568951123228,
                40.01667985047924
              ],
              [
                116.34568262057557,
                40.01668007177284
              ],
              [
                116.34567579130957,
                40.016680811307054
              ],
              [
                116.34566908920368,
                40.016682061959806
              ],
              [
                116.34566257880275,
                40.016683811686626
              ],
              [
                116.3456563228053,
                40.01668604363672
              ],
              [
                116.34565038145996,
                40.01668873631524
              ],
              [
                116.34564481198504,
                40.01669186379028
              ],
              [
                116.3456396680176,
                40.016695395942605
              ],
              [
                116.3456349990968,
                40.016699298755704
              ],
              [
                116.34563085018694,
                40.01670353464341
              ],
              [
                116.3456272612443,
                40.01670806281187
              ],
              [
                116.34562426683247,
                40.016712839652406
              ],
              [
                116.34562189578934,
                40.016717819161485
              ],
              [
                116.34562017094947,
                40.01672295338372
              ],
              [
                116.34561910892417,
                40.01672819287383
              ],
              [
                116.34561871994147,
                40.01673348717262
              ],
              [
                116.3456190077476,
                40.01673878529314
              ],
              [
                116.34561996957105,
                40.016744036211584
              ],
              [
                116.34562159614903,
                40.016749189358734
              ],
              [
                116.34562387181687,
                40.01675419510691
              ],
              [
                116.34562677465877,
                40.01675900524801
              ],
              [
                116.34563027671885,
                40.01676357345768
              ],
              [
                116.3456343442705,
                40.016767855741534
              ],
              [
                116.34563893814094,
                40.01677181085877
              ],
              [
                116.34564401408875,
                40.016775400719396
              ],
              [
                116.34564952322978,
                40.016778590751024
              ],
              [
                116.34565541250792,
                40.01678135023184
              ],
              [
                116.34566162520615,
                40.016783652586504
              ],
              [
                116.34566810149268,
                40.01678547564201
              ],
              [
                116.3456747789972,
                40.01678680184133
              ],
              [
                116.34568159341161,
                40.01678761841237
              ],
              [
                116.34568847910917,
                40.01678791749112
              ],
              [
                116.34569536977672,
                40.01678769619727
              ],
              [
                116.34570219905318,
                40.01678695666199
              ],
              [
                116.34570890116876,
                40.016785706007425
              ],
              [
                116.3457154115783,
                40.016783956278104
              ],
              [
                116.34572166758282,
                40.01678172432491
              ],
              [
                116.34572760893352,
                40.01677903164283
              ],
              [
                116.34573317841185,
                40.016775904163865
              ],
              [
                116.34573832238065,
                40.016772372007466
              ],
              [
                116.34574299130065,
                40.01676846919025
              ],
              [
                116.34574714020762,
                40.01676423329854
              ],
              [
                116.34575072914537,
                40.01675970512637
              ],
              [
                116.34575372355053,
                40.016754928282545
              ],
              [
                116.34575609458545,
                40.01674994877074
              ],
              [
                116.34575781941585,
                40.016744814546406
              ],
              [
                116.34575888143084,
                40.016739575054984
              ],
              [
                116.34575927040275,
                40.016734280755635
              ],
              [
                116.34575898258579,
                40.01672898263537
              ],
              [
                116.34575802075186,
                40.01672373171798
              ]
            ]
          ],
          [
            [
              [
                116.34751490171718,
                40.01673363714096
              ],
              [
                116.34751327499677,
                40.01672848401925
              ],
              [
                116.34751099919119,
                40.01672347830704
              ],
              [
                116.34750809621782,
                40.01671866821207
              ],
              [
                116.34750459403399,
                40.01671410005812
              ],
              [
                116.34750052636771,
                40.01670981783896
              ],
              [
                116.34749593239289,
                40.01670586279466
              ],
              [
                116.34749085635202,
                40.01670227301437
              ],
              [
                116.34748534713016,
                40.01669908306961
              ],
              [
                116.34747945778408,
                40.016696323681224
              ],
              [
                116.34747324503131,
                40.016694021423554
              ],
              [
                116.34746676870398,
                40.01669219846858
              ],
              [
                116.34746009117255,
                40.016690872372294
              ],
              [
                116.34745327674514,
                40.016690055905734
              ],
              [
                116.3474463910483,
                40.016689756931875
              ],
              [
                116.34743950039486,
                40.01668997832998
              ],
              [
                116.34743267114543,
                40.01669071796788
              ],
              [
                116.34742596906928,
                40.01669196872249
              ],
              [
                116.3474194587109,
                40.01669371854835
              ],
              [
                116.34741320276852,
                40.01669595059375
              ],
              [
                116.34740726149016,
                40.016698643362886
              ],
              [
                116.3474016920935,
                40.016701770923
              ],
              [
                116.3473965482148,
                40.01670530315403
              ],
              [
                116.34739187939246,
                40.0167092060387
              ],
              [
                116.34738773058976,
                40.01671344199017
              ],
              [
                116.34738414176198,
                40.01671797021398
              ],
              [
                116.3473811474716,
                40.016722747100886
              ],
              [
                116.34737877655533,
                40.016727726646906
              ],
              [
                116.34737705184652,
                40.01673286089636
              ],
              [
                116.34737598995522,
                40.016738100403614
              ],
              [
                116.34737560110811,
                40.016743394709394
              ],
              [
                116.34737588905024,
                40.01674869282663
              ],
              [
                116.34737685100865,
                40.016753943731565
              ],
              [
                116.34737847771936,
                40.016759096855104
              ],
              [
                116.34738075351636,
                40.0167641025698
              ],
              [
                116.34738365648262,
                40.01676891266788
              ],
              [
                116.34738715866109,
                40.01677348082539
              ],
              [
                116.34739122632395,
                40.01677776304845
              ],
              [
                116.34739582029744,
                40.01678171809686
              ],
              [
                116.3474008963391,
                40.016785307881264
              ],
              [
                116.34740640556386,
                40.01678849783002
              ],
              [
                116.34741229491483,
                40.01679125722212
              ],
              [
                116.34741850767426,
                40.01679355948306
              ],
              [
                116.3474249840098,
                40.01679538244076
              ],
              [
                116.3474316615507,
                40.01679670853913
              ],
              [
                116.34743847598841,
                40.016797525007036
              ],
              [
                116.34744536169607,
                40.01679782398145
              ],
              [
                116.34745225236034,
                40.01679760258308
              ],
              [
                116.34745908162026,
                40.016796862944126
              ],
              [
                116.3474657837061,
                40.0167956121877
              ],
              [
                116.34747229407303,
                40.01679386235933
              ],
              [
                116.34747855002253,
                40.01679163031084
              ],
              [
                116.34748449130625,
                40.01678893753813
              ],
              [
                116.34749006070635,
                40.01678580997411
              ],
              [
                116.34749520458637,
                40.01678227773899
              ],
              [
                116.34749987340793,
                40.01677837485019
              ],
              [
                116.34750402220772,
                40.01677413889473
              ],
              [
                116.34750761103061,
                40.016769610667225
              ],
              [
                116.34751060531433,
                40.01676483377704
              ],
              [
                116.34751297622238,
                40.016759854228276
              ],
              [
                116.34751470092172,
                40.016754719976745
              ],
              [
                116.34751576280271,
                40.01674948046815
              ],
              [
                116.34751615163901,
                40.01674418616182
              ],
              [
                116.34751586368607,
                40.016738888044834
              ],
              [
                116.34751490171718,
                40.01673363714096
              ]
            ]
          ],
          [
            [
              [
                116.3493889090375,
                40.01674417357073
              ],
              [
                116.34938728217554,
                40.016739020474205
              ],
              [
                116.34938500623218,
                40.01673401479772
              ],
              [
                116.34938210312616,
                40.01672920474864
              ],
              [
                116.3493786008161,
                40.01672463665034
              ],
              [
                116.34937453303115,
                40.016720354496016
              ],
              [
                116.34936993894645,
                40.01671639952514
              ],
              [
                116.3493648628055,
                40.01671280982617
              ],
              [
                116.34935935349432,
                40.016709619969795
              ],
              [
                116.34935346407056,
                40.016706860676045
              ],
              [
                116.3493472512525,
                40.01670455851834
              ],
              [
                116.34934077487291,
                40.0167027356677
              ],
              [
                116.34933409730272,
                40.016701409679115
              ],
              [
                116.34932728285044,
                40.01670059332256
              ],
              [
                116.34932039714283,
                40.01670029445998
              ],
              [
                116.34931350649289,
                40.01670051596956
              ],
              [
                116.34930667726115,
                40.01670125571806
              ],
              [
                116.34929997521671,
                40.01670250658132
              ],
              [
                116.34929346490378,
                40.01670425651284
              ],
              [
                116.34928720902012,
                40.01670648865988
              ],
              [
                116.34928126781318,
                40.01670918152568
              ],
              [
                116.34927569850001,
                40.01671230917653
              ],
              [
                116.34927055471601,
                40.016715841491504
              ],
              [
                116.34926588599868,
                40.016719744452516
              ],
              [
                116.3492617373103,
                40.016723980472
              ],
              [
                116.34925814860506,
                40.01672850875483
              ],
              [
                116.34925515444422,
                40.01673328569118
              ],
              [
                116.34925278366326,
                40.01673826527663
              ],
              [
                116.34925105909426,
                40.01674339955509
              ],
              [
                116.34924999734586,
                40.01674863908065
              ],
              [
                116.34924960864346,
                40.016753933393865
              ],
              [
                116.3492498967306,
                40.016759231507606
              ],
              [
                116.34925085883299,
                40.01676448239812
              ],
              [
                116.34925248568526,
                40.016769635496466
              ],
              [
                116.34925476162005,
                40.01677464117546
              ],
              [
                116.34925766471896,
                40.01677945122763
              ],
              [
                116.34926116702367,
                40.016784019329506
              ],
              [
                116.3492652348052,
                40.016788301487715
              ],
              [
                116.34926982888858,
                40.016792256462686
              ],
              [
                116.34927490503031,
                40.016795846165785
              ],
              [
                116.34928041434439,
                40.01679903602616
              ],
              [
                116.34928630377301,
                40.016801795323616
              ],
              [
                116.34929251659774,
                40.016804097484595
              ],
              [
                116.34929899298557,
                40.016805920337966
              ],
              [
                116.34930567056522,
                40.01680724632864
              ],
              [
                116.34931248502781,
                40.01680806268652
              ],
              [
                116.34931937074622,
                40.01680836154965
              ],
              [
                116.34932626140699,
                40.016808140039814
              ],
              [
                116.34933309064921,
                40.01680740029026
              ],
              [
                116.34933979270335,
                40.016806149425186
              ],
              [
                116.34934630302486,
                40.01680439949116
              ],
              [
                116.34935255891561,
                40.01680216734103
              ],
              [
                116.34935850012789,
                40.01679947447165
              ],
              [
                116.3493640694445,
                40.016796346816896
              ],
              [
                116.34936921322982,
                40.016792814497826
              ],
              [
                116.34937388194636,
                40.016788911532686
              ],
              [
                116.34937803063187,
                40.01678467550922
              ],
              [
                116.34938161933222,
                40.0167801472227
              ],
              [
                116.34938461348638,
                40.01677537028306
              ],
              [
                116.34938698425911,
                40.016770390694866
              ],
              [
                116.34938870881865,
                40.01676525641434
              ],
              [
                116.34938977055674,
                40.01676001688743
              ],
              [
                116.34939015924836,
                40.01675472257366
              ],
              [
                116.34938987115038,
                40.016749424460194
              ],
              [
                116.3493889090375,
                40.01674417357073
              ]
            ]
          ],
          [
            [
              [
                116.35126291734328,
                40.016754679698785
              ],
              [
                116.35126129033978,
                40.01674952662744
              ],
              [
                116.35125901425863,
                40.016744520986684
              ],
              [
                116.35125611101998,
                40.016739710983515
              ],
              [
                116.35125260858365,
                40.01673514294085
              ],
              [
                116.35124854068006,
                40.01673086085139
              ],
              [
                116.35124394648545,
                40.016726905953945
              ],
              [
                116.35123887024444,
                40.01672331633628
              ],
              [
                116.35123336084398,
                40.0167201265683
              ],
              [
                116.35122747134257,
                40.01671736736919
              ],
              [
                116.3512212584592,
                40.016715065311466
              ],
              [
                116.35121478202736,
                40.01671324256515
              ],
              [
                116.3512081044184,
                40.01671191668426
              ],
              [
                116.35120128994127,
                40.01671110043772
              ],
              [
                116.35119440422294,
                40.01671080168642
              ],
              [
                116.35118751357648,
                40.01671102330747
              ],
              [
                116.35118068436245,
                40.016711763166576
              ],
              [
                116.35117398234974,
                40.016713014138475
              ],
              [
                116.35116747208225,
                40.01671476417565
              ],
              [
                116.35116121625731,
                40.01671699642434
              ],
              [
                116.35115527512185,
                40.0167196893868
              ],
              [
                116.35114970589213,
                40.0167228171284
              ],
              [
                116.35114456220285,
                40.016726349527296
              ],
              [
                116.35113989359054,
                40.01673025256467
              ],
              [
                116.35113574501649,
                40.01673448865215
              ],
              [
                116.35113215643376,
                40.016739016993974
              ],
              [
                116.35112916240249,
                40.016743793979785
              ],
              [
                116.35112679175687,
                40.016748773604654
              ],
              [
                116.35112506732764,
                40.016753907912104
              ],
              [
                116.35112400572218,
                40.01675914745597
              ],
              [
                116.35112361716442,
                40.01676444177662
              ],
              [
                116.35112390539659,
                40.01676973988684
              ],
              [
                116.35112486764298,
                40.01677499076295
              ],
              [
                116.35112649463683,
                40.016780143836094
              ],
              [
                116.35112877070937,
                40.01678514947936
              ],
              [
                116.35113167394093,
                40.016789959485635
              ],
              [
                116.35113517637191,
                40.01679452753186
              ],
              [
                116.35113924427206,
                40.01679880962522
              ],
              [
                116.35114383846533,
                40.01680276452675
              ],
              [
                116.35114891470714,
                40.01680635414855
              ],
              [
                116.3511544241105,
                40.016809543920516
              ],
              [
                116.3511603136168,
                40.016812303123345
              ],
              [
                116.35116652650683,
                40.01681460518435
              ],
              [
                116.35117300294692,
                40.016816427933385
              ],
              [
                116.35117968056531,
                40.016817753816355
              ],
              [
                116.35118649505277,
                40.016818570064224
              ],
              [
                116.35119338078188,
                40.01681886881608
              ],
              [
                116.35120027143917,
                40.01681864719477
              ],
              [
                116.3512071006637,
                40.016817907334605
              ],
              [
                116.35121380268613,
                40.016816656360895
              ],
              [
                116.35122031296218,
                40.01681490632121
              ],
              [
                116.35122656879422,
                40.01681267406943
              ],
              [
                116.35123250993504,
                40.01680998110341
              ],
              [
                116.35123807916818,
                40.0168068533579
              ],
              [
                116.35124322285878,
                40.0168033209549
              ],
              [
                116.35124789147031,
                40.01679941791342
              ],
              [
                116.35125204004146,
                40.01679518182195
              ],
              [
                116.3512556286193,
                40.01679065347641
              ],
              [
                116.35125862264391,
                40.016785876487326
              ],
              [
                116.35126099328129,
                40.01678089685972
              ],
              [
                116.35126271770106,
                40.01677576255019
              ],
              [
                116.35126377929619,
                40.01677052300498
              ],
              [
                116.35126416784317,
                40.016765228683774
              ],
              [
                116.35126387960015,
                40.01675993057382
              ],
              [
                116.35126291734328,
                40.016754679698785
              ]
            ]
          ]
        ]
      }
    }
  ]
}
