{
  "type": "FeatureCollection",
  "name": "buildings_concept_massing",
  "features": [
    {
      "type": "Feature",
      "id": "BLDG-001",
      "properties": {
        "id": "BLDG-001",
        "layer": "BUILDING_FOOTPRINT",
        "source_type": "agent_generated_design",
        "confidence": "low",
        "geometry_role": "design_proposal",
        "building_type": "office",
        "parent_land_use": "LU-001",
        "name_zh": "点式商务楼（示意体量）",
        "usage_note": "概念体量示意，不代表建筑高度、容积率或地块拆分结论",
        "area_sqm_declared": 2025.0
      },
      "geometry": {
        "type": "Polygon",
        "coordinates": [
          [
            [
              116.34202055636602,
              39.939877742318664
            ],
            [
              116.34201667473877,
              39.940282998690634
            ],
            [
              116.34149019795058,
              39.94028000957654
            ],
            [
              116.34149408268311,
              39.93987475324725
            ],
            [
              116.34202055636602,
              39.939877742318664
            ]
          ]
        ]
      }
    },
    {
      "type": "Feature",
      "id": "BLDG-002",
      "properties": {
        "id": "BLDG-002",
        "layer": "BUILDING_FOOTPRINT",
        "source_type": "agent_generated_design",
        "confidence": "low",
        "geometry_role": "design_proposal",
        "building_type": "office",
        "parent_land_use": "LU-001",
        "name_zh": "点式商务楼（示意体量）",
        "usage_note": "概念体量示意，不代表建筑高度、容积率或地块拆分结论",
        "area_sqm_declared": 2025.0
      },
      "geometry": {
        "type": "Polygon",
        "coordinates": [
          [
            [
              116.34201279303292,
              39.940688255033876
            ],
            [
              116.3420089112485,
              39.94109351134839
            ],
            [
              116.34148242824955,
              39.94109052214896
            ],
            [
              116.34148631313938,
              39.9406852658771
            ],
            [
              116.34201279303292,
              39.940688255033876
            ]
          ]
        ]
      }
    },
    {
      "type": "Feature",
      "id": "BLDG-003",
      "properties": {
        "id": "BLDG-003",
        "layer": "BUILDING_FOOTPRINT",
        "source_type": "agent_generated_design",
        "confidence": "low",
        "geometry_role": "design_proposal",
        "building_type": "office",
        "parent_land_use": "LU-001",
        "name_zh": "点式商务楼（示意体量）",
        "usage_note": "概念体量示意，不代表建筑高度、容积率或地块拆分结论",
        "area_sqm_declared": 2025.0
      },
      "geometry": {
        "type": "Polygon",
        "coordinates": [
          [
            [
              116.3420050293855,
              39.94149876763417
            ],
            [
              116.34200114744388,
              39.94190402389123
            ],
            [
              116.34147465823392,
              39.94190103460644
            ],
            [
              116.34147854328108,
              39.94149577839206
            ],
            [
              116.3420050293855,
              39.94149876763417
            ]
          ]
        ]
      }
    },
    {
      "type": "Feature",
      "id": "BLDG-004",
      "properties": {
        "id": "BLDG-004",
        "layer": "BUILDING_FOOTPRINT",
        "source_type": "agent_generated_design",
        "confidence": "low",
        "geometry_role": "design_proposal",
        "building_type": "office",
        "parent_land_use": "LU-001",
        "name_zh": "点式商务楼（示意体量）",
        "usage_note": "概念体量示意，不代表建筑高度、容积率或地块拆分结论",
        "area_sqm_declared": 2025.0
      },
      "geometry": {
        "type": "Polygon",
        "coordinates": [
          [
            [
              116.3419972654237,
              39.94230928011955
            ],
            [
              116.3419933833249,
              39.942714536319144
            ],
            [
              116.34146688790368,
              39.942711546949006
            ],
            [
              116.34147077310814,
              39.94230629079209
            ],
            [
              116.3419972654237,
              39.94230928011955
            ]
          ]
        ]
      }
    },
    {
      "type": "Feature",
      "id": "BLDG-005",
      "properties": {
        "id": "BLDG-005",
        "layer": "BUILDING_FOOTPRINT",
        "source_type": "agent_generated_design",
        "confidence": "low",
        "geometry_role": "design_proposal",
        "building_type": "office",
        "parent_land_use": "LU-001",
        "name_zh": "点式商务楼（示意体量）",
        "usage_note": "概念体量示意，不代表建筑高度、容积率或地块拆分结论",
        "area_sqm_declared": 2025.0
      },
      "geometry": {
        "type": "Polygon",
        "coordinates": [
          [
            [
              116.34198950114752,
              39.94311979249002
            ],
            [
              116.34198561889154,
              39.943525048632175
            ],
            [
              116.34145911725882,
              39.94352205917667
            ],
            [
              116.34146300262057,
              39.94311680307722
            ],
            [
              116.34198950114752,
              39.94311979249002
            ]
          ]
        ]
      }
    },
    {
      "type": "Feature",
      "id": "BLDG-006",
      "properties": {
        "id": "BLDG-006",
        "layer": "BUILDING_FOOTPRINT",
        "source_type": "agent_generated_design",
        "confidence": "low",
        "geometry_role": "design_proposal",
        "building_type": "office",
        "parent_land_use": "LU-001",
        "name_zh": "点式商务楼（示意体量）",
        "usage_note": "概念体量示意，不代表建筑高度、容积率或地块拆分结论",
        "area_sqm_declared": 2025.0
      },
      "geometry": {
        "type": "Polygon",
        "coordinates": [
          [
            [
              116.3431009982958,
              39.94312609562171
            ],
            [
              116.34309712259649,
              39.94353135185383
            ],
            [
              116.34257062079789,
              39.94352836744544
            ],
            [
              116.34257449960299,
              39.943123111255915
            ],
            [
              116.3431009982958,
              39.94312609562171
            ]
          ]
        ]
      }
    },
    {
      "type": "Feature",
      "id": "BLDG-007",
      "properties": {
        "id": "BLDG-007",
        "layer": "BUILDING_FOOTPRINT",
        "source_type": "agent_generated_design",
        "confidence": "low",
        "geometry_role": "design_proposal",
        "building_type": "office",
        "parent_land_use": "LU-001",
        "name_zh": "点式商务楼（示意体量）",
        "usage_note": "概念体量示意，不代表建筑高度、容积率或地块拆分结论",
        "area_sqm_declared": 2025.0
      },
      "geometry": {
        "type": "Polygon",
        "coordinates": [
          [
            [
              116.34198173655696,
              39.94393030474557
            ],
            [
              116.34197785414378,
              39.944335560830254
            ],
            [
              116.34145134629928,
              39.94433257128941
            ],
            [
              116.34145523181836,
              39.94392731524741
            ],
            [
              116.34198173655696,
              39.94393030474557
            ]
          ]
        ]
      }
    },
    {
      "type": "Feature",
      "id": "BLDG-008",
      "properties": {
        "id": "BLDG-008",
        "layer": "BUILDING_FOOTPRINT",
        "source_type": "agent_generated_design",
        "confidence": "low",
        "geometry_role": "design_proposal",
        "building_type": "office",
        "parent_land_use": "LU-001",
        "name_zh": "点式商务楼（示意体量）",
        "usage_note": "概念体量示意，不代表建筑高度、容积率或地块拆分结论",
        "area_sqm_declared": 2025.0
      },
      "geometry": {
        "type": "Polygon",
        "coordinates": [
          [
            [
              116.34309324681871,
              39.94393660805723
            ],
            [
              116.34308937096246,
              39.94434186423189
            ],
            [
              116.34256286295208,
              39.94433887973828
            ],
            [
              116.34256674191425,
              39.94393362360623
            ],
            [
              116.34309324681871,
              39.94393660805723
            ]
          ]
        ]
      }
    },
    {
      "type": "Feature",
      "id": "BLDG-009",
      "properties": {
        "id": "BLDG-009",
        "layer": "BUILDING_FOOTPRINT",
        "source_type": "agent_generated_design",
        "confidence": "low",
        "geometry_role": "design_proposal",
        "building_type": "office",
        "parent_land_use": "LU-001",
        "name_zh": "点式商务楼（示意体量）",
        "usage_note": "概念体量示意，不代表建筑高度、容积率或地块拆分结论",
        "area_sqm_declared": 2025.0
      },
      "geometry": {
        "type": "Polygon",
        "coordinates": [
          [
            [
              116.34197397165201,
              39.94474081688621
            ],
            [
              116.3419700890816,
              39.94514607291343
            ],
            [
              116.34144357502507,
              39.945143083287235
            ],
            [
              116.3414474607015,
              39.94473782730269
            ],
            [
              116.34197397165201,
              39.94474081688621
            ]
          ]
        ]
      }
    },
    {
      "type": "Feature",
      "id": "BLDG-010",
      "properties": {
        "id": "BLDG-010",
        "layer": "BUILDING_FOOTPRINT",
        "source_type": "agent_generated_design",
        "confidence": "low",
        "geometry_role": "design_proposal",
        "building_type": "office",
        "parent_land_use": "LU-001",
        "name_zh": "点式商务楼（示意体量）",
        "usage_note": "概念体量示意，不代表建筑高度、容积率或地块拆分结论",
        "area_sqm_declared": 2025.0
      },
      "geometry": {
        "type": "Polygon",
        "coordinates": [
          [
            [
              116.34308549502774,
              39.944747120377826
            ],
            [
              116.34308161901457,
              39.945152376495045
            ],
            [
              116.34255510479217,
              39.945149391916225
            ],
            [
              116.34255898391139,
              39.94474413584162
            ],
            [
              116.34308549502774,
              39.944747120377826
            ]
          ]
        ]
      }
    },
    {
      "type": "Feature",
      "id": "BLDG-011",
      "properties": {
        "id": "BLDG-011",
        "layer": "BUILDING_FOOTPRINT",
        "source_type": "agent_generated_design",
        "confidence": "low",
        "geometry_role": "design_proposal",
        "building_type": "office",
        "parent_land_use": "LU-001",
        "name_zh": "点式商务楼（示意体量）",
        "usage_note": "概念体量示意，不代表建筑高度、容积率或地块拆分结论",
        "area_sqm_declared": 2025.0
      },
      "geometry": {
        "type": "Polygon",
        "coordinates": [
          [
            [
              116.3419662064326,
              39.945551328911925
            ],
            [
              116.34196232370499,
              39.94595658488169
            ],
            [
              116.3414358034362,
              39.94595359517013
            ],
            [
              116.34143968926998,
              39.945548339243054
            ],
            [
              116.3419662064326,
              39.945551328911925
            ]
          ]
        ]
      }
    },
    {
      "type": "Feature",
      "id": "BLDG-012",
      "properties": {
        "id": "BLDG-012",
        "layer": "BUILDING_FOOTPRINT",
        "source_type": "agent_generated_design",
        "confidence": "low",
        "geometry_role": "design_proposal",
        "building_type": "office",
        "parent_land_use": "LU-001",
        "name_zh": "点式商务楼（示意体量）",
        "usage_note": "概念体量示意，不代表建筑高度、容积率或地块拆分结论",
        "area_sqm_declared": 2025.0
      },
      "geometry": {
        "type": "Polygon",
        "coordinates": [
          [
            [
              116.34307774292289,
              39.94555763258353
            ],
            [
              116.34307386675276,
              39.945962888643294
            ],
            [
              116.34254734631807,
              39.94595990397926
            ],
            [
              116.34255122559438,
              39.945554647962105
            ],
            [
              116.34307774292289,
              39.94555763258353
            ]
          ]
        ]
      }
    },
    {
      "type": "Feature",
      "id": "BLDG-013",
      "properties": {
        "id": "BLDG-013",
        "layer": "BUILDING_FOOTPRINT",
        "source_type": "agent_generated_design",
        "confidence": "low",
        "geometry_role": "design_proposal",
        "building_type": "office",
        "parent_land_use": "LU-001",
        "name_zh": "点式商务楼（示意体量）",
        "usage_note": "概念体量示意，不代表建筑高度、容积率或地块拆分结论",
        "area_sqm_declared": 2025.0
      },
      "geometry": {
        "type": "Polygon",
        "coordinates": [
          [
            [
              116.34195844089876,
              39.94636184082273
            ],
            [
              116.34195455801395,
              39.94676709673503
            ],
            [
              116.34142803153262,
              39.94676410693811
            ],
            [
              116.34143191752374,
              39.946358851068496
            ],
            [
              116.34195844089876,
              39.94636184082273
            ]
          ]
        ]
      }
    },
    {
      "type": "Feature",
      "id": "BLDG-014",
      "properties": {
        "id": "BLDG-014",
        "layer": "BUILDING_FOOTPRINT",
        "source_type": "agent_generated_design",
        "confidence": "low",
        "geometry_role": "design_proposal",
        "building_type": "office",
        "parent_land_use": "LU-001",
        "name_zh": "点式商务楼（示意体量）",
        "usage_note": "概念体量示意，不代表建筑高度、容积率或地块拆分结论",
        "area_sqm_declared": 2025.0
      },
      "geometry": {
        "type": "Polygon",
        "coordinates": [
          [
            [
              116.34306999050413,
              39.94636814467432
            ],
            [
              116.34306611417705,
              39.946773400676605
            ],
            [
              116.34253958752983,
              39.946770415927354
            ],
            [
              116.34254346696324,
              39.94636515996767
            ],
            [
              116.34306999050413,
              39.94636814467432
            ]
          ]
        ]
      }
    },
    {
      "type": "Feature",
      "id": "BLDG-015",
      "properties": {
        "id": "BLDG-015",
        "layer": "BUILDING_FOOTPRINT",
        "source_type": "agent_generated_design",
        "confidence": "low",
        "geometry_role": "design_proposal",
        "building_type": "office",
        "parent_land_use": "LU-001",
        "name_zh": "点式商务楼（示意体量）",
        "usage_note": "概念体量示意，不代表建筑高度、容积率或地块拆分结论",
        "area_sqm_declared": 2025.0
      },
      "geometry": {
        "type": "Polygon",
        "coordinates": [
          [
            [
              116.34195067505048,
              39.947172352618615
            ],
            [
              116.34194679200841,
              39.947577608473466
            ],
            [
              116.34142025931432,
              39.94757461859119
            ],
            [
              116.34142414546282,
              39.947169362779015
            ],
            [
              116.34195067505048,
              39.947172352618615
            ]
          ]
        ]
      }
    },
    {
      "type": "Feature",
      "id": "BLDG-016",
      "properties": {
        "id": "BLDG-016",
        "layer": "BUILDING_FOOTPRINT",
        "source_type": "agent_generated_design",
        "confidence": "low",
        "geometry_role": "design_proposal",
        "building_type": "office",
        "parent_land_use": "LU-001",
        "name_zh": "点式商务楼（示意体量）",
        "usage_note": "概念体量示意，不代表建筑高度、容积率或地块拆分结论",
        "area_sqm_declared": 2025.0
      },
      "geometry": {
        "type": "Polygon",
        "coordinates": [
          [
            [
              116.34306223777146,
              39.94717865665018
            ],
            [
              116.34305836128739,
              39.94758391259502
            ],
            [
              116.3425318284274,
              39.94758092776055
            ],
            [
              116.34253570801789,
              39.94717567185832
            ],
            [
              116.34306223777146,
              39.94717865665018
            ]
          ]
        ]
      }
    },
    {
      "type": "Feature",
      "id": "BLDG-017",
      "properties": {
        "id": "BLDG-017",
        "layer": "BUILDING_FOOTPRINT",
        "source_type": "agent_generated_design",
        "confidence": "low",
        "geometry_role": "design_proposal",
        "building_type": "office",
        "parent_land_use": "LU-001",
        "name_zh": "点式商务楼（示意体量）",
        "usage_note": "概念体量示意，不代表建筑高度、容积率或地块拆分结论",
        "area_sqm_declared": 2025.0
      },
      "geometry": {
        "type": "Polygon",
        "coordinates": [
          [
            [
              116.34194290888776,
              39.947982864299576
            ],
            [
              116.34193902568845,
              39.94838812009697
            ],
            [
              116.34141248678132,
              39.94838513012932
            ],
            [
              116.34141637308717,
              39.94797987437462
            ],
            [
              116.34194290888776,
              39.947982864299576
            ]
          ]
        ]
      }
    },
    {
      "type": "Feature",
      "id": "BLDG-018",
      "properties": {
        "id": "BLDG-018",
        "layer": "BUILDING_FOOTPRINT",
        "source_type": "agent_generated_design",
        "confidence": "low",
        "geometry_role": "design_proposal",
        "building_type": "office",
        "parent_land_use": "LU-001",
        "name_zh": "点式商务楼（示意体量）",
        "usage_note": "概念体量示意，不代表建筑高度、容积率或地块拆分结论",
        "area_sqm_declared": 2025.0
      },
      "geometry": {
        "type": "Polygon",
        "coordinates": [
          [
            [
              116.34305448472486,
              39.94798916851113
            ],
            [
              116.34305060808383,
              39.94839442439851
            ],
            [
              116.3425240690108,
              39.948391439478826
            ],
            [
              116.34252794875837,
              39.94798618363405
            ],
            [
              116.34305448472486,
              39.94798916851113
            ]
          ]
        ]
      }
    },
    {
      "type": "Feature",
      "id": "BLDG-019",
      "properties": {
        "id": "BLDG-019",
        "layer": "BUILDING_FOOTPRINT",
        "source_type": "agent_generated_design",
        "confidence": "low",
        "geometry_role": "design_proposal",
        "building_type": "office",
        "parent_land_use": "LU-001",
        "name_zh": "点式商务楼（示意体量）",
        "usage_note": "概念体量示意，不代表建筑高度、容积率或地块拆分结论",
        "area_sqm_declared": 2025.0
      },
      "geometry": {
        "type": "Polygon",
        "coordinates": [
          [
            [
              116.34193514241053,
              39.94879337586562
            ],
            [
              116.34193125905398,
              39.94919863160555
            ],
            [
              116.34140471393358,
              39.94919564155253
            ],
            [
              116.3414086003968,
              39.94879038585529
            ],
            [
              116.34193514241053,
              39.94879337586562
            ]
          ]
        ]
      }
    },
    {
      "type": "Feature",
      "id": "BLDG-020",
      "properties": {
        "id": "BLDG-020",
        "layer": "BUILDING_FOOTPRINT",
        "source_type": "agent_generated_design",
        "confidence": "low",
        "geometry_role": "design_proposal",
        "building_type": "office",
        "parent_land_use": "LU-001",
        "name_zh": "点式商务楼（示意体量）",
        "usage_note": "概念体量示意，不代表建筑高度、容积率或地块拆分结论",
        "area_sqm_declared": 2025.0
      },
      "geometry": {
        "type": "Polygon",
        "coordinates": [
          [
            [
              116.3430467313643,
              39.94879968025716
            ],
            [
              116.34304285456628,
              39.9492049360871
            ],
            [
              116.34251630927997,
              39.94920195108219
            ],
            [
              116.34252018918467,
              39.94879669529486
            ],
            [
              116.3430467313643,
              39.94879968025716
            ]
          ]
        ]
      }
    },
    {
      "type": "Feature",
      "id": "BLDG-021",
      "properties": {
        "id": "BLDG-021",
        "layer": "BUILDING_FOOTPRINT",
        "source_type": "agent_generated_design",
        "confidence": "low",
        "geometry_role": "design_proposal",
        "building_type": "office",
        "parent_land_use": "LU-001",
        "name_zh": "点式商务楼（示意体量）",
        "usage_note": "概念体量示意，不代表建筑高度、容积率或地块拆分结论",
        "area_sqm_declared": 2025.0
      },
      "geometry": {
        "type": "Polygon",
        "coordinates": [
          [
            [
              116.34192737561882,
              39.949603887316755
            ],
            [
              116.34192349210502,
              39.95000914299921
            ],
            [
              116.34139694077109,
              39.95000615286082
            ],
            [
              116.34140082739168,
              39.94960089722105
            ],
            [
              116.34192737561882,
              39.949603887316755
            ]
          ]
        ]
      }
    },
    {
      "type": "Feature",
      "id": "BLDG-022",
      "properties": {
        "id": "BLDG-022",
        "layer": "BUILDING_FOOTPRINT",
        "source_type": "agent_generated_design",
        "confidence": "low",
        "geometry_role": "design_proposal",
        "building_type": "office",
        "parent_land_use": "LU-001",
        "name_zh": "点式商务楼（示意体量）",
        "usage_note": "概念体量示意，不代表建筑高度、容积率或地块拆分结论",
        "area_sqm_declared": 2025.0
      },
      "geometry": {
        "type": "Polygon",
        "coordinates": [
          [
            [
              116.34303897768977,
              39.94961019188829
            ],
            [
              116.3430351007348,
              39.95001544766077
            ],
            [
              116.34250854923494,
              39.95001246257062
            ],
            [
              116.34251242929675,
              39.94960720684077
            ],
            [
              116.34303897768977,
              39.94961019188829
            ]
          ]
        ]
      }
    },
    {
      "type": "Feature",
      "id": "BLDG-023",
      "properties": {
        "id": "BLDG-023",
        "layer": "BUILDING_FOOTPRINT",
        "source_type": "agent_generated_design",
        "confidence": "low",
        "geometry_role": "design_proposal",
        "building_type": "office",
        "parent_land_use": "LU-001",
        "name_zh": "点式商务楼（示意体量）",
        "usage_note": "概念体量示意，不代表建筑高度、容积率或地块拆分结论",
        "area_sqm_declared": 2025.0
      },
      "geometry": {
        "type": "Polygon",
        "coordinates": [
          [
            [
              116.3419196085126,
              39.95041439865296
            ],
            [
              116.34191572484154,
              39.95081965427797
            ],
            [
              116.34138916729383,
              39.95081666405421
            ],
            [
              116.34139305407183,
              39.95041140847188
            ],
            [
              116.3419196085126,
              39.95041439865296
            ]
          ]
        ]
      }
    },
    {
      "type": "Feature",
      "id": "BLDG-024",
      "properties": {
        "id": "BLDG-024",
        "layer": "BUILDING_FOOTPRINT",
        "source_type": "agent_generated_design",
        "confidence": "low",
        "geometry_role": "design_proposal",
        "building_type": "office",
        "parent_land_use": "LU-001",
        "name_zh": "点式商务楼（示意体量）",
        "usage_note": "概念体量示意，不代表建筑高度、容积率或地块拆分结论",
        "area_sqm_declared": 2025.0
      },
      "geometry": {
        "type": "Polygon",
        "coordinates": [
          [
            [
              116.3430312237013,
              39.9504207034045
            ],
            [
              116.3430273465893,
              39.950825959119506
            ],
            [
              116.34250078887565,
              39.95082297394415
            ],
            [
              116.34250466909458,
              39.950417718271744
            ],
            [
              116.3430312237013,
              39.9504207034045
            ]
          ]
        ]
      }
    },
    {
      "type": "Feature",
      "id": "BLDG-025",
      "properties": {
        "id": "BLDG-025",
        "layer": "BUILDING_FOOTPRINT",
        "source_type": "agent_generated_design",
        "confidence": "low",
        "geometry_role": "design_proposal",
        "building_type": "office",
        "parent_land_use": "LU-001",
        "name_zh": "点式商务楼（示意体量）",
        "usage_note": "概念体量示意，不代表建筑高度、容积率或地块拆分结论",
        "area_sqm_declared": 2025.0
      },
      "geometry": {
        "type": "Polygon",
        "coordinates": [
          [
            [
              116.34191184109187,
              39.95122490987425
            ],
            [
              116.34190795726354,
              39.95163016544178
            ],
            [
              116.34138139350179,
              39.95162717513266
            ],
            [
              116.34138528043717,
              39.9512219196078
            ],
            [
              116.34191184109187,
              39.95122490987425
            ]
          ]
        ]
      }
    },
    {
      "type": "Feature",
      "id": "BLDG-026",
      "properties": {
        "id": "BLDG-026",
        "layer": "BUILDING_FOOTPRINT",
        "source_type": "agent_generated_design",
        "confidence": "low",
        "geometry_role": "design_proposal",
        "building_type": "office",
        "parent_land_use": "LU-001",
        "name_zh": "点式商务楼（示意体量）",
        "usage_note": "概念体量示意，不代表建筑高度、容积率或地块拆分结论",
        "area_sqm_declared": 2025.0
      },
      "geometry": {
        "type": "Polygon",
        "coordinates": [
          [
            [
              116.34302346939882,
              39.951231214805794
            ],
            [
              116.3430195921298,
              39.95163647046334
            ],
            [
              116.34249302820213,
              39.95163348520275
            ],
            [
              116.34249690857818,
              39.95122822958782
            ],
            [
              116.34302346939882,
              39.951231214805794
            ]
          ]
        ]
      }
    },
    {
      "type": "Feature",
      "id": "BLDG-027",
      "properties": {
        "id": "BLDG-027",
        "layer": "BUILDING_FOOTPRINT",
        "source_type": "agent_generated_design",
        "confidence": "low",
        "geometry_role": "design_proposal",
        "building_type": "office",
        "parent_land_use": "LU-001",
        "name_zh": "点式商务楼（示意体量）",
        "usage_note": "概念体量示意，不代表建筑高度、容积率或地块拆分结论",
        "area_sqm_declared": 2025.0
      },
      "geometry": {
        "type": "Polygon",
        "coordinates": [
          [
            [
              116.34190407335657,
              39.9520354209806
            ],
            [
              116.34190018937099,
              39.95244067649068
            ],
            [
              116.34137361939499,
              39.952437686096175
            ],
            [
              116.34137750648773,
              39.952032430628776
            ],
            [
              116.34190407335657,
              39.9520354209806
            ]
          ]
        ]
      }
    },
    {
      "type": "Feature",
      "id": "BLDG-028",
      "properties": {
        "id": "BLDG-028",
        "layer": "BUILDING_FOOTPRINT",
        "source_type": "agent_generated_design",
        "confidence": "low",
        "geometry_role": "design_proposal",
        "building_type": "office",
        "parent_land_use": "LU-001",
        "name_zh": "点式商务楼（示意体量）",
        "usage_note": "概念体量示意，不代表建筑高度、容积率或地块拆分结论",
        "area_sqm_declared": 2025.0
      },
      "geometry": {
        "type": "Polygon",
        "coordinates": [
          [
            [
              116.34301571478231,
              39.95204172609216
            ],
            [
              116.34301183735633,
              39.952446981692255
            ],
            [
              116.34248526721437,
              39.952443996346425
            ],
            [
              116.34248914774754,
              39.95203874078894
            ],
            [
              116.34301571478231,
              39.95204172609216
            ]
          ]
        ]
      }
    },
    {
      "type": "Feature",
      "id": "BLDG-029",
      "properties": {
        "id": "BLDG-029",
        "layer": "BUILDING_FOOTPRINT",
        "source_type": "agent_generated_design",
        "confidence": "low",
        "geometry_role": "design_proposal",
        "building_type": "office",
        "parent_land_use": "LU-001",
        "name_zh": "点式商务楼（示意体量）",
        "usage_note": "概念体量示意，不代表建筑高度、容积率或地块拆分结论",
        "area_sqm_declared": 2025.0
      },
      "geometry": {
        "type": "Polygon",
        "coordinates": [
          [
            [
              116.34189630530676,
              39.95284593197204
            ],
            [
              116.3418924211639,
              39.95325118742467
            ],
            [
              116.34136584497332,
              39.953248196944784
            ],
            [
              116.34136973222351,
              39.95284294153485
            ],
            [
              116.34189630530676,
              39.95284593197204
            ]
          ]
        ]
      }
    },
    {
      "type": "Feature",
      "id": "BLDG-030",
      "properties": {
        "id": "BLDG-030",
        "layer": "BUILDING_FOOTPRINT",
        "source_type": "agent_generated_design",
        "confidence": "low",
        "geometry_role": "design_proposal",
        "building_type": "office",
        "parent_land_use": "LU-001",
        "name_zh": "点式商务楼（示意体量）",
        "usage_note": "概念体量示意，不代表建筑高度、容积率或地块拆分结论",
        "area_sqm_declared": 2025.0
      },
      "geometry": {
        "type": "Polygon",
        "coordinates": [
          [
            [
              116.3430079598518,
              39.95285223726361
            ],
            [
              116.34300408226879,
              39.95325749280625
            ],
            [
              116.3424775059123,
              39.95325450737519
            ],
            [
              116.34248138660261,
              39.95284925187517
            ],
            [
              116.3430079598518,
              39.95285223726361
            ]
          ]
        ]
      }
    },
    {
      "type": "Feature",
      "id": "BLDG-031",
      "properties": {
        "id": "BLDG-031",
        "layer": "BUILDING_FOOTPRINT",
        "source_type": "agent_generated_design",
        "confidence": "low",
        "geometry_role": "design_proposal",
        "building_type": "office",
        "parent_land_use": "LU-001",
        "name_zh": "点式商务楼（示意体量）",
        "usage_note": "概念体量示意，不代表建筑高度、容积率或地块拆分结论",
        "area_sqm_declared": 2025.0
      },
      "geometry": {
        "type": "Polygon",
        "coordinates": [
          [
            [
              116.34188853694239,
              39.953656442848555
            ],
            [
              116.34188465264222,
              39.95406169824372
            ],
            [
              116.34135807023686,
              39.954058707678456
            ],
            [
              116.34136195764445,
              39.95365345232597
            ],
            [
              116.34188853694239,
              39.953656442848555
            ]
          ]
        ]
      }
    },
    {
      "type": "Feature",
      "id": "BLDG-032",
      "properties": {
        "id": "BLDG-032",
        "layer": "BUILDING_FOOTPRINT",
        "source_type": "agent_generated_design",
        "confidence": "low",
        "geometry_role": "design_proposal",
        "building_type": "office",
        "parent_land_use": "LU-001",
        "name_zh": "点式商务楼（示意体量）",
        "usage_note": "概念体量示意，不代表建筑高度、容积率或地块拆分结论",
        "area_sqm_declared": 2025.0
      },
      "geometry": {
        "type": "Polygon",
        "coordinates": [
          [
            [
              116.34300020460729,
              39.95366274832015
            ],
            [
              116.34299632686727,
              39.954068003805325
            ],
            [
              116.34246974429595,
              39.95406501828902
            ],
            [
              116.34247362514341,
              39.95365976284648
            ],
            [
              116.34300020460729,
              39.95366274832015
            ]
          ]
        ]
      }
    },
    {
      "type": "Feature",
      "id": "BLDG-033",
      "properties": {
        "id": "BLDG-033",
        "layer": "BUILDING_FOOTPRINT",
        "source_type": "agent_generated_design",
        "confidence": "low",
        "geometry_role": "design_proposal",
        "building_type": "office",
        "parent_land_use": "LU-001",
        "name_zh": "点式商务楼（示意体量）",
        "usage_note": "概念体量示意，不代表建筑高度、容积率或地块拆分结论",
        "area_sqm_declared": 2025.0
      },
      "geometry": {
        "type": "Polygon",
        "coordinates": [
          [
            [
              116.34188076826341,
              39.954466953610144
            ],
            [
              116.34187688380597,
              39.95487220894785
            ],
            [
              116.34135029518559,
              39.954869218297205
            ],
            [
              116.34135418275058,
              39.95446396300219
            ],
            [
              116.34188076826341,
              39.954466953610144
            ]
          ]
        ]
      }
    },
    {
      "type": "Feature",
      "id": "BLDG-034",
      "properties": {
        "id": "BLDG-034",
        "layer": "BUILDING_FOOTPRINT",
        "source_type": "agent_generated_design",
        "confidence": "low",
        "geometry_role": "design_proposal",
        "building_type": "office",
        "parent_land_use": "LU-001",
        "name_zh": "点式商务楼（示意体量）",
        "usage_note": "概念体量示意，不代表建筑高度、容积率或地块拆分结论",
        "area_sqm_declared": 2025.0
      },
      "geometry": {
        "type": "Polygon",
        "coordinates": [
          [
            [
              116.34299244904871,
              39.95447325926176
            ],
            [
              116.34298857115164,
              39.95487851468948
            ],
            [
              116.34246198236531,
              39.95487552908795
            ],
            [
              116.34246586336991,
              39.954470273702846
            ],
            [
              116.34299244904871,
              39.95447325926176
            ]
          ]
        ]
      }
    },
    {
      "type": "Feature",
      "id": "BLDG-035",
      "properties": {
        "id": "BLDG-035",
        "layer": "BUILDING_FOOTPRINT",
        "source_type": "agent_generated_design",
        "confidence": "low",
        "geometry_role": "design_proposal",
        "building_type": "office",
        "parent_land_use": "LU-001",
        "name_zh": "点式商务楼（示意体量）",
        "usage_note": "概念体量示意，不代表建筑高度、容积率或地块拆分结论",
        "area_sqm_declared": 2025.0
      },
      "geometry": {
        "type": "Polygon",
        "coordinates": [
          [
            [
              116.34187299926987,
              39.95527746425682
            ],
            [
              116.34186911465511,
              39.95568271953706
            ],
            [
              116.34134251981943,
              39.95567972880102
            ],
            [
              116.34134640754186,
              39.95527447356349
            ],
            [
              116.34187299926987,
              39.95527746425682
            ]
          ]
        ]
      }
    },
    {
      "type": "Feature",
      "id": "BLDG-036",
      "properties": {
        "id": "BLDG-036",
        "layer": "BUILDING_FOOTPRINT",
        "source_type": "agent_generated_design",
        "confidence": "low",
        "geometry_role": "design_proposal",
        "building_type": "office",
        "parent_land_use": "LU-001",
        "name_zh": "点式商务楼（示意体量）",
        "usage_note": "概念体量示意，不代表建筑高度、容积率或地块拆分结论",
        "area_sqm_declared": 2025.0
      },
      "geometry": {
        "type": "Polygon",
        "coordinates": [
          [
            [
              116.34298469317608,
              39.955283770088464
            ],
            [
              116.34298081512196,
              39.95568902545871
            ],
            [
              116.34245422012032,
              39.95568603977194
            ],
            [
              116.3424581012821,
              39.95528078444431
            ],
            [
              116.34298469317608,
              39.955283770088464
            ]
          ]
        ]
      }
    },
    {
      "type": "Feature",
      "id": "BLDG-037",
      "properties": {
        "id": "BLDG-037",
        "layer": "BUILDING_FOOTPRINT",
        "source_type": "agent_generated_design",
        "confidence": "low",
        "geometry_role": "design_proposal",
        "building_type": "office",
        "parent_land_use": "LU-001",
        "name_zh": "点式商务楼（示意体量）",
        "usage_note": "概念体量示意，不代表建筑高度、容积率或地块拆分结论",
        "area_sqm_declared": 2025.0
      },
      "geometry": {
        "type": "Polygon",
        "coordinates": [
          [
            [
              116.3418652299617,
              39.95608797478855
            ],
            [
              116.34186134518964,
              39.956493230011326
            ],
            [
              116.34133474413842,
              39.95649023918992
            ],
            [
              116.34133863201829,
              39.956084984009834
            ],
            [
              116.3418652299617,
              39.95608797478855
            ]
          ]
        ]
      }
    },
    {
      "type": "Feature",
      "id": "BLDG-038",
      "properties": {
        "id": "BLDG-038",
        "layer": "BUILDING_FOOTPRINT",
        "source_type": "agent_generated_design",
        "confidence": "low",
        "geometry_role": "design_proposal",
        "building_type": "office",
        "parent_land_use": "LU-001",
        "name_zh": "点式商务楼（示意体量）",
        "usage_note": "概念体量示意，不代表建筑高度、容积率或地块拆分结论",
        "area_sqm_declared": 2025.0
      },
      "geometry": {
        "type": "Polygon",
        "coordinates": [
          [
            [
              116.34297693698934,
              39.95609428080024
            ],
            [
              116.34297305877821,
              39.95649953611302
            ],
            [
              116.34244645756102,
              39.956496550341015
            ],
            [
              116.34245033887997,
              39.95609129507084
            ],
            [
              116.34297693698934,
              39.95609428080024
            ]
          ]
        ]
      }
    },
    {
      "type": "Feature",
      "id": "BLDG-039",
      "properties": {
        "id": "BLDG-039",
        "layer": "BUILDING_FOOTPRINT",
        "source_type": "agent_generated_design",
        "confidence": "low",
        "geometry_role": "design_proposal",
        "building_type": "office",
        "parent_land_use": "LU-001",
        "name_zh": "点式商务楼（示意体量）",
        "usage_note": "概念体量示意，不代表建筑高度、容积率或地块拆分结论",
        "area_sqm_declared": 2025.0
      },
      "geometry": {
        "type": "Polygon",
        "coordinates": [
          [
            [
              116.34185746033891,
              39.956898485205386
            ],
            [
              116.34185357540956,
              39.95730374037068
            ],
            [
              116.34132696814254,
              39.9573007494639
            ],
            [
              116.34133085617984,
              39.956895494341275
            ],
            [
              116.34185746033891,
              39.956898485205386
            ]
          ]
        ]
      }
    },
    {
      "type": "Feature",
      "id": "BLDG-040",
      "properties": {
        "id": "BLDG-040",
        "layer": "BUILDING_FOOTPRINT",
        "source_type": "agent_generated_design",
        "confidence": "low",
        "geometry_role": "design_proposal",
        "building_type": "office",
        "parent_land_use": "LU-001",
        "name_zh": "点式商务楼（示意体量）",
        "usage_note": "概念体量示意，不代表建筑高度、容积率或地块拆分结论",
        "area_sqm_declared": 2025.0
      },
      "geometry": {
        "type": "Polygon",
        "coordinates": [
          [
            [
              116.34296918048854,
              39.956904791397086
            ],
            [
              116.34296530212036,
              39.957310046652424
            ],
            [
              116.34243869468735,
              39.95730706079515
            ],
            [
              116.34244257616349,
              39.95690180558247
            ],
            [
              116.34296918048854,
              39.956904791397086
            ]
          ]
        ]
      }
    },
    {
      "type": "Feature",
      "id": "BLDG-041",
      "properties": {
        "id": "BLDG-041",
        "layer": "BUILDING_FOOTPRINT",
        "source_type": "agent_generated_design",
        "confidence": "low",
        "geometry_role": "design_proposal",
        "building_type": "office",
        "parent_land_use": "LU-001",
        "name_zh": "点式商务楼（示意体量）",
        "usage_note": "概念体量示意，不代表建筑高度、容积率或地块拆分结论",
        "area_sqm_declared": 2025.0
      },
      "geometry": {
        "type": "Polygon",
        "coordinates": [
          [
            [
              116.3418496904015,
              39.95770899550727
            ],
            [
              116.3418458053148,
              39.95811425061511
            ],
            [
              116.34131919183176,
              39.958111259622925
            ],
            [
              116.3413230800265,
              39.95770600455778
            ],
            [
              116.3418496904015,
              39.95770899550727
            ]
          ]
        ]
      }
    },
    {
      "type": "Feature",
      "id": "BLDG-042",
      "properties": {
        "id": "BLDG-042",
        "layer": "BUILDING_FOOTPRINT",
        "source_type": "agent_generated_design",
        "confidence": "low",
        "geometry_role": "design_proposal",
        "building_type": "office",
        "parent_land_use": "LU-001",
        "name_zh": "点式商务楼（示意体量）",
        "usage_note": "概念体量示意，不代表建筑高度、容积率或地块拆分结论",
        "area_sqm_declared": 2025.0
      },
      "geometry": {
        "type": "Polygon",
        "coordinates": [
          [
            [
              116.34296142367364,
              39.957715301879006
            ],
            [
              116.3429575451484,
              39.95812055707689
            ],
            [
              116.34243093149934,
              39.958117571134395
            ],
            [
              116.34243481313264,
              39.95771231597913
            ],
            [
              116.34296142367364,
              39.957715301879006
            ]
          ]
        ]
      }
    },
    {
      "type": "Feature",
      "id": "BLDG-043",
      "properties": {
        "id": "BLDG-043",
        "layer": "BUILDING_FOOTPRINT",
        "source_type": "agent_generated_design",
        "confidence": "low",
        "geometry_role": "design_proposal",
        "building_type": "office",
        "parent_land_use": "LU-001",
        "name_zh": "点式商务楼（示意体量）",
        "usage_note": "概念体量示意，不代表建筑高度、容积率或地块拆分结论",
        "area_sqm_declared": 2025.0
      },
      "geometry": {
        "type": "Polygon",
        "coordinates": [
          [
            [
              116.34184192014945,
              39.95851950569423
            ],
            [
              116.34183803490542,
              39.95892476074462
            ],
            [
              116.34131141520608,
              39.958921769667036
            ],
            [
              116.34131530355828,
              39.95851651465935
            ],
            [
              116.34184192014945,
              39.95851950569423
            ]
          ]
        ]
      }
    },
    {
      "type": "Feature",
      "id": "BLDG-044",
      "properties": {
        "id": "BLDG-044",
        "layer": "BUILDING_FOOTPRINT",
        "source_type": "agent_generated_design",
        "confidence": "low",
        "geometry_role": "design_proposal",
        "building_type": "office",
        "parent_land_use": "LU-001",
        "name_zh": "点式商务楼（示意体量）",
        "usage_note": "概念体量示意，不代表建筑高度、容积率或地块拆分结论",
        "area_sqm_declared": 2025.0
      },
      "geometry": {
        "type": "Polygon",
        "coordinates": [
          [
            [
              116.3429536665446,
              39.958525812246016
            ],
            [
              116.3429497878623,
              39.95893106738644
            ],
            [
              116.34242316799696,
              39.95892808135869
            ],
            [
              116.34242704978746,
              39.9585228262609
            ],
            [
              116.3429536665446,
              39.958525812246016
            ]
          ]
        ]
      }
    },
    {
      "type": "Feature",
      "id": "BLDG-045",
      "properties": {
        "id": "BLDG-045",
        "layer": "BUILDING_FOOTPRINT",
        "source_type": "agent_generated_design",
        "confidence": "low",
        "geometry_role": "design_proposal",
        "building_type": "office",
        "parent_land_use": "LU-001",
        "name_zh": "点式商务楼（示意体量）",
        "usage_note": "概念体量示意，不代表建筑高度、容积率或地块拆分结论",
        "area_sqm_declared": 2025.0
      },
      "geometry": {
        "type": "Polygon",
        "coordinates": [
          [
            [
              116.34183414958272,
              39.95933001576627
            ],
            [
              116.34183026418135,
              39.95973527075918
            ],
            [
              116.34130363826544,
              39.95973227959622
            ],
            [
              116.34130752677514,
              39.959327024645994
            ],
            [
              116.34183414958272,
              39.95933001576627
            ]
          ]
        ]
      }
    },
    {
      "type": "Feature",
      "id": "BLDG-046",
      "properties": {
        "id": "BLDG-046",
        "layer": "BUILDING_FOOTPRINT",
        "source_type": "agent_generated_design",
        "confidence": "low",
        "geometry_role": "design_proposal",
        "building_type": "office",
        "parent_land_use": "LU-001",
        "name_zh": "点式商务楼（示意体量）",
        "usage_note": "概念体量示意，不代表建筑高度、容积率或地块拆分结论",
        "area_sqm_declared": 2025.0
      },
      "geometry": {
        "type": "Polygon",
        "coordinates": [
          [
            [
              116.34294590910146,
              39.95933632249811
            ],
            [
              116.34294203026208,
              39.95974157758106
            ],
            [
              116.34241540418017,
              39.95973859146806
            ],
            [
              116.34241928612785,
              39.95933333642774
            ],
            [
              116.34294590910146,
              39.95933632249811
            ]
          ]
        ]
      }
    },
    {
      "type": "Feature",
      "id": "BLDG-047",
      "properties": {
        "id": "BLDG-047",
        "layer": "BUILDING_FOOTPRINT",
        "source_type": "agent_generated_design",
        "confidence": "low",
        "geometry_role": "design_proposal",
        "building_type": "office",
        "parent_land_use": "LU-001",
        "name_zh": "点式商务楼（示意体量）",
        "usage_note": "概念体量示意，不代表建筑高度、容积率或地块拆分结论",
        "area_sqm_declared": 2025.0
      },
      "geometry": {
        "type": "Polygon",
        "coordinates": [
          [
            [
              116.34182637870133,
              39.960140525723375
            ],
            [
              116.3418224931426,
              39.96054578065883
            ],
            [
              116.34129586100991,
              39.96054278941047
            ],
            [
              116.34129974967705,
              39.96013753451771
            ],
            [
              116.34182637870133,
              39.960140525723375
            ]
          ]
        ]
      }
    },
    {
      "type": "Feature",
      "id": "BLDG-048",
      "properties": {
        "id": "BLDG-048",
        "layer": "BUILDING_FOOTPRINT",
        "source_type": "agent_generated_design",
        "confidence": "low",
        "geometry_role": "design_proposal",
        "building_type": "office",
        "parent_land_use": "LU-001",
        "name_zh": "点式商务楼（示意体量）",
        "usage_note": "概念体量示意，不代表建筑高度、容积率或地块拆分结论",
        "area_sqm_declared": 2025.0
      },
      "geometry": {
        "type": "Polygon",
        "coordinates": [
          [
            [
              116.34293815134416,
              39.96014683263527
            ],
            [
              116.3429342723477,
              39.96055208766075
            ],
            [
              116.34240764004899,
              39.960549101462504
            ],
            [
              116.34241152215388,
              39.960143846479646
            ],
            [
              116.34293815134416,
              39.96014683263527
            ]
          ]
        ]
      }
    },
    {
      "type": "Feature",
      "id": "BLDG-049",
      "properties": {
        "id": "BLDG-049",
        "layer": "BUILDING_FOOTPRINT",
        "source_type": "agent_generated_design",
        "confidence": "low",
        "geometry_role": "design_proposal",
        "building_type": "office",
        "parent_land_use": "LU-001",
        "name_zh": "点式商务楼（示意体量）",
        "usage_note": "概念体量示意，不代表建筑高度、容积率或地块拆分结论",
        "area_sqm_declared": 2025.0
      },
      "geometry": {
        "type": "Polygon",
        "coordinates": [
          [
            [
              116.34181860750523,
              39.96095103556557
            ],
            [
              116.34181472178916,
              39.961356290443554
            ],
            [
              116.34128808343942,
              39.96135329910979
            ],
            [
              116.34129197226405,
              39.960948044274495
            ],
            [
              116.34181860750523,
              39.96095103556557
            ]
          ]
        ]
      }
    },
    {
      "type": "Feature",
      "id": "BLDG-050",
      "properties": {
        "id": "BLDG-050",
        "layer": "BUILDING_FOOTPRINT",
        "source_type": "agent_generated_design",
        "confidence": "low",
        "geometry_role": "design_proposal",
        "building_type": "office",
        "parent_land_use": "LU-001",
        "name_zh": "点式商务楼（示意体量）",
        "usage_note": "概念体量示意，不代表建筑高度、容积率或地块拆分结论",
        "area_sqm_declared": 2025.0
      },
      "geometry": {
        "type": "Polygon",
        "coordinates": [
          [
            [
              116.34293039327268,
              39.9609573426575
            ],
            [
              116.34292651411914,
              39.96136259762553
            ],
            [
              116.34239987560338,
              39.961359611342026
            ],
            [
              116.3424037578655,
              39.960954356416636
            ],
            [
              116.34293039327268,
              39.9609573426575
            ]
          ]
        ]
      }
    },
    {
      "type": "Feature",
      "id": "BLDG-051",
      "properties": {
        "id": "BLDG-051",
        "layer": "BUILDING_FOOTPRINT",
        "source_type": "agent_generated_design",
        "confidence": "low",
        "geometry_role": "design_proposal",
        "building_type": "office",
        "parent_land_use": "LU-001",
        "name_zh": "点式商务楼（示意体量）",
        "usage_note": "概念体量示意，不代表建筑高度、容积率或地块拆分结论",
        "area_sqm_declared": 2025.0
      },
      "geometry": {
        "type": "Polygon",
        "coordinates": [
          [
            [
              116.34181083599442,
              39.96176154529281
            ],
            [
              116.341806950121,
              39.96216680011334
            ],
            [
              116.34128030555397,
              39.96216380869417
            ],
            [
              116.34128419453606,
              39.961758553916354
            ],
            [
              116.34181083599442,
              39.96176154529281
            ]
          ]
        ]
      }
    },
    {
      "type": "Feature",
      "id": "BLDG-052",
      "properties": {
        "id": "BLDG-052",
        "layer": "BUILDING_FOOTPRINT",
        "source_type": "agent_generated_design",
        "confidence": "low",
        "geometry_role": "design_proposal",
        "building_type": "office",
        "parent_land_use": "LU-001",
        "name_zh": "点式商务楼（示意体量）",
        "usage_note": "概念体量示意，不代表建筑高度、容积率或地块拆分结论",
        "area_sqm_declared": 2025.0
      },
      "geometry": {
        "type": "Polygon",
        "coordinates": [
          [
            [
              116.34292263488705,
              39.96176785256482
            ],
            [
              116.34291875557642,
              39.96217310747538
            ],
            [
              116.34239211084333,
              39.962170121106624
            ],
            [
              116.34239599326267,
              39.9617648662387
            ],
            [
              116.34292263488705,
              39.96176785256482
            ]
          ]
        ]
      }
    },
    {
      "type": "Feature",
      "id": "BLDG-053",
      "properties": {
        "id": "BLDG-053",
        "layer": "BUILDING_FOOTPRINT",
        "source_type": "agent_generated_design",
        "confidence": "low",
        "geometry_role": "design_proposal",
        "building_type": "office",
        "parent_land_use": "LU-001",
        "name_zh": "点式商务楼（示意体量）",
        "usage_note": "概念体量示意，不代表建筑高度、容积率或地块拆分结论",
        "area_sqm_declared": 2025.0
      },
      "geometry": {
        "type": "Polygon",
        "coordinates": [
          [
            [
              116.3418030641689,
              39.96257205490513
            ],
            [
              116.34179917813812,
              39.962977309668204
            ],
            [
              116.34127252735352,
              39.96297431816363
            ],
            [
              116.34127641649313,
              39.96256906344327
            ],
            [
              116.3418030641689,
              39.96257205490513
            ]
          ]
        ]
      }
    },
    {
      "type": "Feature",
      "id": "BLDG-054",
      "properties": {
        "id": "BLDG-054",
        "layer": "BUILDING_FOOTPRINT",
        "source_type": "agent_generated_design",
        "confidence": "low",
        "geometry_role": "design_proposal",
        "building_type": "office",
        "parent_land_use": "LU-001",
        "name_zh": "点式商务楼（示意体量）",
        "usage_note": "概念体量示意，不代表建筑高度、容积率或地块拆分结论",
        "area_sqm_declared": 2025.0
      },
      "geometry": {
        "type": "Polygon",
        "coordinates": [
          [
            [
              116.34291487618722,
              39.962578362357206
            ],
            [
              116.3429109967195,
              39.962983617210305
            ],
            [
              116.34238434576886,
              39.9629806307563
            ],
            [
              116.3423882283454,
              39.96257537594582
            ],
            [
              116.34291487618722,
              39.962578362357206
            ]
          ]
        ]
      }
    },
    {
      "type": "Feature",
      "id": "BLDG-055",
      "properties": {
        "id": "BLDG-055",
        "layer": "BUILDING_FOOTPRINT",
        "source_type": "agent_generated_design",
        "confidence": "low",
        "geometry_role": "design_proposal",
        "building_type": "office",
        "parent_land_use": "LU-001",
        "name_zh": "点式商务楼（示意体量）",
        "usage_note": "概念体量示意，不代表建筑高度、容积率或地块拆分结论",
        "area_sqm_declared": 2025.0
      },
      "geometry": {
        "type": "Polygon",
        "coordinates": [
          [
            [
              116.34179529202865,
              39.96338256440252
            ],
            [
              116.34179140584051,
              39.96378781910812
            ],
            [
              116.34126474883809,
              39.963784827518154
            ],
            [
              116.34126863813519,
              39.96337957285525
            ],
            [
              116.34179529202865,
              39.96338256440252
            ]
          ]
        ]
      }
    },
    {
      "type": "Feature",
      "id": "BLDG-056",
      "properties": {
        "id": "BLDG-056",
        "layer": "BUILDING_FOOTPRINT",
        "source_type": "agent_generated_design",
        "confidence": "low",
        "geometry_role": "design_proposal",
        "building_type": "office",
        "parent_land_use": "LU-001",
        "name_zh": "点式商务楼（示意体量）",
        "usage_note": "概念体量示意，不代表建筑高度、容积率或地块拆分结论",
        "area_sqm_declared": 2025.0
      },
      "geometry": {
        "type": "Polygon",
        "coordinates": [
          [
            [
              116.34290711717323,
              39.96338887203466
            ],
            [
              116.34290323754837,
              39.96379412683029
            ],
            [
              116.3423765803799,
              39.963791140291036
            ],
            [
              116.34238046311368,
              39.96338588553802
            ],
            [
              116.34290711717323,
              39.96338887203466
            ]
          ]
        ]
      }
    },
    {
      "type": "Feature",
      "id": "BLDG-057",
      "properties": {
        "id": "BLDG-057",
        "layer": "BUILDING_FOOTPRINT",
        "source_type": "agent_generated_design",
        "confidence": "low",
        "geometry_role": "design_proposal",
        "building_type": "office",
        "parent_land_use": "LU-001",
        "name_zh": "点式商务楼（示意体量）",
        "usage_note": "概念体量示意，不代表建筑高度、容积率或地块拆分结论",
        "area_sqm_declared": 2025.0
      },
      "geometry": {
        "type": "Polygon",
        "coordinates": [
          [
            [
              116.34178751957367,
              39.964193073784976
            ],
            [
              116.34178363322812,
              39.96459832843312
            ],
            [
              116.34125697000765,
              39.964595336757746
            ],
            [
              116.34126085946224,
              39.964190082152314
            ],
            [
              116.34178751957367,
              39.964193073784976
            ]
          ]
        ]
      }
    },
    {
      "type": "Feature",
      "id": "BLDG-058",
      "properties": {
        "id": "BLDG-058",
        "layer": "BUILDING_FOOTPRINT",
        "source_type": "agent_generated_design",
        "confidence": "low",
        "geometry_role": "design_proposal",
        "building_type": "office",
        "parent_land_use": "LU-001",
        "name_zh": "点式商务楼（示意体量）",
        "usage_note": "概念体量示意，不代表建筑高度、容积率或地块拆分结论",
        "area_sqm_declared": 2025.0
      },
      "geometry": {
        "type": "Polygon",
        "coordinates": [
          [
            [
              116.34289935784497,
              39.96419938159719
            ],
            [
              116.34289547806303,
              39.964604636335366
            ],
            [
              116.3423688146765,
              39.964601649710836
            ],
            [
              116.3423726975675,
              39.96419639501529
            ],
            [
              116.34289935784497,
              39.96419938159719
            ]
          ]
        ]
      }
    },
    {
      "type": "Feature",
      "id": "BLDG-059",
      "properties": {
        "id": "BLDG-059",
        "layer": "BUILDING_FOOTPRINT",
        "source_type": "agent_generated_design",
        "confidence": "low",
        "geometry_role": "design_proposal",
        "building_type": "office",
        "parent_land_use": "LU-001",
        "name_zh": "点式商务楼（示意体量）",
        "usage_note": "概念体量示意，不代表建筑高度、容积率或地块拆分结论",
        "area_sqm_declared": 2025.0
      },
      "geometry": {
        "type": "Polygon",
        "coordinates": [
          [
            [
              116.34177974680388,
              39.965003583052514
            ],
            [
              116.34177586030097,
              39.965408837643174
            ],
            [
              116.3412491908622,
              39.965405845882394
            ],
            [
              116.3412530804743,
              39.96500059133444
            ],
            [
              116.34177974680388,
              39.965003583052514
            ]
          ]
        ]
      }
    },
    {
      "type": "Feature",
      "id": "BLDG-060",
      "properties": {
        "id": "BLDG-060",
        "layer": "BUILDING_FOOTPRINT",
        "source_type": "agent_generated_design",
        "confidence": "low",
        "geometry_role": "design_proposal",
        "building_type": "office",
        "parent_land_use": "LU-001",
        "name_zh": "点式商务楼（示意体量）",
        "usage_note": "概念体量示意，不代表建筑高度、容积率或地块拆分结论",
        "area_sqm_declared": 2025.0
      },
      "geometry": {
        "type": "Polygon",
        "coordinates": [
          [
            [
              116.34289159820251,
              39.96500989104481
            ],
            [
              116.34288771826343,
              39.96541514572551
            ],
            [
              116.34236104865857,
              39.96541215901571
            ],
            [
              116.34236493170685,
              39.965006904377645
            ],
            [
              116.34289159820251,
              39.96500989104481
            ]
          ]
        ]
      }
    },
    {
      "type": "Feature",
      "id": "BLDG-061",
      "properties": {
        "id": "BLDG-061",
        "layer": "BUILDING_FOOTPRINT",
        "source_type": "agent_generated_design",
        "confidence": "low",
        "geometry_role": "design_proposal",
        "building_type": "office",
        "parent_land_use": "LU-001",
        "name_zh": "点式商务楼（示意体量）",
        "usage_note": "概念体量示意，不代表建筑高度、容积率或地块拆分结论",
        "area_sqm_declared": 2025.0
      },
      "geometry": {
        "type": "Polygon",
        "coordinates": [
          [
            [
              116.34177197371936,
              39.96581409220511
            ],
            [
              116.34176808705904,
              39.966219346738306
            ],
            [
              116.34124141140171,
              39.96621635489211
            ],
            [
              116.34124530117133,
              39.96581110040162
            ],
            [
              116.34177197371936,
              39.96581409220511
            ]
          ]
        ]
      }
    },
    {
      "type": "Feature",
      "id": "BLDG-062",
      "properties": {
        "id": "BLDG-062",
        "layer": "BUILDING_FOOTPRINT",
        "source_type": "agent_generated_design",
        "confidence": "low",
        "geometry_role": "design_proposal",
        "building_type": "office",
        "parent_land_use": "LU-001",
        "name_zh": "点式商务楼（示意体量）",
        "usage_note": "概念体量示意，不代表建筑高度、容积率或地块拆分结论",
        "area_sqm_declared": 2025.0
      },
      "geometry": {
        "type": "Polygon",
        "coordinates": [
          [
            [
              116.34288383824578,
              39.96582040037748
            ],
            [
              116.34287995814958,
              39.96622565500072
            ],
            [
              116.34235328232617,
              39.96622266820566
            ],
            [
              116.34235716553168,
              39.96581741362505
            ],
            [
              116.34288383824578,
              39.96582040037748
            ]
          ]
        ]
      }
    },
    {
      "type": "Feature",
      "id": "BLDG-063",
      "properties": {
        "id": "BLDG-063",
        "layer": "BUILDING_FOOTPRINT",
        "source_type": "agent_generated_design",
        "confidence": "low",
        "geometry_role": "design_proposal",
        "building_type": "office",
        "parent_land_use": "LU-001",
        "name_zh": "点式商务楼（示意体量）",
        "usage_note": "概念体量示意，不代表建筑高度、容积率或地块拆分结论",
        "area_sqm_declared": 2025.0
      },
      "geometry": {
        "type": "Polygon",
        "coordinates": [
          [
            [
              116.34176420032003,
              39.96662460124277
            ],
            [
              116.34176031350232,
              39.96702985571851
            ],
            [
              116.34123363162615,
              39.967026863786906
            ],
            [
              116.34123752155331,
              39.96662160935388
            ],
            [
              116.34176420032003,
              39.96662460124277
            ]
          ]
        ]
      }
    },
    {
      "type": "Feature",
      "id": "BLDG-064",
      "properties": {
        "id": "BLDG-064",
        "layer": "BUILDING_FOOTPRINT",
        "source_type": "agent_generated_design",
        "confidence": "low",
        "geometry_role": "design_proposal",
        "building_type": "office",
        "parent_land_use": "LU-001",
        "name_zh": "点式商务楼（示意体量）",
        "usage_note": "概念体量示意，不代表建筑高度、容积率或地块拆分结论",
        "area_sqm_declared": 2025.0
      },
      "geometry": {
        "type": "Polygon",
        "coordinates": [
          [
            [
              116.3428760779748,
              39.96663090959523
            ],
            [
              116.34287219772146,
              39.96703616416101
            ],
            [
              116.34234551567923,
              39.967033177280676
            ],
            [
              116.34234939904202,
              39.96662792275753
            ],
            [
              116.3428760779748,
              39.96663090959523
            ]
          ]
        ]
      }
    },
    {
      "type": "Feature",
      "id": "BLDG-065",
      "properties": {
        "id": "BLDG-065",
        "layer": "BUILDING_FOOTPRINT",
        "source_type": "agent_generated_design",
        "confidence": "low",
        "geometry_role": "design_proposal",
        "building_type": "office",
        "parent_land_use": "LU-001",
        "name_zh": "点式商务楼（示意体量）",
        "usage_note": "概念体量示意，不代表建筑高度、容积率或地块拆分结论",
        "area_sqm_declared": 2025.0
      },
      "geometry": {
        "type": "Polygon",
        "coordinates": [
          [
            [
              116.3417564266059,
              39.96743511016551
            ],
            [
              116.34175253963076,
              39.967840364583765
            ],
            [
              116.34122585153555,
              39.96783737256675
            ],
            [
              116.34122974162023,
              39.9674321181912
            ],
            [
              116.3417564266059,
              39.96743511016551
            ]
          ]
        ]
      }
    },
    {
      "type": "Feature",
      "id": "BLDG-066",
      "properties": {
        "id": "BLDG-066",
        "layer": "BUILDING_FOOTPRINT",
        "source_type": "agent_generated_design",
        "confidence": "low",
        "geometry_role": "design_proposal",
        "building_type": "office",
        "parent_land_use": "LU-001",
        "name_zh": "点式商务楼（示意体量）",
        "usage_note": "概念体量示意，不代表建筑高度、容积率或地块拆分结论",
        "area_sqm_declared": 2025.0
      },
      "geometry": {
        "type": "Polygon",
        "coordinates": [
          [
            [
              116.34286831738957,
              39.96744141869806
            ],
            [
              116.34286443697907,
              39.96784667320636
            ],
            [
              116.34233774871778,
              39.96784368624076
            ],
            [
              116.34234163223782,
              39.9674384317751
            ],
            [
              116.34286831738957,
              39.96744141869806
            ]
          ]
        ]
      }
    },
    {
      "type": "Feature",
      "id": "BLDG-067",
      "properties": {
        "id": "BLDG-067",
        "layer": "BUILDING_FOOTPRINT",
        "source_type": "agent_generated_design",
        "confidence": "low",
        "geometry_role": "design_proposal",
        "building_type": "office",
        "parent_land_use": "LU-001",
        "name_zh": "点式商务楼（示意体量）",
        "usage_note": "概念体量示意，不代表建筑高度、容积率或地块拆分结论",
        "area_sqm_declared": 2025.0
      },
      "geometry": {
        "type": "Polygon",
        "coordinates": [
          [
            [
              116.34174865257695,
              39.96824561897329
            ],
            [
              116.34174476544442,
              39.96865087333409
            ],
            [
              116.34121807112987,
              39.96864788123167
            ],
            [
              116.3412219613721,
              39.96824262691358
            ],
            [
              116.34174865257695,
              39.96824561897329
            ]
          ]
        ]
      }
    },
    {
      "type": "Feature",
      "id": "BLDG-068",
      "properties": {
        "id": "BLDG-068",
        "layer": "BUILDING_FOOTPRINT",
        "source_type": "agent_generated_design",
        "confidence": "low",
        "geometry_role": "design_proposal",
        "building_type": "office",
        "parent_land_use": "LU-001",
        "name_zh": "点式商务楼（示意体量）",
        "usage_note": "概念体量示意，不代表建筑高度、容积率或地块拆分结论",
        "area_sqm_declared": 2025.0
      },
      "geometry": {
        "type": "Polygon",
        "coordinates": [
          [
            [
              116.34286055649002,
              39.968251927685934
            ],
            [
              116.34285667592238,
              39.96865718213678
            ],
            [
              116.34232998144176,
              39.96865419508592
            ],
            [
              116.3423338651191,
              39.9682489406777
            ],
            [
              116.34286055649002,
              39.968251927685934
            ]
          ]
        ]
      }
    },
    {
      "type": "Feature",
      "id": "BLDG-069",
      "properties": {
        "id": "BLDG-069",
        "layer": "BUILDING_FOOTPRINT",
        "source_type": "agent_generated_design",
        "confidence": "low",
        "geometry_role": "design_proposal",
        "building_type": "office",
        "parent_land_use": "LU-001",
        "name_zh": "点式商务楼（示意体量）",
        "usage_note": "概念体量示意，不代表建筑高度、容积率或地块拆分结论",
        "area_sqm_declared": 2025.0
      },
      "geometry": {
        "type": "Polygon",
        "coordinates": [
          [
            [
              116.34174087823315,
              39.96905612766616
            ],
            [
              116.34173699094319,
              39.96946138196949
            ],
            [
              116.34121029040908,
              39.96945838978165
            ],
            [
              116.34121418080886,
              39.96905313552103
            ],
            [
              116.34174087823315,
              39.96905612766616
            ]
          ]
        ]
      }
    },
    {
      "type": "Feature",
      "id": "BLDG-070",
      "properties": {
        "id": "BLDG-070",
        "layer": "BUILDING_FOOTPRINT",
        "source_type": "agent_generated_design",
        "confidence": "low",
        "geometry_role": "design_proposal",
        "building_type": "office",
        "parent_land_use": "LU-001",
        "name_zh": "点式商务楼（示意体量）",
        "usage_note": "概念体量示意，不代表建筑高度、容积率或地块拆分结论",
        "area_sqm_declared": 2025.0
      },
      "geometry": {
        "type": "Polygon",
        "coordinates": [
          [
            [
              116.34285279527619,
              39.9690624365589
            ],
            [
              116.34284891455141,
              39.969467690952285
            ],
            [
              116.34232221385119,
              39.969464703816136
            ],
            [
              116.3423260976858,
              39.9690594494654
            ],
            [
              116.34285279527619,
              39.9690624365589
            ]
          ]
        ]
      }
    },
    {
      "type": "Feature",
      "id": "BLDG-071",
      "properties": {
        "id": "BLDG-071",
        "layer": "BUILDING_FOOTPRINT",
        "source_type": "agent_generated_design",
        "confidence": "low",
        "geometry_role": "design_proposal",
        "building_type": "office",
        "parent_land_use": "LU-001",
        "name_zh": "点式商务楼（示意体量）",
        "usage_note": "概念体量示意，不代表建筑高度、容积率或地块拆分结论",
        "area_sqm_declared": 2025.0
      },
      "geometry": {
        "type": "Polygon",
        "coordinates": [
          [
            [
              116.34173310357453,
              39.96986663624408
            ],
            [
              116.34172921612715,
              39.97027189048995
            ],
            [
              116.34120250937319,
              39.97026889821669
            ],
            [
              116.34120639993053,
              39.96986364401353
            ],
            [
              116.34173310357453,
              39.96986663624408
            ]
          ]
        ]
      }
    },
    {
      "type": "Feature",
      "id": "BLDG-072",
      "properties": {
        "id": "BLDG-072",
        "layer": "BUILDING_FOOTPRINT",
        "source_type": "agent_generated_design",
        "confidence": "low",
        "geometry_role": "design_proposal",
        "building_type": "office",
        "parent_land_use": "LU-001",
        "name_zh": "点式商务楼（示意体量）",
        "usage_note": "概念体量示意，不代表建筑高度、容积率或地块拆分结论",
        "area_sqm_declared": 2025.0
      },
      "geometry": {
        "type": "Polygon",
        "coordinates": [
          [
            [
              116.34284503374802,
              39.969872945316915
            ],
            [
              116.34284115286609,
              39.97027819965284
            ],
            [
              116.34231444594603,
              39.970275212431424
            ],
            [
              116.34231832993794,
              39.969869958138155
            ],
            [
              116.34284503374802,
              39.969872945316915
            ]
          ]
        ]
      }
    },
    {
      "type": "Feature",
      "id": "BLDG-073",
      "properties": {
        "id": "BLDG-073",
        "layer": "BUILDING_FOOTPRINT",
        "source_type": "agent_generated_design",
        "confidence": "low",
        "geometry_role": "design_proposal",
        "building_type": "office",
        "parent_land_use": "LU-001",
        "name_zh": "点式商务楼（示意体量）",
        "usage_note": "概念体量示意，不代表建筑高度、容积率或地块拆分结论",
        "area_sqm_declared": 2025.0
      },
      "geometry": {
        "type": "Polygon",
        "coordinates": [
          [
            [
              116.34172532860103,
              39.97067714470707
            ],
            [
              116.3417214409962,
              39.97108239889546
            ],
            [
              116.3411947280222,
              39.97107940653678
            ],
            [
              116.34119861873708,
              39.97067415239109
            ],
            [
              116.34172532860103,
              39.97067714470707
            ]
          ]
        ]
      }
    },
    {
      "type": "Feature",
      "id": "BLDG-074",
      "properties": {
        "id": "BLDG-074",
        "layer": "BUILDING_FOOTPRINT",
        "source_type": "agent_generated_design",
        "confidence": "low",
        "geometry_role": "design_proposal",
        "building_type": "office",
        "parent_land_use": "LU-001",
        "name_zh": "点式商务楼（示意体量）",
        "usage_note": "概念体量示意，不代表建筑高度、容积率或地块拆分结论",
        "area_sqm_declared": 2025.0
      },
      "geometry": {
        "type": "Polygon",
        "coordinates": [
          [
            [
              116.34283727190555,
              39.970683453960014
            ],
            [
              116.34283339086643,
              39.97108870823846
            ],
            [
              116.3423066777263,
              39.97108572093178
            ],
            [
              116.34231056187551,
              39.970680466695974
            ],
            [
              116.34283727190555,
              39.970683453960014
            ]
          ]
        ]
      }
    },
    {
      "type": "Feature",
      "id": "BLDG-075",
      "properties": {
        "id": "BLDG-075",
        "layer": "BUILDING_FOOTPRINT",
        "source_type": "agent_generated_design",
        "confidence": "low",
        "geometry_role": "design_proposal",
        "building_type": "office",
        "parent_land_use": "LU-001",
        "name_zh": "点式商务楼（示意体量）",
        "usage_note": "概念体量示意，不代表建筑高度、容积率或地块拆分结论",
        "area_sqm_declared": 2025.0
      },
      "geometry": {
        "type": "Polygon",
        "coordinates": [
          [
            [
              116.34171755331266,
              39.97148765305512
            ],
            [
              116.3417136655504,
              39.97189290718605
            ],
            [
              116.34118694635606,
              39.97188991474194
            ],
            [
              116.34119083722851,
              39.971484660653736
            ],
            [
              116.34171755331266,
              39.97148765305512
            ]
          ]
        ]
      }
    },
    {
      "type": "Feature",
      "id": "BLDG-076",
      "properties": {
        "id": "BLDG-076",
        "layer": "BUILDING_FOOTPRINT",
        "source_type": "agent_generated_design",
        "confidence": "low",
        "geometry_role": "design_proposal",
        "building_type": "office",
        "parent_land_use": "LU-001",
        "name_zh": "点式商务楼（示意体量）",
        "usage_note": "概念体量示意，不代表建筑高度、容积率或地块拆分结论",
        "area_sqm_declared": 2025.0
      },
      "geometry": {
        "type": "Polygon",
        "coordinates": [
          [
            [
              116.34282950974873,
              39.97149396248819
            ],
            [
              116.34282562855243,
              39.971899216709154
            ],
            [
              116.34229890919198,
              39.971896229317196
            ],
            [
              116.34230279349845,
              39.97149097513885
            ],
            [
              116.34282950974873,
              39.97149396248819
            ]
          ]
        ]
      }
    },
    {
      "type": "Feature",
      "id": "BLDG-077",
      "properties": {
        "id": "BLDG-077",
        "layer": "BUILDING_FOOTPRINT",
        "source_type": "agent_generated_design",
        "confidence": "low",
        "geometry_role": "design_proposal",
        "building_type": "office",
        "parent_land_use": "LU-001",
        "name_zh": "点式商务楼（示意体量）",
        "usage_note": "概念体量示意，不代表建筑高度、容积率或地块拆分结论",
        "area_sqm_declared": 2025.0
      },
      "geometry": {
        "type": "Polygon",
        "coordinates": [
          [
            [
              116.34170977770938,
              39.972298161288236
            ],
            [
              116.34170588978968,
              39.97270341536171
            ],
            [
              116.34117916437478,
              39.97270042283217
            ],
            [
              116.34118305540481,
              39.972295168801416
            ],
            [
              116.34170977770938,
              39.972298161288236
            ]
          ]
        ]
      }
    },
    {
      "type": "Feature",
      "id": "BLDG-078",
      "properties": {
        "id": "BLDG-078",
        "layer": "BUILDING_FOOTPRINT",
        "source_type": "agent_generated_design",
        "confidence": "low",
        "geometry_role": "design_proposal",
        "building_type": "office",
        "parent_land_use": "LU-001",
        "name_zh": "点式商务楼（示意体量）",
        "usage_note": "概念体量示意，不代表建筑高度、容积率或地块拆分结论",
        "area_sqm_declared": 2025.0
      },
      "geometry": {
        "type": "Polygon",
        "coordinates": [
          [
            [
              116.34282174727753,
              39.972304470901406
            ],
            [
              116.34281786592406,
              39.972709725064924
            ],
            [
              116.34229114034301,
              39.972706737587686
            ],
            [
              116.34229502480683,
              39.97230148346681
            ],
            [
              116.34282174727753,
              39.972304470901406
            ]
          ]
        ]
      }
    },
    {
      "type": "Feature",
      "id": "BLDG-079",
      "properties": {
        "id": "BLDG-079",
        "layer": "BUILDING_FOOTPRINT",
        "source_type": "agent_generated_design",
        "confidence": "low",
        "geometry_role": "design_proposal",
        "building_type": "office",
        "parent_land_use": "LU-001",
        "name_zh": "点式商务楼（示意体量）",
        "usage_note": "概念体量示意，不代表建筑高度、容积率或地块拆分结论",
        "area_sqm_declared": 2025.0
      },
      "geometry": {
        "type": "Polygon",
        "coordinates": [
          [
            [
              116.34170200179123,
              39.97310866940642
            ],
            [
              116.34169811371405,
              39.97351392342241
            ],
            [
              116.34117138207831,
              39.97351093080745
            ],
            [
              116.34117527326593,
              39.97310567683418
            ],
            [
              116.34170200179123,
              39.97310866940642
            ]
          ]
        ]
      }
    },
    {
      "type": "Feature",
      "id": "BLDG-080",
      "properties": {
        "id": "BLDG-080",
        "layer": "BUILDING_FOOTPRINT",
        "source_type": "agent_generated_design",
        "confidence": "low",
        "geometry_role": "design_proposal",
        "building_type": "office",
        "parent_land_use": "LU-001",
        "name_zh": "点式商务楼（示意体量）",
        "usage_note": "概念体量示意，不代表建筑高度、容积率或地块拆分结论",
        "area_sqm_declared": 2025.0
      },
      "geometry": {
        "type": "Polygon",
        "coordinates": [
          [
            [
              116.34281398449197,
              39.973114979199714
            ],
            [
              116.3428101029813,
              39.973520233305756
            ],
            [
              116.34228337117942,
              39.973517245743224
            ],
            [
              116.34228725580056,
              39.97311199167982
            ],
            [
              116.34281398449197,
              39.973114979199714
            ]
          ]
        ]
      }
    },
    {
      "type": "Feature",
      "id": "BLDG-081",
      "properties": {
        "id": "BLDG-081",
        "layer": "BUILDING_FOOTPRINT",
        "source_type": "agent_generated_design",
        "confidence": "low",
        "geometry_role": "design_proposal",
        "building_type": "office",
        "parent_land_use": "LU-001",
        "name_zh": "点式商务楼（示意体量）",
        "usage_note": "概念体量示意，不代表建筑高度、容积率或地块拆分结论",
        "area_sqm_declared": 2025.0
      },
      "geometry": {
        "type": "Polygon",
        "coordinates": [
          [
            [
              116.34169422555814,
              39.973919177409655
            ],
            [
              116.3416903373235,
              39.974324431368174
            ],
            [
              116.34116359946668,
              39.974321438667786
            ],
            [
              116.3411674908119,
              39.97391618475198
            ],
            [
              116.34169422555814,
              39.973919177409655
            ]
          ]
        ]
      }
    },
    {
      "type": "Feature",
      "id": "BLDG-082",
      "properties": {
        "id": "BLDG-082",
        "layer": "BUILDING_FOOTPRINT",
        "source_type": "agent_generated_design",
        "confidence": "low",
        "geometry_role": "design_proposal",
        "building_type": "office",
        "parent_land_use": "LU-001",
        "name_zh": "点式商务楼（示意体量）",
        "usage_note": "概念体量示意，不代表建筑高度、容积率或地块拆分结论",
        "area_sqm_declared": 2025.0
      },
      "geometry": {
        "type": "Polygon",
        "coordinates": [
          [
            [
              116.34280622139201,
              39.97392548738306
            ],
            [
              116.34280233972416,
              39.97433074143165
            ],
            [
              116.3422756017012,
              39.97432775378384
            ],
            [
              116.34227948647965,
              39.9739224997779
            ],
            [
              116.34280622139201,
              39.97392548738306
            ]
          ]
        ]
      }
    },
    {
      "type": "Feature",
      "id": "BLDG-083",
      "properties": {
        "id": "BLDG-083",
        "layer": "BUILDING_FOOTPRINT",
        "source_type": "agent_generated_design",
        "confidence": "low",
        "geometry_role": "design_proposal",
        "building_type": "office",
        "parent_land_use": "LU-001",
        "name_zh": "点式商务楼（示意体量）",
        "usage_note": "概念体量示意，不代表建筑高度、容积率或地块拆分结论",
        "area_sqm_declared": 2025.0
      },
      "geometry": {
        "type": "Polygon",
        "coordinates": [
          [
            [
              116.34168644901014,
              39.97472968529796
            ],
            [
              116.34168256061803,
              39.975134939199
            ],
            [
              116.34115581653987,
              39.975131946413185
            ],
            [
              116.34115970804268,
              39.97472669255486
            ],
            [
              116.34168644901014,
              39.97472968529796
            ]
          ]
        ]
      }
    },
    {
      "type": "Feature",
      "id": "BLDG-084",
      "properties": {
        "id": "BLDG-084",
        "layer": "BUILDING_FOOTPRINT",
        "source_type": "agent_generated_design",
        "confidence": "low",
        "geometry_role": "design_proposal",
        "building_type": "office",
        "parent_land_use": "LU-001",
        "name_zh": "点式商务楼（示意体量）",
        "usage_note": "概念体量示意，不代表建筑高度、容积率或地块拆分结论",
        "area_sqm_declared": 2025.0
      },
      "geometry": {
        "type": "Polygon",
        "coordinates": [
          [
            [
              116.34279845797766,
              39.9747359954515
            ],
            [
              116.34279457615258,
              39.975141249442615
            ],
            [
              116.3422678319083,
              39.975138261709525
            ],
            [
              116.34227171684408,
              39.974733007761046
            ],
            [
              116.34279845797766,
              39.9747359954515
            ]
          ]
        ]
      }
    },
    {
      "type": "Feature",
      "id": "BLDG-085",
      "properties": {
        "id": "BLDG-085",
        "layer": "BUILDING_FOOTPRINT",
        "source_type": "agent_generated_design",
        "confidence": "low",
        "geometry_role": "design_proposal",
        "building_type": "office",
        "parent_land_use": "LU-001",
        "name_zh": "点式商务楼（示意体量）",
        "usage_note": "概念体量示意，不代表建筑高度、容积率或地块拆分结论",
        "area_sqm_declared": 2025.0
      },
      "geometry": {
        "type": "Polygon",
        "coordinates": [
          [
            [
              116.34167867214717,
              39.97554019307132
            ],
            [
              116.34167478359758,
              39.9759454469149
            ],
            [
              116.34114803329784,
              39.97594245404365
            ],
            [
              116.34115192495827,
              39.97553720024278
            ],
            [
              116.34167867214717,
              39.97554019307132
            ]
          ]
        ]
      }
    },
    {
      "type": "Feature",
      "id": "BLDG-086",
      "properties": {
        "id": "BLDG-086",
        "layer": "BUILDING_FOOTPRINT",
        "source_type": "agent_generated_design",
        "confidence": "low",
        "geometry_role": "design_proposal",
        "building_type": "office",
        "parent_land_use": "LU-001",
        "name_zh": "点式商务楼（示意体量）",
        "usage_note": "概念体量示意，不代表建筑高度、容积率或地块拆分结论",
        "area_sqm_declared": 2025.0
      },
      "geometry": {
        "type": "Polygon",
        "coordinates": [
          [
            [
              116.3427906942489,
              39.975546503404985
            ],
            [
              116.34278681226664,
              39.97595175733864
            ],
            [
              116.34226006180074,
              39.97594876952025
            ],
            [
              116.34226394689385,
              39.975543515629255
            ],
            [
              116.3427906942489,
              39.975546503404985
            ]
          ]
        ]
      }
    },
    {
      "type": "Feature",
      "id": "BLDG-087",
      "properties": {
        "id": "BLDG-087",
        "layer": "BUILDING_FOOTPRINT",
        "source_type": "agent_generated_design",
        "confidence": "low",
        "geometry_role": "design_proposal",
        "building_type": "office",
        "parent_land_use": "LU-001",
        "name_zh": "点式商务楼（示意体量）",
        "usage_note": "概念体量示意，不代表建筑高度、容积率或地块拆分结论",
        "area_sqm_declared": 2025.0
      },
      "geometry": {
        "type": "Polygon",
        "coordinates": [
          [
            [
              116.34167089496924,
              39.97635070072973
            ],
            [
              116.34166700626217,
              39.976755954515845
            ],
            [
              116.34114024974058,
              39.97675296155916
            ],
            [
              116.34114414155862,
              39.97634770781576
            ],
            [
              116.34167089496924,
              39.97635070072973
            ]
          ]
        ]
      }
    },
    {
      "type": "Feature",
      "id": "BLDG-088",
      "properties": {
        "id": "BLDG-088",
        "layer": "BUILDING_FOOTPRINT",
        "source_type": "agent_generated_design",
        "confidence": "low",
        "geometry_role": "design_proposal",
        "building_type": "office",
        "parent_land_use": "LU-001",
        "name_zh": "点式商务楼（示意体量）",
        "usage_note": "概念体量示意，不代表建筑高度、容积率或地块拆分结论",
        "area_sqm_declared": 2025.0
      },
      "geometry": {
        "type": "Polygon",
        "coordinates": [
          [
            [
              116.34278293020573,
              39.97635701124354
            ],
            [
              116.3427790480662,
              39.97676226511972
            ],
            [
              116.34225229137847,
              39.97675927721604
            ],
            [
              116.34225617662895,
              39.97635402338251
            ],
            [
              116.34278293020573,
              39.97635701124354
            ]
          ]
        ]
      }
    },
    {
      "type": "Feature",
      "id": "BLDG-089",
      "properties": {
        "id": "BLDG-089",
        "layer": "BUILDING_FOOTPRINT",
        "source_type": "agent_generated_design",
        "confidence": "low",
        "geometry_role": "design_proposal",
        "building_type": "office",
        "parent_land_use": "LU-001",
        "name_zh": "点式商务楼（示意体量）",
        "usage_note": "概念体量示意，不代表建筑高度、容积率或地块拆分结论",
        "area_sqm_declared": 2025.0
      },
      "geometry": {
        "type": "Polygon",
        "coordinates": [
          [
            [
              116.34166311747633,
              39.977161208273216
            ],
            [
              116.34165922861176,
              39.97756646200185
            ],
            [
              116.34113246586813,
              39.97756346895972
            ],
            [
              116.34113635784375,
              39.97715821527381
            ],
            [
              116.34166311747633,
              39.977161208273216
            ]
          ]
        ]
      }
    },
    {
      "type": "Feature",
      "id": "BLDG-090",
      "properties": {
        "id": "BLDG-090",
        "layer": "BUILDING_FOOTPRINT",
        "source_type": "agent_generated_design",
        "confidence": "low",
        "geometry_role": "design_proposal",
        "building_type": "office",
        "parent_land_use": "LU-001",
        "name_zh": "点式商务楼（示意体量）",
        "usage_note": "概念体量示意，不代表建筑高度、容积率或地块拆分结论",
        "area_sqm_declared": 2025.0
      },
      "geometry": {
        "type": "Polygon",
        "coordinates": [
          [
            [
              116.34277516584808,
              39.97716751896717
            ],
            [
              116.34277128355134,
              39.97757277278587
            ],
            [
              116.34224452064151,
              39.9775697847969
            ],
            [
              116.34224840604932,
              39.97716453102085
            ],
            [
              116.34277516584808,
              39.97716751896717
            ]
          ]
        ]
      }
    },
    {
      "type": "Feature",
      "id": "BLDG-091",
      "properties": {
        "id": "BLDG-091",
        "layer": "BUILDING_FOOTPRINT",
        "source_type": "agent_generated_design",
        "confidence": "low",
        "geometry_role": "design_proposal",
        "building_type": "office",
        "parent_land_use": "LU-001",
        "name_zh": "点式商务楼（示意体量）",
        "usage_note": "概念体量示意，不代表建筑高度、容积率或地块拆分结论",
        "area_sqm_declared": 2025.0
      },
      "geometry": {
        "type": "Polygon",
        "coordinates": [
          [
            [
              116.34165533966845,
              39.977971715701756
            ],
            [
              116.34165145064638,
              39.97837696937292
            ],
            [
              116.34112468168038,
              39.978373976245365
            ],
            [
              116.34112857381366,
              39.977968722616914
            ],
            [
              116.34165533966845,
              39.977971715701756
            ]
          ]
        ]
      }
    },
    {
      "type": "Feature",
      "id": "BLDG-092",
      "properties": {
        "id": "BLDG-092",
        "layer": "BUILDING_FOOTPRINT",
        "source_type": "agent_generated_design",
        "confidence": "low",
        "geometry_role": "design_proposal",
        "building_type": "office",
        "parent_land_use": "LU-001",
        "name_zh": "点式商务楼（示意体量）",
        "usage_note": "概念体量示意，不代表建筑高度、容积率或地块拆分结论",
        "area_sqm_declared": 2025.0
      },
      "geometry": {
        "type": "Polygon",
        "coordinates": [
          [
            [
              116.34276740117599,
              39.97797802657585
            ],
            [
              116.34276351872204,
              39.97838328033708
            ],
            [
              116.34223674958984,
              39.97838029226282
            ],
            [
              116.34224063515504,
              39.97797503854424
            ],
            [
              116.34276740117599,
              39.97797802657585
            ]
          ]
        ]
      }
    },
    {
      "type": "Feature",
      "id": "BLDG-093",
      "properties": {
        "id": "BLDG-093",
        "layer": "BUILDING_FOOTPRINT",
        "source_type": "agent_generated_design",
        "confidence": "low",
        "geometry_role": "design_proposal",
        "building_type": "office",
        "parent_land_use": "LU-001",
        "name_zh": "点式商务楼（示意体量）",
        "usage_note": "概念体量示意，不代表建筑高度、容积率或地块拆分结论",
        "area_sqm_declared": 2025.0
      },
      "geometry": {
        "type": "Polygon",
        "coordinates": [
          [
            [
              116.34164756154554,
              39.97878222301535
            ],
            [
              116.34164367236598,
              39.97918747662904
            ],
            [
              116.34111689717737,
              39.979184483416034
            ],
            [
              116.34112078946829,
              39.97877922984507
            ],
            [
              116.34164756154554,
              39.97878222301535
            ]
          ]
        ]
      }
    },
    {
      "type": "Feature",
      "id": "BLDG-094",
      "properties": {
        "id": "BLDG-094",
        "layer": "BUILDING_FOOTPRINT",
        "source_type": "agent_generated_design",
        "confidence": "low",
        "geometry_role": "design_proposal",
        "building_type": "office",
        "parent_land_use": "LU-001",
        "name_zh": "点式商务楼（示意体量）",
        "usage_note": "概念体量示意，不代表建筑高度、容积率或地块拆分结论",
        "area_sqm_declared": 2025.0
      },
      "geometry": {
        "type": "Polygon",
        "coordinates": [
          [
            [
              116.34275963618941,
              39.97878853406959
            ],
            [
              116.3427557535782,
              39.979193787773355
            ],
            [
              116.34222897822343,
              39.979190799613804
            ],
            [
              116.34223286394598,
              39.97878554595267
            ],
            [
              116.34275963618941,
              39.97878853406959
            ]
          ]
        ]
      }
    },
    {
      "type": "Feature",
      "id": "BLDG-095",
      "properties": {
        "id": "BLDG-095",
        "layer": "BUILDING_FOOTPRINT",
        "source_type": "agent_generated_design",
        "confidence": "low",
        "geometry_role": "design_proposal",
        "building_type": "office",
        "parent_land_use": "LU-001",
        "name_zh": "点式商务楼（示意体量）",
        "usage_note": "概念体量示意，不代表建筑高度、容积率或地块拆分结论",
        "area_sqm_declared": 2025.0
      },
      "geometry": {
        "type": "Polygon",
        "coordinates": [
          [
            [
              116.34163978310764,
              39.979592730213994
            ],
            [
              116.34163589377054,
              39.97999798377022
            ],
            [
              116.34110911235912,
              39.97999499047177
            ],
            [
              116.34111300480767,
              39.979589736958275
            ],
            [
              116.34163978310764,
              39.979592730213994
            ]
          ]
        ]
      }
    },
    {
      "type": "Feature",
      "id": "BLDG-096",
      "properties": {
        "id": "BLDG-096",
        "layer": "BUILDING_FOOTPRINT",
        "source_type": "agent_generated_design",
        "confidence": "low",
        "geometry_role": "design_proposal",
        "building_type": "office",
        "parent_land_use": "LU-001",
        "name_zh": "点式商务楼（示意体量）",
        "usage_note": "概念体量示意，不代表建筑高度、容积率或地块拆分结论",
        "area_sqm_declared": 2025.0
      },
      "geometry": {
        "type": "Polygon",
        "coordinates": [
          [
            [
              116.34275187088836,
              39.979599041448395
            ],
            [
              116.34274798811991,
              39.980004295094695
            ],
            [
              116.34222120654229,
              39.98000130684983
            ],
            [
              116.3422250924222,
              39.97959605324618
            ],
            [
              116.34275187088836,
              39.979599041448395
            ]
          ]
        ]
      }
    },
    {
      "type": "Feature",
      "id": "BLDG-097",
      "properties": {
        "id": "BLDG-097",
        "layer": "BUILDING_FOOTPRINT",
        "source_type": "agent_generated_design",
        "confidence": "low",
        "geometry_role": "design_proposal",
        "building_type": "office",
        "parent_land_use": "LU-001",
        "name_zh": "点式商务楼（示意体量）",
        "usage_note": "概念体量示意，不代表建筑高度、容积率或地块拆分结论",
        "area_sqm_declared": 2025.0
      },
      "geometry": {
        "type": "Polygon",
        "coordinates": [
          [
            [
              116.3416320043547,
              39.98040323729771
            ],
            [
              116.34162811486007,
              39.98080849079646
            ],
            [
              116.34110132722553,
              39.980805497412575
            ],
            [
              116.34110521983173,
              39.98040024395653
            ],
            [
              116.3416320043547,
              39.98040323729771
            ]
          ]
        ]
      }
    },
    {
      "type": "Feature",
      "id": "BLDG-098",
      "properties": {
        "id": "BLDG-098",
        "layer": "BUILDING_FOOTPRINT",
        "source_type": "agent_generated_design",
        "confidence": "low",
        "geometry_role": "design_proposal",
        "building_type": "office",
        "parent_land_use": "LU-001",
        "name_zh": "点式商务楼（示意体量）",
        "usage_note": "概念体量示意，不代表建筑高度、容积率或地块拆分结论",
        "area_sqm_declared": 2025.0
      },
      "geometry": {
        "type": "Polygon",
        "coordinates": [
          [
            [
              116.34274410527283,
              39.98040954871226
            ],
            [
              116.34274022234709,
              39.9808148023011
            ],
            [
              116.34221343454638,
              39.98081181397093
            ],
            [
              116.34221732058369,
              39.98040656042475
            ],
            [
              116.34274410527283,
              39.98040954871226
            ]
          ]
        ]
      }
    },
    {
      "type": "Feature",
      "id": "BLDG-099",
      "properties": {
        "id": "BLDG-099",
        "layer": "BUILDING_FOOTPRINT",
        "source_type": "agent_generated_design",
        "confidence": "low",
        "geometry_role": "design_proposal",
        "building_type": "office",
        "parent_land_use": "LU-001",
        "name_zh": "点式商务楼（示意体量）",
        "usage_note": "概念体量示意，不代表建筑高度、容积率或地块拆分结论",
        "area_sqm_declared": 2025.0
      },
      "geometry": {
        "type": "Polygon",
        "coordinates": [
          [
            [
              116.34162422528671,
              39.981213744266476
            ],
            [
              116.34162033563456,
              39.98161899770775
            ],
            [
              116.34109354177669,
              39.98161600423842
            ],
            [
              116.34109743454054,
              39.981210750839864
            ],
            [
              116.34162422528671,
              39.981213744266476
            ]
          ]
        ]
      }
    },
    {
      "type": "Feature",
      "id": "BLDG-100",
      "properties": {
        "id": "BLDG-100",
        "layer": "BUILDING_FOOTPRINT",
        "source_type": "agent_generated_design",
        "confidence": "low",
        "geometry_role": "design_proposal",
        "building_type": "office",
        "parent_land_use": "LU-001",
        "name_zh": "点式商务楼（示意体量）",
        "usage_note": "概念体量示意，不代表建筑高度、容积率或地块拆分结论",
        "area_sqm_declared": 2025.0
      },
      "geometry": {
        "type": "Polygon",
        "coordinates": [
          [
            [
              116.34273633934276,
              39.981220055861186
            ],
            [
              116.34273245625975,
              39.98162530939254
            ],
            [
              116.34220566223568,
              39.98162232097708
            ],
            [
              116.34220954843038,
              39.98121706748838
            ],
            [
              116.34273633934276,
              39.981220055861186
            ]
          ]
        ]
      }
    },
    {
      "type": "Feature",
      "id": "BLDG-101",
      "properties": {
        "id": "BLDG-101",
        "layer": "BUILDING_FOOTPRINT",
        "source_type": "agent_generated_design",
        "confidence": "low",
        "geometry_role": "design_proposal",
        "building_type": "office",
        "parent_land_use": "LU-001",
        "name_zh": "点式商务楼（示意体量）",
        "usage_note": "概念体量示意，不代表建筑高度、容积率或地块拆分结论",
        "area_sqm_declared": 2025.0
      },
      "geometry": {
        "type": "Polygon",
        "coordinates": [
          [
            [
              116.34161644590363,
              39.982024251120286
            ],
            [
              116.34161255609396,
              39.98242950450409
            ],
            [
              116.34108575601249,
              39.98242651094931
            ],
            [
              116.34108964893399,
              39.98202125760823
            ],
            [
              116.34161644590363,
              39.982024251120286
            ]
          ]
        ]
      }
    },
    {
      "type": "Feature",
      "id": "BLDG-102",
      "properties": {
        "id": "BLDG-102",
        "layer": "BUILDING_FOOTPRINT",
        "source_type": "agent_generated_design",
        "confidence": "low",
        "geometry_role": "design_proposal",
        "building_type": "office",
        "parent_land_use": "LU-001",
        "name_zh": "点式商务楼（示意体量）",
        "usage_note": "概念体量示意，不代表建筑高度、容积率或地块拆分结论",
        "area_sqm_declared": 2025.0
      },
      "geometry": {
        "type": "Polygon",
        "coordinates": [
          [
            [
              116.34272857309816,
              39.98203056289517
            ],
            [
              116.3427246898579,
              39.982435816369055
            ],
            [
              116.3421978896102,
              39.982432827868294
            ],
            [
              116.34220177596228,
              39.98202757443706
            ],
            [
              116.34272857309816,
              39.98203056289517
            ]
          ]
        ]
      }
    },
    {
      "type": "Feature",
      "id": "BLDG-103",
      "properties": {
        "id": "BLDG-103",
        "layer": "BUILDING_FOOTPRINT",
        "source_type": "agent_generated_design",
        "confidence": "low",
        "geometry_role": "design_proposal",
        "building_type": "office",
        "parent_land_use": "LU-001",
        "name_zh": "点式商务楼（示意体量）",
        "usage_note": "概念体量示意，不代表建筑高度、容积率或地块拆分结论",
        "area_sqm_declared": 2025.0
      },
      "geometry": {
        "type": "Polygon",
        "coordinates": [
          [
            [
              116.34160866620552,
              39.98283475785918
            ],
            [
              116.34160477623828,
              39.9832400111855
            ],
            [
              116.34107796993297,
              39.98323701754527
            ],
            [
              116.34108186301214,
              39.98283176426167
            ],
            [
              116.34160866620552,
              39.98283475785918
            ]
          ]
        ]
      }
    },
    {
      "type": "Feature",
      "id": "BLDG-104",
      "properties": {
        "id": "BLDG-104",
        "layer": "BUILDING_FOOTPRINT",
        "source_type": "agent_generated_design",
        "confidence": "low",
        "geometry_role": "design_proposal",
        "building_type": "office",
        "parent_land_use": "LU-001",
        "name_zh": "点式商务楼（示意体量）",
        "usage_note": "概念体量示意，不代表建筑高度、容积率或地块拆分结论",
        "area_sqm_declared": 2025.0
      },
      "geometry": {
        "type": "Polygon",
        "coordinates": [
          [
            [
              116.342720806539,
              39.98284106981422
            ],
            [
              116.34271692314148,
              39.983246323230645
            ],
            [
              116.34219011666993,
              39.98324333464456
            ],
            [
              116.34219400317943,
              39.98283808127079
            ],
            [
              116.342720806539,
              39.98284106981422
            ]
          ]
        ]
      }
    },
    {
      "type": "Feature",
      "id": "BLDG-105",
      "properties": {
        "id": "BLDG-105",
        "layer": "BUILDING_FOOTPRINT",
        "source_type": "agent_generated_design",
        "confidence": "low",
        "geometry_role": "design_proposal",
        "building_type": "office",
        "parent_land_use": "LU-001",
        "name_zh": "点式商务楼（示意体量）",
        "usage_note": "概念体量示意，不代表建筑高度、容积率或地块拆分结论",
        "area_sqm_declared": 2025.0
      },
      "geometry": {
        "type": "Polygon",
        "coordinates": [
          [
            [
              116.34160088619228,
              39.9836452644831
            ],
            [
              116.34159699606754,
              39.98405051775195
            ],
            [
              116.34107018353808,
              39.98404752402627
            ],
            [
              116.34107407677494,
              39.98364227080014
            ],
            [
              116.34160088619228,
              39.9836452644831
            ]
          ]
        ]
      }
    },
    {
      "type": "Feature",
      "id": "BLDG-106",
      "properties": {
        "id": "BLDG-106",
        "layer": "BUILDING_FOOTPRINT",
        "source_type": "agent_generated_design",
        "confidence": "low",
        "geometry_role": "design_proposal",
        "building_type": "office",
        "parent_land_use": "LU-001",
        "name_zh": "点式商务楼（示意体量）",
        "usage_note": "概念体量示意，不代表建筑高度、容积率或地块拆分结论",
        "area_sqm_declared": 2025.0
      },
      "geometry": {
        "type": "Polygon",
        "coordinates": [
          [
            [
              116.34271303966531,
              39.983651576618335
            ],
            [
              116.34270915611049,
              39.98405682997727
            ],
            [
              116.34218234341483,
              39.98405384130588
            ],
            [
              116.34218623008174,
              39.9836485879896
            ],
            [
              116.34271303966531,
              39.983651576618335
            ]
          ]
        ]
      }
    },
    {
      "type": "Feature",
      "id": "BLDG-107",
      "properties": {
        "id": "BLDG-107",
        "layer": "BUILDING_FOOTPRINT",
        "source_type": "agent_generated_design",
        "confidence": "low",
        "geometry_role": "design_proposal",
        "building_type": "office",
        "parent_land_use": "LU-001",
        "name_zh": "点式商务楼（示意体量）",
        "usage_note": "概念体量示意，不代表建筑高度、容积率或地块拆分结论",
        "area_sqm_declared": 2025.0
      },
      "geometry": {
        "type": "Polygon",
        "coordinates": [
          [
            [
              116.34159310586398,
              39.984455770992085
            ],
            [
              116.34158921558165,
              39.98486102420347
            ],
            [
              116.34106239682785,
              39.984858030392324
            ],
            [
              116.34106629022239,
              39.984452777223666
            ],
            [
              116.34159310586398,
              39.984455770992085
            ]
          ]
        ]
      }
    },
    {
      "type": "Feature",
      "id": "BLDG-108",
      "properties": {
        "id": "BLDG-108",
        "layer": "BUILDING_FOOTPRINT",
        "source_type": "agent_generated_design",
        "confidence": "low",
        "geometry_role": "design_proposal",
        "building_type": "office",
        "parent_land_use": "LU-001",
        "name_zh": "点式商务楼（示意体量）",
        "usage_note": "概念体量示意，不代表建筑高度、容积率或地块拆分结论",
        "area_sqm_declared": 2025.0
      },
      "geometry": {
        "type": "Polygon",
        "coordinates": [
          [
            [
              116.34270527247705,
              39.98446208330748
            ],
            [
              116.34270138876494,
              39.98486733660896
            ],
            [
              116.3421745698449,
              39.984864347852266
            ],
            [
              116.34217845666923,
              39.98445909459344
            ],
            [
              116.34270527247705,
              39.98446208330748
            ]
          ]
        ]
      }
    },
    {
      "type": "Feature",
      "id": "BLDG-109",
      "properties": {
        "id": "BLDG-109",
        "layer": "BUILDING_FOOTPRINT",
        "source_type": "agent_generated_design",
        "confidence": "low",
        "geometry_role": "design_proposal",
        "building_type": "office",
        "parent_land_use": "LU-001",
        "name_zh": "点式商务楼（示意体量）",
        "usage_note": "概念体量示意，不代表建筑高度、容积率或地块拆分结论",
        "area_sqm_declared": 2025.0
      },
      "geometry": {
        "type": "Polygon",
        "coordinates": [
          [
            [
              116.34158532522052,
              39.98526627738611
            ],
            [
              116.34158143478064,
              39.98567153054003
            ],
            [
              116.34105460980224,
              39.98566853664344
            ],
            [
              116.34105850335446,
              39.98526328353225
            ],
            [
              116.34158532522052,
              39.98526627738611
            ]
          ]
        ]
      }
    },
    {
      "type": "Feature",
      "id": "BLDG-110",
      "properties": {
        "id": "BLDG-110",
        "layer": "BUILDING_FOOTPRINT",
        "source_type": "agent_generated_design",
        "confidence": "low",
        "geometry_role": "design_proposal",
        "building_type": "office",
        "parent_land_use": "LU-001",
        "name_zh": "点式商务楼（示意体量）",
        "usage_note": "概念体量示意，不代表建筑高度、容积率或地块拆分结论",
        "area_sqm_declared": 2025.0
      },
      "geometry": {
        "type": "Polygon",
        "coordinates": [
          [
            [
              116.3426975049742,
              39.98527258988169
            ],
            [
              116.3426936211048,
              39.98567784312571
            ],
            [
              116.34216679596015,
              39.98567485428371
            ],
            [
              116.34217068294187,
              39.98526960108236
            ],
            [
              116.3426975049742,
              39.98527258988169
            ]
          ]
        ]
      }
    },
    {
      "type": "Feature",
      "id": "BLDG-111",
      "properties": {
        "id": "BLDG-111",
        "layer": "BUILDING_FOOTPRINT",
        "source_type": "agent_generated_design",
        "confidence": "low",
        "geometry_role": "design_proposal",
        "building_type": "office",
        "parent_land_use": "LU-001",
        "name_zh": "点式商务楼（示意体量）",
        "usage_note": "概念体量示意，不代表建筑高度、容积率或地块拆分结论",
        "area_sqm_declared": 2025.0
      },
      "geometry": {
        "type": "Polygon",
        "coordinates": [
          [
            [
              116.34157754426195,
              39.986076783665204
            ],
            [
              116.3415736536645,
              39.98648203676165
            ],
            [
              116.34104682246124,
              39.98647904277959
            ],
            [
              116.34105071617117,
              39.98607378972587
            ],
            [
              116.34157754426195,
              39.986076783665204
            ]
          ]
        ]
      }
    },
    {
      "type": "Feature",
      "id": "BLDG-112",
      "properties": {
        "id": "BLDG-112",
        "layer": "BUILDING_FOOTPRINT",
        "source_type": "agent_generated_design",
        "confidence": "low",
        "geometry_role": "design_proposal",
        "building_type": "office",
        "parent_land_use": "LU-001",
        "name_zh": "点式商务楼（示意体量）",
        "usage_note": "概念体量示意，不代表建筑高度、容积率或地块拆分结论",
        "area_sqm_declared": 2025.0
      },
      "geometry": {
        "type": "Polygon",
        "coordinates": [
          [
            [
              116.34156976298823,
              39.986887289829355
            ],
            [
              116.3415658722332,
              39.9872925428683
            ],
            [
              116.34103903480481,
              39.98728954880079
            ],
            [
              116.34104292867246,
              39.986884295804565
            ],
            [
              116.34156976298823,
              39.986887289829355
            ]
          ]
        ]
      }
    },
    {
      "type": "Feature",
      "id": "BLDG-113",
      "properties": {
        "id": "BLDG-113",
        "layer": "BUILDING_FOOTPRINT",
        "source_type": "agent_generated_design",
        "confidence": "low",
        "geometry_role": "design_proposal",
        "building_type": "office",
        "parent_land_use": "LU-001",
        "name_zh": "点式商务楼（示意体量）",
        "usage_note": "概念体量示意，不代表建筑高度、容积率或地块拆分结论",
        "area_sqm_declared": 2025.0
      },
      "geometry": {
        "type": "Polygon",
        "coordinates": [
          [
            [
              116.34156198139937,
              39.98769779587854
            ],
            [
              116.34155809048673,
              39.988103048860026
            ],
            [
              116.341031246833,
              39.98810005470704
            ],
            [
              116.34103514085832,
              39.9876948017683
            ],
            [
              116.34156198139937,
              39.98769779587854
            ]
          ]
        ]
      }
    },
    {
      "type": "Feature",
      "id": "BLDG-114",
      "properties": {
        "id": "BLDG-114",
        "layer": "BUILDING_FOOTPRINT",
        "source_type": "agent_generated_design",
        "confidence": "low",
        "geometry_role": "design_proposal",
        "building_type": "office",
        "parent_land_use": "LU-001",
        "name_zh": "点式商务楼（示意体量）",
        "usage_note": "概念体量示意，不代表建筑高度、容积率或地块拆分结论",
        "area_sqm_declared": 2025.0
      },
      "geometry": {
        "type": "Polygon",
        "coordinates": [
          [
            [
              116.3415541994953,
              39.98850830181277
            ],
            [
              116.34155030842507,
              39.9889135547368
            ],
            [
              116.34102345854572,
              39.988910560498354
            ],
            [
              116.34102735272879,
              39.98850530761706
            ],
            [
              116.3415541994953,
              39.98850830181277
            ]
          ]
        ]
      }
    },
    {
      "type": "Feature",
      "id": "BLDG-115",
      "properties": {
        "id": "BLDG-115",
        "layer": "BUILDING_FOOTPRINT",
        "source_type": "agent_generated_design",
        "confidence": "low",
        "geometry_role": "design_proposal",
        "building_type": "office",
        "parent_land_use": "LU-001",
        "name_zh": "点式商务楼（示意体量）",
        "usage_note": "概念体量示意，不代表建筑高度、容积率或地块拆分结论",
        "area_sqm_declared": 2025.0
      },
      "geometry": {
        "type": "Polygon",
        "coordinates": [
          [
            [
              116.34154641727605,
              39.989318807632074
            ],
            [
              116.34154252604823,
              39.98972406049861
            ],
            [
              116.34101566994302,
              39.9897210661747
            ],
            [
              116.34101956428381,
              39.9893158133509
            ],
            [
              116.34154641727605,
              39.989318807632074
            ]
          ]
        ]
      }
    },
    {
      "type": "Feature",
      "id": "BLDG-116",
      "properties": {
        "id": "BLDG-116",
        "layer": "BUILDING_FOOTPRINT",
        "source_type": "agent_generated_design",
        "confidence": "low",
        "geometry_role": "design_proposal",
        "building_type": "office",
        "parent_land_use": "LU-001",
        "name_zh": "点式商务楼（示意体量）",
        "usage_note": "概念体量示意，不代表建筑高度、容积率或地块拆分结论",
        "area_sqm_declared": 2025.0
      },
      "geometry": {
        "type": "Polygon",
        "coordinates": [
          [
            [
              116.34153863474161,
              39.9901293133364
            ],
            [
              116.34153474335619,
              39.99053456614548
            ],
            [
              116.34100788102485,
              39.990531571736085
            ],
            [
              116.34101177552337,
              39.990126318969764
            ],
            [
              116.34153863474161,
              39.9901293133364
            ]
          ]
        ]
      }
    },
    {
      "type": "Feature",
      "id": "BLDG-117",
      "properties": {
        "id": "BLDG-117",
        "layer": "BUILDING_FOOTPRINT",
        "source_type": "agent_generated_design",
        "confidence": "low",
        "geometry_role": "design_proposal",
        "building_type": "office",
        "parent_land_use": "LU-001",
        "name_zh": "点式商务楼（示意体量）",
        "usage_note": "概念体量示意，不代表建筑高度、容积率或地块拆分结论",
        "area_sqm_declared": 2025.0
      },
      "geometry": {
        "type": "Polygon",
        "coordinates": [
          [
            [
              116.34153085189193,
              39.9909398189258
            ],
            [
              116.34152696034889,
              39.9913450716774
            ],
            [
              116.34100009179119,
              39.99134207718254
            ],
            [
              116.34100398644745,
              39.99093682447368
            ],
            [
              116.34153085189193,
              39.9909398189258
            ]
          ]
        ]
      }
    },
    {
      "type": "Feature",
      "id": "BLDG-118",
      "properties": {
        "id": "BLDG-118",
        "layer": "BUILDING_FOOTPRINT",
        "source_type": "agent_generated_design",
        "confidence": "low",
        "geometry_role": "design_proposal",
        "building_type": "office",
        "parent_land_use": "LU-001",
        "name_zh": "点式商务楼（示意体量）",
        "usage_note": "概念体量示意，不代表建筑高度、容积率或地块拆分结论",
        "area_sqm_declared": 2025.0
      },
      "geometry": {
        "type": "Polygon",
        "coordinates": [
          [
            [
              116.34152306872704,
              39.991750324400236
            ],
            [
              116.34151917702638,
              39.99215557709435
            ],
            [
              116.34099230224203,
              39.99215258251403
            ],
            [
              116.34099619705603,
              39.99174732986265
            ],
            [
              116.34152306872704,
              39.991750324400236
            ]
          ]
        ]
      }
    },
    {
      "type": "Feature",
      "id": "BLDG-119",
      "properties": {
        "id": "BLDG-119",
        "layer": "BUILDING_FOOTPRINT",
        "source_type": "agent_generated_design",
        "confidence": "low",
        "geometry_role": "design_proposal",
        "building_type": "office",
        "parent_land_use": "LU-001",
        "name_zh": "点式商务楼（示意体量）",
        "usage_note": "概念体量示意，不代表建筑高度、容积率或地块拆分结论",
        "area_sqm_declared": 2025.0
      },
      "geometry": {
        "type": "Polygon",
        "coordinates": [
          [
            [
              116.3415152852469,
              39.992560829759725
            ],
            [
              116.3415113933886,
              39.99296608239636
            ],
            [
              116.34098451237737,
              39.992963087730566
            ],
            [
              116.34098840734914,
              39.992557835136665
            ],
            [
              116.3415152852469,
              39.992560829759725
            ]
          ]
        ]
      }
    },
    {
      "type": "Feature",
      "id": "BLDG-120",
      "properties": {
        "id": "BLDG-120",
        "layer": "BUILDING_FOOTPRINT",
        "source_type": "agent_generated_design",
        "confidence": "low",
        "geometry_role": "design_proposal",
        "building_type": "ai_r_and_d",
        "parent_land_use": "LU-002",
        "name_zh": "点式研发楼（示意体量）",
        "usage_note": "概念体量示意，不代表建筑高度、容积率或地块拆分结论",
        "area_sqm_declared": 2500.0
      },
      "geometry": {
        "type": "Polygon",
        "coordinates": [
          [
            [
              116.34453872187687,
              39.939881812056576
            ],
            [
              116.34453442545761,
              39.94033209713961
            ],
            [
              116.34394945053978,
              39.94032878845378
            ],
            [
              116.34395375079275,
              39.93987850342324
            ],
            [
              116.34453872187687,
              39.939881812056576
            ]
          ]
        ]
      }
    },
    {
      "type": "Feature",
      "id": "BLDG-121",
      "properties": {
        "id": "BLDG-121",
        "layer": "BUILDING_FOOTPRINT",
        "source_type": "agent_generated_design",
        "confidence": "low",
        "geometry_role": "design_proposal",
        "building_type": "ai_r_and_d",
        "parent_land_use": "LU-002",
        "name_zh": "点式研发楼（示意体量）",
        "usage_note": "概念体量示意，不代表建筑高度、容积率或地块拆分结论",
        "area_sqm_declared": 2500.0
      },
      "geometry": {
        "type": "Polygon",
        "coordinates": [
          [
            [
              116.3445309882526,
              39.9406923251805
            ],
            [
              116.34452669165935,
              39.94114261019969
            ],
            [
              116.34394170984065,
              39.9411393014194
            ],
            [
              116.34394601026774,
              39.94068901645269
            ],
            [
              116.3445309882526,
              39.9406923251805
            ]
          ]
        ]
      }
    },
    {
      "type": "Feature",
      "id": "BLDG-122",
      "properties": {
        "id": "BLDG-122",
        "layer": "BUILDING_FOOTPRINT",
        "source_type": "agent_generated_design",
        "confidence": "low",
        "geometry_role": "design_proposal",
        "building_type": "ai_r_and_d",
        "parent_land_use": "LU-002",
        "name_zh": "点式研发楼（示意体量）",
        "usage_note": "概念体量示意，不代表建筑高度、容积率或地块拆分结论",
        "area_sqm_declared": 2500.0
      },
      "geometry": {
        "type": "Polygon",
        "coordinates": [
          [
            [
              116.34452325431518,
              39.94150283818951
            ],
            [
              116.34451895754793,
              39.94195312314487
            ],
            [
              116.34393396882807,
              39.941949814270096
            ],
            [
              116.3439382694293,
              39.94149952936723
            ],
            [
              116.34452325431518,
              39.94150283818951
            ]
          ]
        ]
      }
    },
    {
      "type": "Feature",
      "id": "BLDG-123",
      "properties": {
        "id": "BLDG-123",
        "layer": "BUILDING_FOOTPRINT",
        "source_type": "agent_generated_design",
        "confidence": "low",
        "geometry_role": "design_proposal",
        "building_type": "ai_r_and_d",
        "parent_land_use": "LU-002",
        "name_zh": "点式研发楼（示意体量）",
        "usage_note": "概念体量示意，不代表建筑高度、容积率或地块拆分结论",
        "area_sqm_declared": 2500.0
      },
      "geometry": {
        "type": "Polygon",
        "coordinates": [
          [
            [
              116.34451552006459,
              39.94231335108361
            ],
            [
              116.34451122312336,
              39.942763635975126
            ],
            [
              116.34392622750204,
              39.94276032700588
            ],
            [
              116.34393052827741,
              39.942310042166845
            ],
            [
              116.34451552006459,
              39.94231335108361
            ]
          ]
        ]
      }
    },
    {
      "type": "Feature",
      "id": "BLDG-124",
      "properties": {
        "id": "BLDG-124",
        "layer": "BUILDING_FOOTPRINT",
        "source_type": "agent_generated_design",
        "confidence": "low",
        "geometry_role": "design_proposal",
        "building_type": "ai_r_and_d",
        "parent_land_use": "LU-002",
        "name_zh": "点式研发楼（示意体量）",
        "usage_note": "概念体量示意，不代表建筑高度、容积率或地块拆分结论",
        "area_sqm_declared": 2500.0
      },
      "geometry": {
        "type": "Polygon",
        "coordinates": [
          [
            [
              116.3445077855008,
              39.943123863862816
            ],
            [
              116.3445034883856,
              39.9435741486905
            ],
            [
              116.34391848586256,
              39.94357083962677
            ],
            [
              116.3439227868121,
              39.943120554851575
            ],
            [
              116.3445077855008,
              39.943123863862816
            ]
          ]
        ]
      }
    },
    {
      "type": "Feature",
      "id": "BLDG-125",
      "properties": {
        "id": "BLDG-125",
        "layer": "BUILDING_FOOTPRINT",
        "source_type": "agent_generated_design",
        "confidence": "low",
        "geometry_role": "design_proposal",
        "building_type": "ai_r_and_d",
        "parent_land_use": "LU-002",
        "name_zh": "点式研发楼（示意体量）",
        "usage_note": "概念体量示意，不代表建筑高度、容积率或地块拆分结论",
        "area_sqm_declared": 2500.0
      },
      "geometry": {
        "type": "Polygon",
        "coordinates": [
          [
            [
              116.34450005062384,
              39.94393437652711
            ],
            [
              116.34449575333463,
              39.944384661290954
            ],
            [
              116.3439107439096,
              39.944381352132744
            ],
            [
              116.3439150450333,
              39.94393106742138
            ],
            [
              116.34450005062384,
              39.94393437652711
            ]
          ]
        ]
      }
    },
    {
      "type": "Feature",
      "id": "BLDG-126",
      "properties": {
        "id": "BLDG-126",
        "layer": "BUILDING_FOOTPRINT",
        "source_type": "agent_generated_design",
        "confidence": "low",
        "geometry_role": "design_proposal",
        "building_type": "ai_r_and_d",
        "parent_land_use": "LU-002",
        "name_zh": "点式研发楼（示意体量）",
        "usage_note": "概念体量示意，不代表建筑高度、容积率或地块拆分结论",
        "area_sqm_declared": 2500.0
      },
      "geometry": {
        "type": "Polygon",
        "coordinates": [
          [
            [
              116.34449231543368,
              39.944744889076496
            ],
            [
              116.34448801797046,
              39.945195173776504
            ],
            [
              116.34390300164318,
              39.945191864523814
            ],
            [
              116.343907302941,
              39.944741579876286
            ],
            [
              116.34449231543368,
              39.944744889076496
            ]
          ]
        ]
      }
    },
    {
      "type": "Feature",
      "id": "BLDG-127",
      "properties": {
        "id": "BLDG-127",
        "layer": "BUILDING_FOOTPRINT",
        "source_type": "agent_generated_design",
        "confidence": "low",
        "geometry_role": "design_proposal",
        "building_type": "ai_r_and_d",
        "parent_land_use": "LU-002",
        "name_zh": "点式研发楼（示意体量）",
        "usage_note": "概念体量示意，不代表建筑高度、容积率或地块拆分结论",
        "area_sqm_declared": 2500.0
      },
      "geometry": {
        "type": "Polygon",
        "coordinates": [
          [
            [
              116.3444845799303,
              39.94555540151097
            ],
            [
              116.34448028229308,
              39.94600568614715
            ],
            [
              116.34389525906322,
              39.946002376799974
            ],
            [
              116.34389956053525,
              39.94555209221629
            ],
            [
              116.3444845799303,
              39.94555540151097
            ]
          ]
        ]
      }
    },
    {
      "type": "Feature",
      "id": "BLDG-128",
      "properties": {
        "id": "BLDG-128",
        "layer": "BUILDING_FOOTPRINT",
        "source_type": "agent_generated_design",
        "confidence": "low",
        "geometry_role": "design_proposal",
        "building_type": "ai_r_and_d",
        "parent_land_use": "LU-002",
        "name_zh": "点式研发楼（示意体量）",
        "usage_note": "概念体量示意，不代表建筑高度、容积率或地块拆分结论",
        "area_sqm_declared": 2500.0
      },
      "geometry": {
        "type": "Polygon",
        "coordinates": [
          [
            [
              116.3444768441137,
              39.94636591383054
            ],
            [
              116.34447254630244,
              39.94681619840287
            ],
            [
              116.34388751616974,
              39.946812888961205
            ],
            [
              116.34389181781593,
              39.94636260444137
            ],
            [
              116.3444768441137,
              39.94636591383054
            ]
          ]
        ]
      }
    },
    {
      "type": "Feature",
      "id": "BLDG-129",
      "properties": {
        "id": "BLDG-129",
        "layer": "BUILDING_FOOTPRINT",
        "source_type": "agent_generated_design",
        "confidence": "low",
        "geometry_role": "design_proposal",
        "building_type": "ai_r_and_d",
        "parent_land_use": "LU-002",
        "name_zh": "点式研发楼（示意体量）",
        "usage_note": "概念体量示意，不代表建筑高度、容积率或地块拆分结论",
        "area_sqm_declared": 2500.0
      },
      "geometry": {
        "type": "Polygon",
        "coordinates": [
          [
            [
              116.34446910798383,
              39.94717642603521
            ],
            [
              116.34446480999854,
              39.94762671054371
            ],
            [
              116.34387977296277,
              39.94762340100754
            ],
            [
              116.34388407478312,
              39.94717311655155
            ],
            [
              116.34446910798383,
              39.94717642603521
            ]
          ]
        ]
      }
    },
    {
      "type": "Feature",
      "id": "BLDG-130",
      "properties": {
        "id": "BLDG-130",
        "layer": "BUILDING_FOOTPRINT",
        "source_type": "agent_generated_design",
        "confidence": "low",
        "geometry_role": "design_proposal",
        "building_type": "ai_r_and_d",
        "parent_land_use": "LU-002",
        "name_zh": "点式研发楼（示意体量）",
        "usage_note": "概念体量示意，不代表建筑高度、容积率或地块拆分结论",
        "area_sqm_declared": 2500.0
      },
      "geometry": {
        "type": "Polygon",
        "coordinates": [
          [
            [
              116.34446137154072,
              39.947986938124956
            ],
            [
              116.34445707338138,
              39.94843722256961
            ],
            [
              116.3438720294422,
              39.94843391293897
            ],
            [
              116.34387633143677,
              39.94798362854681
            ],
            [
              116.34446137154072,
              39.947986938124956
            ]
          ]
        ]
      }
    },
    {
      "type": "Feature",
      "id": "BLDG-131",
      "properties": {
        "id": "BLDG-131",
        "layer": "BUILDING_FOOTPRINT",
        "source_type": "agent_generated_design",
        "confidence": "low",
        "geometry_role": "design_proposal",
        "building_type": "ai_r_and_d",
        "parent_land_use": "LU-002",
        "name_zh": "点式研发楼（示意体量）",
        "usage_note": "概念体量示意，不代表建筑高度、容积率或地块拆分结论",
        "area_sqm_declared": 2500.0
      },
      "geometry": {
        "type": "Polygon",
        "coordinates": [
          [
            [
              116.3444536347843,
              39.948797450099796
            ],
            [
              116.34444933645094,
              39.949247734480615
            ],
            [
              116.34386428560809,
              39.94924442475548
            ],
            [
              116.34386858777685,
              39.94879414042715
            ],
            [
              116.3444536347843,
              39.948797450099796
            ]
          ]
        ]
      }
    },
    {
      "type": "Feature",
      "id": "BLDG-132",
      "properties": {
        "id": "BLDG-132",
        "layer": "BUILDING_FOOTPRINT",
        "source_type": "agent_generated_design",
        "confidence": "low",
        "geometry_role": "design_proposal",
        "building_type": "ai_r_and_d",
        "parent_land_use": "LU-002",
        "name_zh": "点式研发楼（示意体量）",
        "usage_note": "概念体量示意，不代表建筑高度、容积率或地块拆分结论",
        "area_sqm_declared": 2500.0
      },
      "geometry": {
        "type": "Polygon",
        "coordinates": [
          [
            [
              116.34444589771462,
              39.949607961959735
            ],
            [
              116.3444415992072,
              39.95005824627671
            ],
            [
              116.3438565414604,
              39.95005493645708
            ],
            [
              116.34386084380338,
              39.9496046521926
            ],
            [
              116.34444589771462,
              39.949607961959735
            ]
          ]
        ]
      }
    },
    {
      "type": "Feature",
      "id": "BLDG-133",
      "properties": {
        "id": "BLDG-133",
        "layer": "BUILDING_FOOTPRINT",
        "source_type": "agent_generated_design",
        "confidence": "low",
        "geometry_role": "design_proposal",
        "building_type": "ai_r_and_d",
        "parent_land_use": "LU-002",
        "name_zh": "点式研发楼（示意体量）",
        "usage_note": "概念体量示意，不代表建筑高度、容积率或地块拆分结论",
        "area_sqm_declared": 2500.0
      },
      "geometry": {
        "type": "Polygon",
        "coordinates": [
          [
            [
              116.34443816033163,
              39.95041847370476
            ],
            [
              116.34443386165016,
              39.950868757957885
            ],
            [
              116.34384879699911,
              39.95086544804376
            ],
            [
              116.34385309951631,
              39.95041516384312
            ],
            [
              116.34443816033163,
              39.95041847370476
            ]
          ]
        ]
      }
    },
    {
      "type": "Feature",
      "id": "BLDG-134",
      "properties": {
        "id": "BLDG-134",
        "layer": "BUILDING_FOOTPRINT",
        "source_type": "agent_generated_design",
        "confidence": "low",
        "geometry_role": "design_proposal",
        "building_type": "ai_r_and_d",
        "parent_land_use": "LU-002",
        "name_zh": "点式研发楼（示意体量）",
        "usage_note": "概念体量示意，不代表建筑高度、容积率或地块拆分结论",
        "area_sqm_declared": 2500.0
      },
      "geometry": {
        "type": "Polygon",
        "coordinates": [
          [
            [
              116.34443042263534,
              39.95122898533487
            ],
            [
              116.34442612377977,
              39.95167926952416
            ],
            [
              116.3438410522242,
              39.95167595951553
            ],
            [
              116.34384535491566,
              39.95122567537873
            ],
            [
              116.34443042263534,
              39.95122898533487
            ]
          ]
        ]
      }
    },
    {
      "type": "Feature",
      "id": "BLDG-135",
      "properties": {
        "id": "BLDG-135",
        "layer": "BUILDING_FOOTPRINT",
        "source_type": "agent_generated_design",
        "confidence": "low",
        "geometry_role": "design_proposal",
        "building_type": "ai_r_and_d",
        "parent_land_use": "LU-002",
        "name_zh": "点式研发楼（示意体量）",
        "usage_note": "概念体量示意，不代表建筑高度、容积率或地块拆分结论",
        "area_sqm_declared": 2500.0
      },
      "geometry": {
        "type": "Polygon",
        "coordinates": [
          [
            [
              116.34442268462571,
              39.95203949685006
            ],
            [
              116.34441838559606,
              39.95248978097551
            ],
            [
              116.34383330713571,
              39.95248647087238
            ],
            [
              116.34383761000137,
              39.95203618679943
            ],
            [
              116.34442268462571,
              39.95203949685006
            ]
          ]
        ]
      }
    },
    {
      "type": "Feature",
      "id": "BLDG-136",
      "properties": {
        "id": "BLDG-136",
        "layer": "BUILDING_FOOTPRINT",
        "source_type": "agent_generated_design",
        "confidence": "low",
        "geometry_role": "design_proposal",
        "building_type": "ai_r_and_d",
        "parent_land_use": "LU-002",
        "name_zh": "点式研发楼（示意体量）",
        "usage_note": "概念体量示意，不代表建筑高度、容积率或地块拆分结论",
        "area_sqm_declared": 2500.0
      },
      "geometry": {
        "type": "Polygon",
        "coordinates": [
          [
            [
              116.34554648239326,
              39.9569091759047
            ],
            [
              116.3455421899929,
              39.95735945975199
            ],
            [
              116.34495706990457,
              39.95735615498771
            ],
            [
              116.34496136614187,
              39.95690587119284
            ],
            [
              116.34554648239326,
              39.9569091759047
            ]
          ]
        ]
      }
    },
    {
      "type": "Feature",
      "id": "BLDG-137",
      "properties": {
        "id": "BLDG-137",
        "layer": "BUILDING_FOOTPRINT",
        "source_type": "agent_generated_design",
        "confidence": "low",
        "geometry_role": "design_proposal",
        "building_type": "ai_r_and_d",
        "parent_land_use": "LU-002",
        "name_zh": "点式研发楼（示意体量）",
        "usage_note": "概念体量示意，不代表建筑高度、容积率或地块拆分结论",
        "area_sqm_declared": 2500.0
      },
      "geometry": {
        "type": "Polygon",
        "coordinates": [
          [
            [
              116.3455387560031,
              39.957719686804275
            ],
            [
              116.34553446342895,
              39.95816997058771
            ],
            [
              116.34494933643383,
              39.95816666572908
            ],
            [
              116.34495363284512,
              39.957716381998054
            ],
            [
              116.3455387560031,
              39.957719686804275
            ]
          ]
        ]
      }
    },
    {
      "type": "Feature",
      "id": "BLDG-138",
      "properties": {
        "id": "BLDG-138",
        "layer": "BUILDING_FOOTPRINT",
        "source_type": "agent_generated_design",
        "confidence": "low",
        "geometry_role": "design_proposal",
        "building_type": "ai_r_and_d",
        "parent_land_use": "LU-002",
        "name_zh": "点式研发楼（示意体量）",
        "usage_note": "概念体量示意，不代表建筑高度、容积率或地块拆分结论",
        "area_sqm_declared": 2500.0
      },
      "geometry": {
        "type": "Polygon",
        "coordinates": [
          [
            [
              116.34553102930006,
              39.95853019758894
            ],
            [
              116.34552673655207,
              39.95898048130854
            ],
            [
              116.34494160264994,
              39.95897717635555
            ],
            [
              116.3449458992352,
              39.958526892688376
            ],
            [
              116.34553102930006,
              39.95853019758894
            ]
          ]
        ]
      }
    },
    {
      "type": "Feature",
      "id": "BLDG-139",
      "properties": {
        "id": "BLDG-139",
        "layer": "BUILDING_FOOTPRINT",
        "source_type": "agent_generated_design",
        "confidence": "low",
        "geometry_role": "design_proposal",
        "building_type": "ai_r_and_d",
        "parent_land_use": "LU-002",
        "name_zh": "点式研发楼（示意体量）",
        "usage_note": "概念体量示意，不代表建筑高度、容积率或地块拆分结论",
        "area_sqm_declared": 2500.0
      },
      "geometry": {
        "type": "Polygon",
        "coordinates": [
          [
            [
              116.34552330228414,
              39.95934070825868
            ],
            [
              116.34551900936229,
              39.959790991914446
            ],
            [
              116.34493386855283,
              39.95978768686711
            ],
            [
              116.3449381653121,
              39.95933740326376
            ],
            [
              116.34552330228414,
              39.95934070825868
            ]
          ]
        ]
      }
    },
    {
      "type": "Feature",
      "id": "BLDG-140",
      "properties": {
        "id": "BLDG-140",
        "layer": "BUILDING_FOOTPRINT",
        "source_type": "agent_generated_design",
        "confidence": "low",
        "geometry_role": "design_proposal",
        "building_type": "ai_r_and_d",
        "parent_land_use": "LU-002",
        "name_zh": "点式研发楼（示意体量）",
        "usage_note": "概念体量示意，不代表建筑高度、容积率或地块拆分结论",
        "area_sqm_declared": 2500.0
      },
      "geometry": {
        "type": "Polygon",
        "coordinates": [
          [
            [
              116.34551557495527,
              39.960151218813515
            ],
            [
              116.34551128185959,
              39.96060150240543
            ],
            [
              116.34492613414254,
              39.96059819726375
            ],
            [
              116.34493043107581,
              39.96014791372424
            ],
            [
              116.34551557495527,
              39.960151218813515
            ]
          ]
        ]
      }
    },
    {
      "type": "Feature",
      "id": "BLDG-141",
      "properties": {
        "id": "BLDG-141",
        "layer": "BUILDING_FOOTPRINT",
        "source_type": "agent_generated_design",
        "confidence": "low",
        "geometry_role": "design_proposal",
        "building_type": "ai_r_and_d",
        "parent_land_use": "LU-002",
        "name_zh": "点式研发楼（示意体量）",
        "usage_note": "概念体量示意，不代表建筑高度、容积率或地块拆分结论",
        "area_sqm_declared": 2500.0
      },
      "geometry": {
        "type": "Polygon",
        "coordinates": [
          [
            [
              116.34550784731348,
              39.960961729253434
            ],
            [
              116.34550355404394,
              39.96141201278152
            ],
            [
              116.34491839941904,
              39.96140870754547
            ],
            [
              116.34492269652633,
              39.96095842406981
            ],
            [
              116.34550784731348,
              39.960961729253434
            ]
          ]
        ]
      }
    },
    {
      "type": "Feature",
      "id": "BLDG-142",
      "properties": {
        "id": "BLDG-142",
        "layer": "BUILDING_FOOTPRINT",
        "source_type": "agent_generated_design",
        "confidence": "low",
        "geometry_role": "design_proposal",
        "building_type": "ai_r_and_d",
        "parent_land_use": "LU-002",
        "name_zh": "点式研发楼（示意体量）",
        "usage_note": "概念体量示意，不代表建筑高度、容积率或地块拆分结论",
        "area_sqm_declared": 2500.0
      },
      "geometry": {
        "type": "Polygon",
        "coordinates": [
          [
            [
              116.34550011935877,
              39.96177223957844
            ],
            [
              116.34549582591536,
              39.962222523042676
            ],
            [
              116.3449106643823,
              39.962219217712274
            ],
            [
              116.34491496166359,
              39.96176893430045
            ],
            [
              116.34550011935877,
              39.96177223957844
            ]
          ]
        ]
      }
    },
    {
      "type": "Feature",
      "id": "BLDG-143",
      "properties": {
        "id": "BLDG-143",
        "layer": "BUILDING_FOOTPRINT",
        "source_type": "agent_generated_design",
        "confidence": "low",
        "geometry_role": "design_proposal",
        "building_type": "ai_r_and_d",
        "parent_land_use": "LU-002",
        "name_zh": "点式研发楼（示意体量）",
        "usage_note": "概念体量示意，不代表建筑高度、容积率或地块拆分结论",
        "area_sqm_declared": 2500.0
      },
      "geometry": {
        "type": "Polygon",
        "coordinates": [
          [
            [
              116.3454923910911,
              39.96258274978853
            ],
            [
              116.34548809747383,
              39.963033033188914
            ],
            [
              116.34490292903232,
              39.963029727764145
            ],
            [
              116.34490722648763,
              39.962579444416185
            ],
            [
              116.3454923910911,
              39.96258274978853
            ]
          ]
        ]
      }
    },
    {
      "type": "Feature",
      "id": "BLDG-144",
      "properties": {
        "id": "BLDG-144",
        "layer": "BUILDING_FOOTPRINT",
        "source_type": "agent_generated_design",
        "confidence": "low",
        "geometry_role": "design_proposal",
        "building_type": "ai_r_and_d",
        "parent_land_use": "LU-002",
        "name_zh": "点式研发楼（示意体量）",
        "usage_note": "概念体量示意，不代表建筑高度、容积率或地块拆分结论",
        "area_sqm_declared": 2500.0
      },
      "geometry": {
        "type": "Polygon",
        "coordinates": [
          [
            [
              116.34548466251046,
              39.963393259883695
            ],
            [
              116.3454803687193,
              39.96384354322026
            ],
            [
              116.34489519336908,
              39.96384023770112
            ],
            [
              116.34489949099843,
              39.963389954416996
            ],
            [
              116.34548466251046,
              39.963393259883695
            ]
          ]
        ]
      }
    },
    {
      "type": "Feature",
      "id": "BLDG-145",
      "properties": {
        "id": "BLDG-145",
        "layer": "BUILDING_FOOTPRINT",
        "source_type": "agent_generated_design",
        "confidence": "low",
        "geometry_role": "design_proposal",
        "building_type": "ai_r_and_d",
        "parent_land_use": "LU-002",
        "name_zh": "点式研发楼（示意体量）",
        "usage_note": "概念体量示意，不代表建筑高度、容积率或地块拆分结论",
        "area_sqm_declared": 2500.0
      },
      "geometry": {
        "type": "Polygon",
        "coordinates": [
          [
            [
              116.34547693361682,
              39.96420376986395
            ],
            [
              116.34547263965179,
              39.964654053136655
            ],
            [
              116.34488745739257,
              39.96465074752316
            ],
            [
              116.34489175519596,
              39.96420046430288
            ],
            [
              116.34547693361682,
              39.96420376986395
            ]
          ]
        ]
      }
    },
    {
      "type": "Feature",
      "id": "BLDG-146",
      "properties": {
        "id": "BLDG-146",
        "layer": "BUILDING_FOOTPRINT",
        "source_type": "agent_generated_design",
        "confidence": "low",
        "geometry_role": "design_proposal",
        "building_type": "ai_r_and_d",
        "parent_land_use": "LU-002",
        "name_zh": "点式研发楼（示意体量）",
        "usage_note": "概念体量示意，不代表建筑高度、容积率或地块拆分结论",
        "area_sqm_declared": 2500.0
      },
      "geometry": {
        "type": "Polygon",
        "coordinates": [
          [
            [
              116.3454692044102,
              39.96501427972929
            ],
            [
              116.34546491027126,
              39.965464562938166
            ],
            [
              116.34487972110276,
              39.96546125723029
            ],
            [
              116.34488401908021,
              39.96501097407385
            ],
            [
              116.3454692044102,
              39.96501427972929
            ]
          ]
        ]
      }
    },
    {
      "type": "Feature",
      "id": "BLDG-147",
      "properties": {
        "id": "BLDG-147",
        "layer": "BUILDING_FOOTPRINT",
        "source_type": "agent_generated_design",
        "confidence": "low",
        "geometry_role": "design_proposal",
        "building_type": "ai_r_and_d",
        "parent_land_use": "LU-002",
        "name_zh": "点式研发楼（示意体量）",
        "usage_note": "概念体量示意，不代表建筑高度、容积率或地块拆分结论",
        "area_sqm_declared": 2500.0
      },
      "geometry": {
        "type": "Polygon",
        "coordinates": [
          [
            [
              116.34546147489056,
              39.96582478947971
            ],
            [
              116.34545718057771,
              39.966275072624725
            ],
            [
              116.34487198449968,
              39.966271766822494
            ],
            [
              116.34487628265117,
              39.96582148372989
            ],
            [
              116.34546147489056,
              39.96582478947971
            ]
          ]
        ]
      }
    },
    {
      "type": "Feature",
      "id": "BLDG-148",
      "properties": {
        "id": "BLDG-148",
        "layer": "BUILDING_FOOTPRINT",
        "source_type": "agent_generated_design",
        "confidence": "low",
        "geometry_role": "design_proposal",
        "building_type": "ai_r_and_d",
        "parent_land_use": "LU-002",
        "name_zh": "点式研发楼（示意体量）",
        "usage_note": "概念体量示意，不代表建筑高度、容积率或地块拆分结论",
        "area_sqm_declared": 2500.0
      },
      "geometry": {
        "type": "Polygon",
        "coordinates": [
          [
            [
              116.34545374505788,
              39.96663529911521
            ],
            [
              116.34544945057112,
              39.96708558219639
            ],
            [
              116.34486424758327,
              39.96708227629978
            ],
            [
              116.34486854590882,
              39.96663199327102
            ],
            [
              116.34545374505788,
              39.96663529911521
            ]
          ]
        ]
      }
    },
    {
      "type": "Feature",
      "id": "BLDG-149",
      "properties": {
        "id": "BLDG-149",
        "layer": "BUILDING_FOOTPRINT",
        "source_type": "agent_generated_design",
        "confidence": "low",
        "geometry_role": "design_proposal",
        "building_type": "ai_r_and_d",
        "parent_land_use": "LU-002",
        "name_zh": "点式研发楼（示意体量）",
        "usage_note": "概念体量示意，不代表建筑高度、容积率或地块拆分结论",
        "area_sqm_declared": 2500.0
      },
      "geometry": {
        "type": "Polygon",
        "coordinates": [
          [
            [
              116.34544601491217,
              39.96744580863579
            ],
            [
              116.34544172025151,
              39.967896091653124
            ],
            [
              116.34485651035351,
              39.96789278566213
            ],
            [
              116.34486080885317,
              39.967442502697224
            ],
            [
              116.34544601491217,
              39.96744580863579
            ]
          ]
        ]
      }
    },
    {
      "type": "Feature",
      "id": "BLDG-150",
      "properties": {
        "id": "BLDG-150",
        "layer": "BUILDING_FOOTPRINT",
        "source_type": "agent_generated_design",
        "confidence": "low",
        "geometry_role": "design_proposal",
        "building_type": "ai_r_and_d",
        "parent_land_use": "LU-002",
        "name_zh": "点式研发楼（示意体量）",
        "usage_note": "概念体量示意，不代表建筑高度、容积率或地块拆分结论",
        "area_sqm_declared": 2500.0
      },
      "geometry": {
        "type": "Polygon",
        "coordinates": [
          [
            [
              116.34543828445341,
              39.96825631804144
            ],
            [
              116.34543398961883,
              39.96870660099494
            ],
            [
              116.34484877281044,
              39.96870329490956
            ],
            [
              116.34485307148418,
              39.96825301200851
            ],
            [
              116.34543828445341,
              39.96825631804144
            ]
          ]
        ]
      }
    },
    {
      "type": "Feature",
      "id": "BLDG-151",
      "properties": {
        "id": "BLDG-151",
        "layer": "BUILDING_FOOTPRINT",
        "source_type": "agent_generated_design",
        "confidence": "low",
        "geometry_role": "design_proposal",
        "building_type": "ai_r_and_d",
        "parent_land_use": "LU-002",
        "name_zh": "点式研发楼（示意体量）",
        "usage_note": "概念体量示意，不代表建筑高度、容积率或地块拆分结论",
        "area_sqm_declared": 2500.0
      },
      "geometry": {
        "type": "Polygon",
        "coordinates": [
          [
            [
              116.34543055368158,
              39.96906682733219
            ],
            [
              116.34542625867306,
              39.96951711022184
            ],
            [
              116.34484103495402,
              39.96951380404207
            ],
            [
              116.34484533380183,
              39.96906352120487
            ],
            [
              116.34543055368158,
              39.96906682733219
            ]
          ]
        ]
      }
    },
    {
      "type": "Feature",
      "id": "BLDG-152",
      "properties": {
        "id": "BLDG-152",
        "layer": "BUILDING_FOOTPRINT",
        "source_type": "agent_generated_design",
        "confidence": "low",
        "geometry_role": "design_proposal",
        "building_type": "ai_r_and_d",
        "parent_land_use": "LU-002",
        "name_zh": "点式研发楼（示意体量）",
        "usage_note": "概念体量示意，不代表建筑高度、容积率或地块拆分结论",
        "area_sqm_declared": 2500.0
      },
      "geometry": {
        "type": "Polygon",
        "coordinates": [
          [
            [
              116.34421363987461,
              39.97392326432127
            ],
            [
              116.34420933614187,
              39.974373546722916
            ],
            [
              116.34362407114648,
              39.97437023406738
            ],
            [
              116.34362837871944,
              39.97391995171828
            ],
            [
              116.34421363987461,
              39.97392326432127
            ]
          ]
        ]
      }
    },
    {
      "type": "Feature",
      "id": "BLDG-153",
      "properties": {
        "id": "BLDG-153",
        "layer": "BUILDING_FOOTPRINT",
        "source_type": "agent_generated_design",
        "confidence": "low",
        "geometry_role": "design_proposal",
        "building_type": "ai_r_and_d",
        "parent_land_use": "LU-002",
        "name_zh": "点式研发楼（示意体量）",
        "usage_note": "概念体量示意，不代表建筑高度、容积率或地块拆分结论",
        "area_sqm_declared": 2500.0
      },
      "geometry": {
        "type": "Polygon",
        "coordinates": [
          [
            [
              116.34420589308597,
              39.97473377261869
            ],
            [
              116.34420158917891,
              39.97518405495647
            ],
            [
              116.3436163172709,
              39.975180742206376
            ],
            [
              116.34362062501833,
              39.97473045992113
            ],
            [
              116.34420589308597,
              39.97473377261869
            ]
          ]
        ]
      }
    },
    {
      "type": "Feature",
      "id": "BLDG-154",
      "properties": {
        "id": "BLDG-154",
        "layer": "BUILDING_FOOTPRINT",
        "source_type": "agent_generated_design",
        "confidence": "low",
        "geometry_role": "design_proposal",
        "building_type": "ai_r_and_d",
        "parent_land_use": "LU-002",
        "name_zh": "点式研发楼（示意体量）",
        "usage_note": "概念体量示意，不代表建筑高度、容积率或地块拆分结论",
        "area_sqm_declared": 2500.0
      },
      "geometry": {
        "type": "Polygon",
        "coordinates": [
          [
            [
              116.34419814598357,
              39.97554428080116
            ],
            [
              116.34419384190221,
              39.97599456307509
            ],
            [
              116.34360856308129,
              39.97599125023042
            ],
            [
              116.34361287100319,
              39.975540968009014
            ],
            [
              116.34419814598357,
              39.97554428080116
            ]
          ]
        ]
      }
    },
    {
      "type": "Feature",
      "id": "BLDG-155",
      "properties": {
        "id": "BLDG-155",
        "layer": "BUILDING_FOOTPRINT",
        "source_type": "agent_generated_design",
        "confidence": "low",
        "geometry_role": "design_proposal",
        "building_type": "ai_r_and_d",
        "parent_land_use": "LU-002",
        "name_zh": "点式研发楼（示意体量）",
        "usage_note": "概念体量示意，不代表建筑高度、容积率或地块拆分结论",
        "area_sqm_declared": 2500.0
      },
      "geometry": {
        "type": "Polygon",
        "coordinates": [
          [
            [
              116.3441903985674,
              39.976354788868704
            ],
            [
              116.34418609431174,
              39.97680507107878
            ],
            [
              116.34360080857763,
              39.97680175813955
            ],
            [
              116.34360511667398,
              39.976351475982
            ],
            [
              116.3441903985674,
              39.976354788868704
            ]
          ]
        ]
      }
    },
    {
      "type": "Feature",
      "id": "BLDG-156",
      "properties": {
        "id": "BLDG-156",
        "layer": "BUILDING_FOOTPRINT",
        "source_type": "agent_generated_design",
        "confidence": "low",
        "geometry_role": "design_proposal",
        "building_type": "ai_r_and_d",
        "parent_land_use": "LU-002",
        "name_zh": "点式研发楼（示意体量）",
        "usage_note": "概念体量示意，不代表建筑高度、容积率或地块拆分结论",
        "area_sqm_declared": 2500.0
      },
      "geometry": {
        "type": "Polygon",
        "coordinates": [
          [
            [
              116.34418265083748,
              39.977165296821305
            ],
            [
              116.34417834640749,
              39.97761557896755
            ],
            [
              116.34359305375992,
              39.977612265933736
            ],
            [
              116.34359736203078,
              39.97716198384004
            ],
            [
              116.34418265083748,
              39.977165296821305
            ]
          ]
        ]
      }
    },
    {
      "type": "Feature",
      "id": "BLDG-157",
      "properties": {
        "id": "BLDG-157",
        "layer": "BUILDING_FOOTPRINT",
        "source_type": "agent_generated_design",
        "confidence": "low",
        "geometry_role": "design_proposal",
        "building_type": "ai_r_and_d",
        "parent_land_use": "LU-002",
        "name_zh": "点式研发楼（示意体量）",
        "usage_note": "概念体量示意，不代表建筑高度、容积率或地块拆分结论",
        "area_sqm_declared": 2500.0
      },
      "geometry": {
        "type": "Polygon",
        "coordinates": [
          [
            [
              116.34417490279375,
              39.97797580465899
            ],
            [
              116.34417059818942,
              39.97842608674137
            ],
            [
              116.34358529862816,
              39.978422773612984
            ],
            [
              116.34358960707347,
              39.977972491583145
            ],
            [
              116.34417490279375,
              39.97797580465899
            ]
          ]
        ]
      }
    },
    {
      "type": "Feature",
      "id": "BLDG-158",
      "properties": {
        "id": "BLDG-158",
        "layer": "BUILDING_FOOTPRINT",
        "source_type": "agent_generated_design",
        "confidence": "low",
        "geometry_role": "design_proposal",
        "building_type": "ai_r_and_d",
        "parent_land_use": "LU-002",
        "name_zh": "点式研发楼（示意体量）",
        "usage_note": "概念体量示意，不代表建筑高度、容积率或地块拆分结论",
        "area_sqm_declared": 2500.0
      },
      "geometry": {
        "type": "Polygon",
        "coordinates": [
          [
            [
              116.34416715443624,
              39.978786312381736
            ],
            [
              116.34416284965758,
              39.97923659440026
            ],
            [
              116.34357754318226,
              39.979233281177294
            ],
            [
              116.34358185180209,
              39.97878299921132
            ],
            [
              116.34416715443624,
              39.978786312381736
            ]
          ]
        ]
      }
    },
    {
      "type": "Feature",
      "id": "BLDG-159",
      "properties": {
        "id": "BLDG-159",
        "layer": "BUILDING_FOOTPRINT",
        "source_type": "agent_generated_design",
        "confidence": "low",
        "geometry_role": "design_proposal",
        "building_type": "ai_r_and_d",
        "parent_land_use": "LU-002",
        "name_zh": "点式研发楼（示意体量）",
        "usage_note": "概念体量示意，不代表建筑高度、容积率或地块拆分结论",
        "area_sqm_declared": 2500.0
      },
      "geometry": {
        "type": "Polygon",
        "coordinates": [
          [
            [
              116.34415940576494,
              39.979596819989546
            ],
            [
              116.34415510081192,
              39.980047101944216
            ],
            [
              116.3435697874223,
              39.98004378862668
            ],
            [
              116.34357409621661,
              39.97959350672455
            ],
            [
              116.34415940576494,
              39.979596819989546
            ]
          ]
        ]
      }
    },
    {
      "type": "Feature",
      "id": "BLDG-160",
      "properties": {
        "id": "BLDG-160",
        "layer": "BUILDING_FOOTPRINT",
        "source_type": "agent_generated_design",
        "confidence": "low",
        "geometry_role": "design_proposal",
        "building_type": "ai_r_and_d",
        "parent_land_use": "LU-002",
        "name_zh": "点式研发楼（示意体量）",
        "usage_note": "概念体量示意，不代表建筑高度、容积率或地块拆分结论",
        "area_sqm_declared": 2500.0
      },
      "geometry": {
        "type": "Polygon",
        "coordinates": [
          [
            [
              116.34415165677977,
              39.98040732748243
            ],
            [
              116.34414735165241,
              39.980857609373246
            ],
            [
              116.34356203134821,
              39.98085429596113
            ],
            [
              116.34356634031703,
              39.980404014122854
            ],
            [
              116.34415165677977,
              39.98040732748243
            ]
          ]
        ]
      }
    },
    {
      "type": "Feature",
      "id": "BLDG-161",
      "properties": {
        "id": "BLDG-161",
        "layer": "BUILDING_FOOTPRINT",
        "source_type": "agent_generated_design",
        "confidence": "low",
        "geometry_role": "design_proposal",
        "building_type": "ai_r_and_d",
        "parent_land_use": "LU-002",
        "name_zh": "点式研发楼（示意体量）",
        "usage_note": "概念体量示意，不代表建筑高度、容积率或地块拆分结论",
        "area_sqm_declared": 2500.0
      },
      "geometry": {
        "type": "Polygon",
        "coordinates": [
          [
            [
              116.34414390748078,
              39.98121783486037
            ],
            [
              116.34413960217907,
              39.98166811668734
            ],
            [
              116.34355427496,
              39.981664803180635
            ],
            [
              116.34355858410333,
              39.981214521406216
            ],
            [
              116.34414390748078,
              39.98121783486037
            ]
          ]
        ]
      }
    },
    {
      "type": "Feature",
      "id": "BLDG-162",
      "properties": {
        "id": "BLDG-162",
        "layer": "BUILDING_FOOTPRINT",
        "source_type": "agent_generated_design",
        "confidence": "low",
        "geometry_role": "design_proposal",
        "building_type": "ai_r_and_d",
        "parent_land_use": "LU-002",
        "name_zh": "点式研发楼（示意体量）",
        "usage_note": "概念体量示意，不代表建筑高度、容积率或地块拆分结论",
        "area_sqm_declared": 2500.0
      },
      "geometry": {
        "type": "Polygon",
        "coordinates": [
          [
            [
              116.34413615786794,
              39.98202834212337
            ],
            [
              116.34413185239185,
              39.98247862388649
            ],
            [
              116.34354651825764,
              39.98247531028521
            ],
            [
              116.3435508275755,
              39.98202502857464
            ],
            [
              116.34413615786794,
              39.98202834212337
            ]
          ]
        ]
      }
    },
    {
      "type": "Feature",
      "id": "BLDG-163",
      "properties": {
        "id": "BLDG-163",
        "layer": "BUILDING_FOOTPRINT",
        "source_type": "agent_generated_design",
        "confidence": "low",
        "geometry_role": "design_proposal",
        "building_type": "ai_r_and_d",
        "parent_land_use": "LU-002",
        "name_zh": "点式研发楼（示意体量）",
        "usage_note": "概念体量示意，不代表建筑高度、容积率或地块拆分结论",
        "area_sqm_declared": 2500.0
      },
      "geometry": {
        "type": "Polygon",
        "coordinates": [
          [
            [
              116.3441284079412,
              39.98283884927145
            ],
            [
              116.34412410229075,
              39.98328913097072
            ],
            [
              116.34353876124112,
              39.98328581727485
            ],
            [
              116.34354307073353,
              39.982835535628126
            ],
            [
              116.3441284079412,
              39.98283884927145
            ]
          ]
        ]
      }
    },
    {
      "type": "Feature",
      "id": "BLDG-164",
      "properties": {
        "id": "BLDG-164",
        "layer": "BUILDING_FOOTPRINT",
        "source_type": "agent_generated_design",
        "confidence": "low",
        "geometry_role": "design_proposal",
        "building_type": "ai_r_and_d",
        "parent_land_use": "LU-002",
        "name_zh": "点式研发楼（示意体量）",
        "usage_note": "概念体量示意，不代表建筑高度、容积率或地块拆分结论",
        "area_sqm_declared": 2500.0
      },
      "geometry": {
        "type": "Polygon",
        "coordinates": [
          [
            [
              116.34412065770061,
              39.98364935630458
            ],
            [
              116.34411635187575,
              39.984099637940005
            ],
            [
              116.34353100391044,
              39.984096324149554
            ],
            [
              116.34353531357738,
              39.98364604256667
            ],
            [
              116.34412065770061,
              39.98364935630458
            ]
          ]
        ]
      }
    },
    {
      "type": "Feature",
      "id": "BLDG-165",
      "properties": {
        "id": "BLDG-165",
        "layer": "BUILDING_FOOTPRINT",
        "source_type": "agent_generated_design",
        "confidence": "low",
        "geometry_role": "design_proposal",
        "building_type": "ai_r_and_d",
        "parent_land_use": "LU-002",
        "name_zh": "点式研发楼（示意体量）",
        "usage_note": "概念体量示意，不代表建筑高度、容积率或地块拆分结论",
        "area_sqm_declared": 2500.0
      },
      "geometry": {
        "type": "Polygon",
        "coordinates": [
          [
            [
              116.34411290714611,
              39.984459863222796
            ],
            [
              116.34410860114687,
              39.98491014479434
            ],
            [
              116.34352324626555,
              39.98490683090929
            ],
            [
              116.34352755610705,
              39.98445654939028
            ],
            [
              116.34411290714611,
              39.984459863222796
            ]
          ]
        ]
      }
    },
    {
      "type": "Feature",
      "id": "BLDG-166",
      "properties": {
        "id": "BLDG-166",
        "layer": "BUILDING_FOOTPRINT",
        "source_type": "agent_generated_design",
        "confidence": "low",
        "geometry_role": "design_proposal",
        "building_type": "ai_r_and_d",
        "parent_land_use": "LU-002",
        "name_zh": "点式研发楼（示意体量）",
        "usage_note": "概念体量示意，不代表建筑高度、容积率或地块拆分结论",
        "area_sqm_declared": 2500.0
      },
      "geometry": {
        "type": "Polygon",
        "coordinates": [
          [
            [
              116.3441051562777,
              39.98527037002605
            ],
            [
              116.34410085010404,
              39.98572065153375
            ],
            [
              116.34351548830647,
              39.98571733755411
            ],
            [
              116.34351979832252,
              39.985267056098955
            ],
            [
              116.3441051562777,
              39.98527037002605
            ]
          ]
        ]
      }
    },
    {
      "type": "Feature",
      "id": "BLDG-167",
      "properties": {
        "id": "BLDG-167",
        "layer": "BUILDING_FOOTPRINT",
        "source_type": "agent_generated_design",
        "confidence": "low",
        "geometry_role": "design_proposal",
        "building_type": "ai_r_and_d",
        "parent_land_use": "LU-002",
        "name_zh": "点式研发楼（示意体量）",
        "usage_note": "概念体量示意，不代表建筑高度、容积率或地块拆分结论",
        "area_sqm_declared": 2500.0
      },
      "geometry": {
        "type": "Polygon",
        "coordinates": [
          [
            [
              116.34409740509535,
              39.986080876714375
            ],
            [
              116.34409309874731,
              39.98653115815822
            ],
            [
              116.3435077300332,
              39.98652784408398
            ],
            [
              116.3435120402238,
              39.98607756269269
            ],
            [
              116.34409740509535,
              39.986080876714375
            ]
          ]
        ]
      }
    },
    {
      "type": "Feature",
      "id": "BLDG-168",
      "properties": {
        "id": "BLDG-168",
        "layer": "BUILDING_FOOTPRINT",
        "source_type": "agent_generated_design",
        "confidence": "low",
        "geometry_role": "design_proposal",
        "building_type": "ai_r_and_d",
        "parent_land_use": "LU-002",
        "name_zh": "点式研发楼（示意体量）",
        "usage_note": "概念体量示意，不代表建筑高度、容积率或地块拆分结论",
        "area_sqm_declared": 2500.0
      },
      "geometry": {
        "type": "Polygon",
        "coordinates": [
          [
            [
              116.34408965359907,
              39.98689138328775
            ],
            [
              116.34408534707659,
              39.98734166466775
            ],
            [
              116.34349997144565,
              39.987338350498916
            ],
            [
              116.34350428181087,
              39.98688806917147
            ],
            [
              116.34408965359907,
              39.98689138328775
            ]
          ]
        ]
      }
    },
    {
      "type": "Feature",
      "id": "BLDG-169",
      "properties": {
        "id": "BLDG-169",
        "layer": "BUILDING_FOOTPRINT",
        "source_type": "agent_generated_design",
        "confidence": "low",
        "geometry_role": "design_proposal",
        "building_type": "ai_r_and_d",
        "parent_land_use": "LU-002",
        "name_zh": "点式研发楼（示意体量）",
        "usage_note": "概念体量示意，不代表建筑高度、容积率或地块拆分结论",
        "area_sqm_declared": 2500.0
      },
      "geometry": {
        "type": "Polygon",
        "coordinates": [
          [
            [
              116.34408190178884,
              39.987701889746205
            ],
            [
              116.34407759509193,
              39.988152171062346
            ],
            [
              116.34349221254391,
              39.988148856798915
            ],
            [
              116.34349652308366,
              39.98769857553532
            ],
            [
              116.34408190178884,
              39.987701889746205
            ]
          ]
        ]
      }
    },
    {
      "type": "Feature",
      "id": "BLDG-170",
      "properties": {
        "id": "BLDG-170",
        "layer": "BUILDING_FOOTPRINT",
        "source_type": "agent_generated_design",
        "confidence": "low",
        "geometry_role": "design_proposal",
        "building_type": "ai_r_and_d",
        "parent_land_use": "LU-002",
        "name_zh": "点式研发楼（示意体量）",
        "usage_note": "概念体量示意，不代表建筑高度、容积率或地块拆分结论",
        "area_sqm_declared": 2500.0
      },
      "geometry": {
        "type": "Polygon",
        "coordinates": [
          [
            [
              116.34407414966464,
              39.9885123960897
            ],
            [
              116.3440698427933,
              39.98896267734199
            ],
            [
              116.34348445332787,
              39.98895936298395
            ],
            [
              116.34348876404225,
              39.98850908178424
            ],
            [
              116.34407414966464,
              39.9885123960897
            ]
          ]
        ]
      }
    },
    {
      "type": "Feature",
      "id": "BLDG-171",
      "properties": {
        "id": "BLDG-171",
        "layer": "BUILDING_FOOTPRINT",
        "source_type": "agent_generated_design",
        "confidence": "low",
        "geometry_role": "design_proposal",
        "building_type": "ai_r_and_d",
        "parent_land_use": "LU-002",
        "name_zh": "点式研发楼（示意体量）",
        "usage_note": "概念体量示意，不代表建筑高度、容积率或地块拆分结论",
        "area_sqm_declared": 2500.0
      },
      "geometry": {
        "type": "Polygon",
        "coordinates": [
          [
            [
              116.34406639722646,
              39.98932290231828
            ],
            [
              116.34406209018069,
              39.989773183506685
            ],
            [
              116.3434766937976,
              39.98976986905405
            ],
            [
              116.34348100468655,
              39.989319587918196
            ],
            [
              116.34406639722646,
              39.98932290231828
            ]
          ]
        ]
      }
    },
    {
      "type": "Feature",
      "id": "BLDG-172",
      "properties": {
        "id": "BLDG-172",
        "layer": "BUILDING_FOOTPRINT",
        "source_type": "agent_generated_design",
        "confidence": "low",
        "geometry_role": "design_proposal",
        "building_type": "ai_r_and_d",
        "parent_land_use": "LU-002",
        "name_zh": "点式研发楼（示意体量）",
        "usage_note": "概念体量示意，不代表建筑高度、容积率或地块拆分结论",
        "area_sqm_declared": 2500.0
      },
      "geometry": {
        "type": "Polygon",
        "coordinates": [
          [
            [
              116.34405864447427,
              39.99013340843189
            ],
            [
              116.34405433725405,
              39.990583689556466
            ],
            [
              116.343468933953,
              39.99058037500921
            ],
            [
              116.34347324501658,
              39.9901300939372
            ],
            [
              116.34405864447427,
              39.99013340843189
            ]
          ]
        ]
      }
    },
    {
      "type": "Feature",
      "id": "BLDG-173",
      "properties": {
        "id": "BLDG-173",
        "layer": "BUILDING_FOOTPRINT",
        "source_type": "agent_generated_design",
        "confidence": "low",
        "geometry_role": "design_proposal",
        "building_type": "ai_r_and_d",
        "parent_land_use": "LU-002",
        "name_zh": "点式研发楼（示意体量）",
        "usage_note": "概念体量示意，不代表建筑高度、容积率或地块拆分结论",
        "area_sqm_declared": 2500.0
      },
      "geometry": {
        "type": "Polygon",
        "coordinates": [
          [
            [
              116.34405089140807,
              39.99094391443058
            ],
            [
              116.34404658401338,
              39.9913941954913
            ],
            [
              116.34346117379414,
              39.99139088084944
            ],
            [
              116.34346548503233,
              39.990940599841295
            ],
            [
              116.34405089140807,
              39.99094391443058
            ]
          ]
        ]
      }
    },
    {
      "type": "Feature",
      "id": "BLDG-174",
      "properties": {
        "id": "BLDG-174",
        "layer": "BUILDING_FOOTPRINT",
        "source_type": "agent_generated_design",
        "confidence": "low",
        "geometry_role": "design_proposal",
        "building_type": "ai_r_and_d",
        "parent_land_use": "LU-002",
        "name_zh": "点式研发楼（示意体量）",
        "usage_note": "概念体量示意，不代表建筑高度、容积率或地块拆分结论",
        "area_sqm_declared": 2500.0
      },
      "geometry": {
        "type": "Polygon",
        "coordinates": [
          [
            [
              116.34404313802786,
              39.991754420314315
            ],
            [
              116.3440388304587,
              39.992204701311174
            ],
            [
              116.34345341332094,
              39.9922013865747
            ],
            [
              116.34345772473375,
              39.99175110563041
            ],
            [
              116.34404313802786,
              39.991754420314315
            ]
          ]
        ]
      }
    },
    {
      "type": "Feature",
      "id": "BLDG-175",
      "properties": {
        "id": "BLDG-175",
        "layer": "BUILDING_FOOTPRINT",
        "source_type": "agent_generated_design",
        "confidence": "low",
        "geometry_role": "design_proposal",
        "building_type": "ai_r_and_d",
        "parent_land_use": "LU-002",
        "name_zh": "点式研发楼（示意体量）",
        "usage_note": "概念体量示意，不代表建筑高度、容积率或地块拆分结论",
        "area_sqm_declared": 2500.0
      },
      "geometry": {
        "type": "Polygon",
        "coordinates": [
          [
            [
              116.3440353843336,
              39.99256492608311
            ],
            [
              116.34403107658997,
              39.99301520701611
            ],
            [
              116.34344565253343,
              39.99301189218503
            ],
            [
              116.34344996412086,
              39.9925616113046
            ],
            [
              116.3440353843336,
              39.99256492608311
            ]
          ]
        ]
      }
    },
    {
      "type": "Feature",
      "id": "BLDG-176",
      "properties": {
        "id": "BLDG-176",
        "layer": "BUILDING_FOOTPRINT",
        "source_type": "agent_generated_design",
        "confidence": "low",
        "geometry_role": "design_proposal",
        "building_type": "ai_r_and_d",
        "parent_land_use": "LU-002",
        "name_zh": "点式研发楼（示意体量）",
        "usage_note": "概念体量示意，不代表建筑高度、容积率或地块拆分结论",
        "area_sqm_declared": 2500.0
      },
      "geometry": {
        "type": "Polygon",
        "coordinates": [
          [
            [
              116.34402763032529,
              39.99337543173697
            ],
            [
              116.34402332240717,
              39.99382571260611
            ],
            [
              116.34343789143156,
              39.99382239768041
            ],
            [
              116.34344220319365,
              39.99337211686383
            ],
            [
              116.34402763032529,
              39.99337543173697
            ]
          ]
        ]
      }
    },
    {
      "type": "Feature",
      "id": "BLDG-177",
      "properties": {
        "id": "BLDG-177",
        "layer": "BUILDING_FOOTPRINT",
        "source_type": "agent_generated_design",
        "confidence": "low",
        "geometry_role": "design_proposal",
        "building_type": "ai_r_and_d",
        "parent_land_use": "LU-002",
        "name_zh": "点式研发楼（示意体量）",
        "usage_note": "概念体量示意，不代表建筑高度、容积率或地块拆分结论",
        "area_sqm_declared": 2500.0
      },
      "geometry": {
        "type": "Polygon",
        "coordinates": [
          [
            [
              116.3440198760029,
              39.99418593727588
            ],
            [
              116.34401556791029,
              39.99463621808117
            ],
            [
              116.34343013001534,
              39.99463290306085
            ],
            [
              116.34343444195204,
              39.99418262230813
            ],
            [
              116.3440198760029,
              39.99418593727588
            ]
          ]
        ]
      }
    },
    {
      "type": "Feature",
      "id": "BLDG-178",
      "properties": {
        "id": "BLDG-178",
        "layer": "BUILDING_FOOTPRINT",
        "source_type": "agent_generated_design",
        "confidence": "low",
        "geometry_role": "design_proposal",
        "building_type": "ai_r_and_d",
        "parent_land_use": "LU-002",
        "name_zh": "点式研发楼（示意体量）",
        "usage_note": "概念体量示意，不代表建筑高度、容积率或地块拆分结论",
        "area_sqm_declared": 2500.0
      },
      "geometry": {
        "type": "Polygon",
        "coordinates": [
          [
            [
              116.34386472357895,
              40.01039602391481
            ],
            [
              116.3438604119949,
              40.01084630344286
            ],
            [
              116.34327483565421,
              40.01084298652974
            ],
            [
              116.34327915108545,
              40.01039270705428
            ],
            [
              116.34386472357895,
              40.01039602391481
            ]
          ]
        ]
      }
    },
    {
      "type": "Feature",
      "id": "BLDG-179",
      "properties": {
        "id": "BLDG-179",
        "layer": "BUILDING_FOOTPRINT",
        "source_type": "agent_generated_design",
        "confidence": "low",
        "geometry_role": "design_proposal",
        "building_type": "ai_r_and_d",
        "parent_land_use": "LU-002",
        "name_zh": "点式研发楼（示意体量）",
        "usage_note": "概念体量示意，不代表建筑高度、容积率或地块拆分结论",
        "area_sqm_declared": 2500.0
      },
      "geometry": {
        "type": "Polygon",
        "coordinates": [
          [
            [
              116.34385696265782,
              40.011206527039754
            ],
            [
              116.34385265089915,
              40.01165680650392
            ],
            [
              116.34326706763324,
              40.01165348949614
            ],
            [
              116.34327138323928,
              40.011203210084545
            ],
            [
              116.34385696265782,
              40.011206527039754
            ]
          ]
        ]
      }
    },
    {
      "type": "Feature",
      "id": "BLDG-180",
      "properties": {
        "id": "BLDG-180",
        "layer": "BUILDING_FOOTPRINT",
        "source_type": "agent_generated_design",
        "confidence": "low",
        "geometry_role": "design_proposal",
        "building_type": "ai_r_and_d",
        "parent_land_use": "LU-002",
        "name_zh": "点式研发楼（示意体量）",
        "usage_note": "概念体量示意，不代表建筑高度、容积率或地块拆分结论",
        "area_sqm_declared": 2500.0
      },
      "geometry": {
        "type": "Polygon",
        "coordinates": [
          [
            [
              116.34384920142233,
              40.012017030049726
            ],
            [
              116.34384488948898,
              40.01246730945003
            ],
            [
              116.34325929929757,
              40.012463992347584
            ],
            [
              116.34326361507846,
              40.01201371299986
            ],
            [
              116.34384920142233,
              40.012017030049726
            ]
          ]
        ]
      }
    },
    {
      "type": "Feature",
      "id": "BLDG-181",
      "properties": {
        "id": "BLDG-181",
        "layer": "BUILDING_FOOTPRINT",
        "source_type": "agent_generated_design",
        "confidence": "low",
        "geometry_role": "design_proposal",
        "building_type": "ai_r_and_d",
        "parent_land_use": "LU-002",
        "name_zh": "点式研发楼（示意体量）",
        "usage_note": "概念体量示意，不代表建筑高度、容积率或地块拆分结论",
        "area_sqm_declared": 2500.0
      },
      "geometry": {
        "type": "Polygon",
        "coordinates": [
          [
            [
              116.34384143987245,
              40.012827532944755
            ],
            [
              116.34383712776443,
              40.0132778122812
            ],
            [
              116.34325153064722,
              40.01327449508407
            ],
            [
              116.34325584660293,
              40.01282421580022
            ],
            [
              116.34384143987245,
              40.012827532944755
            ]
          ]
        ]
      }
    },
    {
      "type": "Feature",
      "id": "BLDG-182",
      "properties": {
        "id": "BLDG-182",
        "layer": "BUILDING_FOOTPRINT",
        "source_type": "agent_generated_design",
        "confidence": "low",
        "geometry_role": "design_proposal",
        "building_type": "ai_r_and_d",
        "parent_land_use": "LU-002",
        "name_zh": "点式研发楼（示意体量）",
        "usage_note": "概念体量示意，不代表建筑高度、容积率或地块拆分结论",
        "area_sqm_declared": 2500.0
      },
      "geometry": {
        "type": "Polygon",
        "coordinates": [
          [
            [
              116.34383367800817,
              40.0136380357248
            ],
            [
              116.34382936572545,
              40.0140883149974
            ],
            [
              116.34324376168217,
              40.0140849977056
            ],
            [
              116.34324807781272,
              40.01363471848561
            ],
            [
              116.34383367800817,
              40.0136380357248
            ]
          ]
        ]
      }
    },
    {
      "type": "Feature",
      "id": "BLDG-183",
      "properties": {
        "id": "BLDG-183",
        "layer": "BUILDING_FOOTPRINT",
        "source_type": "agent_generated_design",
        "confidence": "low",
        "geometry_role": "design_proposal",
        "building_type": "ai_r_and_d",
        "parent_land_use": "LU-002",
        "name_zh": "点式研发楼（示意体量）",
        "usage_note": "概念体量示意，不代表建筑高度、容积率或地块拆分结论",
        "area_sqm_declared": 2500.0
      },
      "geometry": {
        "type": "Polygon",
        "coordinates": [
          [
            [
              116.34382591582944,
              40.01444853838992
            ],
            [
              116.34382160337208,
              40.01489881759863
            ],
            [
              116.34323599240243,
              40.01489550021217
            ],
            [
              116.34324030870779,
              40.01444522105605
            ],
            [
              116.34382591582944,
              40.01444853838992
            ]
          ]
        ]
      }
    },
    {
      "type": "Feature",
      "id": "BLDG-184",
      "properties": {
        "id": "BLDG-184",
        "layer": "BUILDING_FOOTPRINT",
        "source_type": "agent_generated_design",
        "confidence": "low",
        "geometry_role": "design_proposal",
        "building_type": "ai_r_and_d",
        "parent_land_use": "LU-002",
        "name_zh": "点式研发楼（示意体量）",
        "usage_note": "概念体量示意，不代表建筑高度、容积率或地块拆分结论",
        "area_sqm_declared": 2500.0
      },
      "geometry": {
        "type": "Polygon",
        "coordinates": [
          [
            [
              116.3438181533363,
              40.015259040940045
            ],
            [
              116.34381384070421,
              40.01570932008491
            ],
            [
              116.34322822280794,
              40.01570600260377
            ],
            [
              116.34323253928818,
              40.015255723511515
            ],
            [
              116.3438181533363,
              40.015259040940045
            ]
          ]
        ]
      }
    },
    {
      "type": "Feature",
      "id": "BLDG-185",
      "properties": {
        "id": "BLDG-185",
        "layer": "BUILDING_FOOTPRINT",
        "source_type": "agent_generated_design",
        "confidence": "low",
        "geometry_role": "design_proposal",
        "building_type": "ai_r_and_d",
        "parent_land_use": "LU-002",
        "name_zh": "点式研发楼（示意体量）",
        "usage_note": "概念体量示意，不代表建筑高度、容积率或地块拆分结论",
        "area_sqm_declared": 2500.0
      },
      "geometry": {
        "type": "Polygon",
        "coordinates": [
          [
            [
              116.34381039052867,
              40.01606954337524
            ],
            [
              116.34380607772192,
              40.01651982245623
            ],
            [
              116.34322045289872,
              40.01651650488041
            ],
            [
              116.34322476955381,
              40.01606622585202
            ],
            [
              116.34381039052867,
              40.01606954337524
            ]
          ]
        ]
      }
    },
    {
      "type": "Feature",
      "id": "BLDG-186",
      "properties": {
        "id": "BLDG-186",
        "layer": "BUILDING_FOOTPRINT",
        "source_type": "agent_generated_design",
        "confidence": "low",
        "geometry_role": "design_proposal",
        "building_type": "ai_r_and_d",
        "parent_land_use": "LU-002",
        "name_zh": "点式研发楼（示意体量）",
        "usage_note": "概念体量示意，不代表建筑高度、容积率或地块拆分结论",
        "area_sqm_declared": 2500.0
      },
      "geometry": {
        "type": "Polygon",
        "coordinates": [
          [
            [
              116.3438026274066,
              40.01688004569546
            ],
            [
              116.34379831442513,
              40.01733032471258
            ],
            [
              116.34321268267473,
              40.01732700704208
            ],
            [
              116.34321699950469,
              40.01687672807757
            ],
            [
              116.3438026274066,
              40.01688004569546
            ]
          ]
        ]
      }
    },
    {
      "type": "Feature",
      "id": "BLDG-187",
      "properties": {
        "id": "BLDG-187",
        "layer": "BUILDING_FOOTPRINT",
        "source_type": "agent_generated_design",
        "confidence": "low",
        "geometry_role": "design_proposal",
        "building_type": "ai_r_and_d",
        "parent_land_use": "LU-002",
        "name_zh": "点式研发楼（示意体量）",
        "usage_note": "概念体量示意，不代表建筑高度、容积率或地块拆分结论",
        "area_sqm_declared": 2500.0
      },
      "geometry": {
        "type": "Polygon",
        "coordinates": [
          [
            [
              116.34379486397005,
              40.01769054790072
            ],
            [
              116.34379055081386,
              40.018140826853966
            ],
            [
              116.343204912136,
              40.01813750908878
            ],
            [
              116.34320922914083,
              40.017687230188145
            ],
            [
              116.34379486397005,
              40.01769054790072
            ]
          ]
        ]
      }
    },
    {
      "type": "Feature",
      "id": "BLDG-188",
      "properties": {
        "id": "BLDG-188",
        "layer": "BUILDING_FOOTPRINT",
        "source_type": "agent_generated_design",
        "confidence": "low",
        "geometry_role": "design_proposal",
        "building_type": "ai_r_and_d",
        "parent_land_use": "LU-002",
        "name_zh": "点式研发楼（示意体量）",
        "usage_note": "概念体量示意，不代表建筑高度、容积率或地块拆分结论",
        "area_sqm_declared": 2500.0
      },
      "geometry": {
        "type": "Polygon",
        "coordinates": [
          [
            [
              116.343787100219,
              40.018501049991016
            ],
            [
              116.34378278688808,
              40.0189513288804
            ],
            [
              116.34319714128246,
              40.01894801102054
            ],
            [
              116.34320145846218,
              40.01849773218376
            ],
            [
              116.343787100219,
              40.018501049991016
            ]
          ]
        ]
      }
    },
    {
      "type": "Feature",
      "id": "BLDG-189",
      "properties": {
        "id": "BLDG-189",
        "layer": "BUILDING_FOOTPRINT",
        "source_type": "agent_generated_design",
        "confidence": "low",
        "geometry_role": "design_proposal",
        "building_type": "ai_r_and_d",
        "parent_land_use": "LU-002",
        "name_zh": "点式研发楼（示意体量）",
        "usage_note": "概念体量示意，不代表建筑高度、容积率或地块拆分结论",
        "area_sqm_declared": 2500.0
      },
      "geometry": {
        "type": "Polygon",
        "coordinates": [
          [
            [
              116.34377933615346,
              40.019311551966354
            ],
            [
              116.34377502264779,
              40.019761830791865
            ],
            [
              116.34318937011413,
              40.01975851283731
            ],
            [
              116.34319368746874,
              40.01930823406441
            ],
            [
              116.34377933615346,
              40.019311551966354
            ]
          ]
        ]
      }
    },
    {
      "type": "Feature",
      "id": "BLDG-190",
      "properties": {
        "id": "BLDG-190",
        "layer": "BUILDING_FOOTPRINT",
        "source_type": "agent_generated_design",
        "confidence": "low",
        "geometry_role": "design_proposal",
        "building_type": "ai_r_and_d",
        "parent_land_use": "LU-002",
        "name_zh": "点式研发楼（示意体量）",
        "usage_note": "概念体量示意，不代表建筑高度、容积率或地块拆分结论",
        "area_sqm_declared": 2500.0
      },
      "geometry": {
        "type": "Polygon",
        "coordinates": [
          [
            [
              116.34377157177337,
              40.02012205382672
            ],
            [
              116.34376725809298,
              40.02057233258836
            ],
            [
              116.34318159863099,
              40.02056901453913
            ],
            [
              116.3431859161605,
              40.02011873583008
            ],
            [
              116.34377157177337,
              40.02012205382672
            ]
          ]
        ]
      }
    },
    {
      "type": "Feature",
      "id": "BLDG-191",
      "properties": {
        "id": "BLDG-191",
        "layer": "BUILDING_FOOTPRINT",
        "source_type": "agent_generated_design",
        "confidence": "low",
        "geometry_role": "design_proposal",
        "building_type": "ai_r_and_d",
        "parent_land_use": "LU-002",
        "name_zh": "点式研发楼（示意体量）",
        "usage_note": "概念体量示意，不代表建筑高度、容积率或地块拆分结论",
        "area_sqm_declared": 2500.0
      },
      "geometry": {
        "type": "Polygon",
        "coordinates": [
          [
            [
              116.34376380707876,
              40.02093255557213
            ],
            [
              116.3437594932236,
              40.0213828342699
            ],
            [
              116.34317382683302,
              40.02137951612598
            ],
            [
              116.34317814453745,
              40.02092923748081
            ],
            [
              116.34376380707876,
              40.02093255557213
            ]
          ]
        ]
      }
    },
    {
      "type": "Feature",
      "id": "BLDG-192",
      "properties": {
        "id": "BLDG-192",
        "layer": "BUILDING_FOOTPRINT",
        "source_type": "agent_generated_design",
        "confidence": "low",
        "geometry_role": "design_proposal",
        "building_type": "ai_r_and_d",
        "parent_land_use": "LU-002",
        "name_zh": "点式研发楼（示意体量）",
        "usage_note": "概念体量示意，不代表建筑高度、容积率或地块拆分结论",
        "area_sqm_declared": 2500.0
      },
      "geometry": {
        "type": "Polygon",
        "coordinates": [
          [
            [
              116.34375604206959,
              40.02174305720257
            ],
            [
              116.34375172803966,
              40.02219333583646
            ],
            [
              116.34316605472021,
              40.02219001759784
            ],
            [
              116.34317037259954,
              40.02173973901656
            ],
            [
              116.34375604206959,
              40.02174305720257
            ]
          ]
        ]
      }
    },
    {
      "type": "Feature",
      "id": "BLDG-193",
      "properties": {
        "id": "BLDG-193",
        "layer": "BUILDING_FOOTPRINT",
        "source_type": "agent_generated_design",
        "confidence": "low",
        "geometry_role": "design_proposal",
        "building_type": "ai_r_and_d",
        "parent_land_use": "LU-002",
        "name_zh": "点式研发楼（示意体量）",
        "usage_note": "概念体量示意，不代表建筑高度、容积率或地块拆分结论",
        "area_sqm_declared": 2500.0
      },
      "geometry": {
        "type": "Polygon",
        "coordinates": [
          [
            [
              116.34374827674584,
              40.022553558718045
            ],
            [
              116.34374396254117,
              40.02300383728807
            ],
            [
              116.34315828229256,
              40.02300051895475
            ],
            [
              116.34316260034679,
              40.02255024043734
            ],
            [
              116.34374827674584,
              40.022553558718045
            ]
          ]
        ]
      }
    },
    {
      "type": "Feature",
      "id": "BLDG-194",
      "properties": {
        "id": "BLDG-194",
        "layer": "BUILDING_FOOTPRINT",
        "source_type": "agent_generated_design",
        "confidence": "low",
        "geometry_role": "design_proposal",
        "building_type": "ai_r_and_d",
        "parent_land_use": "LU-002",
        "name_zh": "点式研发楼（示意体量）",
        "usage_note": "概念体量示意，不代表建筑高度、容积率或地块拆分结论",
        "area_sqm_declared": 2500.0
      },
      "geometry": {
        "type": "Polygon",
        "coordinates": [
          [
            [
              116.34374051110753,
              40.02336406011855
            ],
            [
              116.34373619672807,
              40.0238143386247
            ],
            [
              116.34315050955003,
              40.02381102019671
            ],
            [
              116.34315482777919,
              40.02336074174315
            ],
            [
              116.34374051110753,
              40.02336406011855
            ]
          ]
        ]
      }
    },
    {
      "type": "Feature",
      "id": "BLDG-195",
      "properties": {
        "id": "BLDG-195",
        "layer": "BUILDING_FOOTPRINT",
        "source_type": "agent_generated_design",
        "confidence": "low",
        "geometry_role": "design_proposal",
        "building_type": "ai_r_and_d",
        "parent_land_use": "LU-002",
        "name_zh": "点式研发楼（示意体量）",
        "usage_note": "概念体量示意，不代表建筑高度、容积率或地块拆分结论",
        "area_sqm_declared": 2500.0
      },
      "geometry": {
        "type": "Polygon",
        "coordinates": [
          [
            [
              116.34373274515461,
              40.02417456140408
            ],
            [
              116.34372843060038,
              40.024624839846375
            ],
            [
              116.34314273649262,
              40.02462152132367
            ],
            [
              116.34314705489672,
              40.024171242933996
            ],
            [
              116.34373274515461,
              40.02417456140408
            ]
          ]
        ]
      }
    },
    {
      "type": "Feature",
      "id": "BLDG-196",
      "properties": {
        "id": "BLDG-196",
        "layer": "BUILDING_FOOTPRINT",
        "source_type": "agent_generated_design",
        "confidence": "low",
        "geometry_role": "design_proposal",
        "building_type": "ai_r_and_d",
        "parent_land_use": "LU-002",
        "name_zh": "点式研发楼（示意体量）",
        "usage_note": "概念体量示意，不代表建筑高度、容积率或地块拆分结论",
        "area_sqm_declared": 2500.0
      },
      "geometry": {
        "type": "Polygon",
        "coordinates": [
          [
            [
              116.34372497888708,
              40.02498506257466
            ],
            [
              116.34372066415807,
              40.02543534095309
            ],
            [
              116.34313496312029,
              40.02543202233568
            ],
            [
              116.34313928169935,
              40.024981744009864
            ],
            [
              116.34372497888708,
              40.02498506257466
            ]
          ]
        ]
      }
    },
    {
      "type": "Feature",
      "id": "BLDG-197",
      "properties": {
        "id": "BLDG-197",
        "layer": "BUILDING_FOOTPRINT",
        "source_type": "agent_generated_design",
        "confidence": "low",
        "geometry_role": "design_proposal",
        "building_type": "ai_r_and_d",
        "parent_land_use": "LU-002",
        "name_zh": "点式研发楼（示意体量）",
        "usage_note": "概念体量示意，不代表建筑高度、容积率或地块拆分结论",
        "area_sqm_declared": 2500.0
      },
      "geometry": {
        "type": "Polygon",
        "coordinates": [
          [
            [
              116.34371721230495,
              40.02579556363026
            ],
            [
              116.34371289740112,
              40.026245841944814
            ],
            [
              116.34312718943309,
              40.026242523232696
            ],
            [
              116.34313150818707,
              40.025792244970766
            ],
            [
              116.34371721230495,
              40.02579556363026
            ]
          ]
        ]
      }
    },
    {
      "type": "Feature",
      "id": "BLDG-198",
      "properties": {
        "id": "BLDG-198",
        "layer": "BUILDING_FOOTPRINT",
        "source_type": "agent_generated_design",
        "confidence": "low",
        "geometry_role": "design_proposal",
        "building_type": "talent_apartment",
        "parent_land_use": "LU-004",
        "name_zh": "条式人才公寓（示意体量）",
        "usage_note": "概念体量示意，不代表建筑高度、容积率或地块拆分结论",
        "area_sqm_declared": 2125.0
      },
      "geometry": {
        "type": "Polygon",
        "coordinates": [
          [
            [
              116.3495949658991,
              39.94339672161729
            ],
            [
              116.34959283400683,
              39.94362186425327
            ],
            [
              116.34859832807423,
              39.94361628073818
            ],
            [
              116.34860046322571,
              39.94339113814648
            ],
            [
              116.3495949658991,
              39.94339672161729
            ]
          ]
        ]
      }
    },
    {
      "type": "Feature",
      "id": "BLDG-199",
      "properties": {
        "id": "BLDG-199",
        "layer": "BUILDING_FOOTPRINT",
        "source_type": "agent_generated_design",
        "confidence": "low",
        "geometry_role": "design_proposal",
        "building_type": "talent_apartment",
        "parent_land_use": "LU-004",
        "name_zh": "条式人才公寓（示意体量）",
        "usage_note": "概念体量示意，不代表建筑高度、容积率或地块拆分结论",
        "area_sqm_declared": 2125.0
      },
      "geometry": {
        "type": "Polygon",
        "coordinates": [
          [
            [
              116.34958814375943,
              39.94411717802127
            ],
            [
              116.34958601179042,
              39.9443423206289
            ],
            [
              116.3485914954281,
              39.9443367369721
            ],
            [
              116.34859363065644,
              39.94411159440875
            ],
            [
              116.34958814375943,
              39.94411717802127
            ]
          ]
        ]
      }
    },
    {
      "type": "Feature",
      "id": "BLDG-200",
      "properties": {
        "id": "BLDG-200",
        "layer": "BUILDING_FOOTPRINT",
        "source_type": "agent_generated_design",
        "confidence": "low",
        "geometry_role": "design_proposal",
        "building_type": "talent_apartment",
        "parent_land_use": "LU-004",
        "name_zh": "条式人才公寓（示意体量）",
        "usage_note": "概念体量示意，不代表建筑高度、容积率或地块拆分结论",
        "area_sqm_declared": 2125.0
      },
      "geometry": {
        "type": "Polygon",
        "coordinates": [
          [
            [
              116.3495813213742,
              39.944837634334476
            ],
            [
              116.34957918932848,
              39.94506277691373
            ],
            [
              116.34858466253604,
              39.945057193115225
            ],
            [
              116.34858679784122,
              39.944832050580246
            ],
            [
              116.3495813213742,
              39.944837634334476
            ]
          ]
        ]
      }
    },
    {
      "type": "Feature",
      "id": "BLDG-201",
      "properties": {
        "id": "BLDG-201",
        "layer": "BUILDING_FOOTPRINT",
        "source_type": "agent_generated_design",
        "confidence": "low",
        "geometry_role": "design_proposal",
        "building_type": "talent_apartment",
        "parent_land_use": "LU-004",
        "name_zh": "条式人才公寓（示意体量）",
        "usage_note": "概念体量示意，不代表建筑高度、容积率或地块拆分结论",
        "area_sqm_declared": 2125.0
      },
      "geometry": {
        "type": "Polygon",
        "coordinates": [
          [
            [
              116.34957449874342,
              39.945558090556894
            ],
            [
              116.34957236662093,
              39.9457832331078
            ],
            [
              116.34857782939804,
              39.94577764916757
            ],
            [
              116.34857996478009,
              39.94555250666096
            ],
            [
              116.34957449874342,
              39.945558090556894
            ]
          ]
        ]
      }
    },
    {
      "type": "Feature",
      "id": "BLDG-202",
      "properties": {
        "id": "BLDG-202",
        "layer": "BUILDING_FOOTPRINT",
        "source_type": "agent_generated_design",
        "confidence": "low",
        "geometry_role": "design_proposal",
        "building_type": "talent_apartment",
        "parent_land_use": "LU-004",
        "name_zh": "条式人才公寓（示意体量）",
        "usage_note": "概念体量示意，不代表建筑高度、容积率或地块拆分结论",
        "area_sqm_declared": 2125.0
      },
      "geometry": {
        "type": "Polygon",
        "coordinates": [
          [
            [
              116.34956767586706,
              39.94627854668855
            ],
            [
              116.34956554366784,
              39.94650368921107
            ],
            [
              116.34857099601409,
              39.94649810512913
            ],
            [
              116.34857313147297,
              39.9462729626509
            ],
            [
              116.34956767586706,
              39.94627854668855
            ]
          ]
        ]
      }
    },
    {
      "type": "Feature",
      "id": "BLDG-203",
      "properties": {
        "id": "BLDG-203",
        "layer": "BUILDING_FOOTPRINT",
        "source_type": "agent_generated_design",
        "confidence": "low",
        "geometry_role": "design_proposal",
        "building_type": "talent_apartment",
        "parent_land_use": "LU-004",
        "name_zh": "条式人才公寓（示意体量）",
        "usage_note": "概念体量示意，不代表建筑高度、容积率或地块拆分结论",
        "area_sqm_declared": 2125.0
      },
      "geometry": {
        "type": "Polygon",
        "coordinates": [
          [
            [
              116.34956085274511,
              39.946999002729434
            ],
            [
              116.34955872046915,
              39.947224145223586
            ],
            [
              116.34856416238416,
              39.94721856099993
            ],
            [
              116.34856629791996,
              39.946993418550065
            ],
            [
              116.34956085274511,
              39.946999002729434
            ]
          ]
        ]
      }
    },
    {
      "type": "Feature",
      "id": "BLDG-204",
      "properties": {
        "id": "BLDG-204",
        "layer": "BUILDING_FOOTPRINT",
        "source_type": "agent_generated_design",
        "confidence": "low",
        "geometry_role": "design_proposal",
        "building_type": "talent_apartment",
        "parent_land_use": "LU-004",
        "name_zh": "条式人才公寓（示意体量）",
        "usage_note": "概念体量示意，不代表建筑高度、容积率或地块拆分结论",
        "area_sqm_declared": 2125.0
      },
      "geometry": {
        "type": "Polygon",
        "coordinates": [
          [
            [
              116.3495540293776,
              39.94771945867952
            ],
            [
              116.34955189702485,
              39.94794460114531
            ],
            [
              116.3485573285083,
              39.947939016779934
            ],
            [
              116.34855946412092,
              39.94771387435843
            ],
            [
              116.3495540293776,
              39.94771945867952
            ]
          ]
        ]
      }
    },
    {
      "type": "Feature",
      "id": "BLDG-205",
      "properties": {
        "id": "BLDG-205",
        "layer": "BUILDING_FOOTPRINT",
        "source_type": "agent_generated_design",
        "confidence": "low",
        "geometry_role": "design_proposal",
        "building_type": "talent_apartment",
        "parent_land_use": "LU-004",
        "name_zh": "条式人才公寓（示意体量）",
        "usage_note": "概念体量示意，不代表建筑高度、容积率或地块拆分结论",
        "area_sqm_declared": 2125.0
      },
      "geometry": {
        "type": "Polygon",
        "coordinates": [
          [
            [
              116.34954720576447,
              39.94843991453884
            ],
            [
              116.349545073335,
              39.94866505697625
            ],
            [
              116.34855049438644,
              39.94865947246917
            ],
            [
              116.34855263007594,
              39.94843433007603
            ],
            [
              116.34954720576447,
              39.94843991453884
            ]
          ]
        ]
      }
    },
    {
      "type": "Feature",
      "id": "BLDG-206",
      "properties": {
        "id": "BLDG-206",
        "layer": "BUILDING_FOOTPRINT",
        "source_type": "agent_generated_design",
        "confidence": "low",
        "geometry_role": "design_proposal",
        "building_type": "talent_apartment",
        "parent_land_use": "LU-004",
        "name_zh": "条式人才公寓（示意体量）",
        "usage_note": "概念体量示意，不代表建筑高度、容积率或地块拆分结论",
        "area_sqm_declared": 2125.0
      },
      "geometry": {
        "type": "Polygon",
        "coordinates": [
          [
            [
              116.34954038190571,
              39.94916037030738
            ],
            [
              116.3495382493995,
              39.94938551271644
            ],
            [
              116.3485436600186,
              39.9493799280676
            ],
            [
              116.34854579578497,
              39.94915478570286
            ],
            [
              116.34954038190571,
              39.94916037030738
            ]
          ]
        ]
      }
    },
    {
      "type": "Feature",
      "id": "BLDG-207",
      "properties": {
        "id": "BLDG-207",
        "layer": "BUILDING_FOOTPRINT",
        "source_type": "agent_generated_design",
        "confidence": "low",
        "geometry_role": "design_proposal",
        "building_type": "talent_apartment",
        "parent_land_use": "LU-004",
        "name_zh": "条式人才公寓（示意体量）",
        "usage_note": "概念体量示意，不代表建筑高度、容积率或地块拆分结论",
        "area_sqm_declared": 2125.0
      },
      "geometry": {
        "type": "Polygon",
        "coordinates": [
          [
            [
              116.34953355780135,
              39.94988082598515
            ],
            [
              116.34953142521837,
              39.95010596836583
            ],
            [
              116.34853682540475,
              39.950100383575275
            ],
            [
              116.34853896124801,
              39.94987524123887
            ],
            [
              116.34953355780135,
              39.94988082598515
            ]
          ]
        ]
      }
    },
    {
      "type": "Feature",
      "id": "BLDG-208",
      "properties": {
        "id": "BLDG-208",
        "layer": "BUILDING_FOOTPRINT",
        "source_type": "agent_generated_design",
        "confidence": "low",
        "geometry_role": "design_proposal",
        "building_type": "talent_apartment",
        "parent_land_use": "LU-004",
        "name_zh": "条式人才公寓（示意体量）",
        "usage_note": "概念体量示意，不代表建筑高度、容积率或地块拆分结论",
        "area_sqm_declared": 2125.0
      },
      "geometry": {
        "type": "Polygon",
        "coordinates": [
          [
            [
              116.34952673345138,
              39.95060128157214
            ],
            [
              116.34952460079163,
              39.95082642392445
            ],
            [
              116.3485299905449,
              39.95082083899215
            ],
            [
              116.34853212646502,
              39.95059569668413
            ],
            [
              116.34952673345138,
              39.95060128157214
            ]
          ]
        ]
      }
    },
    {
      "type": "Feature",
      "id": "BLDG-209",
      "properties": {
        "id": "BLDG-209",
        "layer": "BUILDING_FOOTPRINT",
        "source_type": "agent_generated_design",
        "confidence": "low",
        "geometry_role": "design_proposal",
        "building_type": "talent_apartment",
        "parent_land_use": "LU-004",
        "name_zh": "条式人才公寓（示意体量）",
        "usage_note": "概念体量示意，不代表建筑高度、容积率或地块拆分结论",
        "area_sqm_declared": 2125.0
      },
      "geometry": {
        "type": "Polygon",
        "coordinates": [
          [
            [
              116.34951990885574,
              39.951321737068334
            ],
            [
              116.34951777611921,
              39.95154687939228
            ],
            [
              116.34852315543903,
              39.951541294318254
            ],
            [
              116.34852529143605,
              39.9513161520386
            ],
            [
              116.34951990885574,
              39.951321737068334
            ]
          ]
        ]
      }
    },
    {
      "type": "Feature",
      "id": "BLDG-210",
      "properties": {
        "id": "BLDG-210",
        "layer": "BUILDING_FOOTPRINT",
        "source_type": "agent_generated_design",
        "confidence": "low",
        "geometry_role": "design_proposal",
        "building_type": "talent_apartment",
        "parent_land_use": "LU-004",
        "name_zh": "条式人才公寓（示意体量）",
        "usage_note": "概念体量示意，不代表建筑高度、容积率或地块拆分结论",
        "area_sqm_declared": 2125.0
      },
      "geometry": {
        "type": "Polygon",
        "coordinates": [
          [
            [
              116.34951308401445,
              39.95204219247376
            ],
            [
              116.3495109512012,
              39.952267334769346
            ],
            [
              116.34851632008713,
              39.95226174955357
            ],
            [
              116.34851845616103,
              39.95203660730228
            ],
            [
              116.34951308401445,
              39.95204219247376
            ]
          ]
        ]
      }
    },
    {
      "type": "Feature",
      "id": "BLDG-211",
      "properties": {
        "id": "BLDG-211",
        "layer": "BUILDING_FOOTPRINT",
        "source_type": "agent_generated_design",
        "confidence": "low",
        "geometry_role": "design_proposal",
        "building_type": "talent_apartment",
        "parent_land_use": "LU-004",
        "name_zh": "条式人才公寓（示意体量）",
        "usage_note": "概念体量示意，不代表建筑高度、容积率或地块拆分结论",
        "area_sqm_declared": 2125.0
      },
      "geometry": {
        "type": "Polygon",
        "coordinates": [
          [
            [
              116.34950625892753,
              39.952762647788404
            ],
            [
              116.34950412603749,
              39.952987790055616
            ],
            [
              116.34850948448921,
              39.95298220469811
            ],
            [
              116.34851162063998,
              39.952757062475186
            ],
            [
              116.34950625892753,
              39.952762647788404
            ]
          ]
        ]
      }
    },
    {
      "type": "Feature",
      "id": "BLDG-212",
      "properties": {
        "id": "BLDG-212",
        "layer": "BUILDING_FOOTPRINT",
        "source_type": "agent_generated_design",
        "confidence": "low",
        "geometry_role": "design_proposal",
        "building_type": "talent_apartment",
        "parent_land_use": "LU-004",
        "name_zh": "条式人才公寓（示意体量）",
        "usage_note": "概念体量示意，不代表建筑高度、容积率或地块拆分结论",
        "area_sqm_declared": 2125.0
      },
      "geometry": {
        "type": "Polygon",
        "coordinates": [
          [
            [
              116.34949943359491,
              39.953483103012275
            ],
            [
              116.3494973006281,
              39.95370824525111
            ],
            [
              116.34850264864522,
              39.95370265975186
            ],
            [
              116.34850478487289,
              39.9534775175573
            ],
            [
              116.34949943359491,
              39.953483103012275
            ]
          ]
        ]
      }
    },
    {
      "type": "Feature",
      "id": "BLDG-213",
      "properties": {
        "id": "BLDG-213",
        "layer": "BUILDING_FOOTPRINT",
        "source_type": "agent_generated_design",
        "confidence": "low",
        "geometry_role": "design_proposal",
        "building_type": "talent_apartment",
        "parent_land_use": "LU-004",
        "name_zh": "条式人才公寓（示意体量）",
        "usage_note": "概念体量示意，不代表建筑高度、容积率或地块拆分结论",
        "area_sqm_declared": 2125.0
      },
      "geometry": {
        "type": "Polygon",
        "coordinates": [
          [
            [
              116.34932188868484,
              39.97221490696728
            ],
            [
              116.34931975372082,
              39.97244004846848
            ],
            [
              116.3483248303064,
              39.972434459282795
            ],
            [
              116.34832696853432,
              39.972209317825914
            ],
            [
              116.34932188868484,
              39.97221490696728
            ]
          ]
        ]
      }
    },
    {
      "type": "Feature",
      "id": "BLDG-214",
      "properties": {
        "id": "BLDG-214",
        "layer": "BUILDING_FOOTPRINT",
        "source_type": "agent_generated_design",
        "confidence": "low",
        "geometry_role": "design_proposal",
        "building_type": "talent_apartment",
        "parent_land_use": "LU-004",
        "name_zh": "条式人才公寓（示意体量）",
        "usage_note": "概念体量示意，不代表建筑高度、容积率或地块拆分结论",
        "area_sqm_declared": 2125.0
      },
      "geometry": {
        "type": "Polygon",
        "coordinates": [
          [
            [
              116.34931505671543,
              39.97293535973989
            ],
            [
              116.34931292167457,
              39.97316050121273
            ],
            [
              116.34831798781538,
              39.973154911885224
            ],
            [
              116.3483201261203,
              39.972929770456716
            ],
            [
              116.34931505671543,
              39.97293535973989
            ]
          ]
        ]
      }
    },
    {
      "type": "Feature",
      "id": "BLDG-215",
      "properties": {
        "id": "BLDG-215",
        "layer": "BUILDING_FOOTPRINT",
        "source_type": "agent_generated_design",
        "confidence": "low",
        "geometry_role": "design_proposal",
        "building_type": "talent_apartment",
        "parent_land_use": "LU-004",
        "name_zh": "条式人才公寓（示意体量）",
        "usage_note": "概念体量示意，不代表建筑高度、容积率或地块拆分结论",
        "area_sqm_declared": 2125.0
      },
      "geometry": {
        "type": "Polygon",
        "coordinates": [
          [
            [
              116.34930822450009,
              39.973655812421725
            ],
            [
              116.34930608938234,
              39.97388095386617
            ],
            [
              116.34831114507806,
              39.973875364396854
            ],
            [
              116.34831328345993,
              39.97365022299672
            ],
            [
              116.34930822450009,
              39.973655812421725
            ]
          ]
        ]
      }
    },
    {
      "type": "Feature",
      "id": "BLDG-216",
      "properties": {
        "id": "BLDG-216",
        "layer": "BUILDING_FOOTPRINT",
        "source_type": "agent_generated_design",
        "confidence": "low",
        "geometry_role": "design_proposal",
        "building_type": "talent_apartment",
        "parent_land_use": "LU-004",
        "name_zh": "条式人才公寓（示意体量）",
        "usage_note": "概念体量示意，不代表建筑高度、容积率或地块拆分结论",
        "area_sqm_declared": 2125.0
      },
      "geometry": {
        "type": "Polygon",
        "coordinates": [
          [
            [
              116.34930139203875,
              39.97437626501275
            ],
            [
              116.34929925684416,
              39.974601406428825
            ],
            [
              116.34830430209438,
              39.97459581681767
            ],
            [
              116.34830644055324,
              39.97437067544592
            ],
            [
              116.34930139203875,
              39.97437626501275
            ]
          ]
        ]
      }
    },
    {
      "type": "Feature",
      "id": "BLDG-217",
      "properties": {
        "id": "BLDG-217",
        "layer": "BUILDING_FOOTPRINT",
        "source_type": "agent_generated_design",
        "confidence": "low",
        "geometry_role": "design_proposal",
        "building_type": "talent_apartment",
        "parent_land_use": "LU-004",
        "name_zh": "条式人才公寓（示意体量）",
        "usage_note": "概念体量示意，不代表建筑高度、容积率或地块拆分结论",
        "area_sqm_declared": 2125.0
      },
      "geometry": {
        "type": "Polygon",
        "coordinates": [
          [
            [
              116.34929455933148,
              39.975096717513004
            ],
            [
              116.34929242406001,
              39.97532185890071
            ],
            [
              116.34829745886435,
              39.97531626914771
            ],
            [
              116.34829959740021,
              39.975091127804326
            ],
            [
              116.34929455933148,
              39.975096717513004
            ]
          ]
        ]
      }
    },
    {
      "type": "Feature",
      "id": "BLDG-218",
      "properties": {
        "id": "BLDG-218",
        "layer": "BUILDING_FOOTPRINT",
        "source_type": "agent_generated_design",
        "confidence": "low",
        "geometry_role": "design_proposal",
        "building_type": "talent_apartment",
        "parent_land_use": "LU-004",
        "name_zh": "条式人才公寓（示意体量）",
        "usage_note": "概念体量示意，不代表建筑高度、容积率或地块拆分结论",
        "area_sqm_declared": 2125.0
      },
      "geometry": {
        "type": "Polygon",
        "coordinates": [
          [
            [
              116.34928772637822,
              39.975817169922436
            ],
            [
              116.3492855910299,
              39.97604231128177
            ],
            [
              116.348290615388,
              39.97603672138695
            ],
            [
              116.34829275400082,
              39.975811580071934
            ],
            [
              116.34928772637822,
              39.975817169922436
            ]
          ]
        ]
      }
    },
    {
      "type": "Feature",
      "id": "BLDG-219",
      "properties": {
        "id": "BLDG-219",
        "layer": "BUILDING_FOOTPRINT",
        "source_type": "agent_generated_design",
        "confidence": "low",
        "geometry_role": "design_proposal",
        "building_type": "talent_apartment",
        "parent_land_use": "LU-004",
        "name_zh": "条式人才公寓（示意体量）",
        "usage_note": "概念体量示意，不代表建筑高度、容积率或地块拆分结论",
        "area_sqm_declared": 2125.0
      },
      "geometry": {
        "type": "Polygon",
        "coordinates": [
          [
            [
              116.349280893179,
              39.9765376222411
            ],
            [
              116.34927875775378,
              39.976762763572054
            ],
            [
              116.34828377166522,
              39.97675717353538
            ],
            [
              116.34828591035506,
              39.976532032248755
            ],
            [
              116.349280893179,
              39.9765376222411
            ]
          ]
        ]
      }
    },
    {
      "type": "Feature",
      "id": "BLDG-220",
      "properties": {
        "id": "BLDG-220",
        "layer": "BUILDING_FOOTPRINT",
        "source_type": "agent_generated_design",
        "confidence": "low",
        "geometry_role": "design_proposal",
        "building_type": "talent_apartment",
        "parent_land_use": "LU-004",
        "name_zh": "条式人才公寓（示意体量）",
        "usage_note": "概念体量示意，不代表建筑高度、容积率或地块拆分结论",
        "area_sqm_declared": 2125.0
      },
      "geometry": {
        "type": "Polygon",
        "coordinates": [
          [
            [
              116.34927405973376,
              39.97725807446895
            ],
            [
              116.34927192423167,
              39.97748321577153
            ],
            [
              116.34827692769612,
              39.97747762559302
            ],
            [
              116.34827906646294,
              39.977252484334755
            ],
            [
              116.34927405973376,
              39.97725807446895
            ]
          ]
        ]
      }
    },
    {
      "type": "Feature",
      "id": "BLDG-221",
      "properties": {
        "id": "BLDG-221",
        "layer": "BUILDING_FOOTPRINT",
        "source_type": "agent_generated_design",
        "confidence": "low",
        "geometry_role": "design_proposal",
        "building_type": "talent_apartment",
        "parent_land_use": "LU-004",
        "name_zh": "条式人才公寓（示意体量）",
        "usage_note": "概念体量示意，不代表建筑高度、容积率或地块拆分结论",
        "area_sqm_declared": 2125.0
      },
      "geometry": {
        "type": "Polygon",
        "coordinates": [
          [
            [
              116.34926722604253,
              39.97797852660601
            ],
            [
              116.34926509046356,
              39.97820366788022
            ],
            [
              116.34827008348063,
              39.97819807755987
            ],
            [
              116.34827222232444,
              39.977972936329984
            ],
            [
              116.34926722604253,
              39.97797852660601
            ]
          ]
        ]
      }
    },
    {
      "type": "Feature",
      "id": "BLDG-222",
      "properties": {
        "id": "BLDG-222",
        "layer": "BUILDING_FOOTPRINT",
        "source_type": "agent_generated_design",
        "confidence": "low",
        "geometry_role": "design_proposal",
        "building_type": "talent_apartment",
        "parent_land_use": "LU-004",
        "name_zh": "条式人才公寓（示意体量）",
        "usage_note": "概念体量示意，不代表建筑高度、容积率或地块拆分结论",
        "area_sqm_declared": 2125.0
      },
      "geometry": {
        "type": "Polygon",
        "coordinates": [
          [
            [
              116.34926039210528,
              39.978698978652275
            ],
            [
              116.34925825644943,
              39.97892411989812
            ],
            [
              116.34826323901872,
              39.97891852943591
            ],
            [
              116.34826537793954,
              39.97869338823439
            ],
            [
              116.34926039210528,
              39.978698978652275
            ]
          ]
        ]
      }
    },
    {
      "type": "Feature",
      "id": "BLDG-223",
      "properties": {
        "id": "BLDG-223",
        "layer": "BUILDING_FOOTPRINT",
        "source_type": "agent_generated_design",
        "confidence": "low",
        "geometry_role": "design_proposal",
        "building_type": "talent_apartment",
        "parent_land_use": "LU-004",
        "name_zh": "条式人才公寓（示意体量）",
        "usage_note": "概念体量示意，不代表建筑高度、容积率或地块拆分结论",
        "area_sqm_declared": 2125.0
      },
      "geometry": {
        "type": "Polygon",
        "coordinates": [
          [
            [
              116.349253557922,
              39.979419430607756
            ],
            [
              116.34925142218927,
              39.97964457182521
            ],
            [
              116.34825639431045,
              39.97963898122116
            ],
            [
              116.34825853330825,
              39.97941384004802
            ],
            [
              116.349253557922,
              39.979419430607756
            ]
          ]
        ]
      }
    },
    {
      "type": "Feature",
      "id": "BLDG-224",
      "properties": {
        "id": "BLDG-224",
        "layer": "BUILDING_FOOTPRINT",
        "source_type": "agent_generated_design",
        "confidence": "low",
        "geometry_role": "design_proposal",
        "building_type": "talent_apartment",
        "parent_land_use": "LU-004",
        "name_zh": "条式人才公寓（示意体量）",
        "usage_note": "概念体量示意，不代表建筑高度、容积率或地块拆分结论",
        "area_sqm_declared": 2125.0
      },
      "geometry": {
        "type": "Polygon",
        "coordinates": [
          [
            [
              116.3492467234927,
              39.98013988247242
            ],
            [
              116.34924458768305,
              39.980365023661506
            ],
            [
              116.34824954935573,
              39.98035943291559
            ],
            [
              116.34825168843055,
              39.980134291770845
            ],
            [
              116.3492467234927,
              39.98013988247242
            ]
          ]
        ]
      }
    },
    {
      "type": "Feature",
      "id": "BLDG-225",
      "properties": {
        "id": "BLDG-225",
        "layer": "BUILDING_FOOTPRINT",
        "source_type": "agent_generated_design",
        "confidence": "low",
        "geometry_role": "design_proposal",
        "building_type": "talent_apartment",
        "parent_land_use": "LU-004",
        "name_zh": "条式人才公寓（示意体量）",
        "usage_note": "概念体量示意，不代表建筑高度、容积率或地块拆分结论",
        "area_sqm_declared": 2125.0
      },
      "geometry": {
        "type": "Polygon",
        "coordinates": [
          [
            [
              116.34923988881731,
              39.9808603342463
            ],
            [
              116.3492377529308,
              39.98108547540701
            ],
            [
              116.34824270415459,
              39.98107988451925
            ],
            [
              116.34824484330643,
              39.98085474340285
            ],
            [
              116.34923988881731,
              39.9808603342463
            ]
          ]
        ]
      }
    },
    {
      "type": "Feature",
      "id": "BLDG-226",
      "properties": {
        "id": "BLDG-226",
        "layer": "BUILDING_FOOTPRINT",
        "source_type": "agent_generated_design",
        "confidence": "low",
        "geometry_role": "design_proposal",
        "building_type": "talent_apartment",
        "parent_land_use": "LU-004",
        "name_zh": "条式人才公寓（示意体量）",
        "usage_note": "概念体量示意，不代表建筑高度、容积率或地块拆分结论",
        "area_sqm_declared": 2125.0
      },
      "geometry": {
        "type": "Polygon",
        "coordinates": [
          [
            [
              116.34923305389592,
              39.98158078592939
            ],
            [
              116.3492309179325,
              39.981805927061714
            ],
            [
              116.34823585870703,
              39.98180033603208
            ],
            [
              116.34823799793587,
              39.981575194944085
            ],
            [
              116.34923305389592,
              39.98158078592939
            ]
          ]
        ]
      }
    },
    {
      "type": "Feature",
      "id": "BLDG-227",
      "properties": {
        "id": "BLDG-227",
        "layer": "BUILDING_FOOTPRINT",
        "source_type": "agent_generated_design",
        "confidence": "low",
        "geometry_role": "design_proposal",
        "building_type": "talent_apartment",
        "parent_land_use": "LU-004",
        "name_zh": "条式人才公寓（示意体量）",
        "usage_note": "概念体量示意，不代表建筑高度、容积率或地块拆分结论",
        "area_sqm_declared": 2125.0
      },
      "geometry": {
        "type": "Polygon",
        "coordinates": [
          [
            [
              116.34922621872843,
              39.98230123752165
            ],
            [
              116.34922408268814,
              39.982526378625614
            ],
            [
              116.34822901301304,
              39.98252078745413
            ],
            [
              116.34823115231887,
              39.98229564639449
            ],
            [
              116.34922621872843,
              39.98230123752165
            ]
          ]
        ]
      }
    },
    {
      "type": "Feature",
      "id": "BLDG-228",
      "properties": {
        "id": "BLDG-228",
        "layer": "BUILDING_FOOTPRINT",
        "source_type": "agent_generated_design",
        "confidence": "low",
        "geometry_role": "design_proposal",
        "building_type": "talent_apartment",
        "parent_land_use": "LU-004",
        "name_zh": "条式人才公寓（示意体量）",
        "usage_note": "概念体量示意，不代表建筑高度、容积率或地块拆分结论",
        "area_sqm_declared": 2125.0
      },
      "geometry": {
        "type": "Polygon",
        "coordinates": [
          [
            [
              116.34921938331489,
              39.98302168902314
            ],
            [
              116.34921724719767,
              39.98324683009872
            ],
            [
              116.34822216707256,
              39.98324123878536
            ],
            [
              116.34822430645544,
              39.98301609775412
            ],
            [
              116.34921938331489,
              39.98302168902314
            ]
          ]
        ]
      }
    },
    {
      "type": "Feature",
      "id": "BLDG-229",
      "properties": {
        "id": "BLDG-229",
        "layer": "BUILDING_FOOTPRINT",
        "source_type": "agent_generated_design",
        "confidence": "low",
        "geometry_role": "design_proposal",
        "building_type": "talent_apartment",
        "parent_land_use": "LU-004",
        "name_zh": "条式人才公寓（示意体量）",
        "usage_note": "概念体量示意，不代表建筑高度、容积率或地块拆分结论",
        "area_sqm_declared": 2125.0
      },
      "geometry": {
        "type": "Polygon",
        "coordinates": [
          [
            [
              116.34921254765524,
              39.983742140433826
            ],
            [
              116.34921041146116,
              39.983967281481036
            ],
            [
              116.34821532088563,
              39.98396169002581
            ],
            [
              116.34821746034554,
              39.98373654902292
            ],
            [
              116.34921254765524,
              39.983742140433826
            ]
          ]
        ]
      }
    },
    {
      "type": "Feature",
      "id": "BLDG-230",
      "properties": {
        "id": "BLDG-230",
        "layer": "BUILDING_FOOTPRINT",
        "source_type": "agent_generated_design",
        "confidence": "low",
        "geometry_role": "design_proposal",
        "building_type": "talent_apartment",
        "parent_land_use": "LU-004",
        "name_zh": "条式人才公寓（示意体量）",
        "usage_note": "概念体量示意，不代表建筑高度、容积率或地块拆分结论",
        "area_sqm_declared": 2125.0
      },
      "geometry": {
        "type": "Polygon",
        "coordinates": [
          [
            [
              116.34887045069742,
              40.0197645951899
            ],
            [
              116.34886831065421,
              40.01998973481822
            ],
            [
              116.34787269707931,
              40.01998413626579
            ],
            [
              116.3478748403942,
              40.019758996681844
            ],
            [
              116.34887045069742,
              40.0197645951899
            ]
          ]
        ]
      }
    },
    {
      "type": "Feature",
      "id": "BLDG-231",
      "properties": {
        "id": "BLDG-231",
        "layer": "BUILDING_FOOTPRINT",
        "source_type": "agent_generated_design",
        "confidence": "low",
        "geometry_role": "design_proposal",
        "building_type": "talent_apartment",
        "parent_land_use": "LU-004",
        "name_zh": "条式人才公寓（示意体量）",
        "usage_note": "概念体量示意，不代表建筑高度、容积率或地块拆分结论",
        "area_sqm_declared": 2125.0
      },
      "geometry": {
        "type": "Polygon",
        "coordinates": [
          [
            [
              116.34886360247438,
              40.02048504196927
            ],
            [
              116.3488614623541,
              40.0207101815692
            ],
            [
              116.3478658383096,
              40.02070458287474
            ],
            [
              116.3478679817017,
              40.020479443319196
            ],
            [
              116.34886360247438,
              40.02048504196927
            ]
          ]
        ]
      }
    },
    {
      "type": "Feature",
      "id": "BLDG-232",
      "properties": {
        "id": "BLDG-232",
        "layer": "BUILDING_FOOTPRINT",
        "source_type": "agent_generated_design",
        "confidence": "low",
        "geometry_role": "design_proposal",
        "building_type": "talent_apartment",
        "parent_land_use": "LU-004",
        "name_zh": "条式人才公寓（示意体量）",
        "usage_note": "概念体量示意，不代表建筑高度、容积率或地块拆分结论",
        "area_sqm_declared": 2125.0
      },
      "geometry": {
        "type": "Polygon",
        "coordinates": [
          [
            [
              116.34885675400473,
              40.02120548865783
            ],
            [
              116.34885461380738,
              40.021430628229375
            ],
            [
              116.34785897929294,
              40.021425029392894
            ],
            [
              116.34786112276217,
              40.02119988986573
            ],
            [
              116.34885675400473,
              40.02120548865783
            ]
          ]
        ]
      }
    },
    {
      "type": "Feature",
      "id": "BLDG-233",
      "properties": {
        "id": "BLDG-233",
        "layer": "BUILDING_FOOTPRINT",
        "source_type": "agent_generated_design",
        "confidence": "low",
        "geometry_role": "design_proposal",
        "building_type": "talent_apartment",
        "parent_land_use": "LU-004",
        "name_zh": "条式人才公寓（示意体量）",
        "usage_note": "概念体量示意，不代表建筑高度、容积率或地块拆分结论",
        "area_sqm_declared": 2125.0
      },
      "geometry": {
        "type": "Polygon",
        "coordinates": [
          [
            [
              116.34884990528845,
              40.02192593525555
            ],
            [
              116.34884776501404,
              40.02215107479872
            ],
            [
              116.34785212002924,
              40.02214547582022
            ],
            [
              116.34785426357567,
              40.02192033632143
            ],
            [
              116.34884990528845,
              40.02192593525555
            ]
          ]
        ]
      }
    },
    {
      "type": "Feature",
      "id": "BLDG-234",
      "properties": {
        "id": "BLDG-234",
        "layer": "BUILDING_FOOTPRINT",
        "source_type": "agent_generated_design",
        "confidence": "low",
        "geometry_role": "design_proposal",
        "building_type": "talent_apartment",
        "parent_land_use": "LU-004",
        "name_zh": "条式人才公寓（示意体量）",
        "usage_note": "概念体量示意，不代表建筑高度、容积率或地块拆分结论",
        "area_sqm_declared": 2125.0
      },
      "geometry": {
        "type": "Polygon",
        "coordinates": [
          [
            [
              116.34884305632558,
              40.022646381762456
            ],
            [
              116.34884091597408,
              40.02287152127724
            ],
            [
              116.34784526051857,
              40.02286592215671
            ],
            [
              116.34784740414219,
              40.02264078268631
            ],
            [
              116.34884305632558,
              40.022646381762456
            ]
          ]
        ]
      }
    },
    {
      "type": "Feature",
      "id": "BLDG-235",
      "properties": {
        "id": "BLDG-235",
        "layer": "BUILDING_FOOTPRINT",
        "source_type": "agent_generated_design",
        "confidence": "low",
        "geometry_role": "design_proposal",
        "building_type": "talent_apartment",
        "parent_land_use": "LU-004",
        "name_zh": "条式人才公寓（示意体量）",
        "usage_note": "概念体量示意，不代表建筑高度、容积率或地块拆分结论",
        "area_sqm_declared": 2125.0
      },
      "geometry": {
        "type": "Polygon",
        "coordinates": [
          [
            [
              116.34883620711607,
              40.023366828178546
            ],
            [
              116.34883406668752,
              40.023591967664935
            ],
            [
              116.34783840076089,
              40.023586368402384
            ],
            [
              116.3478405444617,
              40.02336122896037
            ],
            [
              116.34883620711607,
              40.023366828178546
            ]
          ]
        ]
      }
    },
    {
      "type": "Feature",
      "id": "BLDG-236",
      "properties": {
        "id": "BLDG-236",
        "layer": "BUILDING_FOOTPRINT",
        "source_type": "agent_generated_design",
        "confidence": "low",
        "geometry_role": "design_proposal",
        "building_type": "talent_apartment",
        "parent_land_use": "LU-004",
        "name_zh": "条式人才公寓（示意体量）",
        "usage_note": "概念体量示意，不代表建筑高度、容积率或地块拆分结论",
        "area_sqm_declared": 2125.0
      },
      "geometry": {
        "type": "Polygon",
        "coordinates": [
          [
            [
              116.34882935765991,
              40.024087274503806
            ],
            [
              116.34882721715428,
              40.02431241396183
            ],
            [
              116.34783154075619,
              40.024306814557235
            ],
            [
              116.3478336845342,
              40.024081675143606
            ],
            [
              116.34882935765991,
              40.024087274503806
            ]
          ]
        ]
      }
    },
    {
      "type": "Feature",
      "id": "BLDG-237",
      "properties": {
        "id": "BLDG-237",
        "layer": "BUILDING_FOOTPRINT",
        "source_type": "agent_generated_design",
        "confidence": "low",
        "geometry_role": "design_proposal",
        "building_type": "talent_apartment",
        "parent_land_use": "LU-004",
        "name_zh": "条式人才公寓（示意体量）",
        "usage_note": "概念体量示意，不代表建筑高度、容积率或地块拆分结论",
        "area_sqm_declared": 2125.0
      },
      "geometry": {
        "type": "Polygon",
        "coordinates": [
          [
            [
              116.34882250795711,
              40.02480772073825
            ],
            [
              116.3488203673744,
              40.02503286016788
            ],
            [
              116.34782468050444,
              40.02502726062125
            ],
            [
              116.34782682435964,
              40.024802121236
            ],
            [
              116.34882250795711,
              40.02480772073825
            ]
          ]
        ]
      }
    },
    {
      "type": "Feature",
      "id": "BLDG-238",
      "properties": {
        "id": "BLDG-238",
        "layer": "BUILDING_FOOTPRINT",
        "source_type": "agent_generated_design",
        "confidence": "low",
        "geometry_role": "design_proposal",
        "building_type": "talent_apartment",
        "parent_land_use": "LU-004",
        "name_zh": "条式人才公寓（示意体量）",
        "usage_note": "概念体量示意，不代表建筑高度、容积率或地块拆分结论",
        "area_sqm_declared": 2125.0
      },
      "geometry": {
        "type": "Polygon",
        "coordinates": [
          [
            [
              116.34881565800764,
              40.025528166881855
            ],
            [
              116.34881351734786,
              40.025753306283114
            ],
            [
              116.34781782000569,
              40.02574770659444
            ],
            [
              116.34781996393808,
              40.02552256723757
            ],
            [
              116.34881565800764,
              40.025528166881855
            ]
          ]
        ]
      }
    },
    {
      "type": "Feature",
      "id": "BLDG-239",
      "properties": {
        "id": "BLDG-239",
        "layer": "BUILDING_FOOTPRINT",
        "source_type": "agent_generated_design",
        "confidence": "low",
        "geometry_role": "design_proposal",
        "building_type": "retail",
        "parent_land_use": "LU-005",
        "name_zh": "点式商业盒（示意体量）",
        "usage_note": "概念体量示意，不代表建筑高度、容积率或地块拆分结论",
        "area_sqm_declared": 1600.0
      },
      "geometry": {
        "type": "Polygon",
        "coordinates": [
          [
            [
              116.35068211718763,
              39.93979014647533
            ],
            [
              116.35067871228453,
              39.94015037499113
            ],
            [
              116.35021073300736,
              39.94014775308859
            ],
            [
              116.350214140364,
              39.939787524606054
            ],
            [
              116.35068211718763,
              39.93979014647533
            ]
          ]
        ]
      }
    },
    {
      "type": "Feature",
      "id": "BLDG-240",
      "properties": {
        "id": "BLDG-240",
        "layer": "BUILDING_FOOTPRINT",
        "source_type": "agent_generated_design",
        "confidence": "low",
        "geometry_role": "design_proposal",
        "building_type": "retail",
        "parent_land_use": "LU-005",
        "name_zh": "点式商业盒（示意体量）",
        "usage_note": "概念体量示意，不代表建筑高度、容积率或地块拆分结论",
        "area_sqm_declared": 1600.0
      },
      "geometry": {
        "type": "Polygon",
        "coordinates": [
          [
            [
              116.35067530732016,
              39.94051060348424
            ],
            [
              116.35067190229454,
              39.940870831954676
            ],
            [
              116.35020391811008,
              39.94086820998559
            ],
            [
              116.35020732558938,
              39.940507981548436
            ],
            [
              116.35067530732016,
              39.94051060348424
            ]
          ]
        ]
      }
    },
    {
      "type": "Feature",
      "id": "BLDG-241",
      "properties": {
        "id": "BLDG-241",
        "layer": "BUILDING_FOOTPRINT",
        "source_type": "agent_generated_design",
        "confidence": "low",
        "geometry_role": "design_proposal",
        "building_type": "retail",
        "parent_land_use": "LU-005",
        "name_zh": "点式商业盒（示意体量）",
        "usage_note": "概念体量示意，不代表建筑高度、容积率或地块拆分结论",
        "area_sqm_declared": 1600.0
      },
      "geometry": {
        "type": "Polygon",
        "coordinates": [
          [
            [
              116.3506684972076,
              39.9412310604024
            ],
            [
              116.3506650920594,
              39.941591288827446
            ],
            [
              116.35019710296754,
              39.94158866679181
            ],
            [
              116.35020051056948,
              39.941228438400046
            ],
            [
              116.3506684972076,
              39.9412310604024
            ]
          ]
        ]
      }
    },
    {
      "type": "Feature",
      "id": "BLDG-242",
      "properties": {
        "id": "BLDG-242",
        "layer": "BUILDING_FOOTPRINT",
        "source_type": "agent_generated_design",
        "confidence": "low",
        "geometry_role": "design_proposal",
        "building_type": "retail",
        "parent_land_use": "LU-005",
        "name_zh": "点式商业盒（示意体量）",
        "usage_note": "概念体量示意，不代表建筑高度、容积率或地块拆分结论",
        "area_sqm_declared": 1600.0
      },
      "geometry": {
        "type": "Polygon",
        "coordinates": [
          [
            [
              116.35066168684993,
              39.94195151722978
            ],
            [
              116.35065828157916,
              39.942311745609445
            ],
            [
              116.35019028757968,
              39.942309123507265
            ],
            [
              116.35019369530426,
              39.941948895160884
            ],
            [
              116.35066168684993,
              39.94195151722978
            ]
          ]
        ]
      }
    },
    {
      "type": "Feature",
      "id": "BLDG-243",
      "properties": {
        "id": "BLDG-243",
        "layer": "BUILDING_FOOTPRINT",
        "source_type": "agent_generated_design",
        "confidence": "low",
        "geometry_role": "design_proposal",
        "building_type": "retail",
        "parent_land_use": "LU-005",
        "name_zh": "点式商业盒（示意体量）",
        "usage_note": "概念体量示意，不代表建筑高度、容积率或地块拆分结论",
        "area_sqm_declared": 1600.0
      },
      "geometry": {
        "type": "Polygon",
        "coordinates": [
          [
            [
              116.35065487624712,
              39.94267197396641
            ],
            [
              116.35065147085379,
              39.943032202300664
            ],
            [
              116.35018347194651,
              39.943029580131935
            ],
            [
              116.35018687979375,
              39.94266935183096
            ],
            [
              116.35065487624712,
              39.94267197396641
            ]
          ]
        ]
      }
    },
    {
      "type": "Feature",
      "id": "BLDG-244",
      "properties": {
        "id": "BLDG-244",
        "layer": "BUILDING_FOOTPRINT",
        "source_type": "agent_generated_design",
        "confidence": "low",
        "geometry_role": "design_proposal",
        "building_type": "retail",
        "parent_land_use": "LU-005",
        "name_zh": "点式商业盒（示意体量）",
        "usage_note": "概念体量示意，不代表建筑高度、容积率或地块拆分结论",
        "area_sqm_declared": 1600.0
      },
      "geometry": {
        "type": "Polygon",
        "coordinates": [
          [
            [
              116.35064806539918,
              39.94339243061225
            ],
            [
              116.35064465988329,
              39.943752658901126
            ],
            [
              116.35017665606803,
              39.943750036665854
            ],
            [
              116.35018006403794,
              39.94338980841024
            ],
            [
              116.35064806539918,
              39.94339243061225
            ]
          ]
        ]
      }
    },
    {
      "type": "Feature",
      "id": "BLDG-245",
      "properties": {
        "id": "BLDG-245",
        "layer": "BUILDING_FOOTPRINT",
        "source_type": "agent_generated_design",
        "confidence": "low",
        "geometry_role": "design_proposal",
        "building_type": "retail",
        "parent_land_use": "LU-005",
        "name_zh": "点式商业盒（示意体量）",
        "usage_note": "概念体量示意，不代表建筑高度、容积率或地块拆分结论",
        "area_sqm_declared": 1600.0
      },
      "geometry": {
        "type": "Polygon",
        "coordinates": [
          [
            [
              116.35064125430608,
              39.944112887167314
            ],
            [
              116.35063784866762,
              39.94447311541082
            ],
            [
              116.35016983994423,
              39.94447049310899
            ],
            [
              116.3501732480368,
              39.94411026489877
            ],
            [
              116.35064125430608,
              39.944112887167314
            ]
          ]
        ]
      }
    },
    {
      "type": "Feature",
      "id": "BLDG-246",
      "properties": {
        "id": "BLDG-246",
        "layer": "BUILDING_FOOTPRINT",
        "source_type": "agent_generated_design",
        "confidence": "low",
        "geometry_role": "design_proposal",
        "building_type": "retail",
        "parent_land_use": "LU-005",
        "name_zh": "点式商业盒（示意体量）",
        "usage_note": "概念体量示意，不代表建筑高度、容积率或地块拆分结论",
        "area_sqm_declared": 1600.0
      },
      "geometry": {
        "type": "Polygon",
        "coordinates": [
          [
            [
              116.35063444296786,
              39.944833343631615
            ],
            [
              116.35063103720681,
              39.945193571829726
            ],
            [
              116.35016302357508,
              39.94519094946135
            ],
            [
              116.35016643179033,
              39.94483072129651
            ],
            [
              116.35063444296786,
              39.944833343631615
            ]
          ]
        ]
      }
    },
    {
      "type": "Feature",
      "id": "BLDG-247",
      "properties": {
        "id": "BLDG-247",
        "layer": "BUILDING_FOOTPRINT",
        "source_type": "agent_generated_design",
        "confidence": "low",
        "geometry_role": "design_proposal",
        "building_type": "retail",
        "parent_land_use": "LU-005",
        "name_zh": "点式商业盒（示意体量）",
        "usage_note": "概念体量示意，不代表建筑高度、容积率或地块拆分结论",
        "area_sqm_declared": 1600.0
      },
      "geometry": {
        "type": "Polygon",
        "coordinates": [
          [
            [
              116.35062763138446,
              39.94555380000514
            ],
            [
              116.35062422550081,
              39.94591402815786
            ],
            [
              116.35015620696062,
              39.945911405722924
            ],
            [
              116.35015961529851,
              39.94555117760349
            ],
            [
              116.35062763138446,
              39.94555380000514
            ]
          ]
        ]
      }
    },
    {
      "type": "Feature",
      "id": "BLDG-248",
      "properties": {
        "id": "BLDG-248",
        "layer": "BUILDING_FOOTPRINT",
        "source_type": "agent_generated_design",
        "confidence": "low",
        "geometry_role": "design_proposal",
        "building_type": "retail",
        "parent_land_use": "LU-005",
        "name_zh": "点式商业盒（示意体量）",
        "usage_note": "概念体量示意，不代表建筑高度、容积率或地块拆分结论",
        "area_sqm_declared": 1600.0
      },
      "geometry": {
        "type": "Polygon",
        "coordinates": [
          [
            [
              116.35062081955589,
              39.94627425628789
            ],
            [
              116.35061741354964,
              39.946634484395226
            ],
            [
              116.35014939010078,
              39.946631861893735
            ],
            [
              116.35015279856135,
              39.94627163381969
            ],
            [
              116.35062081955589,
              39.94627425628789
            ]
          ]
        ]
      }
    },
    {
      "type": "Feature",
      "id": "BLDG-249",
      "properties": {
        "id": "BLDG-249",
        "layer": "BUILDING_FOOTPRINT",
        "source_type": "agent_generated_design",
        "confidence": "low",
        "geometry_role": "design_proposal",
        "building_type": "retail",
        "parent_land_use": "LU-005",
        "name_zh": "点式商业盒（示意体量）",
        "usage_note": "概念体量示意，不代表建筑高度、容积率或地块拆分结论",
        "area_sqm_declared": 1600.0
      },
      "geometry": {
        "type": "Polygon",
        "coordinates": [
          [
            [
              116.35061400748211,
              39.94699471247987
            ],
            [
              116.35061060135328,
              39.94735494054182
            ],
            [
              116.35014257299557,
              39.94735231797377
            ],
            [
              116.35014598157885,
              39.9469920899451
            ],
            [
              116.35061400748211,
              39.94699471247987
            ]
          ]
        ]
      }
    },
    {
      "type": "Feature",
      "id": "BLDG-250",
      "properties": {
        "id": "BLDG-250",
        "layer": "BUILDING_FOOTPRINT",
        "source_type": "agent_generated_design",
        "confidence": "low",
        "geometry_role": "design_proposal",
        "building_type": "retail",
        "parent_land_use": "LU-005",
        "name_zh": "点式商业盒（示意体量）",
        "usage_note": "概念体量示意，不代表建筑高度、容积率或地块拆分结论",
        "area_sqm_declared": 1600.0
      },
      "geometry": {
        "type": "Polygon",
        "coordinates": [
          [
            [
              116.35160856273005,
              39.94700027909347
            ],
            [
              116.35160516181693,
              39.947360507226065
            ],
            [
              116.35113713332899,
              39.947357888672634
            ],
            [
              116.35114053669656,
              39.94699766057329
            ],
            [
              116.35160856273005,
              39.94700027909347
            ]
          ]
        ]
      }
    },
    {
      "type": "Feature",
      "id": "BLDG-251",
      "properties": {
        "id": "BLDG-251",
        "layer": "BUILDING_FOOTPRINT",
        "source_type": "agent_generated_design",
        "confidence": "low",
        "geometry_role": "design_proposal",
        "building_type": "retail",
        "parent_land_use": "LU-005",
        "name_zh": "点式商业盒（示意体量）",
        "usage_note": "概念体量示意，不代表建筑高度、容积率或地块拆分结论",
        "area_sqm_declared": 1600.0
      },
      "geometry": {
        "type": "Polygon",
        "coordinates": [
          [
            [
              116.35060719516316,
              39.94771516858108
            ],
            [
              116.35060378891174,
              39.948075396597645
            ],
            [
              116.350135755645,
              39.94807277396304
            ],
            [
              116.35013916435096,
              39.94771254597975
            ],
            [
              116.35060719516316,
              39.94771516858108
            ]
          ]
        ]
      }
    },
    {
      "type": "Feature",
      "id": "BLDG-252",
      "properties": {
        "id": "BLDG-252",
        "layer": "BUILDING_FOOTPRINT",
        "source_type": "agent_generated_design",
        "confidence": "low",
        "geometry_role": "design_proposal",
        "building_type": "retail",
        "parent_land_use": "LU-005",
        "name_zh": "点式商业盒（示意体量）",
        "usage_note": "概念体量示意，不代表建筑高度、容积率或地块拆分结论",
        "area_sqm_declared": 1600.0
      },
      "geometry": {
        "type": "Polygon",
        "coordinates": [
          [
            [
              116.35160176084261,
              39.947720735335956
            ],
            [
              116.35159835980707,
              39.94808096342315
            ],
            [
              116.3511303264101,
              39.948078344803285
            ],
            [
              116.35113372990017,
              39.94771811674931
            ],
            [
              116.35160176084261,
              39.947720735335956
            ]
          ]
        ]
      }
    },
    {
      "type": "Feature",
      "id": "BLDG-253",
      "properties": {
        "id": "BLDG-253",
        "layer": "BUILDING_FOOTPRINT",
        "source_type": "agent_generated_design",
        "confidence": "low",
        "geometry_role": "design_proposal",
        "building_type": "retail",
        "parent_land_use": "LU-005",
        "name_zh": "点式商业盒（示意体量）",
        "usage_note": "概念体量示意，不代表建筑高度、容积率或地块拆分结论",
        "area_sqm_declared": 1600.0
      },
      "geometry": {
        "type": "Polygon",
        "coordinates": [
          [
            [
              116.35060038259903,
              39.948435624591504
            ],
            [
              116.35059697622498,
              39.948795852562675
            ],
            [
              116.35012893804904,
              39.948793229861515
            ],
            [
              116.35013234687771,
              39.94843300192362
            ],
            [
              116.35060038259903,
              39.948435624591504
            ]
          ]
        ]
      }
    },
    {
      "type": "Feature",
      "id": "BLDG-254",
      "properties": {
        "id": "BLDG-254",
        "layer": "BUILDING_FOOTPRINT",
        "source_type": "agent_generated_design",
        "confidence": "low",
        "geometry_role": "design_proposal",
        "building_type": "retail",
        "parent_land_use": "LU-005",
        "name_zh": "点式商业盒（示意体量）",
        "usage_note": "概念体量示意，不代表建筑高度、容积率或地块拆分结论",
        "area_sqm_declared": 1600.0
      },
      "geometry": {
        "type": "Polygon",
        "coordinates": [
          [
            [
              116.35159495871034,
              39.94844119148766
            ],
            [
              116.35159155755238,
              39.94880141952947
            ],
            [
              116.35112351924622,
              39.94879880084314
            ],
            [
              116.35112692285877,
              39.948438572834554
            ],
            [
              116.35159495871034,
              39.94844119148766
            ]
          ]
        ]
      }
    },
    {
      "type": "Feature",
      "id": "BLDG-255",
      "properties": {
        "id": "BLDG-255",
        "layer": "BUILDING_FOOTPRINT",
        "source_type": "agent_generated_design",
        "confidence": "low",
        "geometry_role": "design_proposal",
        "building_type": "retail",
        "parent_land_use": "LU-005",
        "name_zh": "点式商业盒（示意体量）",
        "usage_note": "概念体量示意，不代表建筑高度、容积率或地块拆分结论",
        "area_sqm_declared": 1600.0
      },
      "geometry": {
        "type": "Polygon",
        "coordinates": [
          [
            [
              116.35158815633321,
              39.9491616475486
            ],
            [
              116.35158475505284,
              39.94952187554503
            ],
            [
              116.35111671183728,
              39.94951925679223
            ],
            [
              116.35112011557237,
              39.94915902882903
            ],
            [
              116.35158815633321,
              39.9491616475486
            ]
          ]
        ]
      }
    },
    {
      "type": "Feature",
      "id": "BLDG-256",
      "properties": {
        "id": "BLDG-256",
        "layer": "BUILDING_FOOTPRINT",
        "source_type": "agent_generated_design",
        "confidence": "low",
        "geometry_role": "design_proposal",
        "building_type": "retail",
        "parent_land_use": "LU-005",
        "name_zh": "点式商业盒（示意体量）",
        "usage_note": "概念体量示意，不代表建筑高度、容积率或地块拆分结论",
        "area_sqm_declared": 1600.0
      },
      "geometry": {
        "type": "Polygon",
        "coordinates": [
          [
            [
              116.35158135371125,
              39.94988210351877
            ],
            [
              116.35157795230845,
              39.9502423314698
            ],
            [
              116.35110990418332,
              39.95023971265055
            ],
            [
              116.35111330804094,
              39.94987948473273
            ],
            [
              116.35158135371125,
              39.94988210351877
            ]
          ]
        ]
      }
    },
    {
      "type": "Feature",
      "id": "BLDG-257",
      "properties": {
        "id": "BLDG-257",
        "layer": "BUILDING_FOOTPRINT",
        "source_type": "agent_generated_design",
        "confidence": "low",
        "geometry_role": "design_proposal",
        "building_type": "retail",
        "parent_land_use": "LU-005",
        "name_zh": "点式商业盒（示意体量）",
        "usage_note": "概念体量示意，不代表建筑高度、容积率或地块拆分结论",
        "area_sqm_declared": 1600.0
      },
      "geometry": {
        "type": "Polygon",
        "coordinates": [
          [
            [
              116.35157455084442,
              39.950602559398156
            ],
            [
              116.3515711493192,
              39.95096278730381
            ],
            [
              116.35110309628435,
              39.95096016841809
            ],
            [
              116.35110650026446,
              39.95059994054568
            ],
            [
              116.35157455084442,
              39.950602559398156
            ]
          ]
        ]
      }
    },
    {
      "type": "Feature",
      "id": "BLDG-258",
      "properties": {
        "id": "BLDG-258",
        "layer": "BUILDING_FOOTPRINT",
        "source_type": "agent_generated_design",
        "confidence": "low",
        "geometry_role": "design_proposal",
        "building_type": "retail",
        "parent_land_use": "LU-005",
        "name_zh": "点式商业盒（示意体量）",
        "usage_note": "概念体量示意，不代表建筑高度、容积率或地块拆分结论",
        "area_sqm_declared": 1600.0
      },
      "geometry": {
        "type": "Polygon",
        "coordinates": [
          [
            [
              116.35156774773273,
              39.95132301518677
            ],
            [
              116.35156434608507,
              39.951683243047036
            ],
            [
              116.35109628814031,
              39.95168062409486
            ],
            [
              116.35109969224295,
              39.95132039626782
            ],
            [
              116.35156774773273,
              39.95132301518677
            ]
          ]
        ]
      }
    },
    {
      "type": "Feature",
      "id": "BLDG-259",
      "properties": {
        "id": "BLDG-259",
        "layer": "BUILDING_FOOTPRINT",
        "source_type": "agent_generated_design",
        "confidence": "low",
        "geometry_role": "design_proposal",
        "building_type": "retail",
        "parent_land_use": "LU-005",
        "name_zh": "点式商业盒（示意体量）",
        "usage_note": "概念体量示意，不代表建筑高度、容积率或地块拆分结论",
        "area_sqm_declared": 1600.0
      },
      "geometry": {
        "type": "Polygon",
        "coordinates": [
          [
            [
              116.35156094437617,
              39.95204347088461
            ],
            [
              116.35155754260607,
              39.95240369869949
            ],
            [
              116.35108947975122,
              39.952401079680854
            ],
            [
              116.3510928839764,
              39.9520408518992
            ],
            [
              116.35156094437617,
              39.95204347088461
            ]
          ]
        ]
      }
    },
    {
      "type": "Feature",
      "id": "BLDG-260",
      "properties": {
        "id": "BLDG-260",
        "layer": "BUILDING_FOOTPRINT",
        "source_type": "agent_generated_design",
        "confidence": "low",
        "geometry_role": "design_proposal",
        "building_type": "retail",
        "parent_land_use": "LU-005",
        "name_zh": "点式商业盒（示意体量）",
        "usage_note": "概念体量示意，不代表建筑高度、容积率或地块拆分结论",
        "area_sqm_declared": 1600.0
      },
      "geometry": {
        "type": "Polygon",
        "coordinates": [
          [
            [
              116.35155414077474,
              39.95276392649168
            ],
            [
              116.35155073888218,
              39.95312415426118
            ],
            [
              116.35108267111706,
              39.953121535176074
            ],
            [
              116.35108607546478,
              39.95276130743981
            ],
            [
              116.35155414077474,
              39.95276392649168
            ]
          ]
        ]
      }
    },
    {
      "type": "Feature",
      "id": "BLDG-261",
      "properties": {
        "id": "BLDG-261",
        "layer": "BUILDING_FOOTPRINT",
        "source_type": "agent_generated_design",
        "confidence": "low",
        "geometry_role": "design_proposal",
        "building_type": "retail",
        "parent_land_use": "LU-005",
        "name_zh": "点式商业盒（示意体量）",
        "usage_note": "概念体量示意，不代表建筑高度、容积率或地块拆分结论",
        "area_sqm_declared": 1600.0
      },
      "geometry": {
        "type": "Polygon",
        "coordinates": [
          [
            [
              116.35154733692839,
              39.95348438200798
            ],
            [
              116.35154393491337,
              39.95384460973208
            ],
            [
              116.3510758622378,
              39.95384199058051
            ],
            [
              116.35107926670807,
              39.95348176288963
            ],
            [
              116.35154733692839,
              39.95348438200798
            ]
          ]
        ]
      }
    },
    {
      "type": "Feature",
      "id": "BLDG-262",
      "properties": {
        "id": "BLDG-262",
        "layer": "BUILDING_FOOTPRINT",
        "source_type": "agent_generated_design",
        "confidence": "low",
        "geometry_role": "design_proposal",
        "building_type": "retail",
        "parent_land_use": "LU-005",
        "name_zh": "点式商业盒（示意体量）",
        "usage_note": "概念体量示意，不代表建筑高度、容积率或地块拆分结论",
        "area_sqm_declared": 1600.0
      },
      "geometry": {
        "type": "Polygon",
        "coordinates": [
          [
            [
              116.35154053283715,
              39.9542048374335
            ],
            [
              116.35153713069967,
              39.95456506511221
            ],
            [
              116.3510690531135,
              39.954562445894176
            ],
            [
              116.3510724577063,
              39.95420221824868
            ],
            [
              116.35154053283715,
              39.9542048374335
            ]
          ]
        ]
      }
    },
    {
      "type": "Feature",
      "id": "BLDG-263",
      "properties": {
        "id": "BLDG-263",
        "layer": "BUILDING_FOOTPRINT",
        "source_type": "agent_generated_design",
        "confidence": "low",
        "geometry_role": "design_proposal",
        "building_type": "retail",
        "parent_land_use": "LU-005",
        "name_zh": "点式商业盒（示意体量）",
        "usage_note": "概念体量示意，不代表建筑高度、容积率或地块拆分结论",
        "area_sqm_declared": 1600.0
      },
      "geometry": {
        "type": "Polygon",
        "coordinates": [
          [
            [
              116.35153372850098,
              39.95492529276824
            ],
            [
              116.35153032624105,
              39.95528552040157
            ],
            [
              116.35106224374407,
              39.955282901117045
            ],
            [
              116.35106564845943,
              39.95492267351696
            ],
            [
              116.35153372850098,
              39.95492529276824
            ]
          ]
        ]
      }
    },
    {
      "type": "Feature",
      "id": "BLDG-264",
      "properties": {
        "id": "BLDG-264",
        "layer": "BUILDING_FOOTPRINT",
        "source_type": "agent_generated_design",
        "confidence": "low",
        "geometry_role": "design_proposal",
        "building_type": "retail",
        "parent_land_use": "LU-005",
        "name_zh": "点式商业盒（示意体量）",
        "usage_note": "概念体量示意，不代表建筑高度、容积率或地块拆分结论",
        "area_sqm_declared": 1600.0
      },
      "geometry": {
        "type": "Polygon",
        "coordinates": [
          [
            [
              116.35152692391988,
              39.9556457480122
            ],
            [
              116.35152352153749,
              39.95600597560014
            ],
            [
              116.35105543412955,
              39.95600335624917
            ],
            [
              116.35105883896745,
              39.955643128694454
            ],
            [
              116.35152692391988,
              39.9556457480122
            ]
          ]
        ]
      }
    },
    {
      "type": "Feature",
      "id": "BLDG-265",
      "properties": {
        "id": "BLDG-265",
        "layer": "BUILDING_FOOTPRINT",
        "source_type": "agent_generated_design",
        "confidence": "low",
        "geometry_role": "design_proposal",
        "building_type": "retail",
        "parent_land_use": "LU-005",
        "name_zh": "点式商业盒（示意体量）",
        "usage_note": "概念体量示意，不代表建筑高度、容积率或地块拆分结论",
        "area_sqm_declared": 1600.0
      },
      "geometry": {
        "type": "Polygon",
        "coordinates": [
          [
            [
              116.35152011909385,
              39.956366203165395
            ],
            [
              116.351516716589,
              39.956726430707945
            ],
            [
              116.3510486242699,
              39.95672381129049
            ],
            [
              116.35105202923035,
              39.95636358378117
            ],
            [
              116.35152011909385,
              39.956366203165395
            ]
          ]
        ]
      }
    },
    {
      "type": "Feature",
      "id": "BLDG-266",
      "properties": {
        "id": "BLDG-266",
        "layer": "BUILDING_FOOTPRINT",
        "source_type": "agent_generated_design",
        "confidence": "low",
        "geometry_role": "design_proposal",
        "building_type": "retail",
        "parent_land_use": "LU-005",
        "name_zh": "点式商业盒（示意体量）",
        "usage_note": "概念体量示意，不代表建筑高度、容积率或地块拆分结论",
        "area_sqm_declared": 1600.0
      },
      "geometry": {
        "type": "Polygon",
        "coordinates": [
          [
            [
              116.3515133140229,
              39.957086658227816
            ],
            [
              116.35150991139555,
              39.95744688572498
            ],
            [
              116.35104181416511,
              39.95744426624104
            ],
            [
              116.35104521924815,
              39.957084038777126
            ],
            [
              116.3515133140229,
              39.957086658227816
            ]
          ]
        ]
      }
    },
    {
      "type": "Feature",
      "id": "BLDG-267",
      "properties": {
        "id": "BLDG-267",
        "layer": "BUILDING_FOOTPRINT",
        "source_type": "agent_generated_design",
        "confidence": "low",
        "geometry_role": "design_proposal",
        "building_type": "retail",
        "parent_land_use": "LU-005",
        "name_zh": "点式商业盒（示意体量）",
        "usage_note": "概念体量示意，不代表建筑高度、容积率或地块拆分结论",
        "area_sqm_declared": 1600.0
      },
      "geometry": {
        "type": "Polygon",
        "coordinates": [
          [
            [
              116.35150650870696,
              39.95780711319944
            ],
            [
              116.35150310595714,
              39.95816734065121
            ],
            [
              116.3510350038152,
              39.95816472110081
            ],
            [
              116.3510384090208,
              39.957804493682275
            ],
            [
              116.35150650870696,
              39.95780711319944
            ]
          ]
        ]
      }
    },
    {
      "type": "Feature",
      "id": "BLDG-268",
      "properties": {
        "id": "BLDG-268",
        "layer": "BUILDING_FOOTPRINT",
        "source_type": "agent_generated_design",
        "confidence": "low",
        "geometry_role": "design_proposal",
        "building_type": "retail",
        "parent_land_use": "LU-005",
        "name_zh": "点式商业盒（示意体量）",
        "usage_note": "概念体量示意，不代表建筑高度、容积率或地块拆分结论",
        "area_sqm_declared": 1600.0
      },
      "geometry": {
        "type": "Polygon",
        "coordinates": [
          [
            [
              116.35149970314608,
              39.95852756808031
            ],
            [
              116.35149630027378,
              39.95888779548669
            ],
            [
              116.35102819322016,
              39.9588851758698
            ],
            [
              116.35103159854833,
              39.95852494849666
            ],
            [
              116.35149970314608,
              39.95852756808031
            ]
          ]
        ]
      }
    },
    {
      "type": "Feature",
      "id": "BLDG-269",
      "properties": {
        "id": "BLDG-269",
        "layer": "BUILDING_FOOTPRINT",
        "source_type": "agent_generated_design",
        "confidence": "low",
        "geometry_role": "design_proposal",
        "building_type": "retail",
        "parent_land_use": "LU-005",
        "name_zh": "点式商业盒（示意体量）",
        "usage_note": "概念体量示意，不代表建筑高度、容积率或地块拆分结论",
        "area_sqm_declared": 1600.0
      },
      "geometry": {
        "type": "Polygon",
        "coordinates": [
          [
            [
              116.35149289734021,
              39.95924802287038
            ],
            [
              116.35148949434542,
              39.959608250231376
            ],
            [
              116.35102138237993,
              39.95960563054801
            ],
            [
              116.3510247878307,
              39.95924540322025
            ],
            [
              116.35149289734021,
              39.95924802287038
            ]
          ]
        ]
      }
    },
    {
      "type": "Feature",
      "id": "BLDG-270",
      "properties": {
        "id": "BLDG-270",
        "layer": "BUILDING_FOOTPRINT",
        "source_type": "agent_generated_design",
        "confidence": "low",
        "geometry_role": "design_proposal",
        "building_type": "retail",
        "parent_land_use": "LU-005",
        "name_zh": "点式商业盒（示意体量）",
        "usage_note": "概念体量示意，不代表建筑高度、容积率或地块拆分结论",
        "area_sqm_declared": 1600.0
      },
      "geometry": {
        "type": "Polygon",
        "coordinates": [
          [
            [
              116.35148609128936,
              39.95996847756969
            ],
            [
              116.35148268817206,
              39.9603287048853
            ],
            [
              116.35101457129454,
              39.96032608513545
            ],
            [
              116.3510179768679,
              39.95996585785309
            ],
            [
              116.35148609128936,
              39.95996847756969
            ]
          ]
        ]
      }
    },
    {
      "type": "Feature",
      "id": "BLDG-271",
      "properties": {
        "id": "BLDG-271",
        "layer": "BUILDING_FOOTPRINT",
        "source_type": "agent_generated_design",
        "confidence": "low",
        "geometry_role": "design_proposal",
        "building_type": "retail",
        "parent_land_use": "LU-005",
        "name_zh": "点式商业盒（示意体量）",
        "usage_note": "概念体量示意，不代表建筑高度、容积率或地块拆分结论",
        "area_sqm_declared": 1600.0
      },
      "geometry": {
        "type": "Polygon",
        "coordinates": [
          [
            [
              116.35147928499352,
              39.960688932178215
            ],
            [
              116.35147588175371,
              39.961049159448415
            ],
            [
              116.351007759964,
              39.9610465396321
            ],
            [
              116.35101116565993,
              39.96068631239512
            ],
            [
              116.35147928499352,
              39.960688932178215
            ]
          ]
        ]
      }
    },
    {
      "type": "Feature",
      "id": "BLDG-272",
      "properties": {
        "id": "BLDG-272",
        "layer": "BUILDING_FOOTPRINT",
        "source_type": "agent_generated_design",
        "confidence": "low",
        "geometry_role": "design_proposal",
        "building_type": "retail",
        "parent_land_use": "LU-005",
        "name_zh": "点式商业盒（示意体量）",
        "usage_note": "概念体量示意，不代表建筑高度、容积率或地块拆分结论",
        "area_sqm_declared": 1600.0
      },
      "geometry": {
        "type": "Polygon",
        "coordinates": [
          [
            [
              116.35147247845265,
              39.96140938669595
            ],
            [
              116.35146907509038,
              39.96176961392079
            ],
            [
              116.35100094838825,
              39.96176699403798
            ],
            [
              116.35100435420676,
              39.96140676684639
            ],
            [
              116.35147247845265,
              39.96140938669595
            ]
          ]
        ]
      }
    },
    {
      "type": "Feature",
      "id": "BLDG-273",
      "properties": {
        "id": "BLDG-273",
        "layer": "BUILDING_FOOTPRINT",
        "source_type": "agent_generated_design",
        "confidence": "low",
        "geometry_role": "design_proposal",
        "building_type": "retail",
        "parent_land_use": "LU-005",
        "name_zh": "点式商业盒（示意体量）",
        "usage_note": "概念体量示意，不代表建筑高度、容积率或地块拆分结论",
        "area_sqm_declared": 1600.0
      },
      "geometry": {
        "type": "Polygon",
        "coordinates": [
          [
            [
              116.3514656716668,
              39.96212984112291
            ],
            [
              116.351462268182,
              39.96249006830236
            ],
            [
              116.35099413656732,
              39.962487448353066
            ],
            [
              116.35099754250842,
              39.962127221206856
            ],
            [
              116.3514656716668,
              39.96212984112291
            ]
          ]
        ]
      }
    },
    {
      "type": "Feature",
      "id": "BLDG-274",
      "properties": {
        "id": "BLDG-274",
        "layer": "BUILDING_FOOTPRINT",
        "source_type": "agent_generated_design",
        "confidence": "low",
        "geometry_role": "design_proposal",
        "building_type": "retail",
        "parent_land_use": "LU-005",
        "name_zh": "点式商业盒（示意体量）",
        "usage_note": "概念体量示意，不代表建筑高度、容积率或地块拆分结论",
        "area_sqm_declared": 1600.0
      },
      "geometry": {
        "type": "Polygon",
        "coordinates": [
          [
            [
              116.3514588646359,
              39.9628502954591
            ],
            [
              116.35145546102859,
              39.96321052259315
            ],
            [
              116.35098732450115,
              39.96320790257737
            ],
            [
              116.3509907305649,
              39.96284767547657
            ],
            [
              116.3514588646359,
              39.9628502954591
            ]
          ]
        ]
      }
    },
    {
      "type": "Feature",
      "id": "BLDG-275",
      "properties": {
        "id": "BLDG-275",
        "layer": "BUILDING_FOOTPRINT",
        "source_type": "agent_generated_design",
        "confidence": "low",
        "geometry_role": "design_proposal",
        "building_type": "retail",
        "parent_land_use": "LU-005",
        "name_zh": "点式商业盒（示意体量）",
        "usage_note": "概念体量示意，不代表建筑高度、容积率或地块拆分结论",
        "area_sqm_declared": 1600.0
      },
      "geometry": {
        "type": "Polygon",
        "coordinates": [
          [
            [
              116.35145205735999,
              39.9635707497045
            ],
            [
              116.35144865363013,
              39.963930976793165
            ],
            [
              116.3509805121898,
              39.9639283567109
            ],
            [
              116.35098391837614,
              39.963568129655485
            ],
            [
              116.35145205735999,
              39.9635707497045
            ]
          ]
        ]
      }
    },
    {
      "type": "Feature",
      "id": "BLDG-276",
      "properties": {
        "id": "BLDG-276",
        "layer": "BUILDING_FOOTPRINT",
        "source_type": "agent_generated_design",
        "confidence": "low",
        "geometry_role": "design_proposal",
        "building_type": "retail",
        "parent_land_use": "LU-005",
        "name_zh": "点式商业盒（示意体量）",
        "usage_note": "概念体量示意，不代表建筑高度、容积率或地块拆分结论",
        "area_sqm_declared": 1600.0
      },
      "geometry": {
        "type": "Polygon",
        "coordinates": [
          [
            [
              116.35144524983903,
              39.96429120385912
            ],
            [
              116.35144184598664,
              39.96465143090239
            ],
            [
              116.35097369963323,
              39.96464881075364
            ],
            [
              116.35097710594218,
              39.96428858374362
            ],
            [
              116.35144524983903,
              39.96429120385912
            ]
          ]
        ]
      }
    },
    {
      "type": "Feature",
      "id": "BLDG-277",
      "properties": {
        "id": "BLDG-277",
        "layer": "BUILDING_FOOTPRINT",
        "source_type": "agent_generated_design",
        "confidence": "low",
        "geometry_role": "design_proposal",
        "building_type": "retail",
        "parent_land_use": "LU-005",
        "name_zh": "点式商业盒（示意体量）",
        "usage_note": "概念体量示意，不代表建筑高度、容积率或地块拆分结论",
        "area_sqm_declared": 1600.0
      },
      "geometry": {
        "type": "Polygon",
        "coordinates": [
          [
            [
              116.351438442073,
              39.965011657922965
            ],
            [
              116.3514350380981,
              39.965371884920835
            ],
            [
              116.3509668868314,
              39.9653692647056
            ],
            [
              116.35097029326295,
              39.965009037740955
            ],
            [
              116.351438442073,
              39.965011657922965
            ]
          ]
        ]
      }
    },
    {
      "type": "Feature",
      "id": "BLDG-278",
      "properties": {
        "id": "BLDG-278",
        "layer": "BUILDING_FOOTPRINT",
        "source_type": "agent_generated_design",
        "confidence": "low",
        "geometry_role": "design_proposal",
        "building_type": "retail",
        "parent_land_use": "LU-005",
        "name_zh": "点式商业盒（示意体量）",
        "usage_note": "概念体量示意，不代表建筑高度、容积率或地块拆分结论",
        "area_sqm_declared": 1600.0
      },
      "geometry": {
        "type": "Polygon",
        "coordinates": [
          [
            [
              116.35143163406194,
              39.96573211189602
            ],
            [
              116.3514282299645,
              39.966092338848505
            ],
            [
              116.35096007378434,
              39.96608971856677
            ],
            [
              116.35096348033852,
              39.96572949164754
            ],
            [
              116.35143163406194,
              39.96573211189602
            ]
          ]
        ]
      }
    },
    {
      "type": "Feature",
      "id": "BLDG-279",
      "properties": {
        "id": "BLDG-279",
        "layer": "BUILDING_FOOTPRINT",
        "source_type": "agent_generated_design",
        "confidence": "low",
        "geometry_role": "design_proposal",
        "building_type": "retail",
        "parent_land_use": "LU-005",
        "name_zh": "点式商业盒（示意体量）",
        "usage_note": "概念体量示意，不代表建筑高度、容积率或地块拆分结论",
        "area_sqm_declared": 1600.0
      },
      "geometry": {
        "type": "Polygon",
        "coordinates": [
          [
            [
              116.35142482580578,
              39.96645256577829
            ],
            [
              116.35142142158578,
              39.96681279268538
            ],
            [
              116.350953260492,
              39.96681017233717
            ],
            [
              116.35095666716883,
              39.96644994546331
            ],
            [
              116.35142482580578,
              39.96645256577829
            ]
          ]
        ]
      }
    },
    {
      "type": "Feature",
      "id": "BLDG-280",
      "properties": {
        "id": "BLDG-280",
        "layer": "BUILDING_FOOTPRINT",
        "source_type": "agent_generated_design",
        "confidence": "low",
        "geometry_role": "design_proposal",
        "building_type": "retail",
        "parent_land_use": "LU-005",
        "name_zh": "点式商业盒（示意体量）",
        "usage_note": "概念体量示意，不代表建筑高度、容积率或地块拆分结论",
        "area_sqm_declared": 1600.0
      },
      "geometry": {
        "type": "Polygon",
        "coordinates": [
          [
            [
              116.35141801730452,
              39.967173019569785
            ],
            [
              116.351414612962,
              39.967533246431486
            ],
            [
              116.35094644695444,
              39.967530626016774
            ],
            [
              116.35094985375387,
              39.96717039918831
            ],
            [
              116.35141801730452,
              39.967173019569785
            ]
          ]
        ]
      }
    },
    {
      "type": "Feature",
      "id": "BLDG-281",
      "properties": {
        "id": "BLDG-281",
        "layer": "BUILDING_FOOTPRINT",
        "source_type": "agent_generated_design",
        "confidence": "low",
        "geometry_role": "design_proposal",
        "building_type": "retail",
        "parent_land_use": "LU-005",
        "name_zh": "点式商业盒（示意体量）",
        "usage_note": "概念体量示意，不代表建筑高度、容积率或地块拆分结论",
        "area_sqm_declared": 1600.0
      },
      "geometry": {
        "type": "Polygon",
        "coordinates": [
          [
            [
              116.3514112085582,
              39.96789347327049
            ],
            [
              116.35140780409313,
              39.96825370008681
            ],
            [
              116.35093963317155,
              39.9682510796056
            ],
            [
              116.35094304009364,
              39.96789085282253
            ],
            [
              116.3514112085582,
              39.96789347327049
            ]
          ]
        ]
      }
    },
    {
      "type": "Feature",
      "id": "BLDG-282",
      "properties": {
        "id": "BLDG-282",
        "layer": "BUILDING_FOOTPRINT",
        "source_type": "agent_generated_design",
        "confidence": "low",
        "geometry_role": "design_proposal",
        "building_type": "retail",
        "parent_land_use": "LU-005",
        "name_zh": "点式商业盒（示意体量）",
        "usage_note": "概念体量示意，不代表建筑高度、容积率或地块拆分结论",
        "area_sqm_declared": 1600.0
      },
      "geometry": {
        "type": "Polygon",
        "coordinates": [
          [
            [
              116.35140439956677,
              39.96861392688042
            ],
            [
              116.35140099497916,
              39.96897415365134
            ],
            [
              116.35093281914342,
              39.96897153310363
            ],
            [
              116.35093622618815,
              39.968611306365965
            ],
            [
              116.35140439956677,
              39.96861392688042
            ]
          ]
        ]
      }
    },
    {
      "type": "Feature",
      "id": "BLDG-283",
      "properties": {
        "id": "BLDG-283",
        "layer": "BUILDING_FOOTPRINT",
        "source_type": "agent_generated_design",
        "confidence": "low",
        "geometry_role": "design_proposal",
        "building_type": "retail",
        "parent_land_use": "LU-005",
        "name_zh": "点式商业盒（示意体量）",
        "usage_note": "概念体量示意，不代表建筑高度、容积率或地块拆分结论",
        "area_sqm_declared": 1600.0
      },
      "geometry": {
        "type": "Polygon",
        "coordinates": [
          [
            [
              116.35139759033022,
              39.96933438039957
            ],
            [
              116.35139418562005,
              39.96969460712509
            ],
            [
              116.35092600486998,
              39.96969198651088
            ],
            [
              116.35092941203737,
              39.9693317598186
            ],
            [
              116.35139759033022,
              39.96933438039957
            ]
          ]
        ]
      }
    },
    {
      "type": "Feature",
      "id": "BLDG-284",
      "properties": {
        "id": "BLDG-284",
        "layer": "BUILDING_FOOTPRINT",
        "source_type": "agent_generated_design",
        "confidence": "low",
        "geometry_role": "design_proposal",
        "building_type": "retail",
        "parent_land_use": "LU-005",
        "name_zh": "点式商业盒（示意体量）",
        "usage_note": "概念体量示意，不代表建筑高度、容积率或地块拆分结论",
        "area_sqm_declared": 1600.0
      },
      "geometry": {
        "type": "Polygon",
        "coordinates": [
          [
            [
              116.35139078084856,
              39.97005483382792
            ],
            [
              116.35138737601581,
              39.97041506050805
            ],
            [
              116.35091919035125,
              39.97041243982734
            ],
            [
              116.35092259764126,
              39.970052213180466
            ],
            [
              116.35139078084856,
              39.97005483382792
            ]
          ]
        ]
      }
    },
    {
      "type": "Feature",
      "id": "BLDG-285",
      "properties": {
        "id": "BLDG-285",
        "layer": "BUILDING_FOOTPRINT",
        "source_type": "agent_generated_design",
        "confidence": "low",
        "geometry_role": "design_proposal",
        "building_type": "retail",
        "parent_land_use": "LU-005",
        "name_zh": "点式商业盒（示意体量）",
        "usage_note": "概念体量示意，不代表建筑高度、容积率或地块拆分结论",
        "area_sqm_declared": 1600.0
      },
      "geometry": {
        "type": "Polygon",
        "coordinates": [
          [
            [
              116.35138397112178,
              39.97077528716549
            ],
            [
              116.35138056616644,
              39.97113551380023
            ],
            [
              116.35091237558719,
              39.97113289305303
            ],
            [
              116.35091578299986,
              39.97077266645153
            ],
            [
              116.35138397112178,
              39.97077528716549
            ]
          ]
        ]
      }
    },
    {
      "type": "Feature",
      "id": "BLDG-286",
      "properties": {
        "id": "BLDG-286",
        "layer": "BUILDING_FOOTPRINT",
        "source_type": "agent_generated_design",
        "confidence": "low",
        "geometry_role": "design_proposal",
        "building_type": "retail",
        "parent_land_use": "LU-005",
        "name_zh": "点式商业盒（示意体量）",
        "usage_note": "概念体量示意，不代表建筑高度、容积率或地块拆分结论",
        "area_sqm_declared": 1600.0
      },
      "geometry": {
        "type": "Polygon",
        "coordinates": [
          [
            [
              116.35137716114981,
              39.97149574041227
            ],
            [
              116.35137375607192,
              39.971855967001616
            ],
            [
              116.3509055605778,
              39.97185334618791
            ],
            [
              116.35090896811316,
              39.97149311963182
            ],
            [
              116.35137716114981,
              39.97149574041227
            ]
          ]
        ]
      }
    },
    {
      "type": "Feature",
      "id": "BLDG-287",
      "properties": {
        "id": "BLDG-287",
        "layer": "BUILDING_FOOTPRINT",
        "source_type": "agent_generated_design",
        "confidence": "low",
        "geometry_role": "design_proposal",
        "building_type": "retail",
        "parent_land_use": "LU-005",
        "name_zh": "点式商业盒（示意体量）",
        "usage_note": "概念体量示意，不代表建筑高度、容积率或地块拆分结论",
        "area_sqm_declared": 1600.0
      },
      "geometry": {
        "type": "Polygon",
        "coordinates": [
          [
            [
              116.35137035093273,
              39.97221619356827
            ],
            [
              116.35136694573225,
              39.97257642011222
            ],
            [
              116.35089874532306,
              39.972573799232016
            ],
            [
              116.3509021529811,
              39.972213572721316
            ],
            [
              116.35137035093273,
              39.97221619356827
            ]
          ]
        ]
      }
    },
    {
      "type": "Feature",
      "id": "BLDG-288",
      "properties": {
        "id": "BLDG-288",
        "layer": "BUILDING_FOOTPRINT",
        "source_type": "agent_generated_design",
        "confidence": "low",
        "geometry_role": "design_proposal",
        "building_type": "retail",
        "parent_land_use": "LU-005",
        "name_zh": "点式商业盒（示意体量）",
        "usage_note": "概念体量示意，不代表建筑高度、容积率或地块拆分结论",
        "area_sqm_declared": 1600.0
      },
      "geometry": {
        "type": "Polygon",
        "coordinates": [
          [
            [
              116.35136354047047,
              39.97293664663349
            ],
            [
              116.35136013514742,
              39.97329687313205
            ],
            [
              116.35089192982302,
              39.97329425218534
            ],
            [
              116.3508953376037,
              39.97293402572002
            ],
            [
              116.35136354047047,
              39.97293664663349
            ]
          ]
        ]
      }
    },
    {
      "type": "Feature",
      "id": "BLDG-289",
      "properties": {
        "id": "BLDG-289",
        "layer": "BUILDING_FOOTPRINT",
        "source_type": "agent_generated_design",
        "confidence": "low",
        "geometry_role": "design_proposal",
        "building_type": "retail",
        "parent_land_use": "LU-005",
        "name_zh": "点式商业盒（示意体量）",
        "usage_note": "概念体量示意，不代表建筑高度、容积率或地块拆分结论",
        "area_sqm_declared": 1600.0
      },
      "geometry": {
        "type": "Polygon",
        "coordinates": [
          [
            [
              116.35135672976304,
              39.97365709960791
            ],
            [
              116.35135332431739,
              39.97401732606108
            ],
            [
              116.35088511407761,
              39.974014705047864
            ],
            [
              116.35088852198099,
              39.97365447862794
            ],
            [
              116.35135672976304,
              39.97365709960791
            ]
          ]
        ]
      }
    },
    {
      "type": "Feature",
      "id": "BLDG-290",
      "properties": {
        "id": "BLDG-290",
        "layer": "BUILDING_FOOTPRINT",
        "source_type": "agent_generated_design",
        "confidence": "low",
        "geometry_role": "design_proposal",
        "building_type": "retail",
        "parent_land_use": "LU-005",
        "name_zh": "点式商业盒（示意体量）",
        "usage_note": "概念体量示意，不代表建筑高度、容积率或地块拆分结论",
        "area_sqm_declared": 1600.0
      },
      "geometry": {
        "type": "Polygon",
        "coordinates": [
          [
            [
              116.35134991881044,
              39.97437755249156
            ],
            [
              116.35134651324218,
              39.974737778899325
            ],
            [
              116.35087829808683,
              39.9747351578196
            ],
            [
              116.3508817061129,
              39.974374931445084
            ],
            [
              116.35134991881044,
              39.97437755249156
            ]
          ]
        ]
      }
    },
    {
      "type": "Feature",
      "id": "BLDG-291",
      "properties": {
        "id": "BLDG-291",
        "layer": "BUILDING_FOOTPRINT",
        "source_type": "agent_generated_design",
        "confidence": "low",
        "geometry_role": "design_proposal",
        "building_type": "retail",
        "parent_land_use": "LU-005",
        "name_zh": "点式商业盒（示意体量）",
        "usage_note": "概念体量示意，不代表建筑高度、容积率或地块拆分结论",
        "area_sqm_declared": 1600.0
      },
      "geometry": {
        "type": "Polygon",
        "coordinates": [
          [
            [
              116.35134310761262,
              39.97509800528441
            ],
            [
              116.35133970192179,
              39.97545823164678
            ],
            [
              116.35087148185067,
              39.975455610500546
            ],
            [
              116.35087488999943,
              39.975095384171425
            ],
            [
              116.35134310761262,
              39.97509800528441
            ]
          ]
        ]
      }
    },
    {
      "type": "Feature",
      "id": "BLDG-292",
      "properties": {
        "id": "BLDG-292",
        "layer": "BUILDING_FOOTPRINT",
        "source_type": "agent_generated_design",
        "confidence": "low",
        "geometry_role": "design_proposal",
        "building_type": "retail",
        "parent_land_use": "LU-005",
        "name_zh": "点式商业盒（示意体量）",
        "usage_note": "概念体量示意，不代表建筑高度、容积率或地块拆分结论",
        "area_sqm_declared": 1600.0
      },
      "geometry": {
        "type": "Polygon",
        "coordinates": [
          [
            [
              116.35133629616965,
              39.97581845798647
            ],
            [
              116.35133289035618,
              39.976178684303456
            ],
            [
              116.35086466536916,
              39.97617606309071
            ],
            [
              116.35086807364058,
              39.97581583680698
            ],
            [
              116.35133629616965,
              39.97581845798647
            ]
          ]
        ]
      }
    },
    {
      "type": "Feature",
      "id": "BLDG-293",
      "properties": {
        "id": "BLDG-293",
        "layer": "BUILDING_FOOTPRINT",
        "source_type": "agent_generated_design",
        "confidence": "low",
        "geometry_role": "design_proposal",
        "building_type": "retail",
        "parent_land_use": "LU-005",
        "name_zh": "点式商业盒（示意体量）",
        "usage_note": "概念体量示意，不代表建筑高度、容积率或地块拆分结论",
        "area_sqm_declared": 1600.0
      },
      "geometry": {
        "type": "Polygon",
        "coordinates": [
          [
            [
              116.35132948448143,
              39.97653891059774
            ],
            [
              116.35132607854537,
              39.976899136869335
            ],
            [
              116.35085784864224,
              39.976896515590084
            ],
            [
              116.35086125703636,
              39.97653628935173
            ],
            [
              116.35132948448143,
              39.97653891059774
            ]
          ]
        ]
      }
    },
    {
      "type": "Feature",
      "id": "BLDG-294",
      "properties": {
        "id": "BLDG-294",
        "layer": "BUILDING_FOOTPRINT",
        "source_type": "agent_generated_design",
        "confidence": "low",
        "geometry_role": "design_proposal",
        "building_type": "retail",
        "parent_land_use": "LU-005",
        "name_zh": "点式商业盒（示意体量）",
        "usage_note": "概念体量示意，不代表建筑高度、容积率或地块拆分结论",
        "area_sqm_declared": 1600.0
      },
      "geometry": {
        "type": "Polygon",
        "coordinates": [
          [
            [
              116.35032767885369,
              39.97725379056853
            ],
            [
              116.35032426757141,
              39.97761401672404
            ],
            [
              116.34985603288241,
              39.97761139135936
            ],
            [
              116.34985944662284,
              39.97725116523717
            ],
            [
              116.35032767885369,
              39.97725379056853
            ]
          ]
        ]
      }
    },
    {
      "type": "Feature",
      "id": "BLDG-295",
      "properties": {
        "id": "BLDG-295",
        "layer": "BUILDING_FOOTPRINT",
        "source_type": "agent_generated_design",
        "confidence": "low",
        "geometry_role": "design_proposal",
        "building_type": "retail",
        "parent_land_use": "LU-005",
        "name_zh": "点式商业盒（示意体量）",
        "usage_note": "概念体量示意，不代表建筑高度、容积率或地块拆分结论",
        "area_sqm_declared": 1600.0
      },
      "geometry": {
        "type": "Polygon",
        "coordinates": [
          [
            [
              116.35132267254798,
              39.97725936311823
            ],
            [
              116.3513192664893,
              39.977619589344414
            ],
            [
              116.3508510316699,
              39.97761696799865
            ],
            [
              116.35085444018674,
              39.97725674180571
            ],
            [
              116.35132267254798,
              39.97725936311823
            ]
          ]
        ]
      }
    },
    {
      "type": "Feature",
      "id": "BLDG-296",
      "properties": {
        "id": "BLDG-296",
        "layer": "BUILDING_FOOTPRINT",
        "source_type": "agent_generated_design",
        "confidence": "low",
        "geometry_role": "design_proposal",
        "building_type": "retail",
        "parent_land_use": "LU-005",
        "name_zh": "点式商业盒（示意体量）",
        "usage_note": "概念体量示意，不代表建筑高度、容积率或地块拆分结论",
        "area_sqm_declared": 1600.0
      },
      "geometry": {
        "type": "Polygon",
        "coordinates": [
          [
            [
              116.35032085622773,
              39.97797424285683
            ],
            [
              116.35031744482265,
              39.978334468966935
            ],
            [
              116.34984920521723,
              39.97833184353564
            ],
            [
              116.34985261908054,
              39.97797161745885
            ],
            [
              116.35032085622773,
              39.97797424285683
            ]
          ]
        ]
      }
    },
    {
      "type": "Feature",
      "id": "BLDG-297",
      "properties": {
        "id": "BLDG-297",
        "layer": "BUILDING_FOOTPRINT",
        "source_type": "agent_generated_design",
        "confidence": "low",
        "geometry_role": "design_proposal",
        "building_type": "retail",
        "parent_land_use": "LU-005",
        "name_zh": "点式商业盒（示意体量）",
        "usage_note": "概念体量示意，不代表建筑高度、容积率或地块拆分结论",
        "area_sqm_declared": 1600.0
      },
      "geometry": {
        "type": "Polygon",
        "coordinates": [
          [
            [
              116.35131586036933,
              39.977979815547926
            ],
            [
              116.35131245418803,
              39.97834004172872
            ],
            [
              116.35084421445215,
              39.97833742031644
            ],
            [
              116.35084762309171,
              39.9779771941689
            ],
            [
              116.35131586036933,
              39.977979815547926
            ]
          ]
        ]
      }
    },
    {
      "type": "Feature",
      "id": "BLDG-298",
      "properties": {
        "id": "BLDG-298",
        "layer": "BUILDING_FOOTPRINT",
        "source_type": "agent_generated_design",
        "confidence": "low",
        "geometry_role": "design_proposal",
        "building_type": "retail",
        "parent_land_use": "LU-005",
        "name_zh": "点式商业盒（示意体量）",
        "usage_note": "概念体量示意，不代表建筑高度、容积率或地块拆分结论",
        "area_sqm_declared": 1600.0
      },
      "geometry": {
        "type": "Polygon",
        "coordinates": [
          [
            [
              116.35031403335617,
              39.97869469505434
            ],
            [
              116.35031062182829,
              39.97905492111905
            ],
            [
              116.34984237730623,
              39.97905229562113
            ],
            [
              116.34984579129245,
              39.97869206958974
            ],
            [
              116.35031403335617,
              39.97869469505434
            ]
          ]
        ]
      }
    },
    {
      "type": "Feature",
      "id": "BLDG-299",
      "properties": {
        "id": "BLDG-299",
        "layer": "BUILDING_FOOTPRINT",
        "source_type": "agent_generated_design",
        "confidence": "low",
        "geometry_role": "design_proposal",
        "building_type": "retail",
        "parent_land_use": "LU-005",
        "name_zh": "点式商业盒（示意体量）",
        "usage_note": "概念体量示意，不代表建筑高度、容积率或地块拆分结论",
        "area_sqm_declared": 1600.0
      },
      "geometry": {
        "type": "Polygon",
        "coordinates": [
          [
            [
              116.3513090479454,
              39.97870026788683
            ],
            [
              116.3513056416415,
              39.97906049402224
            ],
            [
              116.350837396989,
              39.97905787254345
            ],
            [
              116.35084080575126,
              39.97869764644129
            ],
            [
              116.3513090479454,
              39.97870026788683
            ]
          ]
        ]
      }
    },
    {
      "type": "Feature",
      "id": "BLDG-300",
      "properties": {
        "id": "BLDG-300",
        "layer": "BUILDING_FOOTPRINT",
        "source_type": "agent_generated_design",
        "confidence": "low",
        "geometry_role": "design_proposal",
        "building_type": "retail",
        "parent_land_use": "LU-005",
        "name_zh": "点式商业盒（示意体量）",
        "usage_note": "概念体量示意，不代表建筑高度、容积率或地块拆分结论",
        "area_sqm_declared": 1600.0
      },
      "geometry": {
        "type": "Polygon",
        "coordinates": [
          [
            [
              116.35030721023897,
              39.97941514716105
            ],
            [
              116.35030379858827,
              39.97977537318036
            ],
            [
              116.3498355491494,
              39.979772747615826
            ],
            [
              116.34983896325852,
              39.97941252162983
            ],
            [
              116.35030721023897,
              39.97941514716105
            ]
          ]
        ]
      }
    },
    {
      "type": "Feature",
      "id": "BLDG-301",
      "properties": {
        "id": "BLDG-301",
        "layer": "BUILDING_FOOTPRINT",
        "source_type": "agent_generated_design",
        "confidence": "low",
        "geometry_role": "design_proposal",
        "building_type": "retail",
        "parent_land_use": "LU-005",
        "name_zh": "点式商业盒（示意体量）",
        "usage_note": "概念体量示意，不代表建筑高度、容积率或地块拆分结论",
        "area_sqm_declared": 1600.0
      },
      "geometry": {
        "type": "Polygon",
        "coordinates": [
          [
            [
              116.35130223527626,
              39.97942072013494
            ],
            [
              116.3512988288497,
              39.979780946224956
            ],
            [
              116.3508305792804,
              39.97977832467964
            ],
            [
              116.35083398816539,
              39.97941809862289
            ],
            [
              116.35130223527626,
              39.97942072013494
            ]
          ]
        ]
      }
    },
    {
      "type": "Feature",
      "id": "BLDG-302",
      "properties": {
        "id": "BLDG-302",
        "layer": "BUILDING_FOOTPRINT",
        "source_type": "agent_generated_design",
        "confidence": "low",
        "geometry_role": "design_proposal",
        "building_type": "retail",
        "parent_land_use": "LU-005",
        "name_zh": "点式商业盒（示意体量）",
        "usage_note": "概念体量示意，不代表建筑高度、容积率或地块拆分结论",
        "area_sqm_declared": 1600.0
      },
      "geometry": {
        "type": "Polygon",
        "coordinates": [
          [
            [
              116.35030038687616,
              39.980135599176975
            ],
            [
              116.35029697510264,
              39.980495825150875
            ],
            [
              116.34982872074679,
              39.98049319951973
            ],
            [
              116.34983213497881,
              39.98013297357913
            ],
            [
              116.35030038687616,
              39.980135599176975
            ]
          ]
        ]
      }
    },
    {
      "type": "Feature",
      "id": "BLDG-303",
      "properties": {
        "id": "BLDG-303",
        "layer": "BUILDING_FOOTPRINT",
        "source_type": "agent_generated_design",
        "confidence": "low",
        "geometry_role": "design_proposal",
        "building_type": "retail",
        "parent_land_use": "LU-005",
        "name_zh": "点式商业盒（示意体量）",
        "usage_note": "概念体量示意，不代表建筑高度、容积率或地块拆分结论",
        "area_sqm_declared": 1600.0
      },
      "geometry": {
        "type": "Polygon",
        "coordinates": [
          [
            [
              116.35029356326768,
              39.98085605110209
            ],
            [
              116.35029015137134,
              39.9812162770306
            ],
            [
              116.34982189209833,
              39.98121365133282
            ],
            [
              116.34982530645327,
              39.98085342543764
            ],
            [
              116.35029356326768,
              39.98085605110209
            ]
          ]
        ]
      }
    },
    {
      "type": "Feature",
      "id": "BLDG-304",
      "properties": {
        "id": "BLDG-304",
        "layer": "BUILDING_FOOTPRINT",
        "source_type": "agent_generated_design",
        "confidence": "low",
        "geometry_role": "design_proposal",
        "building_type": "retail",
        "parent_land_use": "LU-005",
        "name_zh": "点式商业盒（示意体量）",
        "usage_note": "概念体量示意，不代表建筑高度、容积率或地块拆分结论",
        "area_sqm_declared": 1600.0
      },
      "geometry": {
        "type": "Polygon",
        "coordinates": [
          [
            [
              116.35028673941358,
              39.98157650293643
            ],
            [
              116.35028332739438,
              39.98193672881954
            ],
            [
              116.34981506320403,
              39.98193410305515
            ],
            [
              116.3498184776819,
              39.981573877205335
            ],
            [
              116.35028673941358,
              39.98157650293643
            ]
          ]
        ]
      }
    },
    {
      "type": "Feature",
      "id": "BLDG-305",
      "properties": {
        "id": "BLDG-305",
        "layer": "BUILDING_FOOTPRINT",
        "source_type": "agent_generated_design",
        "confidence": "low",
        "geometry_role": "design_proposal",
        "building_type": "retail",
        "parent_land_use": "LU-005",
        "name_zh": "点式商业盒（示意体量）",
        "usage_note": "概念体量示意，不代表建筑高度、容积率或地块拆分结论",
        "area_sqm_declared": 1600.0
      },
      "geometry": {
        "type": "Polygon",
        "coordinates": [
          [
            [
              116.35027991531376,
              39.98229695467995
            ],
            [
              116.35027650317176,
              39.98265718051767
            ],
            [
              116.34980823406389,
              39.982654554686654
            ],
            [
              116.3498116486647,
              39.982294328882254
            ],
            [
              116.35027991531376,
              39.98229695467995
            ]
          ]
        ]
      }
    },
    {
      "type": "Feature",
      "id": "BLDG-306",
      "properties": {
        "id": "BLDG-306",
        "layer": "BUILDING_FOOTPRINT",
        "source_type": "agent_generated_design",
        "confidence": "low",
        "geometry_role": "design_proposal",
        "building_type": "retail",
        "parent_land_use": "LU-005",
        "name_zh": "点式商业盒（示意体量）",
        "usage_note": "概念体量示意，不代表建筑高度、容积率或地块拆分结论",
        "area_sqm_declared": 1600.0
      },
      "geometry": {
        "type": "Polygon",
        "coordinates": [
          [
            [
              116.35027309096829,
              39.9830174063327
            ],
            [
              116.35026967870343,
              39.98337763212501
            ],
            [
              116.34980140467789,
              39.98337500622738
            ],
            [
              116.34980481940163,
              39.98301478046837
            ],
            [
              116.35027309096829,
              39.9830174063327
            ]
          ]
        ]
      }
    },
    {
      "type": "Feature",
      "id": "BLDG-307",
      "properties": {
        "id": "BLDG-307",
        "layer": "BUILDING_FOOTPRINT",
        "source_type": "agent_generated_design",
        "confidence": "low",
        "geometry_role": "design_proposal",
        "building_type": "retail",
        "parent_land_use": "LU-005",
        "name_zh": "点式商业盒（示意体量）",
        "usage_note": "概念体量示意，不代表建筑高度、容积率或地块拆分结论",
        "area_sqm_declared": 1600.0
      },
      "geometry": {
        "type": "Polygon",
        "coordinates": [
          [
            [
              116.35026626637715,
              39.98373785789464
            ],
            [
              116.35026285398942,
              39.98409808364156
            ],
            [
              116.349794575046,
              39.984095457677284
            ],
            [
              116.34979798989268,
              39.98373523196369
            ],
            [
              116.35026626637715,
              39.98373785789464
            ]
          ]
        ]
      }
    },
    {
      "type": "Feature",
      "id": "BLDG-308",
      "properties": {
        "id": "BLDG-308",
        "layer": "BUILDING_FOOTPRINT",
        "source_type": "agent_generated_design",
        "confidence": "low",
        "geometry_role": "design_proposal",
        "building_type": "retail",
        "parent_land_use": "LU-005",
        "name_zh": "点式商业盒（示意体量）",
        "usage_note": "概念体量示意，不代表建筑高度、容积率或地块拆分结论",
        "area_sqm_declared": 1600.0
      },
      "geometry": {
        "type": "Polygon",
        "coordinates": [
          [
            [
              116.3502594415403,
              39.98445830936579
            ],
            [
              116.35025602902975,
              39.98481853506731
            ],
            [
              116.34978774516827,
              39.98481590903641
            ],
            [
              116.34979116013788,
              39.9844556833682
            ],
            [
              116.3502594415403,
              39.98445830936579
            ]
          ]
        ]
      }
    },
    {
      "type": "Feature",
      "id": "BLDG-309",
      "properties": {
        "id": "BLDG-309",
        "layer": "BUILDING_FOOTPRINT",
        "source_type": "agent_generated_design",
        "confidence": "low",
        "geometry_role": "design_proposal",
        "building_type": "retail",
        "parent_land_use": "LU-005",
        "name_zh": "点式商业盒（示意体量）",
        "usage_note": "概念体量示意，不代表建筑高度、容积率或地块拆分结论",
        "area_sqm_declared": 1600.0
      },
      "geometry": {
        "type": "Polygon",
        "coordinates": [
          [
            [
              116.35025261645775,
              39.98517876074614
            ],
            [
              116.35024920382433,
              39.98553898640227
            ],
            [
              116.34978091504462,
              39.98553636030474
            ],
            [
              116.3497843301372,
              39.98517613468193
            ],
            [
              116.35025261645775,
              39.98517876074614
            ]
          ]
        ]
      }
    },
    {
      "type": "Feature",
      "id": "BLDG-310",
      "properties": {
        "id": "BLDG-310",
        "layer": "BUILDING_FOOTPRINT",
        "source_type": "agent_generated_design",
        "confidence": "low",
        "geometry_role": "design_proposal",
        "building_type": "retail",
        "parent_land_use": "LU-005",
        "name_zh": "点式商业盒（示意体量）",
        "usage_note": "概念体量示意，不代表建筑高度、容积率或地块拆分结论",
        "area_sqm_declared": 1600.0
      },
      "geometry": {
        "type": "Polygon",
        "coordinates": [
          [
            [
              116.35024579112948,
              39.9858992120357
            ],
            [
              116.3502423783732,
              39.986259437646424
            ],
            [
              116.3497740846751,
              39.986256811482264
            ],
            [
              116.3497774998906,
              39.985896585904854
            ],
            [
              116.35024579112948,
              39.9858992120357
            ]
          ]
        ]
      }
    },
    {
      "type": "Feature",
      "id": "BLDG-311",
      "properties": {
        "id": "BLDG-311",
        "layer": "BUILDING_FOOTPRINT",
        "source_type": "agent_generated_design",
        "confidence": "low",
        "geometry_role": "design_proposal",
        "building_type": "retail",
        "parent_land_use": "LU-005",
        "name_zh": "点式商业盒（示意体量）",
        "usage_note": "概念体量示意，不代表建筑高度、容积率或地块拆分结论",
        "area_sqm_declared": 1600.0
      },
      "geometry": {
        "type": "Polygon",
        "coordinates": [
          [
            [
              116.35023896555548,
              39.98661966323445
            ],
            [
              116.35023555267634,
              39.98697988879978
            ],
            [
              116.34976725405966,
              39.986977262568985
            ],
            [
              116.34977066939814,
              39.98661703703697
            ],
            [
              116.35023896555548,
              39.98661966323445
            ]
          ]
        ]
      }
    },
    {
      "type": "Feature",
      "id": "BLDG-312",
      "properties": {
        "id": "BLDG-312",
        "layer": "BUILDING_FOOTPRINT",
        "source_type": "agent_generated_design",
        "confidence": "low",
        "geometry_role": "design_proposal",
        "building_type": "retail",
        "parent_land_use": "LU-005",
        "name_zh": "点式商业盒（示意体量）",
        "usage_note": "概念体量示意，不代表建筑高度、容积率或地块拆分结论",
        "area_sqm_declared": 1600.0
      },
      "geometry": {
        "type": "Polygon",
        "coordinates": [
          [
            [
              116.35023213973575,
              39.987340114342416
            ],
            [
              116.35022872673372,
              39.987700339862336
            ],
            [
              116.3497604231983,
              39.98769771356492
            ],
            [
              116.34976383865973,
              39.98733748807831
            ],
            [
              116.35023213973575,
              39.987340114342416
            ]
          ]
        ]
      }
    },
    {
      "type": "Feature",
      "id": "BLDG-313",
      "properties": {
        "id": "BLDG-313",
        "layer": "BUILDING_FOOTPRINT",
        "source_type": "agent_generated_design",
        "confidence": "low",
        "geometry_role": "design_proposal",
        "building_type": "retail",
        "parent_land_use": "LU-005",
        "name_zh": "点式商业盒（示意体量）",
        "usage_note": "概念体量示意，不代表建筑高度、容积率或地块拆分结论",
        "area_sqm_declared": 1600.0
      },
      "geometry": {
        "type": "Polygon",
        "coordinates": [
          [
            [
              116.35022531367026,
              39.98806056535956
            ],
            [
              116.35022190054538,
              39.98842079083411
            ],
            [
              116.34975359209102,
              39.98841816447004
            ],
            [
              116.34975700767541,
              39.98805793902883
            ],
            [
              116.35022531367026,
              39.98806056535956
            ]
          ]
        ]
      }
    },
    {
      "type": "Feature",
      "id": "BLDG-314",
      "properties": {
        "id": "BLDG-314",
        "layer": "BUILDING_FOOTPRINT",
        "source_type": "agent_generated_design",
        "confidence": "low",
        "geometry_role": "design_proposal",
        "building_type": "retail",
        "parent_land_use": "LU-005",
        "name_zh": "点式商业盒（示意体量）",
        "usage_note": "概念体量示意，不代表建筑高度、容积率或地块拆分结论",
        "area_sqm_declared": 1600.0
      },
      "geometry": {
        "type": "Polygon",
        "coordinates": [
          [
            [
              116.35021848735906,
              39.98878101628593
            ],
            [
              116.35021507411128,
              39.98914124171505
            ],
            [
              116.34974676073782,
              39.98913861528436
            ],
            [
              116.34975017644516,
              39.98877838988855
            ],
            [
              116.35021848735906,
              39.98878101628593
            ]
          ]
        ]
      }
    },
    {
      "type": "Feature",
      "id": "BLDG-315",
      "properties": {
        "id": "BLDG-315",
        "layer": "BUILDING_FOOTPRINT",
        "source_type": "agent_generated_design",
        "confidence": "low",
        "geometry_role": "design_proposal",
        "building_type": "retail",
        "parent_land_use": "LU-005",
        "name_zh": "点式商业盒（示意体量）",
        "usage_note": "概念体量示意，不代表建筑高度、容积率或地块拆分结论",
        "area_sqm_declared": 1600.0
      },
      "geometry": {
        "type": "Polygon",
        "coordinates": [
          [
            [
              116.35021166080205,
              39.98950146712151
            ],
            [
              116.35020824743138,
              39.98986169250523
            ],
            [
              116.34973992913865,
              39.989859066007895
            ],
            [
              116.34974334496899,
              39.98949884065748
            ],
            [
              116.35021166080205,
              39.98950146712151
            ]
          ]
        ]
      }
    },
    {
      "type": "Feature",
      "id": "BLDG-316",
      "properties": {
        "id": "BLDG-316",
        "layer": "BUILDING_FOOTPRINT",
        "source_type": "agent_generated_design",
        "confidence": "low",
        "geometry_role": "design_proposal",
        "building_type": "retail",
        "parent_land_use": "LU-005",
        "name_zh": "点式商业盒（示意体量）",
        "usage_note": "概念体量示意，不代表建筑高度、容积率或地块拆分结论",
        "area_sqm_declared": 1600.0
      },
      "geometry": {
        "type": "Polygon",
        "coordinates": [
          [
            [
              116.35020483399929,
              39.990221917866265
            ],
            [
              116.35020142050571,
              39.990582143204584
            ],
            [
              116.34973309729352,
              39.990579516640615
            ],
            [
              116.34973651324684,
              39.99021929133561
            ],
            [
              116.35020483399929,
              39.990221917866265
            ]
          ]
        ]
      }
    },
    {
      "type": "Feature",
      "id": "BLDG-317",
      "properties": {
        "id": "BLDG-317",
        "layer": "BUILDING_FOOTPRINT",
        "source_type": "agent_generated_design",
        "confidence": "low",
        "geometry_role": "design_proposal",
        "building_type": "retail",
        "parent_land_use": "LU-005",
        "name_zh": "点式商业盒（示意体量）",
        "usage_note": "概念体量示意，不代表建筑高度、容积率或地块拆分结论",
        "area_sqm_declared": 1600.0
      },
      "geometry": {
        "type": "Polygon",
        "coordinates": [
          [
            [
              116.35019800695072,
              39.99094236852022
            ],
            [
              116.35019459333428,
              39.99130259381315
            ],
            [
              116.34972626520243,
              39.991299967182535
            ],
            [
              116.34972968127872,
              39.99093974192292
            ],
            [
              116.35019800695072,
              39.99094236852022
            ]
          ]
        ]
      }
    },
    {
      "type": "Feature",
      "id": "BLDG-318",
      "properties": {
        "id": "BLDG-318",
        "layer": "BUILDING_FOOTPRINT",
        "source_type": "agent_generated_design",
        "confidence": "low",
        "geometry_role": "design_proposal",
        "building_type": "retail",
        "parent_land_use": "LU-005",
        "name_zh": "点式商业盒（示意体量）",
        "usage_note": "概念体量示意，不代表建筑高度、容积率或地块拆分结论",
        "area_sqm_declared": 1600.0
      },
      "geometry": {
        "type": "Polygon",
        "coordinates": [
          [
            [
              116.35019117965636,
              39.99166281908339
            ],
            [
              116.35018776591703,
              39.992023044330914
            ],
            [
              116.34971943286537,
              39.992020417633654
            ],
            [
              116.34972284906465,
              39.991660192419445
            ],
            [
              116.35019117965636,
              39.99166281908339
            ]
          ]
        ]
      }
    },
    {
      "type": "Feature",
      "id": "BLDG-319",
      "properties": {
        "id": "BLDG-319",
        "layer": "BUILDING_FOOTPRINT",
        "source_type": "agent_generated_design",
        "confidence": "low",
        "geometry_role": "design_proposal",
        "building_type": "retail",
        "parent_land_use": "LU-005",
        "name_zh": "点式商业盒（示意体量）",
        "usage_note": "概念体量示意，不代表建筑高度、容积率或地块拆分结论",
        "area_sqm_declared": 1600.0
      },
      "geometry": {
        "type": "Polygon",
        "coordinates": [
          [
            [
              116.35018435211622,
              39.99238326955575
            ],
            [
              116.35018093825396,
              39.99274349475787
            ],
            [
              116.34971260028232,
              39.992740867993966
            ],
            [
              116.34971601660459,
              39.99238064282517
            ],
            [
              116.35018435211622,
              39.99238326955575
            ]
          ]
        ]
      }
    },
    {
      "type": "Feature",
      "id": "BLDG-320",
      "properties": {
        "id": "BLDG-320",
        "layer": "BUILDING_FOOTPRINT",
        "source_type": "agent_generated_design",
        "confidence": "low",
        "geometry_role": "design_proposal",
        "building_type": "retail",
        "parent_land_use": "LU-005",
        "name_zh": "点式商业盒（示意体量）",
        "usage_note": "概念体量示意，不代表建筑高度、容积率或地块拆分结论",
        "area_sqm_declared": 1600.0
      },
      "geometry": {
        "type": "Polygon",
        "coordinates": [
          [
            [
              116.35017752433025,
              39.99310371993731
            ],
            [
              116.35017411034508,
              39.99346394509404
            ],
            [
              116.34970576745329,
              39.993461318263485
            ],
            [
              116.34970918389854,
              39.99310109314008
            ],
            [
              116.35017752433025,
              39.99310371993731
            ]
          ]
        ]
      }
    },
    {
      "type": "Feature",
      "id": "BLDG-321",
      "properties": {
        "id": "BLDG-321",
        "layer": "BUILDING_FOOTPRINT",
        "source_type": "agent_generated_design",
        "confidence": "low",
        "geometry_role": "design_proposal",
        "building_type": "retail",
        "parent_land_use": "LU-005",
        "name_zh": "点式商业盒（示意体量）",
        "usage_note": "概念体量示意，不代表建筑高度、容积率或地块拆分结论",
        "area_sqm_declared": 1600.0
      },
      "geometry": {
        "type": "Polygon",
        "coordinates": [
          [
            [
              116.35017069629845,
              39.993824170228066
            ],
            [
              116.35016728219037,
              39.99418439533939
            ],
            [
              116.34969893437822,
              39.9941817684422
            ],
            [
              116.3497023509465,
              39.99382154336419
            ],
            [
              116.35017069629845,
              39.993824170228066
            ]
          ]
        ]
      }
    },
    {
      "type": "Feature",
      "id": "BLDG-322",
      "properties": {
        "id": "BLDG-322",
        "layer": "BUILDING_FOOTPRINT",
        "source_type": "agent_generated_design",
        "confidence": "low",
        "geometry_role": "design_proposal",
        "building_type": "retail",
        "parent_land_use": "LU-005",
        "name_zh": "点式商业盒（示意体量）",
        "usage_note": "概念体量示意，不代表建筑高度、容积率或地块拆分结论",
        "area_sqm_declared": 1600.0
      },
      "geometry": {
        "type": "Polygon",
        "coordinates": [
          [
            [
              116.35016386802083,
              39.99454462042802
            ],
            [
              116.35016045378983,
              39.994904845493956
            ],
            [
              116.34969210105716,
              39.99490221853011
            ],
            [
              116.34969551774843,
              39.994541993497506
            ],
            [
              116.35016386802083,
              39.99454462042802
            ]
          ]
        ]
      }
    },
    {
      "type": "Feature",
      "id": "BLDG-323",
      "properties": {
        "id": "BLDG-323",
        "layer": "BUILDING_FOOTPRINT",
        "source_type": "agent_generated_design",
        "confidence": "low",
        "geometry_role": "design_proposal",
        "building_type": "retail",
        "parent_land_use": "LU-005",
        "name_zh": "点式商业盒（示意体量）",
        "usage_note": "概念体量示意，不代表建筑高度、容积率或地块拆分结论",
        "area_sqm_declared": 1600.0
      },
      "geometry": {
        "type": "Polygon",
        "coordinates": [
          [
            [
              116.35015703949738,
              39.99526507053718
            ],
            [
              116.35015362514342,
              39.995625295557694
            ],
            [
              116.34968526749006,
              39.995622668527204
            ],
            [
              116.34968868430435,
              39.99526244354001
            ],
            [
              116.35015703949738,
              39.99526507053718
            ]
          ]
        ]
      }
    },
    {
      "type": "Feature",
      "id": "BLDG-324",
      "properties": {
        "id": "BLDG-324",
        "layer": "BUILDING_FOOTPRINT",
        "source_type": "agent_generated_design",
        "confidence": "low",
        "geometry_role": "design_proposal",
        "building_type": "retail",
        "parent_land_use": "LU-005",
        "name_zh": "点式商业盒（示意体量）",
        "usage_note": "概念体量示意，不代表建筑高度、容积率或地块拆分结论",
        "area_sqm_declared": 1600.0
      },
      "geometry": {
        "type": "Polygon",
        "coordinates": [
          [
            [
              116.35015021072803,
              39.99598552055553
            ],
            [
              116.35014679625118,
              39.996345745530654
            ],
            [
              116.34967843367691,
              39.99634311843351
            ],
            [
              116.34968185061423,
              39.9959828934917
            ],
            [
              116.35015021072803,
              39.99598552055553
            ]
          ]
        ]
      }
    },
    {
      "type": "Feature",
      "id": "BLDG-325",
      "properties": {
        "id": "BLDG-325",
        "layer": "BUILDING_FOOTPRINT",
        "source_type": "agent_generated_design",
        "confidence": "low",
        "geometry_role": "design_proposal",
        "building_type": "retail",
        "parent_land_use": "LU-005",
        "name_zh": "点式商业盒（示意体量）",
        "usage_note": "概念体量示意，不代表建筑高度、容积率或地块拆分结论",
        "area_sqm_declared": 1600.0
      },
      "geometry": {
        "type": "Polygon",
        "coordinates": [
          [
            [
              116.35014338171287,
              39.99670597048308
            ],
            [
              116.35013996711305,
              39.9970661954128
            ],
            [
              116.34967159961775,
              39.997063568249004
            ],
            [
              116.34967501667809,
              39.99670334335261
            ],
            [
              116.35014338171287,
              39.99670597048308
            ]
          ]
        ]
      }
    },
    {
      "type": "Feature",
      "id": "BLDG-326",
      "properties": {
        "id": "BLDG-326",
        "layer": "BUILDING_FOOTPRINT",
        "source_type": "agent_generated_design",
        "confidence": "low",
        "geometry_role": "design_proposal",
        "building_type": "retail",
        "parent_land_use": "LU-005",
        "name_zh": "点式商业盒（示意体量）",
        "usage_note": "概念体量示意，不代表建筑高度、容积率或地块拆分结论",
        "area_sqm_declared": 1600.0
      },
      "geometry": {
        "type": "Polygon",
        "coordinates": [
          [
            [
              116.35013655245179,
              39.99742642031982
            ],
            [
              116.35013313772906,
              39.99778664520414
            ],
            [
              116.34966476531251,
              39.99778401797369
            ],
            [
              116.34966818249588,
              39.997423793122685
            ],
            [
              116.35013655245179,
              39.99742642031982
            ]
          ]
        ]
      }
    },
    {
      "type": "Feature",
      "id": "BLDG-327",
      "properties": {
        "id": "BLDG-327",
        "layer": "BUILDING_FOOTPRINT",
        "source_type": "agent_generated_design",
        "confidence": "low",
        "geometry_role": "design_proposal",
        "building_type": "retail",
        "parent_land_use": "LU-005",
        "name_zh": "点式商业盒（示意体量）",
        "usage_note": "概念体量示意，不代表建筑高度、容积率或地块拆分结论",
        "area_sqm_declared": 1600.0
      },
      "geometry": {
        "type": "Polygon",
        "coordinates": [
          [
            [
              116.35012972294486,
              39.99814687006575
            ],
            [
              116.35012630809916,
              39.998507094904674
            ],
            [
              116.34965793076123,
              39.998504467607574
            ],
            [
              116.34966134806761,
              39.998144242801985
            ],
            [
              116.35012972294486,
              39.99814687006575
            ]
          ]
        ]
      }
    },
    {
      "type": "Feature",
      "id": "BLDG-328",
      "properties": {
        "id": "BLDG-328",
        "layer": "BUILDING_FOOTPRINT",
        "source_type": "agent_generated_design",
        "confidence": "low",
        "geometry_role": "design_proposal",
        "building_type": "retail",
        "parent_land_use": "LU-005",
        "name_zh": "点式商业盒（示意体量）",
        "usage_note": "概念体量示意，不代表建筑高度、容积率或地块拆分结论",
        "area_sqm_declared": 1600.0
      },
      "geometry": {
        "type": "Polygon",
        "coordinates": [
          [
            [
              116.35012289319201,
              39.99886731972089
            ],
            [
              116.35011947822339,
              39.999227544514405
            ],
            [
              116.34965109596384,
              39.999224917150656
            ],
            [
              116.34965451339328,
              39.998864692390455
            ],
            [
              116.35012289319201,
              39.99886731972089
            ]
          ]
        ]
      }
    },
    {
      "type": "Feature",
      "id": "BLDG-329",
      "properties": {
        "id": "BLDG-329",
        "layer": "BUILDING_FOOTPRINT",
        "source_type": "agent_generated_design",
        "confidence": "low",
        "geometry_role": "design_proposal",
        "building_type": "retail",
        "parent_land_use": "LU-005",
        "name_zh": "点式商业盒（示意体量）",
        "usage_note": "概念体量示意，不代表建筑高度、容积率或地块拆分结论",
        "area_sqm_declared": 1600.0
      },
      "geometry": {
        "type": "Polygon",
        "coordinates": [
          [
            [
              116.35011606319328,
              39.99958776928521
            ],
            [
              116.35011264810167,
              39.999947994033334
            ],
            [
              116.34964426092037,
              39.999945366602915
            ],
            [
              116.34964767847286,
              39.99958514188813
            ],
            [
              116.35011606319328,
              39.99958776928521
            ]
          ]
        ]
      }
    },
    {
      "type": "Feature",
      "id": "BLDG-330",
      "properties": {
        "id": "BLDG-330",
        "layer": "BUILDING_FOOTPRINT",
        "source_type": "agent_generated_design",
        "confidence": "low",
        "geometry_role": "design_proposal",
        "building_type": "retail",
        "parent_land_use": "LU-005",
        "name_zh": "点式商业盒（示意体量）",
        "usage_note": "概念体量示意，不代表建筑高度、容积率或地块拆分结论",
        "area_sqm_declared": 1600.0
      },
      "geometry": {
        "type": "Polygon",
        "coordinates": [
          [
            [
              116.35010923294863,
              40.00030821875875
            ],
            [
              116.35010581773406,
              40.00066844346145
            ],
            [
              116.34963742563085,
              40.000665815964375
            ],
            [
              116.34964084330636,
              40.00030559129501
            ],
            [
              116.35010923294863,
              40.00030821875875
            ]
          ]
        ]
      }
    },
    {
      "type": "Feature",
      "id": "BLDG-331",
      "properties": {
        "id": "BLDG-331",
        "layer": "BUILDING_FOOTPRINT",
        "source_type": "agent_generated_design",
        "confidence": "low",
        "geometry_role": "design_proposal",
        "building_type": "retail",
        "parent_land_use": "LU-005",
        "name_zh": "点式商业盒（示意体量）",
        "usage_note": "概念体量示意，不代表建筑高度、容积率或地块拆分结论",
        "area_sqm_declared": 1600.0
      },
      "geometry": {
        "type": "Polygon",
        "coordinates": [
          [
            [
              116.35010240245803,
              40.00102866814146
            ],
            [
              116.35009898712053,
              40.00138889279877
            ],
            [
              116.34963059009516,
              40.001386265235034
            ],
            [
              116.34963400789377,
              40.00102604061106
            ],
            [
              116.35010240245803,
              40.00102866814146
            ]
          ]
        ]
      }
    },
    {
      "type": "Feature",
      "id": "BLDG-332",
      "properties": {
        "id": "BLDG-332",
        "layer": "BUILDING_FOOTPRINT",
        "source_type": "agent_generated_design",
        "confidence": "low",
        "geometry_role": "design_proposal",
        "building_type": "retail",
        "parent_land_use": "LU-005",
        "name_zh": "点式商业盒（示意体量）",
        "usage_note": "概念体量示意，不代表建筑高度、容积率或地块拆分结论",
        "area_sqm_declared": 1600.0
      },
      "geometry": {
        "type": "Polygon",
        "coordinates": [
          [
            [
              116.35009557172152,
              40.00174911743338
            ],
            [
              116.35009215626106,
              40.00210934204527
            ],
            [
              116.3496237543134,
              40.00210671441488
            ],
            [
              116.34962717223505,
              40.001746489836314
            ],
            [
              116.35009557172152,
              40.00174911743338
            ]
          ]
        ]
      }
    },
    {
      "type": "Feature",
      "id": "BLDG-333",
      "properties": {
        "id": "BLDG-333",
        "layer": "BUILDING_FOOTPRINT",
        "source_type": "agent_generated_design",
        "confidence": "low",
        "geometry_role": "design_proposal",
        "building_type": "retail",
        "parent_land_use": "LU-005",
        "name_zh": "点式商业盒（示意体量）",
        "usage_note": "概念体量示意，不代表建筑高度、容积率或地块拆分结论",
        "area_sqm_declared": 1600.0
      },
      "geometry": {
        "type": "Polygon",
        "coordinates": [
          [
            [
              116.35008874073908,
              40.002469566634474
            ],
            [
              116.35008532515563,
              40.00282979120097
            ],
            [
              116.34961691828549,
              40.002827163503916
            ],
            [
              116.3496203363302,
              40.00246693897074
            ],
            [
              116.35008874073908,
              40.002469566634474
            ]
          ]
        ]
      }
    },
    {
      "type": "Feature",
      "id": "BLDG-334",
      "properties": {
        "id": "BLDG-334",
        "layer": "BUILDING_FOOTPRINT",
        "source_type": "agent_generated_design",
        "confidence": "low",
        "geometry_role": "design_proposal",
        "building_type": "retail",
        "parent_land_use": "LU-005",
        "name_zh": "点式商业盒（示意体量）",
        "usage_note": "概念体量示意，不代表建筑高度、容积率或地块拆分结论",
        "area_sqm_declared": 1600.0
      },
      "geometry": {
        "type": "Polygon",
        "coordinates": [
          [
            [
              116.35008190951068,
              40.00319001574478
            ],
            [
              116.35007849380423,
              40.003550240265874
            ],
            [
              116.34961008201147,
              40.00354761250213
            ],
            [
              116.34961350017926,
              40.003187388014396
            ],
            [
              116.35008190951068,
              40.00319001574478
            ]
          ]
        ]
      }
    },
    {
      "type": "Feature",
      "id": "BLDG-335",
      "properties": {
        "id": "BLDG-335",
        "layer": "BUILDING_FOOTPRINT",
        "source_type": "agent_generated_design",
        "confidence": "low",
        "geometry_role": "design_proposal",
        "building_type": "retail",
        "parent_land_use": "LU-005",
        "name_zh": "点式商业盒（示意体量）",
        "usage_note": "概念体量示意，不代表建筑高度、容积率或地块拆分结论",
        "area_sqm_declared": 1600.0
      },
      "geometry": {
        "type": "Polygon",
        "coordinates": [
          [
            [
              116.35007507803631,
              40.00391046476427
            ],
            [
              116.3500716622069,
              40.00427068923995
            ],
            [
              116.3496032454913,
              40.00426806140956
            ],
            [
              116.34960666378215,
              40.00390783696721
            ],
            [
              116.35007507803631,
              40.00391046476427
            ]
          ]
        ]
      }
    },
    {
      "type": "Feature",
      "id": "BLDG-336",
      "properties": {
        "id": "BLDG-336",
        "layer": "BUILDING_FOOTPRINT",
        "source_type": "agent_generated_design",
        "confidence": "low",
        "geometry_role": "design_proposal",
        "building_type": "retail",
        "parent_land_use": "LU-005",
        "name_zh": "点式商业盒（示意体量）",
        "usage_note": "概念体量示意，不代表建筑高度、容积率或地块拆分结论",
        "area_sqm_declared": 1600.0
      },
      "geometry": {
        "type": "Polygon",
        "coordinates": [
          [
            [
              116.35006824631597,
              40.00463091369294
            ],
            [
              116.35006483036355,
              40.00499113812323
            ],
            [
              116.34959640872496,
              40.00498851022617
            ],
            [
              116.3495998271389,
              40.00462828582922
            ],
            [
              116.35006824631597,
              40.00463091369294
            ]
          ]
        ]
      }
    },
    {
      "type": "Feature",
      "id": "BLDG-337",
      "properties": {
        "id": "BLDG-337",
        "layer": "BUILDING_FOOTPRINT",
        "source_type": "agent_generated_design",
        "confidence": "low",
        "geometry_role": "design_proposal",
        "building_type": "retail",
        "parent_land_use": "LU-005",
        "name_zh": "点式商业盒（示意体量）",
        "usage_note": "概念体量示意，不代表建筑高度、容积率或地块拆分结论",
        "area_sqm_declared": 1600.0
      },
      "geometry": {
        "type": "Polygon",
        "coordinates": [
          [
            [
              116.35006141434967,
              40.00535136253081
            ],
            [
              116.35005799827425,
              40.0057115869157
            ],
            [
              116.34958957171246,
              40.00570895895196
            ],
            [
              116.34959299024948,
              40.00534873460042
            ],
            [
              116.35006141434967,
              40.00535136253081
            ]
          ]
        ]
      }
    },
    {
      "type": "Feature",
      "id": "BLDG-338",
      "properties": {
        "id": "BLDG-338",
        "layer": "BUILDING_FOOTPRINT",
        "source_type": "agent_generated_design",
        "confidence": "low",
        "geometry_role": "design_proposal",
        "building_type": "retail",
        "parent_land_use": "LU-005",
        "name_zh": "点式商业盒（示意体量）",
        "usage_note": "概念体量示意，不代表建筑高度、容积率或地块拆分结论",
        "area_sqm_declared": 1600.0
      },
      "geometry": {
        "type": "Polygon",
        "coordinates": [
          [
            [
              116.35005458213736,
              40.006071811277884
            ],
            [
              116.35005116593894,
              40.00643203561735
            ],
            [
              116.34958273445378,
              40.006429407586964
            ],
            [
              116.34958615311389,
              40.00606918328082
            ],
            [
              116.35005458213736,
              40.006071811277884
            ]
          ]
        ]
      }
    },
    {
      "type": "Feature",
      "id": "BLDG-339",
      "properties": {
        "id": "BLDG-339",
        "layer": "BUILDING_FOOTPRINT",
        "source_type": "agent_generated_design",
        "confidence": "low",
        "geometry_role": "design_proposal",
        "building_type": "retail",
        "parent_land_use": "LU-005",
        "name_zh": "点式商业盒（示意体量）",
        "usage_note": "概念体量示意，不代表建筑高度、容积率或地块拆分结论",
        "area_sqm_declared": 1600.0
      },
      "geometry": {
        "type": "Polygon",
        "coordinates": [
          [
            [
              116.35004774967902,
              40.00679225993414
            ],
            [
              116.35004433335762,
              40.007152484228214
            ],
            [
              116.34957589694892,
              40.00714985613114
            ],
            [
              116.34957931573214,
              40.0067896318704
            ],
            [
              116.35004774967902,
              40.00679225993414
            ]
          ]
        ]
      }
    },
    {
      "type": "Feature",
      "id": "BLDG-340",
      "properties": {
        "id": "BLDG-340",
        "layer": "BUILDING_FOOTPRINT",
        "source_type": "agent_generated_design",
        "confidence": "low",
        "geometry_role": "design_proposal",
        "building_type": "retail",
        "parent_land_use": "LU-005",
        "name_zh": "点式商业盒（示意体量）",
        "usage_note": "概念体量示意，不代表建筑高度、容积率或地块拆分结论",
        "area_sqm_declared": 1600.0
      },
      "geometry": {
        "type": "Polygon",
        "coordinates": [
          [
            [
              116.35004091697469,
              40.007512708499576
            ],
            [
              116.35003750053029,
              40.00787293274824
            ],
            [
              116.34956905919788,
              40.00787030458451
            ],
            [
              116.3495724781042,
              40.007510080369165
            ],
            [
              116.35004091697469,
              40.007512708499576
            ]
          ]
        ]
      }
    },
    {
      "type": "Feature",
      "id": "BLDG-341",
      "properties": {
        "id": "BLDG-341",
        "layer": "BUILDING_FOOTPRINT",
        "source_type": "agent_generated_design",
        "confidence": "low",
        "geometry_role": "design_proposal",
        "building_type": "retail",
        "parent_land_use": "LU-005",
        "name_zh": "点式商业盒（示意体量）",
        "usage_note": "概念体量示意，不代表建筑高度、容积率或地块拆分结论",
        "area_sqm_declared": 1600.0
      },
      "geometry": {
        "type": "Polygon",
        "coordinates": [
          [
            [
              116.35003408402434,
              40.0082331569742
            ],
            [
              116.3500306674569,
              40.00859338117748
            ],
            [
              116.34956222120061,
              40.008590752947065
            ],
            [
              116.34956564023004,
              40.008230528777126
            ],
            [
              116.35003408402434,
              40.0082331569742
            ]
          ]
        ]
      }
    },
    {
      "type": "Feature",
      "id": "BLDG-342",
      "properties": {
        "id": "BLDG-342",
        "layer": "BUILDING_FOOTPRINT",
        "source_type": "agent_generated_design",
        "confidence": "low",
        "geometry_role": "design_proposal",
        "building_type": "retail",
        "parent_land_use": "LU-005",
        "name_zh": "点式商业盒（示意体量）",
        "usage_note": "概念体量示意，不代表建筑高度、容积率或地块拆分结论",
        "area_sqm_declared": 1600.0
      },
      "geometry": {
        "type": "Polygon",
        "coordinates": [
          [
            [
              116.35002725082798,
              40.00895360535804
            ],
            [
              116.35002383413752,
              40.00931382951589
            ],
            [
              116.34955538295716,
              40.00931120121879
            ],
            [
              116.34955880210968,
              40.00895097709429
            ],
            [
              116.35002725082798,
              40.00895360535804
            ]
          ]
        ]
      }
    },
    {
      "type": "Feature",
      "id": "BLDG-343",
      "properties": {
        "id": "BLDG-343",
        "layer": "BUILDING_FOOTPRINT",
        "source_type": "agent_generated_design",
        "confidence": "low",
        "geometry_role": "design_proposal",
        "building_type": "retail",
        "parent_land_use": "LU-005",
        "name_zh": "点式商业盒（示意体量）",
        "usage_note": "概念体量示意，不代表建筑高度、容积率或地块拆分结论",
        "area_sqm_declared": 1600.0
      },
      "geometry": {
        "type": "Polygon",
        "coordinates": [
          [
            [
              116.35002041738555,
              40.00967405365104
            ],
            [
              116.35001700057207,
              40.0100342777635
            ],
            [
              116.34954854446745,
              40.010031649399735
            ],
            [
              116.3495519637431,
              40.00967142532061
            ],
            [
              116.35002041738555,
              40.00967405365104
            ]
          ]
        ]
      }
    },
    {
      "type": "Feature",
      "id": "BLDG-344",
      "properties": {
        "id": "BLDG-344",
        "layer": "BUILDING_FOOTPRINT",
        "source_type": "agent_generated_design",
        "confidence": "low",
        "geometry_role": "design_proposal",
        "building_type": "retail",
        "parent_land_use": "LU-005",
        "name_zh": "点式商业盒（示意体量）",
        "usage_note": "概念体量示意，不代表建筑高度、容积率或地块拆分结论",
        "area_sqm_declared": 1600.0
      },
      "geometry": {
        "type": "Polygon",
        "coordinates": [
          [
            [
              116.35001358369709,
              40.01039450185324
            ],
            [
              116.35001016676058,
              40.010754725920286
            ],
            [
              116.34954170573155,
              40.01075209748984
            ],
            [
              116.34954512513029,
              40.010391873456136
            ],
            [
              116.35001358369709,
              40.01039450185324
            ]
          ]
        ]
      }
    },
    {
      "type": "Feature",
      "id": "BLDG-345",
      "properties": {
        "id": "BLDG-345",
        "layer": "BUILDING_FOOTPRINT",
        "source_type": "agent_generated_design",
        "confidence": "low",
        "geometry_role": "design_proposal",
        "building_type": "retail",
        "parent_land_use": "LU-005",
        "name_zh": "点式商业盒（示意体量）",
        "usage_note": "概念体量示意，不代表建筑高度、容积率或地块拆分结论",
        "area_sqm_declared": 1600.0
      },
      "geometry": {
        "type": "Polygon",
        "coordinates": [
          [
            [
              116.35000674976254,
              40.01111494996463
            ],
            [
              116.350003332703,
              40.01147517398627
            ],
            [
              116.34953486674937,
              40.01147254548915
            ],
            [
              116.34953828627124,
              40.01111232150084
            ],
            [
              116.35000674976254,
              40.01111494996463
            ]
          ]
        ]
      }
    },
    {
      "type": "Feature",
      "id": "BLDG-346",
      "properties": {
        "id": "BLDG-346",
        "layer": "BUILDING_FOOTPRINT",
        "source_type": "agent_generated_design",
        "confidence": "low",
        "geometry_role": "design_proposal",
        "building_type": "retail",
        "parent_land_use": "LU-005",
        "name_zh": "点式商业盒（示意体量）",
        "usage_note": "概念体量示意，不代表建筑高度、容积率或地块拆分结论",
        "area_sqm_declared": 1600.0
      },
      "geometry": {
        "type": "Polygon",
        "coordinates": [
          [
            [
              116.34999991558193,
              40.01183539798521
            ],
            [
              116.34999649839935,
              40.01219562196144
            ],
            [
              116.34952802752096,
              40.012192993397626
            ],
            [
              116.34953144716596,
              40.01183276945474
            ],
            [
              116.34999991558193,
              40.01183539798521
            ]
          ]
        ]
      }
    },
    {
      "type": "Feature",
      "id": "BLDG-347",
      "properties": {
        "id": "BLDG-347",
        "layer": "BUILDING_FOOTPRINT",
        "source_type": "agent_generated_design",
        "confidence": "low",
        "geometry_role": "design_proposal",
        "building_type": "retail",
        "parent_land_use": "LU-005",
        "name_zh": "点式商业盒（示意体量）",
        "usage_note": "概念体量示意，不代表建筑高度、容积率或地块拆分结论",
        "area_sqm_declared": 1600.0
      },
      "geometry": {
        "type": "Polygon",
        "coordinates": [
          [
            [
              116.34999308115525,
              40.01255584591498
            ],
            [
              116.34998966384961,
              40.012916069845794
            ],
            [
              116.34952118804628,
              40.012913441215304
            ],
            [
              116.3495246078144,
              40.01255321731782
            ],
            [
              116.34999308115525,
              40.01255584591498
            ]
          ]
        ]
      }
    },
    {
      "type": "Feature",
      "id": "BLDG-348",
      "properties": {
        "id": "BLDG-348",
        "layer": "BUILDING_FOOTPRINT",
        "source_type": "agent_generated_design",
        "confidence": "low",
        "geometry_role": "design_proposal",
        "building_type": "retail",
        "parent_land_use": "LU-005",
        "name_zh": "点式商业盒（示意体量）",
        "usage_note": "概念体量示意，不代表建筑高度、容积率或地块拆分结论",
        "area_sqm_declared": 1600.0
      },
      "geometry": {
        "type": "Polygon",
        "coordinates": [
          [
            [
              116.34998624648246,
              40.01327629375391
            ],
            [
              116.34998282905381,
              40.013636517639334
            ],
            [
              116.34951434832531,
              40.01363388894217
            ],
            [
              116.34951776821656,
              40.01327366509009
            ],
            [
              116.34998624648246,
              40.01327629375391
            ]
          ]
        ]
      }
    },
    {
      "type": "Feature",
      "id": "BLDG-349",
      "properties": {
        "id": "BLDG-349",
        "layer": "BUILDING_FOOTPRINT",
        "source_type": "agent_generated_design",
        "confidence": "low",
        "geometry_role": "design_proposal",
        "building_type": "retail",
        "parent_land_use": "LU-005",
        "name_zh": "点式商业盒（示意体量）",
        "usage_note": "概念体量示意，不代表建筑高度、容积率或地块拆分结论",
        "area_sqm_declared": 1600.0
      },
      "geometry": {
        "type": "Polygon",
        "coordinates": [
          [
            [
              116.34997941156361,
              40.013996741502055
            ],
            [
              116.34997599401187,
              40.01435696534207
            ],
            [
              116.34950750835806,
              40.01435433657821
            ],
            [
              116.34951092837247,
              40.01399411277154
            ],
            [
              116.34997941156361,
              40.013996741502055
            ]
          ]
        ]
      }
    },
    {
      "type": "Feature",
      "id": "BLDG-350",
      "properties": {
        "id": "BLDG-350",
        "layer": "BUILDING_FOOTPRINT",
        "source_type": "agent_generated_design",
        "confidence": "low",
        "geometry_role": "design_proposal",
        "building_type": "retail",
        "parent_land_use": "LU-005",
        "name_zh": "点式商业盒（示意体量）",
        "usage_note": "概念体量示意，不代表建筑高度、容积率或地块拆分结论",
        "area_sqm_declared": 1600.0
      },
      "geometry": {
        "type": "Polygon",
        "coordinates": [
          [
            [
              116.3499725763986,
              40.01471718915938
            ],
            [
              116.34996915872382,
              40.01507741295397
            ],
            [
              116.34950066814454,
              40.01507478412343
            ],
            [
              116.34950408828209,
              40.01471456036217
            ],
            [
              116.3499725763986,
              40.01471718915938
            ]
          ]
        ]
      }
    },
    {
      "type": "Feature",
      "id": "BLDG-351",
      "properties": {
        "id": "BLDG-351",
        "layer": "BUILDING_FOOTPRINT",
        "source_type": "agent_generated_design",
        "confidence": "low",
        "geometry_role": "design_proposal",
        "building_type": "retail",
        "parent_land_use": "LU-005",
        "name_zh": "点式商业盒（示意体量）",
        "usage_note": "概念体量示意，不代表建筑高度、容积率或地块拆分结论",
        "area_sqm_declared": 1600.0
      },
      "geometry": {
        "type": "Polygon",
        "coordinates": [
          [
            [
              116.34996574098749,
              40.01543763672588
            ],
            [
              116.34996232318964,
              40.015797860475075
            ],
            [
              116.3494938276847,
              40.01579523157785
            ],
            [
              116.3494972479454,
              40.015435007861996
            ],
            [
              116.34996574098749,
              40.01543763672588
            ]
          ]
        ]
      }
    },
    {
      "type": "Feature",
      "id": "BLDG-352",
      "properties": {
        "id": "BLDG-352",
        "layer": "BUILDING_FOOTPRINT",
        "source_type": "agent_generated_design",
        "confidence": "low",
        "geometry_role": "design_proposal",
        "building_type": "retail",
        "parent_land_use": "LU-005",
        "name_zh": "点式商业盒（示意体量）",
        "usage_note": "概念体量示意，不代表建筑高度、容积率或地块拆分结论",
        "area_sqm_declared": 1600.0
      },
      "geometry": {
        "type": "Polygon",
        "coordinates": [
          [
            [
              116.34995890533025,
              40.01615808420157
            ],
            [
              116.34995548740933,
              40.016518307905365
            ],
            [
              116.34948698697855,
              40.016515678941445
            ],
            [
              116.3494904073624,
              40.01615545527099
            ],
            [
              116.34995890533025,
              40.01615808420157
            ]
          ]
        ]
      }
    },
    {
      "type": "Feature",
      "id": "BLDG-353",
      "properties": {
        "id": "BLDG-353",
        "layer": "BUILDING_FOOTPRINT",
        "source_type": "agent_generated_design",
        "confidence": "low",
        "geometry_role": "design_proposal",
        "building_type": "retail",
        "parent_land_use": "LU-005",
        "name_zh": "点式商业盒（示意体量）",
        "usage_note": "概念体量示意，不代表建筑高度、容积率或地块拆分结论",
        "area_sqm_declared": 1600.0
      },
      "geometry": {
        "type": "Polygon",
        "coordinates": [
          [
            [
              116.34995206942688,
              40.01687853158646
            ],
            [
              116.34994865138287,
              40.01723875524483
            ],
            [
              116.34948014602608,
              40.01723612621422
            ],
            [
              116.34948356653311,
              40.016875902589184
            ],
            [
              116.34995206942688,
              40.01687853158646
            ]
          ]
        ]
      }
    },
    {
      "type": "Feature",
      "id": "BLDG-354",
      "properties": {
        "id": "BLDG-354",
        "layer": "BUILDING_FOOTPRINT",
        "source_type": "agent_generated_design",
        "confidence": "low",
        "geometry_role": "design_proposal",
        "building_type": "retail",
        "parent_land_use": "LU-005",
        "name_zh": "点式商业盒（示意体量）",
        "usage_note": "概念体量示意，不代表建筑高度、容积率或地块拆分结论",
        "area_sqm_declared": 1600.0
      },
      "geometry": {
        "type": "Polygon",
        "coordinates": [
          [
            [
              116.34994523327735,
              40.017598978880514
            ],
            [
              116.34994181511027,
              40.017959202493486
            ],
            [
              116.34947330482726,
              40.01795657339618
            ],
            [
              116.34947672545745,
              40.01759634981655
            ],
            [
              116.34994523327735,
              40.017598978880514
            ]
          ]
        ]
      }
    },
    {
      "type": "Feature",
      "id": "BLDG-355",
      "properties": {
        "id": "BLDG-355",
        "layer": "BUILDING_FOOTPRINT",
        "source_type": "agent_generated_design",
        "confidence": "low",
        "geometry_role": "design_proposal",
        "building_type": "retail",
        "parent_land_use": "LU-005",
        "name_zh": "点式商业盒（示意体量）",
        "usage_note": "概念体量示意，不代表建筑高度、容积率或地块拆分结论",
        "area_sqm_declared": 1600.0
      },
      "geometry": {
        "type": "Polygon",
        "coordinates": [
          [
            [
              116.34993839688164,
              40.01831942608375
            ],
            [
              116.34993497859149,
              40.018679649651325
            ],
            [
              116.3494664633821,
              40.01867702048732
            ],
            [
              116.34946988413547,
              40.0183167969531
            ],
            [
              116.34993839688164,
              40.01831942608375
            ]
          ]
        ]
      }
    },
    {
      "type": "Feature",
      "id": "BLDG-356",
      "properties": {
        "id": "BLDG-356",
        "layer": "BUILDING_FOOTPRINT",
        "source_type": "agent_generated_design",
        "confidence": "low",
        "geometry_role": "design_proposal",
        "building_type": "retail",
        "parent_land_use": "LU-005",
        "name_zh": "点式商业盒（示意体量）",
        "usage_note": "概念体量示意，不代表建筑高度、容积率或地块拆分结论",
        "area_sqm_declared": 1600.0
      },
      "geometry": {
        "type": "Polygon",
        "coordinates": [
          [
            [
              116.3499315602398,
              40.019039873196185
            ],
            [
              116.34992814182654,
              40.019400096718336
            ],
            [
              116.34945962169061,
              40.01939746748764
            ],
            [
              116.34946304256715,
              40.019037243998824
            ],
            [
              116.3499315602398,
              40.019039873196185
            ]
          ]
        ]
      }
    },
    {
      "type": "Feature",
      "id": "BLDG-357",
      "properties": {
        "id": "BLDG-357",
        "layer": "BUILDING_FOOTPRINT",
        "source_type": "agent_generated_design",
        "confidence": "low",
        "geometry_role": "design_proposal",
        "building_type": "retail",
        "parent_land_use": "LU-005",
        "name_zh": "点式商业盒（示意体量）",
        "usage_note": "概念体量示意，不代表建筑高度、容积率或地块拆分结论",
        "area_sqm_declared": 1600.0
      },
      "geometry": {
        "type": "Polygon",
        "coordinates": [
          [
            [
              116.34992472335173,
              40.019760320217785
            ],
            [
              116.34992130481541,
              40.02012054369453
            ],
            [
              116.34945277975274,
              40.02011791439715
            ],
            [
              116.34945620075247,
              40.01975769095375
            ],
            [
              116.34992472335173,
              40.019760320217785
            ]
          ]
        ]
      }
    },
    {
      "type": "Feature",
      "id": "BLDG-358",
      "properties": {
        "id": "BLDG-358",
        "layer": "BUILDING_FOOTPRINT",
        "source_type": "agent_generated_design",
        "confidence": "low",
        "geometry_role": "design_proposal",
        "building_type": "retail",
        "parent_land_use": "LU-005",
        "name_zh": "点式商业盒（示意体量）",
        "usage_note": "概念体量示意，不代表建筑高度、容积率或地块拆分结论",
        "area_sqm_declared": 1600.0
      },
      "geometry": {
        "type": "Polygon",
        "coordinates": [
          [
            [
              116.34991788621751,
              40.020480767148584
            ],
            [
              116.34991446755805,
              40.02084099057993
            ],
            [
              116.3494459375685,
              40.02083836121584
            ],
            [
              116.34944935869143,
              40.02047813781784
            ],
            [
              116.34991788621751,
              40.020480767148584
            ]
          ]
        ]
      }
    },
    {
      "type": "Feature",
      "id": "BLDG-359",
      "properties": {
        "id": "BLDG-359",
        "layer": "BUILDING_FOOTPRINT",
        "source_type": "agent_generated_design",
        "confidence": "low",
        "geometry_role": "design_proposal",
        "building_type": "retail",
        "parent_land_use": "LU-005",
        "name_zh": "点式商业盒（示意体量）",
        "usage_note": "概念体量示意，不代表建筑高度、容积率或地块拆分结论",
        "area_sqm_declared": 1600.0
      },
      "geometry": {
        "type": "Polygon",
        "coordinates": [
          [
            [
              116.34991104883709,
              40.021201213988554
            ],
            [
              116.34990763005453,
              40.0215614373745
            ],
            [
              116.34943909513788,
              40.0215588079437
            ],
            [
              116.34944251638399,
              40.02119858459112
            ],
            [
              116.34991104883709,
              40.021201213988554
            ]
          ]
        ]
      }
    },
    {
      "type": "Feature",
      "id": "BLDG-360",
      "properties": {
        "id": "BLDG-360",
        "layer": "BUILDING_FOOTPRINT",
        "source_type": "agent_generated_design",
        "confidence": "low",
        "geometry_role": "design_proposal",
        "building_type": "retail",
        "parent_land_use": "LU-005",
        "name_zh": "点式商业盒（示意体量）",
        "usage_note": "概念体量示意，不代表建筑高度、容积率或地块拆分结论",
        "area_sqm_declared": 1600.0
      },
      "geometry": {
        "type": "Polygon",
        "coordinates": [
          [
            [
              116.34990421121043,
              40.02192166073771
            ],
            [
              116.34990079230477,
              40.02228188407823
            ],
            [
              116.34943225246089,
              40.02227925458075
            ],
            [
              116.34943567383017,
              40.02191903127357
            ],
            [
              116.34990421121043,
              40.02192166073771
            ]
          ]
        ]
      }
    },
    {
      "type": "Feature",
      "id": "BLDG-361",
      "properties": {
        "id": "BLDG-361",
        "layer": "BUILDING_FOOTPRINT",
        "source_type": "agent_generated_design",
        "confidence": "low",
        "geometry_role": "design_proposal",
        "building_type": "retail",
        "parent_land_use": "LU-005",
        "name_zh": "点式商业盒（示意体量）",
        "usage_note": "概念体量示意，不代表建筑高度、容积率或地块拆分结论",
        "area_sqm_declared": 1600.0
      },
      "geometry": {
        "type": "Polygon",
        "coordinates": [
          [
            [
              116.34989737333757,
              40.022642107396045
            ],
            [
              116.34989395430881,
              40.02300233069116
            ],
            [
              116.34942540953746,
              40.02299970112697
            ],
            [
              116.34942883102997,
              40.02263947786521
            ],
            [
              116.34989737333757,
              40.022642107396045
            ]
          ]
        ]
      }
    },
    {
      "type": "Feature",
      "id": "BLDG-362",
      "properties": {
        "id": "BLDG-362",
        "layer": "BUILDING_FOOTPRINT",
        "source_type": "agent_generated_design",
        "confidence": "low",
        "geometry_role": "design_proposal",
        "building_type": "retail",
        "parent_land_use": "LU-005",
        "name_zh": "点式商业盒（示意体量）",
        "usage_note": "概念体量示意，不代表建筑高度、容积率或地块拆分结论",
        "area_sqm_declared": 1600.0
      },
      "geometry": {
        "type": "Polygon",
        "coordinates": [
          [
            [
              116.35089302594555,
              40.022647688859564
            ],
            [
              116.35088961215224,
              40.02300791222548
            ],
            [
              116.35042106725012,
              40.02300528668662
            ],
            [
              116.3504244835072,
              40.02264506335403
            ],
            [
              116.35089302594555,
              40.022647688859564
            ]
          ]
        ]
      }
    },
    {
      "type": "Feature",
      "id": "BLDG-363",
      "properties": {
        "id": "BLDG-363",
        "layer": "BUILDING_FOOTPRINT",
        "source_type": "agent_generated_design",
        "confidence": "low",
        "geometry_role": "design_proposal",
        "building_type": "retail",
        "parent_land_use": "LU-005",
        "name_zh": "点式商业盒（示意体量）",
        "usage_note": "概念体量示意，不代表建筑高度、容积率或地块拆分结论",
        "area_sqm_declared": 1600.0
      },
      "geometry": {
        "type": "Polygon",
        "coordinates": [
          [
            [
              116.34989053521849,
              40.02336255396357
            ],
            [
              116.34988711606658,
              40.02372277721327
            ],
            [
              116.34941856636763,
              40.023720147582374
            ],
            [
              116.34942198798335,
              40.023359924366034
            ],
            [
              116.34989053521849,
              40.02336255396357
            ]
          ]
        ]
      }
    },
    {
      "type": "Feature",
      "id": "BLDG-364",
      "properties": {
        "id": "BLDG-364",
        "layer": "BUILDING_FOOTPRINT",
        "source_type": "agent_generated_design",
        "confidence": "low",
        "geometry_role": "design_proposal",
        "building_type": "retail",
        "parent_land_use": "LU-005",
        "name_zh": "点式商业盒（示意体量）",
        "usage_note": "概念体量示意，不代表建筑高度、容积率或地块拆分结论",
        "area_sqm_declared": 1600.0
      },
      "geometry": {
        "type": "Polygon",
        "coordinates": [
          [
            [
              116.35088619829746,
              40.02336813556868
            ],
            [
              116.35088278438121,
              40.023728358889166
            ],
            [
              116.35041423455151,
              40.02372573328372
            ],
            [
              116.35041765093156,
              40.02336550999654
            ],
            [
              116.35088619829746,
              40.02336813556868
            ]
          ]
        ]
      }
    },
    {
      "type": "Feature",
      "id": "BLDG-365",
      "properties": {
        "id": "BLDG-365",
        "layer": "BUILDING_FOOTPRINT",
        "source_type": "agent_generated_design",
        "confidence": "low",
        "geometry_role": "design_proposal",
        "building_type": "retail",
        "parent_land_use": "LU-005",
        "name_zh": "点式商业盒（示意体量）",
        "usage_note": "概念体量示意，不代表建筑高度、容积率或地块拆分结论",
        "area_sqm_declared": 1600.0
      },
      "geometry": {
        "type": "Polygon",
        "coordinates": [
          [
            [
              116.34988369685315,
              40.024083000440264
            ],
            [
              116.34988027757812,
              40.02444322364456
            ],
            [
              116.34941172295137,
              40.02444059394697
            ],
            [
              116.34941514469033,
              40.024080370776026
            ],
            [
              116.34988369685315,
              40.024083000440264
            ]
          ]
        ]
      }
    },
    {
      "type": "Feature",
      "id": "BLDG-366",
      "properties": {
        "id": "BLDG-366",
        "layer": "BUILDING_FOOTPRINT",
        "source_type": "agent_generated_design",
        "confidence": "low",
        "geometry_role": "design_proposal",
        "building_type": "retail",
        "parent_land_use": "LU-005",
        "name_zh": "点式商业盒（示意体量）",
        "usage_note": "概念体量示意，不代表建筑高度、容积率或地块拆分结论",
        "area_sqm_declared": 1600.0
      },
      "geometry": {
        "type": "Polygon",
        "coordinates": [
          [
            [
              116.3508793704035,
              40.02408858218697
            ],
            [
              116.35087595636433,
              40.02444880546204
            ],
            [
              116.3504074016068,
              40.02444617978999
            ],
            [
              116.35041081810992,
              40.024085956548205
            ],
            [
              116.3508793704035,
              40.02408858218697
            ]
          ]
        ]
      }
    },
    {
      "type": "Feature",
      "id": "BLDG-367",
      "properties": {
        "id": "BLDG-367",
        "layer": "BUILDING_FOOTPRINT",
        "source_type": "agent_generated_design",
        "confidence": "low",
        "geometry_role": "design_proposal",
        "building_type": "retail",
        "parent_land_use": "LU-005",
        "name_zh": "点式商业盒（示意体量）",
        "usage_note": "概念体量示意，不代表建筑高度、容积率或地块拆分结论",
        "area_sqm_declared": 1600.0
      },
      "geometry": {
        "type": "Polygon",
        "coordinates": [
          [
            [
              116.35087254226369,
              40.02480902871443
            ],
            [
              116.35086912810156,
              40.025169251944114
            ],
            [
              116.35040056841608,
              40.02516662620545
            ],
            [
              116.35040398504219,
              40.02480640300907
            ],
            [
              116.35087254226369,
              40.02480902871443
            ]
          ]
        ]
      }
    },
    {
      "type": "Feature",
      "id": "BLDG-368",
      "properties": {
        "id": "BLDG-368",
        "layer": "BUILDING_FOOTPRINT",
        "source_type": "agent_generated_design",
        "confidence": "low",
        "geometry_role": "design_proposal",
        "building_type": "retail",
        "parent_land_use": "LU-005",
        "name_zh": "点式商业盒（示意体量）",
        "usage_note": "概念体量示意，不代表建筑高度、容积率或地块拆分结论",
        "area_sqm_declared": 1600.0
      },
      "geometry": {
        "type": "Polygon",
        "coordinates": [
          [
            [
              116.35086571387797,
              40.025529475151075
            ],
            [
              116.35086229959289,
              40.02588969833535
            ],
            [
              116.35039373497926,
              40.02588707253008
            ],
            [
              116.35039715172842,
              40.02552684937912
            ],
            [
              116.35086571387797,
              40.025529475151075
            ]
          ]
        ]
      }
    }
  ]
}