{
  "type": "FeatureCollection",
  "name": "green_space_qi_pulse",
  "features": [
    {
      "type": "Feature",
      "id": "GREEN-001",
      "properties": {
        "id": "GREEN-001",
        "layer": "GREEN_SPACE",
        "source_type": "agent_generated_design",
        "confidence": "medium",
        "geometry_role": "design_proposal",
        "name_zh": "京张气脉主廊（遗址公园绿脊）",
        "name_en": "Qi-Pulse Heritage Greenway",
        "green_type": "park_green_1401",
        "derived_from_land_use": "LU-003",
        "area_sqm_declared": 2331745.82
      },
      "geometry": {
        "type": "Polygon",
        "coordinates": [
          [
            [
              116.34481070274865,
              39.93916012633703
            ],
            [
              116.34482482890283,
              39.93937913467955
            ],
            [
              116.3448389480824,
              39.93959814297297
            ],
            [
              116.34485305680208,
              39.93981715119758
            ],
            [
              116.34486715157931,
              39.940036159333744
            ],
            [
              116.34488122893482,
              39.940255167361755
            ],
            [
              116.3448952853938,
              39.940474175262025
            ],
            [
              116.34490931748641,
              39.940693183014936
            ],
            [
              116.344923321749,
              39.940912190600926
            ],
            [
              116.34493729472464,
              39.941131198000484
            ],
            [
              116.34495123296423,
              39.94135020519412
            ],
            [
              116.34496513302719,
              39.941569212162406
            ],
            [
              116.34497899148234,
              39.94178821888599
            ],
            [
              116.34499280490878,
              39.94200722534553
            ],
            [
              116.34500656989678,
              39.9422262315218
            ],
            [
              116.34502028304853,
              39.94244523739561
            ],
            [
              116.34503394097888,
              39.942664242947856
            ],
            [
              116.34504754031651,
              39.942883248159504
            ],
            [
              116.34506107770446,
              39.943102253011624
            ],
            [
              116.34507454980101,
              39.943321257485344
            ],
            [
              116.34508795328064,
              39.9435402615619
            ],
            [
              116.34510128483474,
              39.94375926522264
            ],
            [
              116.34511454117235,
              39.94397826844898
            ],
            [
              116.3451277190212,
              39.94419727122248
            ],
            [
              116.34514081512836,
              39.94441627352477
            ],
            [
              116.34515382626094,
              39.944635275337625
            ],
            [
              116.3451667492072,
              39.944854276642936
            ],
            [
              116.34517958077703,
              39.94507327742269
            ],
            [
              116.34519231780291,
              39.94529227765905
            ],
            [
              116.3452049571407,
              39.94551127733426
            ],
            [
              116.34521749567021,
              39.94573027643078
            ],
            [
              116.34522993029633,
              39.945949274931095
            ],
            [
              116.34524225794938,
              39.94616827281794
            ],
            [
              116.34525447558623,
              39.946387270074155
            ],
            [
              116.34526658019082,
              39.94660626668272
            ],
            [
              116.34527856877506,
              39.946825262626824
            ],
            [
              116.34529043837931,
              39.94704425788976
            ],
            [
              116.34530218607348,
              39.947263252455
            ],
            [
              116.34531380895743,
              39.94748224630625
            ],
            [
              116.34532530416189,
              39.94770123942732
            ],
            [
              116.34533666884909,
              39.947920231802215
            ],
            [
              116.3453479002134,
              39.94813922341511
            ],
            [
              116.34535899548212,
              39.948358214250426
            ],
            [
              116.3453699519162,
              39.9485772042927
            ],
            [
              116.34538076681068,
              39.9487961935267
            ],
            [
              116.34539143749569,
              39.94901518193739
            ],
            [
              116.34540196133688,
              39.94923416950993
            ],
            [
              116.34541233573611,
              39.9494531562297
            ],
            [
              116.34542255813211,
              39.949672142082264
            ],
            [
              116.34543262600114,
              39.949891127053405
            ],
            [
              116.34544253685762,
              39.950110111129135
            ],
            [
              116.3454522882546,
              39.95032909429567
            ],
            [
              116.34546187778457,
              39.95054807653945
            ],
            [
              116.34547130307999,
              39.95076705784713
            ],
            [
              116.34548056181372,
              39.95098603820567
            ],
            [
              116.3454896516998,
              39.95120501760215
            ],
            [
              116.34549857049393,
              39.95142399602391
            ],
            [
              116.34550731599397,
              39.95164297345861
            ],
            [
              116.34551588604062,
              39.95186194989407
            ],
            [
              116.34552427851779,
              39.952080925318384
            ],
            [
              116.34553249135327,
              39.952299899719875
            ],
            [
              116.34554052251909,
              39.95251887308712
            ],
            [
              116.34554837003222,
              39.95273784540901
            ],
            [
              116.34555603195486,
              39.95295681667457
            ],
            [
              116.34556350639497,
              39.95317578687323
            ],
            [
              116.34557079150686,
              39.953394755994516
            ],
            [
              116.34557788549154,
              39.95361372402836
            ],
            [
              116.34558478659709,
              39.95383269096489
            ],
            [
              116.34559149311931,
              39.954051656794526
            ],
            [
              116.34559800340189,
              39.95427062150792
            ],
            [
              116.34560431583704,
              39.95448958509605
            ],
            [
              116.34561042886567,
              39.95470854755013
            ],
            [
              116.34561634097804,
              39.95492750886169
            ],
            [
              116.3456220507138,
              39.955146469022466
            ],
            [
              116.34562755666272,
              39.955365428024564
            ],
            [
              116.34563285746474,
              39.95558438586031
            ],
            [
              116.34563795181042,
              39.95580334252236
            ],
            [
              116.3456428384413,
              39.956022298003596
            ],
            [
              116.34564751615017,
              39.95624125229727
            ],
            [
              116.34565198378134,
              39.95646020539685
            ],
            [
              116.34565624023095,
              39.95667915729611
            ],
            [
              116.34566028444726,
              39.95689810798917
            ],
            [
              116.34566411543095,
              39.95711705747037
            ],
            [
              116.3456677322352,
              39.95733600573441
            ],
            [
              116.34567113396608,
              39.95755495277627
            ],
            [
              116.34567431978282,
              39.957773898591164
            ],
            [
              116.34567728889775,
              39.95799284317473
            ],
            [
              116.34568004057684,
              39.95821178652278
            ],
            [
              116.3456825741396,
              39.95843072863151
            ],
            [
              116.34568488895935,
              39.95864966949738
            ],
            [
              116.34568698446348,
              39.958868609117175
            ],
            [
              116.34568886013342,
              39.95908754748798
            ],
            [
              116.34569051550483,
              39.959306484607175
            ],
            [
              116.34569195016776,
              39.95952542047244
            ],
            [
              116.3456931637667,
              39.959744355081774
            ],
            [
              116.34569415600072,
              39.9599632884335
            ],
            [
              116.34569492662345,
              39.9601822205262
            ],
            [
              116.3456954754432,
              39.96040115135881
            ],
            [
              116.34569580232308,
              39.96062008093056
            ],
            [
              116.3456959071809,
              39.96083900924096
            ],
            [
              116.34569578998926,
              39.961057936289876
            ],
            [
              116.34569545077555,
              39.96127686207745
            ],
            [
              116.34569488962197,
              39.96149578660412
            ],
            [
              116.3456941066654,
              39.96171470987068
            ],
            [
              116.34569310209754,
              39.961933631878175
            ],
            [
              116.34569187616475,
              39.962152552628005
            ],
            [
              116.34569042916793,
              39.96237147212184
            ],
            [
              116.34568876146264,
              39.96259039036169
            ],
            [
              116.34568687345876,
              39.96280930734985
            ],
            [
              116.3456847656207,
              39.96302822308892
            ],
            [
              116.34568243846695,
              39.9632471375818
            ],
            [
              116.3456798925702,
              39.963466050831734
            ],
            [
              116.34567712855707,
              39.96368496284222
            ],
            [
              116.34567414710807,
              39.96390387361706
            ],
            [
              116.34567094895723,
              39.96412278316042
            ],
            [
              116.34566753489219,
              39.9643416914767
            ],
            [
              116.34566390575372,
              39.9645605985706
            ],
            [
              116.34566006243581,
              39.964779504447165
            ],
            [
              116.3456560058852,
              39.96499840911173
            ],
            [
              116.34565173710125,
              39.96521731256988
            ],
            [
              116.34564725713568,
              39.96543621482752
            ],
            [
              116.34564256709237,
              39.965655115890875
            ],
            [
              116.34563766812697,
              39.96587401576644
            ],
            [
              116.34563256144669,
              39.96609291446097
            ],
            [
              116.34562724831005,
              39.96631181198157
            ],
            [
              116.34562173002641,
              39.96653070833557
            ],
            [
              116.34561600795587,
              39.96674960353062
            ],
            [
              116.34561008350867,
              39.966968497574676
            ],
            [
              116.3456039581451,
              39.9671873904759
            ],
            [
              116.34559763337498,
              39.96740628224282
            ],
            [
              116.34559111075731,
              39.96762517288417
            ],
            [
              116.34558439189995,
              39.967844062409
            ],
            [
              116.34557747845915,
              39.96806295082663
            ],
            [
              116.34557037213915,
              39.96828183814664
            ],
            [
              116.34556307469184,
              39.96850072437888
            ],
            [
              116.34555558791621,
              39.968719609533444
            ],
            [
              116.34554791365801,
              39.96893849362075
            ],
            [
              116.3455400538092,
              39.969157376651395
            ],
            [
              116.34553201030758,
              39.96937625863632
            ],
            [
              116.34552378513622,
              39.96959513958667
            ],
            [
              116.34551538032308,
              39.96981401951383
            ],
            [
              116.34550679794033,
              39.97003289842947
            ],
            [
              116.34549804010409,
              39.970251776345485
            ],
            [
              116.34548910897368,
              39.97047065327405
            ],
            [
              116.3454800067512,
              39.97068952922753
            ],
            [
              116.34547073568099,
              39.97090840421857
            ],
            [
              116.34546129804895,
              39.97112727826002
            ],
            [
              116.34545169618224,
              39.971346151365
            ],
            [
              116.34544193244841,
              39.97156502354679
            ],
            [
              116.345432009255,
              39.971783894818984
            ],
            [
              116.34542192904888,
              39.97200276519533
            ],
            [
              116.34541169431569,
              39.972221634689845
            ],
            [
              116.34540130757915,
              39.97244050331669
            ],
            [
              116.34539077140055,
              39.97265937109033
            ],
            [
              116.34538008837796,
              39.97287823802539
            ],
            [
              116.3453692611458,
              39.97309710413669
            ],
            [
              116.34535829237394,
              39.97331596943925
            ],
            [
              116.34534718476729,
              39.973534833948335
            ],
            [
              116.34533594106493,
              39.97375369767936
            ],
            [
              116.34532456403954,
              39.97397256064793
            ],
            [
              116.34531305649678,
              39.97419142286986
            ],
            [
              116.34530142127437,
              39.97441028436115
            ],
            [
              116.34528966124164,
              39.97462914513793
            ],
            [
              116.34527777929868,
              39.974848005216586
            ],
            [
              116.34526577837563,
              39.975066864613574
            ],
            [
              116.34525366143207,
              39.97528572334563
            ],
            [
              116.34524143145613,
              39.97550458142954
            ],
            [
              116.34522909146382,
              39.97572343888234
            ],
            [
              116.34521664449836,
              39.97594229572116
            ],
            [
              116.34520409362935,
              39.97616115196331
            ],
            [
              116.34519144195195,
              39.97638000762626
            ],
            [
              116.34517869258627,
              39.97659886272759
            ],
            [
              116.34516584867652,
              39.97681771728501
            ],
            [
              116.34515291339025,
              39.97703657131639
            ],
            [
              116.3451398899175,
              39.97725542483973
            ],
            [
              116.34512678147004,
              39.97747427787314
            ],
            [
              116.34511359128074,
              39.97769313043485
            ],
            [
              116.34510032260255,
              39.97791198254321
            ],
            [
              116.34508697870774,
              39.97813083421669
            ],
            [
              116.34507356288726,
              39.978349685473844
            ],
            [
              116.3450600784497,
              39.97856853633334
            ],
            [
              116.34504652872064,
              39.97878738681396
            ],
            [
              116.34503291704176,
              39.97900623693456
            ],
            [
              116.34501924677,
              39.97922508671405
            ],
            [
              116.34500552127673,
              39.979443936171506
            ],
            [
              116.34499174394709,
              39.979662785326
            ],
            [
              116.34497791817884,
              39.97988163419675
            ],
            [
              116.34496404738174,
              39.98010048280299
            ],
            [
              116.34495013497676,
              39.98031933116401
            ],
            [
              116.34493618439497,
              39.98053817929923
            ],
            [
              116.344922199077,
              39.98075702722806
            ],
            [
              116.344908182472,
              39.98097587496997
            ],
            [
              116.34489413803679,
              39.98119472254448
            ],
            [
              116.34488006923513,
              39.981413569971195
            ],
            [
              116.34486597953679,
              39.9816324172697
            ],
            [
              116.3448518724166,
              39.98185126445959
            ],
            [
              116.34483775135384,
              39.982070111560574
            ],
            [
              116.34482361983108,
              39.982288958592314
            ],
            [
              116.34480948133358,
              39.98250780557451
            ],
            [
              116.34479533934831,
              39.98272665252686
            ],
            [
              116.344781197363,
              39.98294549946908
            ],
            [
              116.34476705886549,
              39.98316434642091
            ],
            [
              116.3447529273427,
              39.98338319340204
            ],
            [
              116.34473880627986,
              39.98360204043218
            ],
            [
              116.34472469915966,
              39.98382088753102
            ],
            [
              116.34471060946123,
              39.984039734718245
            ],
            [
              116.34469654065947,
              39.98425858201351
            ],
            [
              116.34468249622417,
              39.984477429436424
            ],
            [
              116.34466847961905,
              39.98469627700659
            ],
            [
              116.34465449430091,
              39.98491512474357
            ],
            [
              116.344640543719,
              39.985133972666866
            ],
            [
              116.34462663131383,
              39.98535282079595
            ],
            [
              116.34461276051658,
              39.985571669150254
            ],
            [
              116.34459893474813,
              39.985790517749116
            ],
            [
              116.34458515741825,
              39.98600936661183
            ],
            [
              116.34457143192476,
              39.98622821575766
            ],
            [
              116.34455776165277,
              39.98644706520574
            ],
            [
              116.3445441499736,
              39.98666591497517
            ],
            [
              116.34453060024424,
              39.98688476508495
            ],
            [
              116.34451711580637,
              39.987103615554
            ],
            [
              116.34450369998554,
              39.987322466401146
            ],
            [
              116.34449035609038,
              39.98754131764514
            ],
            [
              116.3444770874118,
              39.98776016930462
            ],
            [
              116.34446389722214,
              39.98797902139811
            ],
            [
              116.34445078877425,
              39.988197873944046
            ],
            [
              116.34443776530105,
              39.98841672696075
            ],
            [
              116.34442483001426,
              39.98863558046639
            ],
            [
              116.34441198610406,
              39.98885443447907
            ],
            [
              116.34439923673787,
              39.98907328901673
            ],
            [
              116.34438658505991,
              39.98929214409719
            ],
            [
              116.34437403419031,
              39.98951099973813
            ],
            [
              116.34436158722421,
              39.989729855957094
            ],
            [
              116.34434924723129,
              39.989948712771486
            ],
            [
              116.34433701725465,
              39.99016757019856
            ],
            [
              116.3443249003104,
              39.990386428255405
            ],
            [
              116.34431289938661,
              39.990605286958974
            ],
            [
              116.34430101744287,
              39.99082414632604
            ],
            [
              116.34428925740932,
              39.99104300637324
            ],
            [
              116.3442776221861,
              39.99126186711698
            ],
            [
              116.34426611464242,
              39.991480728573585
            ],
            [
              116.34425473761611,
              39.99169959075911
            ],
            [
              116.34424349391281,
              39.9919184536895
            ],
            [
              116.34423238630517,
              39.99213731738047
            ],
            [
              116.34422141753224,
              39.99235618184754
            ],
            [
              116.34421059029899,
              39.992575047106094
            ],
            [
              116.34419990727531,
              39.99279391317127
            ],
            [
              116.34418937109554,
              39.99301278005801
            ],
            [
              116.3441789843578,
              39.99323164778105
            ],
            [
              116.34416874962336,
              39.993450516354955
            ],
            [
              116.34415866941595,
              39.99366938579402
            ],
            [
              116.34414874622118,
              39.99388825611239
            ],
            [
              116.34413898248597,
              39.99410712732392
            ],
            [
              116.3441293806178,
              39.994325999442275
            ],
            [
              116.34411994298434,
              39.994544872480944
            ],
            [
              116.34411067191256,
              39.99476374645309
            ],
            [
              116.34410156968849,
              39.994982621371726
            ],
            [
              116.34409263855646,
              39.99520149724958
            ],
            [
              116.34408388071854,
              39.99542037409914
            ],
            [
              116.34407529833412,
              39.99563925193272
            ],
            [
              116.3440668935192,
              39.995858130762294
            ],
            [
              116.34405866834604,
              39.996077010599656
            ],
            [
              116.34405062484254,
              39.99629589145632
            ],
            [
              116.34404276499181,
              39.996514773343556
            ],
            [
              116.34403509073162,
              39.99673365627236
            ],
            [
              116.34402760395399,
              39.99695254025347
            ],
            [
              116.34402030650462,
              39.99717142529742
            ],
            [
              116.34401320018252,
              39.9973903114144
            ],
            [
              116.3440062867395,
              39.99760919861437
            ],
            [
              116.34399956787992,
              39.997828086907006
            ],
            [
              116.34399304526,
              39.99804697630174
            ],
            [
              116.34398672048756,
              39.99826586680769
            ],
            [
              116.34398059512165,
              39.99848475843374
            ],
            [
              116.34397467067204,
              39.99870365118846
            ],
            [
              116.34396894859907,
              39.99892254508015
            ],
            [
              116.34396343031293,
              39.999141440116816
            ],
            [
              116.34395811717371,
              39.99936033630622
            ],
            [
              116.34395301049086,
              39.99957923365577
            ],
            [
              116.34394811152282,
              39.99979813217267
            ],
            [
              116.34394342147684,
              40.00001703186376
            ],
            [
              116.34393894150857,
              40.000235932735585
            ],
            [
              116.34393467272184,
              40.000454834794446
            ],
            [
              116.34393061616841,
              40.00067373804634
            ],
            [
              116.34392677284765,
              40.00089264249693
            ],
            [
              116.34392314370638,
              40.00111154815161
            ],
            [
              116.34391972963839,
              40.00133045501546
            ],
            [
              116.34391653148464,
              40.00154936309328
            ],
            [
              116.34391355003262,
              40.00176827238953
            ],
            [
              116.34391078601651,
              40.00198718290841
            ],
            [
              116.34390824011673,
              40.002206094653765
            ],
            [
              116.34390591295991,
              40.00242500762918
            ],
            [
              116.34390380511877,
              40.002643921837915
            ],
            [
              116.34390191711182,
              40.0028628372829
            ],
            [
              116.34390024940336,
              40.00308175396681
            ],
            [
              116.34389880240342,
              40.003300671891964
            ],
            [
              116.34389757646746,
              40.00351959106041
            ],
            [
              116.34389657189642,
              40.003738511473834
            ],
            [
              116.34389578893669,
              40.00395743313364
            ],
            [
              116.3438952277799,
              40.004176356040965
            ],
            [
              116.343894888563,
              40.00439528019654
            ],
            [
              116.34389477136814,
              40.00461420560087
            ],
            [
              116.34389487622278,
              40.00483313225409
            ],
            [
              116.34389520309944,
              40.00505206015609
            ],
            [
              116.343895751916,
              40.00527098930637
            ],
            [
              116.34389652253552,
              40.005489919704175
            ],
            [
              116.34389751476634,
              40.00570885134841
            ],
            [
              116.34389872836215,
              40.00592778423769
            ],
            [
              116.34390016302191,
              40.0061467183703
            ],
            [
              116.3439018183902,
              40.00636565374421
            ],
            [
              116.34390369405703,
              40.00658459035714
            ],
            [
              116.34390578955808,
              40.00680352820643
            ],
            [
              116.3439081043748,
              40.00702246728911
            ],
            [
              116.34391063793457,
              40.007241407601974
            ],
            [
              116.34391338961066,
              40.00746034914144
            ],
            [
              116.34391635872268,
              40.00767929190366
            ],
            [
              116.34391954453652,
              40.007898235884454
            ],
            [
              116.34392294626458,
              40.00811718107935
            ],
            [
              116.343926563066,
              40.00833612748358
            ],
            [
              116.34393039404694,
              40.00855507509206
            ],
            [
              116.34393443826062,
              40.00877402389943
            ],
            [
              116.34393869470763,
              40.00899297389999
            ],
            [
              116.34394316233626,
              40.0092119250878
            ],
            [
              116.34394784004263,
              40.009430877456566
            ],
            [
              116.34395272667115,
              40.009649830999734
            ],
            [
              116.3439578210145,
              40.009868785710445
            ],
            [
              116.34396312181428,
              40.01008774158155
            ],
            [
              116.34396862776107,
              40.01030669860562
            ],
            [
              116.3439743374948,
              40.010525656774924
            ],
            [
              116.34398024960518,
              40.01074461608145
            ],
            [
              116.34398636263198,
              40.01096357651694
            ],
            [
              116.34399267506535,
              40.011182538072774
            ],
            [
              116.34399918534629,
              40.01140150074012
            ],
            [
              116.34400589186697,
              40.01162046450984
            ],
            [
              116.34401279297114,
              40.01183942937254
            ],
            [
              116.3440198869545,
              40.01205839531854
            ],
            [
              116.34402717206524,
              40.012277362337876
            ],
            [
              116.34403464650431,
              40.01249633042036
            ],
            [
              116.34404230842604,
              40.01271529955549
            ],
            [
              116.34405015593838,
              40.012934269732526
            ],
            [
              116.34405818710358,
              40.01315324094048
            ],
            [
              116.34406639993858,
              40.013372213168104
            ],
            [
              116.3440747924154,
              40.01359118640384
            ],
            [
              116.34408336246186,
              40.01381016063596
            ],
            [
              116.3440921079619,
              40.01402913585246
            ],
            [
              116.34410102675615,
              40.01424811204103
            ],
            [
              116.34411011664253,
              40.01446708918924
            ],
            [
              116.34411937537674,
              40.0146860672843
            ],
            [
              116.34412880067276,
              40.01490504631327
            ],
            [
              116.3441383902036,
              40.01512402626291
            ],
            [
              116.34414814160158,
              40.015343007119796
            ],
            [
              116.34415805245922,
              40.01556198887029
            ],
            [
              116.34416812032963,
              40.01578097150046
            ],
            [
              116.34417834272718,
              40.01599995499623
            ],
            [
              116.34418871712815,
              40.016218939343304
            ],
            [
              116.34419924097126,
              40.0164379245271
            ],
            [
              116.34420991165844,
              40.0166569105329
            ],
            [
              116.3442207265553,
              40.01687589734578
            ],
            [
              116.34423168299193,
              40.01709488495056
            ],
            [
              116.34424277826344,
              40.017313873331915
            ],
            [
              116.34425400963072,
              40.01753286247431
            ],
            [
              116.34426537432113,
              40.01775185236201
            ],
            [
              116.344276869529,
              40.017970842979096
            ],
            [
              116.34428849241661,
              40.01818983430951
            ],
            [
              116.34430024011462,
              40.01840882633694
            ],
            [
              116.34431210972296,
              40.018627819044966
            ],
            [
              116.34432409831152,
              40.018846812416975
            ],
            [
              116.34433620292064,
              40.01906580643617
            ],
            [
              116.34434842056228,
              40.019284801085625
            ],
            [
              116.34436074822038,
              40.01950379634822
            ],
            [
              116.34437318285173,
              40.01972279220674
            ],
            [
              116.34438572138674,
              40.01994178864378
            ],
            [
              116.34439836073024,
              40.020160785641764
            ],
            [
              116.3444110977621,
              40.02037978318304
            ],
            [
              116.34442392933815,
              40.02059878124979
            ],
            [
              116.34443685229087,
              40.02081777982404
            ],
            [
              116.34444986343014,
              40.02103677888775
            ],
            [
              116.34446295954424,
              40.02125577842269
            ],
            [
              116.34447613740028,
              40.021474778410585
            ],
            [
              116.34448939374535,
              40.02169377883297
            ],
            [
              116.34450272530712,
              40.021912779671325
            ],
            [
              116.34451612879471,
              40.022131780906996
            ],
            [
              116.34452960089946,
              40.022350782521265
            ],
            [
              116.34454313829585,
              40.0225697844953
            ],
            [
              116.34455673764216,
              40.02278878681017
            ],
            [
              116.34457039558148,
              40.02300778944686
            ],
            [
              116.3445841087424,
              40.02322679238629
            ],
            [
              116.34459787373981,
              40.0234457956093
            ],
            [
              116.34461168717597,
              40.023664799096636
            ],
            [
              116.34462554564104,
              40.02388380282902
            ],
            [
              116.34463944571417,
              40.0241028067871
            ],
            [
              116.34465338396416,
              40.024321810951406
            ],
            [
              116.34466735695052,
              40.02454081530253
            ],
            [
              116.34468136122396,
              40.02475981982089
            ],
            [
              116.34469539332775,
              40.02497882448699
            ],
            [
              116.3447094497981,
              40.0251978292812
            ],
            [
              116.34472352716524,
              40.02541683418389
            ],
            [
              116.34473762195431,
              40.02563583917541
            ],
            [
              116.3447517306861,
              40.025854844236065
            ],
            [
              116.34476584987797,
              40.02607384934619
            ],
            [
              116.3447799760447,
              40.02629285448603
            ],
            [
              116.34479334666683,
              40.026500094905465
            ],
            [
              116.34760373763113,
              40.02650016285187
            ],
            [
              116.34759137817032,
              40.02630871722631
            ],
            [
              116.3475772430057,
              40.02608971235768
            ],
            [
              116.34756311481605,
              40.025870707518614
            ],
            [
              116.34754899708658,
              40.02565170272876
            ],
            [
              116.34753489329994,
              40.0254326980077
            ],
            [
              116.34752080693532,
              40.02521369337505
            ],
            [
              116.34750674146765,
              40.024994688850356
            ],
            [
              116.34749270036663,
              40.02477568445318
            ],
            [
              116.34747868709606,
              40.02455668020306
            ],
            [
              116.34746470511276,
              40.02433767611942
            ],
            [
              116.34745075786589,
              40.02411867222175
            ],
            [
              116.34743684879604,
              40.023899668529396
            ],
            [
              116.34742298133438,
              40.023680665061704
            ],
            [
              116.34740915890175,
              40.02346166183797
            ],
            [
              116.347395384908,
              40.02324265887738
            ],
            [
              116.34738166275089,
              40.023023656199115
            ],
            [
              116.34736799581555,
              40.02280465382225
            ],
            [
              116.34735438747332,
              40.02258565176578
            ],
            [
              116.34734084108118,
              40.02236665004864
            ],
            [
              116.34732735998084,
              40.02214764868966
            ],
            [
              116.34731394749777,
              40.02192864770763
            ],
            [
              116.34730060694069,
              40.021709647121156
            ],
            [
              116.3472873416005,
              40.02149064694884
            ],
            [
              116.34727415474948,
              40.021271647209105
            ],
            [
              116.34726104964057,
              40.021052647920314
            ],
            [
              116.34724802950664,
              40.02083364910072
            ],
            [
              116.34723509755945,
              40.02061465076842
            ],
            [
              116.3472222569891,
              40.02039565294142
            ],
            [
              116.3472095109631,
              40.020176655637584
            ],
            [
              116.34719686262564,
              40.019957658874674
            ],
            [
              116.34718431509684,
              40.019738662670264
            ],
            [
              116.34717187147189,
              40.019519667041855
            ],
            [
              116.34715953482039,
              40.01930067200674
            ],
            [
              116.3471473081855,
              40.01908167758213
            ],
            [
              116.34713519458332,
              40.01886268378502
            ],
            [
              116.34712319700193,
              40.01864369063228
            ],
            [
              116.34711131840092,
              40.01842469814065
            ],
            [
              116.34709956171042,
              40.01820570632663
            ],
            [
              116.34708792983055,
              40.01798671520662
            ],
            [
              116.3470764256306,
              40.017767724796805
            ],
            [
              116.34706505194832,
              40.01754873511324
            ],
            [
              116.34705381158938,
              40.01732974617174
            ],
            [
              116.34704270732642,
              40.01711075798796
            ],
            [
              116.34703174189856,
              40.01689177057739
            ],
            [
              116.34702091801063,
              40.01667278395531
            ],
            [
              116.34701023833264,
              40.01645379813676
            ],
            [
              116.34699970549892,
              40.01623481313669
            ],
            [
              116.34698932210756,
              40.01601582896971
            ],
            [
              116.3469790907198,
              40.01579684565033
            ],
            [
              116.34696901385945,
              40.0155778631928
            ],
            [
              116.34695909401208,
              40.01535888161116
            ],
            [
              116.34694933362458,
              40.01513990091923
            ],
            [
              116.34693973510447,
              40.01492092113062
            ],
            [
              116.3469303008194,
              40.01470194225872
            ],
            [
              116.34692103309636,
              40.014482964316656
            ],
            [
              116.3469119342214,
              40.01426398731737
            ],
            [
              116.3469030064388,
              40.01404501127355
            ],
            [
              116.34689425195062,
              40.01382603619763
            ],
            [
              116.3468856729163,
              40.013607062101805
            ],
            [
              116.34687727145183,
              40.013388088998035
            ],
            [
              116.34686904962943,
              40.01316911689806
            ],
            [
              116.34686100947705,
              40.012950145813335
            ],
            [
              116.3468531529778,
              40.01273117575506
            ],
            [
              116.3468454820694,
              40.01251220673421
            ],
            [
              116.34683799864389,
              40.012293238761444
            ],
            [
              116.34683070454697,
              40.01207427184722
            ],
            [
              116.3468236015777,
              40.011855306001706
            ],
            [
              116.34681669148785,
              40.01163634123481
            ],
            [
              116.34680997598174,
              40.01141737755618
            ],
            [
              116.34680345671563,
              40.01119841497516
            ],
            [
              116.34679713529735,
              40.010979453500845
            ],
            [
              116.34679101328591,
              40.01076049314206
            ],
            [
              116.34678509219113,
              40.010541533907336
            ],
            [
              116.34677937347328,
              40.01032257580494
            ],
            [
              116.3467738585426,
              40.010103618842834
            ],
            [
              116.3467685487592,
              40.0098846630287
            ],
            [
              116.34676344543247,
              40.00966570836997
            ],
            [
              116.34675854982088,
              40.00944675487375
            ],
            [
              116.34675386313168,
              40.009227802546846
            ],
            [
              116.34674938652049,
              40.00900885139581
            ],
            [
              116.34674512109116,
              40.0087899014269
            ],
            [
              116.34674106789545,
              40.00857095264603
            ],
            [
              116.34673722793276,
              40.008352005058896
            ],
            [
              116.34673360214984,
              40.00813305867079
            ],
            [
              116.34673019144054,
              40.00791411348683
            ],
            [
              116.34672699664576,
              40.00769516951172
            ],
            [
              116.34672401855305,
              40.00747622674992
            ],
            [
              116.34672125789652,
              40.00725728520562
            ],
            [
              116.34671871535663,
              40.007038344882616
            ],
            [
              116.34671639156002,
              40.00681940578449
            ],
            [
              116.34671428707938,
              40.00660046791445
            ],
            [
              116.34671240243323,
              40.00638153127542
            ],
            [
              116.34671073808589,
              40.00616259587007
            ],
            [
              116.34670929444734,
              40.005943661700684
            ],
            [
              116.34670807187302,
              40.00572472876926
            ],
            [
              116.34670707066398,
              40.005505797077504
            ],
            [
              116.3467062910665,
              40.00528686662682
            ],
            [
              116.34670573327222,
              40.00506793741826
            ],
            [
              116.34670539741816,
              40.00484900945261
            ],
            [
              116.34670528358639,
              40.00463008273037
            ],
            [
              116.34670539180438,
              40.00441115725162
            ],
            [
              116.34670572204467,
              40.004192233016234
            ],
            [
              116.34670627422516,
              40.00397331002374
            ],
            [
              116.34670704820886,
              40.00375438827335
            ],
            [
              116.3467080438041,
              40.003535467764
            ],
            [
              116.3467092607646,
              40.00331654849425
            ],
            [
              116.34671069878932,
              40.00309763046243
            ],
            [
              116.3467123575228,
              40.002878713666504
            ],
            [
              116.3467142365551,
              40.00265979810416
            ],
            [
              116.34671633542186,
              40.002440883772735
            ],
            [
              116.34671865360454,
              40.00222197066931
            ],
            [
              116.34672119053049,
              40.00200305879065
            ],
            [
              116.34672394557302,
              40.001784148133176
            ],
            [
              116.34672691805169,
              40.00156523869306
            ],
            [
              116.34673010723242,
              40.00134633046612
            ],
            [
              116.34673351232762,
              40.00112742344792
            ],
            [
              116.3467371324964,
              40.00090851763366
            ],
            [
              116.3467409668449,
              40.0006896130183
            ],
            [
              116.34674501442638,
              40.000470709596485
            ],
            [
              116.34674927424138,
              40.00025180736254
            ],
            [
              116.34675374523823,
              40.000032906310516
            ],
            [
              116.34675842631302,
              39.99981400643414
            ],
            [
              116.34676331631017,
              39.99959510772689
            ],
            [
              116.34676841402238,
              39.99937621018195
            ],
            [
              116.34677371819119,
              39.999157313792146
            ],
            [
              116.34677922750721,
              39.99893841855011
            ],
            [
              116.34678494061032,
              39.998719524448106
            ],
            [
              116.34679085609034,
              39.99850063147819
            ],
            [
              116.3467969724869,
              39.998281739632056
            ],
            [
              116.34680328829026,
              39.99806284890118
            ],
            [
              116.34680980194133,
              39.997843959276736
            ],
            [
              116.34681651183233,
              39.99762507074963
            ],
            [
              116.346823416307,
              39.99740618331047
            ],
            [
              116.34683051366103,
              39.99718729694963
            ],
            [
              116.34683780214256,
              39.99696841165719
            ],
            [
              116.3468452799526,
              39.99674952742299
            ],
            [
              116.34685294524549,
              39.99653064423656
            ],
            [
              116.3468607961291,
              39.99631176208721
            ],
            [
              116.34686883066577,
              39.996092880963964
            ],
            [
              116.34687704687232,
              39.995874000855636
            ],
            [
              116.34688544272089,
              39.99565512175072
            ],
            [
              116.34689401613917,
              39.99543624363751
            ],
            [
              116.34690276501121,
              39.99521736650406
            ],
            [
              116.34691168717758,
              39.99499849033813
            ],
            [
              116.34692078043624,
              39.994779615127264
            ],
            [
              116.34693004254281,
              39.99456074085879
            ],
            [
              116.34693947121134,
              39.99434186751977
            ],
            [
              116.34694906411478,
              39.994122995097065
            ],
            [
              116.3469588188855,
              39.993904123577266
            ],
            [
              116.34696873311599,
              39.99368525294679
            ],
            [
              116.34697880435932,
              39.99346638319178
            ],
            [
              116.34698903012995,
              39.99324751429821
            ],
            [
              116.34699940790405,
              39.99302864625181
            ],
            [
              116.34700993512043,
              39.99280977903808
            ],
            [
              116.34702060918092,
              39.99259091264237
            ],
            [
              116.34703142745121,
              39.9923720470498
            ],
            [
              116.34704238726135,
              39.992153182245254
            ],
            [
              116.34705348590646,
              39.991934318213474
            ],
            [
              116.34706472064741,
              39.99171545493896
            ],
            [
              116.34707608871157,
              39.991496592406094
            ],
            [
              116.34708758729329,
              39.99127773059899
            ],
            [
              116.3470992135548,
              39.991058869501636
            ],
            [
              116.34711096462678,
              39.9908400090978
            ],
            [
              116.34712283760916,
              39.99062114937117
            ],
            [
              116.34713482957179,
              39.990402290305134
            ],
            [
              116.34714693755505,
              39.99018343188301
            ],
            [
              116.34715915857093,
              39.98996457408793
            ],
            [
              116.34717148960327,
              39.98974571690287
            ],
            [
              116.34718392760892,
              39.98952686031065
            ],
            [
              116.34719646951831,
              39.98930800429391
            ],
            [
              116.3472091122362,
              39.98908914883524
            ],
            [
              116.3472218526425,
              39.988870293917
            ],
            [
              116.34723468759302,
              39.98865143952144
            ],
            [
              116.34724761392025,
              39.9884325856307
            ],
            [
              116.34726062843409,
              39.988213732226775
            ],
            [
              116.34727372792275,
              39.98799487929156
            ],
            [
              116.34728690915338,
              39.98777602680681
            ],
            [
              116.34730016887308,
              39.98755717475417
            ],
            [
              116.3473135038095,
              39.9873383231152
            ],
            [
              116.34732691067175,
              39.98711947187133
            ],
            [
              116.3473403861512,
              39.98690062100391
            ],
            [
              116.34735392692228,
              39.98668177049416
            ],
            [
              116.34736752964334,
              39.98646292032328
            ],
            [
              116.34738119095736,
              39.98624407047233
            ],
            [
              116.347394907493,
              39.986025220922286
            ],
            [
              116.3474086758652,
              39.98580637165409
            ],
            [
              116.34742249267609,
              39.98558752264859
            ],
            [
              116.34743635451588,
              39.98536867388657
            ],
            [
              116.34745025796376,
              39.985149825348756
            ],
            [
              116.3474641995885,
              39.9849309770158
            ],
            [
              116.34747817594958,
              39.984712128868324
            ],
            [
              116.34749218359777,
              39.9844932808869
            ],
            [
              116.34750621907631,
              39.984274433052065
            ],
            [
              116.34752027892134,
              39.984055585344294
            ],
            [
              116.34753435966321,
              39.983836737744056
            ],
            [
              116.34754845782697,
              39.983617890231784
            ],
            [
              116.34756256993343,
              39.98339904278787
            ],
            [
              116.34757669249996,
              39.98318019539274
            ],
            [
              116.34759082204133,
              39.98296134802672
            ],
            [
              116.34760495507061,
              39.982742500670234
            ],
            [
              116.34761908809996,
              39.98252365330362
            ],
            [
              116.34763321764162,
              39.98230480590725
            ],
            [
              116.3476473402086,
              39.98208595846152
            ],
            [
              116.34766145231569,
              39.98186711094678
            ],
            [
              116.34767555048029,
              39.98164826334347
            ],
            [
              116.34768963122315,
              39.98142941563199
            ],
            [
              116.34770369106938,
              39.98121056779281
            ],
            [
              116.34771772654923,
              39.98099171980641
            ],
            [
              116.34773173419899,
              39.98077287165329
            ],
            [
              116.34774571056177,
              39.980554023314035
            ],
            [
              116.34775965218842,
              39.98033517476922
            ],
            [
              116.34777355563838,
              39.980116325999525
            ],
            [
              116.34778741748046,
              39.97989747698564
            ],
            [
              116.3478012342938,
              39.979678627708324
            ],
            [
              116.34781500266858,
              39.979459778148446
            ],
            [
              116.34782871920703,
              39.97924092828686
            ],
            [
              116.34784238052404,
              39.979022078104585
            ],
            [
              116.34785598324824,
              39.978803227582624
            ],
            [
              116.34786952402266,
              39.97858437670215
            ],
            [
              116.34788299950557,
              39.97836552544439
            ],
            [
              116.3478964063715,
              39.97814667379061
            ],
            [
              116.34790974131177,
              39.97792782172228
            ],
            [
              116.34792300103551,
              39.977708969220885
            ],
            [
              116.34793618227036,
              39.977490116268044
            ],
            [
              116.34794928176338,
              39.97727126284548
            ],
            [
              116.34796229628175,
              39.97705240893506
            ],
            [
              116.34797522261366,
              39.97683355451873
            ],
            [
              116.34798805756908,
              39.97661469957857
            ],
            [
              116.34800079798043,
              39.976395844096814
            ],
            [
              116.34801344070353,
              39.9761769880558
            ],
            [
              116.3480259826183,
              39.97595813143801
            ],
            [
              116.34803842062949,
              39.97573927422611
            ],
            [
              116.34805075166754,
              39.975520416402794
            ],
            [
              116.34806297268925,
              39.97530155795105
            ],
            [
              116.3480750806786,
              39.9750826988539
            ],
            [
              116.34808707264744,
              39.97486383909463
            ],
            [
              116.34809894563618,
              39.974644978656585
            ],
            [
              116.3481106967147,
              39.974426117523365
            ],
            [
              116.34812232298287,
              39.97420725567866
            ],
            [
              116.34813382157144,
              39.97398839310642
            ],
            [
              116.3481451896426,
              39.9737695297907
            ],
            [
              116.3481564243907,
              39.973550665715756
            ],
            [
              116.34816752304313,
              39.97333180086605
            ],
            [
              116.34817848286076,
              39.97311293522624
            ],
            [
              116.34818930113863,
              39.972894068781116
            ],
            [
              116.34819997520691,
              39.97267520151575
            ],
            [
              116.34821050243124,
              39.97245633341534
            ],
            [
              116.34822088021345,
              39.97223746446535
            ],
            [
              116.34823110599231,
              39.97201859465139
            ],
            [
              116.34824117724405,
              39.97179972395933
            ],
            [
              116.34825109148305,
              39.97158085237524
            ],
            [
              116.34826084626248,
              39.97136197988541
            ],
            [
              116.34827043917473,
              39.97114310647633
            ],
            [
              116.34827986785226,
              39.97092423213475
            ],
            [
              116.34828912996797,
              39.970705356847624
            ],
            [
              116.34829822323591,
              39.97048648060215
            ],
            [
              116.34830714541174,
              39.97026760338572
            ],
            [
              116.34831589429332,
              39.97004872518607
            ],
            [
              116.34832446772141,
              39.969829845991015
            ],
            [
              116.34833286357984,
              39.969610965788775
            ],
            [
              116.34834107979643,
              39.969392084567694
            ],
            [
              116.34834911434324,
              39.969173202316426
            ],
            [
              116.34835696523717,
              39.96895431902389
            ],
            [
              116.34836463054052,
              39.9687354346792
            ],
            [
              116.34837210836118,
              39.96851654927179
            ],
            [
              116.3483793968535,
              39.96829766279131
            ],
            [
              116.34838649421842,
              39.968078775227674
            ],
            [
              116.3483933987041,
              39.96785988657112
            ],
            [
              116.34840010860633,
              39.96764099681205
            ],
            [
              116.34840662226875,
              39.96742210594123
            ],
            [
              116.34841293808361,
              39.96720321394963
            ],
            [
              116.34841905449183,
              39.966984320828566
            ],
            [
              116.34842496998363,
              39.96676542656954
            ],
            [
              116.34843068309868,
              39.966546531164404
            ],
            [
              116.3484361924268,
              39.966327634605285
            ],
            [
              116.34844149660785,
              39.96610873688453
            ],
            [
              116.34844659433247,
              39.96588983799484
            ],
            [
              116.34845148434214,
              39.965670937929154
            ],
            [
              116.34845616542967,
              39.96545203668073
            ],
            [
              116.34846063643936,
              39.96523313424311
            ],
            [
              116.3484648962674,
              39.96501423061011
            ],
            [
              116.348468943862,
              39.96479532577584
            ],
            [
              116.34847277822385,
              39.964576419734726
            ],
            [
              116.34847639840615,
              39.964357512481484
            ],
            [
              116.348479803515,
              39.96413860401106
            ],
            [
              116.34848299270955,
              39.96391969431878
            ],
            [
              116.3484859652022,
              39.96370078340028
            ],
            [
              116.34848872025889,
              39.963481871251396
            ],
            [
              116.34849125719914,
              39.963262957868366
            ],
            [
              116.34849357539629,
              39.96304404324766
            ],
            [
              116.34849567427771,
              39.962825127386104
            ],
            [
              116.34849755332483,
              39.96260621028078
            ],
            [
              116.3484992120733,
              39.9623872919291
            ],
            [
              116.34850065011325,
              39.96216837232878
            ],
            [
              116.3485018670891,
              39.96194945147783
            ],
            [
              116.34850286269993,
              39.961730529374556
            ],
            [
              116.34850363669936,
              39.96151160601761
            ],
            [
              116.34850418889575,
              39.96129268140591
            ],
            [
              116.34850451915217,
              39.9610737555387
            ],
            [
              116.34850462738648,
              39.96085482841551
            ],
            [
              116.34850451357121,
              39.96063590003623
            ],
            [
              116.34850417773383,
              39.96041697040097
            ],
            [
              116.34850361995652,
              39.960198039510225
            ],
            [
              116.34850284037613,
              39.95997910736475
            ],
            [
              116.34850183918438,
              39.95976017396564
            ],
            [
              116.3485006166276,
              39.95954123931427
            ],
            [
              116.34849917300679,
              39.959322303412335
            ],
            [
              116.34849750867744,
              39.95910336626182
            ],
            [
              116.34849562404945,
              39.95888442786502
            ],
            [
              116.34849351958721,
              39.95866548822456
            ],
            [
              116.34849119580925,
              39.958446547343335
            ],
            [
              116.34848865328821,
              39.958227605224536
            ],
            [
              116.34848589265077,
              39.958008661871716
            ],
            [
              116.34848291457742,
              39.95778971728866
            ],
            [
              116.34847971980223,
              39.957570771479496
            ],
            [
              116.34847630911274,
              39.957351824448615
            ],
            [
              116.34847268334985,
              39.957132876200745
            ],
            [
              116.34846884340749,
              39.9569139267409
            ],
            [
              116.3484647902324,
              39.95669497607439
            ],
            [
              116.34846052482392,
              39.956476024206786
            ],
            [
              116.34845604823384,
              39.956257071144
            ],
            [
              116.34845136156599,
              39.95603811689221
            ],
            [
              116.34844646597607,
              39.9558191614579
            ],
            [
              116.34844136267125,
              39.95560020484782
            ],
            [
              116.34843605291007,
              39.955381247069035
            ],
            [
              116.34843053800188,
              39.95516228812886
            ],
            [
              116.34842481930683,
              39.95494332803495
            ],
            [
              116.3484188982351,
              39.95472436679517
            ],
            [
              116.34841277624703,
              39.95450540441771
            ],
            [
              116.3484064548524,
              39.954286440911034
            ],
            [
              116.34839993561026,
              39.954067476283896
            ],
            [
              116.34839322012843,
              39.953848510545264
            ],
            [
              116.3483863100632,
              39.953629543704444
            ],
            [
              116.34837920711884,
              39.95341057577098
            ],
            [
              116.34837191304716,
              39.9531916067547
            ],
            [
              116.34836442964722,
              39.952972636665656
            ],
            [
              116.34835675876472,
              39.95275366551423
            ],
            [
              116.34834890229166,
              39.95253469331097
            ],
            [
              116.34834086216587,
              39.95231572006679
            ],
            [
              116.3483326403704,
              39.95209674579278
            ],
            [
              116.34832423893317,
              39.95187777050029
            ],
            [
              116.34831565992641,
              39.95165879420096
            ],
            [
              116.34830690546622,
              39.95143981690664
            ],
            [
              116.34829797771192,
              39.951220838629425
            ],
            [
              116.34828887886559,
              39.95100185938166
            ],
            [
              116.34827961117162,
              39.950782879175925
            ],
            [
              116.34827017691593,
              39.95056389802506
            ],
            [
              116.34826057842562,
              39.95034491594208
            ],
            [
              116.3482508180683,
              39.950125932940274
            ],
            [
              116.34824089825146,
              39.949906949033114
            ],
            [
              116.34823082142202,
              39.94968796423436
            ],
            [
              116.3482205900656,
              39.94946897855792
            ],
            [
              116.34821020670591,
              39.94924999201795
            ],
            [
              116.34819967390423,
              39.94903100462883
            ],
            [
              116.34818899425875,
              39.9488120164051
            ],
            [
              116.34817817040376,
              39.94859302736157
            ],
            [
              116.34816720500919,
              39.948374037513176
            ],
            [
              116.34815610077989,
              39.948155046875115
            ],
            [
              116.34814486045508,
              39.947936055462755
            ],
            [
              116.34813348680731,
              39.94771706329163
            ],
            [
              116.34812198264231,
              39.9474980703775
            ],
            [
              116.34811035079777,
              39.94727907673626
            ],
            [
              116.34809859414305,
              39.94706008238404
            ],
            [
              116.34808671557825,
              39.94684108733709
            ],
            [
              116.34807471803349,
              39.94662209161186
            ],
            [
              116.34806260446832,
              39.94640309522495
            ],
            [
              116.34805037787095,
              39.94618409819315
            ],
            [
              116.34803804125735,
              39.945965100533364
            ],
            [
              116.34802559767074,
              39.945746102262696
            ],
            [
              116.34801305018073,
              39.94552710339836
            ],
            [
              116.34800040188247,
              39.94530810395776
            ],
            [
              116.34798765589612,
              39.94508910395837
            ],
            [
              116.34797481536584,
              39.94487010341785
            ],
            [
              116.34796188345918,
              39.944651102354015
            ],
            [
              116.34794886336621,
              39.94443210078476
            ],
            [
              116.34793575829873,
              39.94421309872812
            ],
            [
              116.34792257148956,
              39.94399409620226
            ],
            [
              116.34790930619165,
              39.94377509322543
            ],
            [
              116.34789596567732,
              39.94355608981605
            ],
            [
              116.3478825532375,
              39.94333708599258
            ],
            [
              116.34786907218077,
              39.9431180817736
            ],
            [
              116.34785552583271,
              39.9428990771778
            ],
            [
              116.34784191753502,
              39.942680072223965
            ],
            [
              116.34782825064462,
              39.94246106693096
            ],
            [
              116.34781452853295,
              39.942242061317714
            ],
            [
              116.34780075458504,
              39.94202305540327
            ],
            [
              116.34778693219873,
              39.94180404920671
            ],
            [
              116.34777306478381,
              39.94158504274721
            ],
            [
              116.34775915576114,
              39.94136603604399
            ],
            [
              116.3477452085619,
              39.941147029116365
            ],
            [
              116.34773122662668,
              39.94092802198365
            ],
            [
              116.34771721340461,
              39.94070901466525
            ],
            [
              116.34770317235254,
              39.940490007180614
            ],
            [
              116.34768910693423,
              39.940270999549185
            ],
            [
              116.34767502061945,
              39.940051991790526
            ],
            [
              116.34766091688303,
              39.93983298392415
            ],
            [
              116.34764679920426,
              39.93961397596964
            ],
            [
              116.34763267106568,
              39.939394967946576
            ],
            [
              116.34761853595258,
              39.939175959874575
            ],
            [
              116.34760719122252,
              39.93900022916162
            ],
            [
              116.34480038393754,
              39.93900018567503
            ],
            [
              116.34481070274865,
              39.93916012633703
            ]
          ]
        ]
      }
    },
    {
      "type": "Feature",
      "id": "GREEN-002",
      "properties": {
        "id": "GREEN-002",
        "layer": "GREEN_SPACE",
        "source_type": "agent_generated_design",
        "confidence": "medium",
        "geometry_role": "design_proposal",
        "name_zh": "曲水抱气滨水绿带",
        "name_en": "Embracing-Water Green Buffer",
        "green_type": "protective_green_1402",
        "derived_from_land_use": "LU-006",
        "area_sqm_declared": 1020138.69
      },
      "geometry": {
        "type": "Polygon",
        "coordinates": [
          [
            [
              116.35124532378632,
              39.93919631089556
            ],
            [
              116.35125947047132,
              39.93941531861734
            ],
            [
              116.35127361018189,
              39.939634326290424
            ],
            [
              116.35128773943279,
              39.93985333389526
            ],
            [
              116.35130185474146,
              39.94007234141241
            ],
            [
              116.35131595262861,
              39.940291348822385
            ],
            [
              116.35133002961936,
              39.94051035610575
            ],
            [
              116.35134408224398,
              39.94072936324312
            ],
            [
              116.3513581070387,
              39.9409483702151
            ],
            [
              116.3513721005467,
              39.941167377002365
            ],
            [
              116.35138605931877,
              39.94138638358562
            ],
            [
              116.35139997991435,
              39.94160538994567
            ],
            [
              116.3514138589023,
              39.941824396063296
            ],
            [
              116.35142769286168,
              39.94204340191937
            ],
            [
              116.35144147838277,
              39.94226240749487
            ],
            [
              116.3514552120677,
              39.94248141277076
            ],
            [
              116.35146889053138,
              39.942700417728155
            ],
            [
              116.35148251040246,
              39.9429194223482
            ],
            [
              116.35149606832397,
              39.94313842661213
            ],
            [
              116.35150956095417,
              39.9433574305013
            ],
            [
              116.35152298496756,
              39.94357643399709
            ],
            [
              116.35153633705549,
              39.94379543708105
            ],
            [
              116.35154961392708,
              39.94401443973477
            ],
            [
              116.35156281230996,
              39.944233441940014
            ],
            [
              116.3515759289512,
              39.94445244367858
            ],
            [
              116.35158896061795,
              39.944671444932396
            ],
            [
              116.35160190409846,
              39.944890445683576
            ],
            [
              116.35161475620257,
              39.94510944591426
            ],
            [
              116.35162751376282,
              39.94532844560679
            ],
            [
              116.35164017363499,
              39.94554744474359
            ],
            [
              116.35165273269894,
              39.945766443307264
            ],
            [
              116.35166518785952,
              39.94598544128053
            ],
            [
              116.35167753604708,
              39.946204438646234
            ],
            [
              116.35168977421849,
              39.946423435387395
            ],
            [
              116.35170189935764,
              39.9466424314872
            ],
            [
              116.35171390847641,
              39.94686142692897
            ],
            [
              116.35172579861526,
              39.94708042169616
            ],
            [
              116.351737566844,
              39.94729941577242
            ],
            [
              116.35174921026254,
              39.94751840914161
            ],
            [
              116.35176072600159,
              39.94773740178769
            ],
            [
              116.35177211122334,
              39.947956393694845
            ],
            [
              116.3517833631222,
              39.948175384847396
            ],
            [
              116.35179447892544,
              39.9483943752299
            ],
            [
              116.351805455894,
              39.948613364827075
            ],
            [
              116.35181629132295,
              39.94883235362383
            ],
            [
              116.35182698254238,
              39.94905134160526
            ],
            [
              116.35183752691796,
              39.9492703287567
            ],
            [
              116.35184792185153,
              39.949489315063644
            ],
            [
              116.35185816478182,
              39.949708300511816
            ],
            [
              116.3518682531851,
              39.94992728508714
            ],
            [
              116.35187818457574,
              39.95014626877576
            ],
            [
              116.35188795650686,
              39.95036525156403
            ],
            [
              116.35189756657087,
              39.95058423343854
            ],
            [
              116.35190701240025,
              39.950803214386056
            ],
            [
              116.35191629166786,
              39.95102219439365
            ],
            [
              116.35192540208777,
              39.95124117344856
            ],
            [
              116.35193434141563,
              39.95146015153826
            ],
            [
              116.35194310744933,
              39.9516791286505
            ],
            [
              116.35195169802954,
              39.951898104773214
            ],
            [
              116.35196011104017,
              39.95211707989466
            ],
            [
              116.35196834440897,
              39.952336054003254
            ],
            [
              116.35197639610806,
              39.95255502708768
            ],
            [
              116.35198426415432,
              39.95277399913692
            ],
            [
              116.35199194660999,
              39.95299297014016
            ],
            [
              116.35199944158303,
              39.95321194008685
            ],
            [
              116.35200674722772,
              39.953430908966716
            ],
            [
              116.35201386174506,
              39.95364987676974
            ],
            [
              116.35202078338317,
              39.953868843486156
            ],
            [
              116.35202751043782,
              39.954087809106454
            ],
            [
              116.35203404125271,
              39.95430677362142
            ],
            [
              116.35204037422001,
              39.95452573702209
            ],
            [
              116.35204650778068,
              39.95474469929979
            ],
            [
              116.35205244042493,
              39.9549636604461
            ],
            [
              116.35205817069244,
              39.95518262045287
            ],
            [
              116.35206369717298,
              39.95540157931226
            ],
            [
              116.35206901850646,
              39.9556205370167
            ],
            [
              116.35207413338345,
              39.955839493558884
            ],
            [
              116.3520790405455,
              39.956058448931785
            ],
            [
              116.35208373878538,
              39.95627740312872
            ],
            [
              116.35208822694739,
              39.95649635614322
            ],
            [
              116.35209250392771,
              39.95671530796912
            ],
            [
              116.35209656867458,
              39.9569342586006
            ],
            [
              116.35210042018862,
              39.95715320803206
            ],
            [
              116.35210405752309,
              39.957372156258266
            ],
            [
              116.35210747978405,
              39.95759110327418
            ],
            [
              116.35211068613067,
              39.957810049075164
            ],
            [
              116.3521136757753,
              39.958028993656804
            ],
            [
              116.35211644798393,
              39.958247937015024
            ],
            [
              116.35211900207608,
              39.95846687914603
            ],
            [
              116.35212133742505,
              39.9586858200463
            ],
            [
              116.35212345345823,
              39.958904759712695
            ],
            [
              116.35212534965704,
              39.959123698142285
            ],
            [
              116.35212702555714,
              39.95934263533249
            ],
            [
              116.35212848074858,
              39.95956157128102
            ],
            [
              116.35212971487589,
              39.959780505985904
            ],
            [
              116.35213072763808,
              39.959999439445454
            ],
            [
              116.3521315187888,
              39.9602183716583
            ],
            [
              116.35213208813634,
              39.96043730262335
            ],
            [
              116.35213243554388,
              39.960656232339865
            ],
            [
              116.35213256092916,
              39.960875160807355
            ],
            [
              116.3521324642648,
              39.96109408802569
            ],
            [
              116.35213214557821,
              39.961313013994996
            ],
            [
              116.35213160495157,
              39.961531938715744
            ],
            [
              116.35213084252177,
              39.96175086218868
            ],
            [
              116.3521298584805,
              39.96196978441486
            ],
            [
              116.35212865307409,
              39.96218870539567
            ],
            [
              116.3521272266035,
              39.96240762513275
            ],
            [
              116.35212557942428,
              39.962626543628105
            ],
            [
              116.35212371194632,
              39.96284546088399
            ],
            [
              116.35212162463395,
              39.963064376902985
            ],
            [
              116.35211931800575,
              39.96328329168801
            ],
            [
              116.35211679263436,
              39.96350220524221
            ],
            [
              116.35211404914644,
              39.96372111756905
            ],
            [
              116.35211108822247,
              39.96394002867233
            ],
            [
              116.3521079105965,
              39.96415893855618
            ],
            [
              116.35210451705615,
              39.96437784722493
            ],
            [
              116.35210090844224,
              39.964596754683235
            ],
            [
              116.35209708564871,
              39.96481566093612
            ],
            [
              116.3520930496223,
              39.96503456598881
            ],
            [
              116.35208880136241,
              39.9652534698469
            ],
            [
              116.35208434192073,
              39.965472372516196
            ],
            [
              116.35207967240116,
              39.96569127400288
            ],
            [
              116.35207479395935,
              39.965910174313365
            ],
            [
              116.35206970780253,
              39.966129073454354
            ],
            [
              116.35206441518916,
              39.96634797143288
            ],
            [
              116.35205891742866,
              39.96656686825619
            ],
            [
              116.35205321588116,
              39.96678576393189
            ],
            [
              116.35204731195681,
              39.96700465846781
            ],
            [
              116.35204120711596,
              39.96722355187207
            ],
            [
              116.3520349028684,
              39.96744244415309
            ],
            [
              116.3520284007732,
              39.96766133531955
            ],
            [
              116.35202170243814,
              39.967880225380384
            ],
            [
              116.35201480951955,
              39.968099114344795
            ],
            [
              116.35200772372161,
              39.968318002222325
            ],
            [
              116.35200044679627,
              39.9685368890227
            ],
            [
              116.35199298054246,
              39.96875577475591
            ],
            [
              116.35198532680596,
              39.96897465943227
            ],
            [
              116.35197748747875,
              39.9691935430623
            ],
            [
              116.35196946449865,
              39.96941242565681
            ],
            [
              116.35196125984868,
              39.96963130722682
            ],
            [
              116.35195287555683,
              39.969850187783614
            ],
            [
              116.3519443136953,
              39.97006906733876
            ],
            [
              116.35193557638017,
              39.97028794590404
            ],
            [
              116.35192666577078,
              39.970506823491476
            ],
            [
              116.35191758406921,
              39.97072570011334
            ],
            [
              116.35190833351983,
              39.97094457578215
            ],
            [
              116.35189891640857,
              39.97116345051062
            ],
            [
              116.35188933506258,
              39.971382324311726
            ],
            [
              116.35187959184935,
              39.97160119719866
            ],
            [
              116.35186968917654,
              39.971820069184844
            ],
            [
              116.35185962949092,
              39.972038940283916
            ],
            [
              116.35184941527818,
              39.972257810509724
            ],
            [
              116.35183904906205,
              39.972476679876316
            ],
            [
              116.35182853340379,
              39.97269554839802
            ],
            [
              116.35181787090154,
              39.97291441608929
            ],
            [
              116.35180706418966,
              39.97313328296482
            ],
            [
              116.35179611593803,
              39.973352149039464
            ],
            [
              116.3517850288516,
              39.97357101432836
            ],
            [
              116.35177380566944,
              39.97378987884676
            ],
            [
              116.35176244916426,
              39.974008742610096
            ],
            [
              116.35175096214165,
              39.974227605634056
            ],
            [
              116.3517393474394,
              39.97444646793446
            ],
            [
              116.35172760792685,
              39.97466532952731
            ],
            [
              116.35171574650403,
              39.9748841904288
            ],
            [
              116.35170376610115,
              39.97510305065525
            ],
            [
              116.35169166967778,
              39.97532191022319
            ],
            [
              116.35167946022204,
              39.9755407691493
            ],
            [
              116.35166714075,
              39.975759627450394
            ],
            [
              116.35165471430479,
              39.97597848514344
            ],
            [
              116.35164218395607,
              39.97619734224563
            ],
            [
              116.351629552799,
              39.97641619877421
            ],
            [
              116.35161682395372,
              39.97663505474658
            ],
            [
              116.35160400056444,
              39.97685391018031
            ],
            [
              116.35159108579866,
              39.97707276509308
            ],
            [
              116.35157808284647,
              39.977291619502736
            ],
            [
              116.35156499491966,
              39.97751047342717
            ],
            [
              116.35155182525106,
              39.97772932688444
            ],
            [
              116.35153857709365,
              39.977948179892735
            ],
            [
              116.35152525371973,
              39.97816703247032
            ],
            [
              116.35151185842022,
              39.97838588463559
            ],
            [
              116.35149839450375,
              39.97860473640703
            ],
            [
              116.35148486529586,
              39.97882358780323
            ],
            [
              116.35147127413828,
              39.97904243884282
            ],
            [
              116.35145762438792,
              39.979261289544596
            ],
            [
              116.3514439194162,
              39.9794801399274
            ],
            [
              116.35143016260822,
              39.97969899001012
            ],
            [
              116.35141635736174,
              39.9799178398118
            ],
            [
              116.3514025070866,
              39.980136689351475
            ],
            [
              116.3513886152037,
              39.980355538648254
            ],
            [
              116.35137468514418,
              39.98057438772135
            ],
            [
              116.35136072034864,
              39.98079323658999
            ],
            [
              116.35134672426618,
              39.981012085273456
            ],
            [
              116.35133270035372,
              39.981230933791096
            ],
            [
              116.35131865207501,
              39.98144978216228
            ],
            [
              116.35130458289977,
              39.98166863040641
            ],
            [
              116.3512904963029,
              39.98188747854292
            ],
            [
              116.35127639576365,
              39.9821063265913
            ],
            [
              116.35126228476459,
              39.982325174571024
            ],
            [
              116.35124816679102,
              39.9825440225016
            ],
            [
              116.35123404532989,
              39.98276287040252
            ],
            [
              116.35121992386895,
              39.98298171829333
            ],
            [
              116.35120580589602,
              39.983200566193545
            ],
            [
              116.35119169489809,
              39.98341941412269
            ],
            [
              116.35117759436032,
              39.98363826210028
            ],
            [
              116.35116350776543,
              39.98385711014578
            ],
            [
              116.35114943859259,
              39.98407595827872
            ],
            [
              116.35113539031667,
              39.984294806518534
            ],
            [
              116.35112136640745,
              39.98451365488467
            ],
            [
              116.35110737032873,
              39.98473250339651
            ],
            [
              116.35109340553727,
              39.98495135207342
            ],
            [
              116.3510794754823,
              39.985170200934746
            ],
            [
              116.35106558360438,
              39.98538904999973
            ],
            [
              116.35105173333469,
              39.98560789928763
            ],
            [
              116.35103792809409,
              39.98582674881759
            ],
            [
              116.35102417129235,
              39.98604559860873
            ],
            [
              116.35101046632737,
              39.98626444868011
            ],
            [
              116.35099681658414,
              39.986483299050654
            ],
            [
              116.3509832254341,
              39.98670214973932
            ],
            [
              116.35096969623424,
              39.9869210007649
            ],
            [
              116.35095623232618,
              39.987139852146136
            ],
            [
              116.3509428370355,
              39.987358703901656
            ],
            [
              116.35092951367088,
              39.98757755605004
            ],
            [
              116.35091626552315,
              39.987796408609725
            ],
            [
              116.35090309586471,
              39.98801526159908
            ],
            [
              116.35089000794845,
              39.988234115036335
            ],
            [
              116.35087700500726,
              39.98845296893965
            ],
            [
              116.35086409025284,
              39.98867182332702
            ],
            [
              116.35085126687541,
              39.98889067821635
            ],
            [
              116.35083853804237,
              39.9891095336254
            ],
            [
              116.35082590689797,
              39.98932838957184
            ],
            [
              116.35081337656233,
              39.98954724607318
            ],
            [
              116.35080095013063,
              39.98976610314675
            ],
            [
              116.3507886306725,
              39.989984960809835
            ],
            [
              116.35077642123106,
              39.99020381907948
            ],
            [
              116.35076432482248,
              39.99042267797264
            ],
            [
              116.35075234443477,
              39.99064153750606
            ],
            [
              116.35074048302756,
              39.990860397696395
            ],
            [
              116.35072874353098,
              39.99107925856008
            ],
            [
              116.35071712884516,
              39.9912981201134
            ],
            [
              116.35070564183937,
              39.99151698237247
            ],
            [
              116.35069428535141,
              39.99173584535322
            ],
            [
              116.35068306218692,
              39.991954709071436
            ],
            [
              116.35067197511852,
              39.99217357354267
            ],
            [
              116.35066102688536,
              39.992392438782325
            ],
            [
              116.35065022019234,
              39.992611304805585
            ],
            [
              116.35063955770937,
              39.99283017162746
            ],
            [
              116.3506290420708,
              39.99304903926274
            ],
            [
              116.35061867587478,
              39.993267907726036
            ],
            [
              116.35060846168253,
              39.99348677703174
            ],
            [
              116.35059840201782,
              39.993705647194055
            ],
            [
              116.3505884993663,
              39.993924518226926
            ],
            [
              116.3505787561748,
              39.99414339014411
            ],
            [
              116.35056917485089,
              39.99436226295915
            ],
            [
              116.35055975776217,
              39.99458113668535
            ],
            [
              116.3505505072357,
              39.9948000113358
            ],
            [
              116.35054142555747,
              39.995018886923354
            ],
            [
              116.3505325149718,
              39.99523776346062
            ],
            [
              116.35052377768078,
              39.995456640959986
            ],
            [
              116.35051521584379,
              39.99567551943361
            ],
            [
              116.35050683157687,
              39.99589439889338
            ],
            [
              116.35049862695223,
              39.99611327935096
            ],
            [
              116.35049060399781,
              39.996332160817744
            ],
            [
              116.35048276469675,
              39.9965510433049
            ],
            [
              116.35047511098676,
              39.99676992682332
            ],
            [
              116.35046764475992,
              39.996988811383645
            ],
            [
              116.35046036786186,
              39.99720769699627
            ],
            [
              116.35045328209169,
              39.99742658367133
            ],
            [
              116.3504463892012,
              39.99764547141865
            ],
            [
              116.35043969089466,
              39.99786436024783
            ],
            [
              116.35043318882838,
              39.99808325016821
            ],
            [
              116.35042688461019,
              39.99830214118882
            ],
            [
              116.35042077979908,
              39.998521033318454
            ],
            [
              116.35041487590489,
              39.99873992656559
            ],
            [
              116.35040917438788,
              39.99895882093846
            ],
            [
              116.35040367665833,
              39.99917771644498
            ],
            [
              116.35039838407634,
              39.99939661309285
            ],
            [
              116.35039329795127,
              39.9996155108894
            ],
            [
              116.3503884195416,
              39.999834409841746
            ],
            [
              116.35038375005462,
              40.00005330995667
            ],
            [
              116.35037929064595,
              40.00027221124068
            ],
            [
              116.35037504241942,
              40.000491113699994
            ],
            [
              116.35037100642678,
              40.00071001734052
            ],
            [
              116.35036718366749,
              40.00092892216793
            ],
            [
              116.35036357508822,
              40.001147828187506
            ],
            [
              116.35036018158291,
              40.00136673540432
            ],
            [
              116.35035700399241,
              40.001585643823105
            ],
            [
              116.35035404310432,
              40.001804553448274
            ],
            [
              116.3503512996527,
              40.002023464283994
            ],
            [
              116.35034877431804,
              40.00224237633405
            ],
            [
              116.35034646772698,
              40.00246128960204
            ],
            [
              116.3503443804522,
              40.002680204091156
            ],
            [
              116.35034251301224,
              40.00289911980432
            ],
            [
              116.35034086587142,
              40.00311803674415
            ],
            [
              116.35033943943974,
              40.00333695491297
            ],
            [
              116.35033823407262,
              40.00355587431278
            ],
            [
              116.35033725007108,
              40.003774794945286
            ],
            [
              116.35033648768149,
              40.00399371681186
            ],
            [
              116.35033594709543,
              40.00421263991361
            ],
            [
              116.35033562844994,
              40.00443156425129
            ],
            [
              116.3503355318271,
              40.00465048982539
            ],
            [
              116.35033565725433,
              40.00486941663604
            ],
            [
              116.35033600470426,
              40.00508834468312
            ],
            [
              116.35033657409474,
              40.005307273966146
            ],
            [
              116.3503373652888,
              40.005526204484376
            ],
            [
              116.35033837809475,
              40.00574513623673
            ],
            [
              116.35033961226632,
              40.00596406922182
            ],
            [
              116.35034106750248,
              40.00618300343795
            ],
            [
              116.35034274344781,
              40.00640193888312
            ],
            [
              116.35034463969227,
              40.00662087555507
            ],
            [
              116.35034675577158,
              40.006839813451144
            ],
            [
              116.35034909116723,
              40.00705875256844
            ],
            [
              116.35035164530649,
              40.007277692903756
            ],
            [
              116.35035441756273,
              40.007496634453545
            ],
            [
              116.3503574072555,
              40.00771557721401
            ],
            [
              116.35036061365071,
              40.007934521180985
            ],
            [
              116.35036403596075,
              40.00815346635007
            ],
            [
              116.35036767334482,
              40.00837241271655
            ],
            [
              116.35037152490895,
              40.00859136027537
            ],
            [
              116.35037558970646,
              40.00881030902122
            ],
            [
              116.35037986673792,
              40.009029258948466
            ],
            [
              116.35038435495159,
              40.00924821005121
            ],
            [
              116.35038905324363,
              40.00946716232326
            ],
            [
              116.35039396045839,
              40.00968611575808
            ],
            [
              116.35039907538862,
              40.0099050703489
            ],
            [
              116.35040439677589,
              40.010124026088626
            ],
            [
              116.35040992331072,
              40.01034298296993
            ],
            [
              116.35041565363308,
              40.010561940985134
            ],
            [
              116.35042158633274,
              40.01078090012631
            ],
            [
              116.35042771994937,
              40.010999860385276
            ],
            [
              116.35043405297313,
              40.01121882175349
            ],
            [
              116.35044058384509,
              40.01143778422223
            ],
            [
              116.35044731095736,
              40.01165674778243
            ],
            [
              116.35045423265369,
              40.011875712424796
            ],
            [
              116.35046134722981,
              40.01209467813974
            ],
            [
              116.35046865293384,
              40.01231364491739
            ],
            [
              116.3504761479668,
              40.01253261274767
            ],
            [
              116.35048383048297,
              40.01275158162015
            ],
            [
              116.3504916985903,
              40.01297055152425
            ],
            [
              116.35049975035109,
              40.01318952244903
            ],
            [
              116.35050798378221,
              40.01340849438338
            ],
            [
              116.35051639685571,
              40.013627467315864
            ],
            [
              116.35052498749938,
              40.013846441234854
            ],
            [
              116.35053375359718,
              40.01406541612846
            ],
            [
              116.35054269298973,
              40.01428439198451
            ],
            [
              116.35055180347496,
              40.01450336879066
            ],
            [
              116.35056108280854,
              40.014722346534306
            ],
            [
              116.35057052870445,
              40.01494132520258
            ],
            [
              116.35058013883571,
              40.01516030478239
            ],
            [
              116.35058991083463,
              40.01537928526046
            ],
            [
              116.35059984229372,
              40.015598266623236
            ],
            [
              116.35060993076608,
              40.015817248857
            ],
            [
              116.35062017376612,
              40.016036231947744
            ],
            [
              116.35063056877006,
              40.01625521588133
            ],
            [
              116.35064111321662,
              40.01647420064334
            ],
            [
              116.35065180450776,
              40.01669318621919
            ],
            [
              116.35066264000906,
              40.01691217259408
            ],
            [
              116.35067361705062,
              40.01713115975301
            ],
            [
              116.35068473292753,
              40.017350147680794
            ],
            [
              116.35069598490065,
              40.017569136362034
            ],
            [
              116.35070737019741,
              40.01778812578118
            ],
            [
              116.35071888601209,
              40.01800711592245
            ],
            [
              116.35073052950696,
              40.01822610676994
            ],
            [
              116.35074229781269,
              40.01844509830749
            ],
            [
              116.3507541880292,
              40.018664090518854
            ],
            [
              116.3507661972263,
              40.018883083387585
            ],
            [
              116.35077832244447,
              40.019102076897056
            ],
            [
              116.35079056069559,
              40.01932107103049
            ],
            [
              116.35080290896356,
              40.019540065770954
            ],
            [
              116.35081536420522,
              40.01975906110138
            ],
            [
              116.35082792335095,
              40.019978057004536
            ],
            [
              116.35084058330557,
              40.02019705346303
            ],
            [
              116.35085334094897,
              40.02041605045939
            ],
            [
              116.35086619313692,
              40.02063504797594
            ],
            [
              116.35087913670198,
              40.02085404599492
            ],
            [
              116.35089216845397,
              40.02107304449845
            ],
            [
              116.35090528518113,
              40.021292043468485
            ],
            [
              116.3509184836506,
              40.02151104288691
            ],
            [
              116.35093176060951,
              40.021730042735456
            ],
            [
              116.35094511278545,
              40.02194904299579
            ],
            [
              116.35095853688759,
              40.02216804364943
            ],
            [
              116.35097202960722,
              40.02238704467786
            ],
            [
              116.35098558761884,
              40.02260604606242
            ],
            [
              116.35099920758073,
              40.02282504778433
            ],
            [
              116.35101288613593,
              40.023044049824826
            ],
            [
              116.35102661991309,
              40.023263052164985
            ],
            [
              116.35104040552706,
              40.02348205478582
            ],
            [
              116.35105423958005,
              40.02370105766829
            ],
            [
              116.35106811866228,
              40.0239200607933
            ],
            [
              116.35108203935287,
              40.02413906414167
            ],
            [
              116.35109599822064,
              40.02435806769416
            ],
            [
              116.35110999182501,
              40.0245770714315
            ],
            [
              116.3511240167168,
              40.02479607533436
            ],
            [
              116.3511380694392,
              40.02501507938339
            ],
            [
              116.35115214652839,
              40.02523408355917
            ],
            [
              116.3511662445147,
              40.025453087842244
            ],
            [
              116.35118035992315,
              40.02567209221319
            ],
            [
              116.3511944892746,
              40.025891096652494
            ],
            [
              116.35120862908634,
              40.02611010114065
            ],
            [
              116.35122277587317,
              40.02632910565816
            ],
            [
              116.35123382733036,
              40.026500149732215
            ],
            [
              116.3524633741883,
              40.0265001195054
            ],
            [
              116.35245276625538,
              40.026335985619625
            ],
            [
              116.352438615532,
              40.02611698122123
            ],
            [
              116.35242447178375,
              40.02589797685211
            ],
            [
              116.35241033849586,
              40.02567897253176
            ],
            [
              116.35239621915098,
              40.025459968279606
            ],
            [
              116.35238211722832,
              40.02524096411511
            ],
            [
              116.35236803620279,
              40.02502196005772
            ],
            [
              116.35235397954413,
              40.024802956126805
            ],
            [
              116.35233995071614,
              40.02458395234177
            ],
            [
              116.3523259531756,
              40.02436494872192
            ],
            [
              116.35231199037175,
              40.02414594528655
            ],
            [
              116.35229806574512,
              40.02392694205489
            ],
            [
              116.3522841827269,
              40.023707939046155
            ],
            [
              116.35227034473796,
              40.02348893627947
            ],
            [
              116.3522565551881,
              40.0232699337739
            ],
            [
              116.35224281747517,
              40.023050931548475
            ],
            [
              116.35222913498421,
              40.022831929622114
            ],
            [
              116.35221551108664,
              40.0226129280137
            ],
            [
              116.35220194913941,
              40.02239392674201
            ],
            [
              116.35218845248423,
              40.022174925825745
            ],
            [
              116.3521750244466,
              40.02195592528353
            ],
            [
              116.35216166833521,
              40.02173692513385
            ],
            [
              116.35214838744098,
              40.02151792539516
            ],
            [
              116.3521351850362,
              40.02129892608578
            ],
            [
              116.35212206437383,
              40.0210799272239
            ],
            [
              116.3521090286867,
              40.02086092882763
            ],
            [
              116.35209608118662,
              40.02064193091496
            ],
            [
              116.35208322506367,
              40.02042293350376
            ],
            [
              116.35207046348535,
              40.02020393661175
            ],
            [
              116.35205779959588,
              40.01998494025656
            ],
            [
              116.3520452365154,
              40.019765944455656
            ],
            [
              116.35203277733905,
              40.01954694922636
            ],
            [
              116.35202042513649,
              40.01932795458589
            ],
            [
              116.35200818295084,
              40.01910896055128
            ],
            [
              116.35199605379826,
              40.01888996713943
            ],
            [
              116.35198404066678,
              40.018670974367105
            ],
            [
              116.35197214651599,
              40.01845198225086
            ],
            [
              116.35196037427608,
              40.01823299080714
            ],
            [
              116.3519487268471,
              40.01801400005216
            ],
            [
              116.35193720709842,
              40.01779501000205
            ],
            [
              116.35192581786775,
              40.017576020672685
            ],
            [
              116.35191456196075,
              40.01735703207979
            ],
            [
              116.3519034421501,
              40.017138044238905
            ],
            [
              116.3518924611749,
              40.016919057165396
            ],
            [
              116.35188162174002,
              40.01670007087445
            ],
            [
              116.35187092651543,
              40.01648108538099
            ],
            [
              116.35186037813547,
              40.01626210069983
            ],
            [
              116.35184997919826,
              40.01604311684549
            ],
            [
              116.35183973226505,
              40.015824133832375
            ],
            [
              116.35182963985959,
              40.01560515167462
            ],
            [
              116.3518197044675,
              40.01538617038616
            ],
            [
              116.35180992853566,
              40.01516718998073
            ],
            [
              116.35180031447163,
              40.01494821047183
            ],
            [
              116.351790864643,
              40.01472923187273
            ],
            [
              116.3517815813768,
              40.014510254196495
            ],
            [
              116.35177246695909,
              40.014291277455946
            ],
            [
              116.35176352363415,
              40.014072301663695
            ],
            [
              116.35175475360407,
              40.013853326832056
            ],
            [
              116.3517461590282,
              40.01363435297316
            ],
            [
              116.3517377420226,
              40.01341538009887
            ],
            [
              116.3517295046595,
              40.01319640822083
            ],
            [
              116.35172144896684,
              40.012977437350415
            ],
            [
              116.35171357692775,
              40.012758467498756
            ],
            [
              116.3517058904799,
              40.012539498676716
            ],
            [
              116.3516983915154,
              40.01232053089493
            ],
            [
              116.3516910818799,
              40.012101564163714
            ],
            [
              116.35168396337247,
              40.0118825984932
            ],
            [
              116.35167703774489,
              40.011663633893214
            ],
            [
              116.35167030670151,
              40.01144467037332
            ],
            [
              116.35166377189853,
              40.01122570794281
            ],
            [
              116.35165743494386,
              40.01100674661072
            ],
            [
              116.35165129739644,
              40.01078778638577
            ],
            [
              116.35164536076613,
              40.01056882727648
            ],
            [
              116.3516396265132,
              40.01034986929101
            ],
            [
              116.3516340960479,
              40.01013091243727
            ],
            [
              116.35162877073034,
              40.00991195672293
            ],
            [
              116.35162365186987,
              40.00969300215533
            ],
            [
              116.351618740725,
              40.009474048741495
            ],
            [
              116.35161403850296,
              40.00925509648824
            ],
            [
              116.35160954635941,
              40.009036145402035
            ],
            [
              116.3516052653982,
              40.0088171954891
            ],
            [
              116.35160119667106,
              40.008598246755305
            ],
            [
              116.35159734117738,
              40.00837929920629
            ],
            [
              116.35159369986394,
              40.00816035284735
            ],
            [
              116.35159027362457,
              40.00794140768348
            ],
            [
              116.35158706330019,
              40.007722463719446
            ],
            [
              116.35158406967834,
              40.007503520959645
            ],
            [
              116.35158129349317,
              40.00728457940819
            ],
            [
              116.3515787354251,
              40.007065639068905
            ],
            [
              116.35157639610074,
              40.00684669994532
            ],
            [
              116.35157427609286,
              40.00662776204062
            ],
            [
              116.3515723759199,
              40.006408825357724
            ],
            [
              116.35157069604624,
              40.00618988989927
            ],
            [
              116.35156923688184,
              40.0059709556675
            ],
            [
              116.35156799878216,
              40.00575202266444
            ],
            [
              116.35156698204821,
              40.00553309089177
            ],
            [
              116.35156618692629,
              40.00531416035085
            ],
            [
              116.35156561360807,
              40.00509523104279
            ],
            [
              116.35156526223052,
              40.00487630296832
            ],
            [
              116.35156513287573,
              40.00465737612794
            ],
            [
              116.35156522557119,
              40.00443845052175
            ],
            [
              116.35156554028941,
              40.00421952614961
            ],
            [
              116.3515660769483,
              40.00400060301105
            ],
            [
              116.35156683541088,
              40.00378168110532
            ],
            [
              116.35156781548547,
              40.00356276043131
            ],
            [
              116.35156901692581,
              40.00334384098763
            ],
            [
              116.35157043943079,
              40.003124922772614
            ],
            [
              116.35157208264505,
              40.00290600578423
            ],
            [
              116.35157394615858,
              40.002687090020196
            ],
            [
              116.35157602950703,
              40.002468175477865
            ],
            [
              116.35157833217188,
              40.002249262154336
            ],
            [
              116.35158085358047,
              40.002030350046404
            ],
            [
              116.35158359310608,
              40.001811439150515
            ],
            [
              116.35158655006836,
              40.00159252946286
            ],
            [
              116.35158972373311,
              40.00137362097931
            ],
            [
              116.35159311331282,
              40.00115471369543
            ],
            [
              116.35159671796657,
              40.000935807606496
            ],
            [
              116.35160053680052,
              40.00071690270748
            ],
            [
              116.35160456886784,
              40.000497998993055
            ],
            [
              116.35160881316922,
              40.000279096457604
            ],
            [
              116.35161326865286,
              40.000060195095216
            ],
            [
              116.35161793421493,
              39.9998412948997
            ],
            [
              116.35162280869979,
              39.99962239586453
            ],
            [
              116.35162789090018,
              39.99940349798296
            ],
            [
              116.35163317955761,
              39.99918460124788
            ],
            [
              116.35163867336269,
              39.99896570565197
            ],
            [
              116.35164437095531,
              39.99874681118755
            ],
            [
              116.35165027092529,
              39.99852791784672
            ],
            [
              116.35165637181225,
              39.99830902562127
            ],
            [
              116.35166267210647,
              39.99809013450271
            ],
            [
              116.35166917024883,
              39.997871244482305
            ],
            [
              116.35167586463155,
              39.997652355551
            ],
            [
              116.35168275359838,
              39.997433467699494
            ],
            [
              116.351689835445,
              39.997214580918204
            ],
            [
              116.35169710841957,
              39.99699569519733
            ],
            [
              116.35170457072307,
              39.99677681052675
            ],
            [
              116.35171222050981,
              39.996557926896074
            ],
            [
              116.35172005588771,
              39.99633904429471
            ],
            [
              116.3517280749191,
              39.996120162711755
            ],
            [
              116.3517362756208,
              39.99590128213609
            ],
            [
              116.3517446559649,
              39.99568240255633
            ],
            [
              116.35175321387918,
              39.99546352396081
            ],
            [
              116.35176194724755,
              39.99524464633772
            ],
            [
              116.35177085391071,
              39.99502576967487
            ],
            [
              116.35177993166653,
              39.994806893959925
            ],
            [
              116.35178917827069,
              39.99458801918029
            ],
            [
              116.3517985914372,
              39.99436914532314
            ],
            [
              116.351808168839,
              39.99415027237542
            ],
            [
              116.35181790810846,
              39.993931400323824
            ],
            [
              116.35182780683809,
              39.99371252915488
            ],
            [
              116.35183786258096,
              39.9934936588548
            ],
            [
              116.3518480728515,
              39.993274789409696
            ],
            [
              116.35185843512589,
              39.9930559208054
            ],
            [
              116.35186894684291,
              39.992837053027515
            ],
            [
              116.35187960540442,
              39.9926181860615
            ],
            [
              116.3518904081761,
              39.99239931989256
            ],
            [
              116.351901352488,
              39.99218045450574
            ],
            [
              116.35191243563523,
              39.99196158988585
            ],
            [
              116.35192365487866,
              39.99174272601754
            ],
            [
              116.35193500744563,
              39.99152386288529
            ],
            [
              116.35194649053051,
              39.991305000473325
            ],
            [
              116.35195810129552,
              39.991086138765766
            ],
            [
              116.35196983687135,
              39.990867277746524
            ],
            [
              116.35198169435792,
              39.99064841739934
            ],
            [
              116.35199367082507,
              39.99042955770779
            ],
            [
              116.35200576331317,
              39.99021069865529
            ],
            [
              116.3520179688342,
              39.9899918402251
            ],
            [
              116.35203028437202,
              39.989772982400304
            ],
            [
              116.3520427068835,
              39.98955412516389
            ],
            [
              116.35205523329897,
              39.989335268498635
            ],
            [
              116.35206786052329,
              39.98911641238717
            ],
            [
              116.35208058543633,
              39.98889755681207
            ],
            [
              116.35209340489384,
              39.98867870175569
            ],
            [
              116.35210631572839,
              39.9884598472003
            ],
            [
              116.3521193147498,
              39.988240993128045
            ],
            [
              116.35213239874636,
              39.98802213952094
            ],
            [
              116.35214556448514,
              39.98780328636088
            ],
            [
              116.3521588087133,
              39.987584433629635
            ],
            [
              116.35217212815844,
              39.987365581308914
            ],
            [
              116.3521855195297,
              39.9871467293803
            ],
            [
              116.35219897951835,
              39.98692787782524
            ],
            [
              116.35221250479894,
              39.98670902662513
            ],
            [
              116.35222609202974,
              39.98649017576129
            ],
            [
              116.3522397378538,
              39.986271325214936
            ],
            [
              116.35225343889967,
              39.98605247496719
            ],
            [
              116.35226719178233,
              39.98583362499911
            ],
            [
              116.35228099310395,
              39.9856147752917
            ],
            [
              116.35229483945469,
              39.985395925825884
            ],
            [
              116.35230872741376,
              39.98517707658254
            ],
            [
              116.3523226535499,
              39.98495822754246
            ],
            [
              116.3523366144226,
              39.98473937868641
            ],
            [
              116.3523506065826,
              39.98452052999511
            ],
            [
              116.35236462657316,
              39.98430168144924
            ],
            [
              116.35237867093045,
              39.984082833029404
            ],
            [
              116.35239273618475,
              39.98386398471623
            ],
            [
              116.35240681886111,
              39.98364513649031
            ],
            [
              116.35242091548042,
              39.98342628833216
            ],
            [
              116.35243502255993,
              39.98320744022235
            ],
            [
              116.35244913661447,
              39.98298859214139
            ],
            [
              116.35246325415712,
              39.9827697440698
            ],
            [
              116.35247737169996,
              39.98255089598808
            ],
            [
              116.3524914857553,
              39.982332047876774
            ],
            [
              116.35250559283612,
              39.98211319971638
            ],
            [
              116.35251968945721,
              39.981894351487455
            ],
            [
              116.35253377213596,
              39.98167550317054
            ],
            [
              116.35254783739312,
              39.98145665474619
            ],
            [
              116.35256188175379,
              39.981237806195004
            ],
            [
              116.35257590174821,
              39.98101895749764
            ],
            [
              116.35258989391268,
              39.980800108634725
            ],
            [
              116.35260385479026,
              39.980581259586984
            ],
            [
              116.35261778093188,
              39.980362410335154
            ],
            [
              116.35263166889689,
              39.980143560860036
            ],
            [
              116.35264551525415,
              39.97992471114248
            ],
            [
              116.35265931658276,
              39.97970586116339
            ],
            [
              116.35267306947296,
              39.97948701090376
            ],
            [
              116.35268677052687,
              39.97926816034463
            ],
            [
              116.35270041635947,
              39.979049309467094
            ],
            [
              116.35271400359933,
              39.97883045825236
            ],
            [
              116.35272752888949,
              39.97861160668169
            ],
            [
              116.35274098888827,
              39.978392754736475
            ],
            [
              116.35275438027008,
              39.97817390239815
            ],
            [
              116.35276769972634,
              39.97795504964827
            ],
            [
              116.35278094396612,
              39.97773619646848
            ],
            [
              116.35279410971707,
              39.97751734284054
            ],
            [
              116.35280719372628,
              39.97729848874633
            ],
            [
              116.35282019276087,
              39.97707963416779
            ],
            [
              116.35283310360906,
              39.97686077908706
            ],
            [
              116.35284592308078,
              39.97664192348635
            ],
            [
              116.35285864800849,
              39.976423067347994
            ],
            [
              116.35287127524799,
              39.97620421065448
            ],
            [
              116.35288380167918,
              39.975985353388424
            ],
            [
              116.35289622420683,
              39.97576649553259
            ],
            [
              116.35290853976133,
              39.97554763706986
            ],
            [
              116.35292074529954,
              39.97532877798329
            ],
            [
              116.35293283780541,
              39.97510991825608
            ],
            [
              116.35294481429075,
              39.9748910578716
            ],
            [
              116.35295667179602,
              39.97467219681334
            ],
            [
              116.35296840739106,
              39.97445333506501
            ],
            [
              116.3529800181758,
              39.97423447261044
            ],
            [
              116.35299150128087,
              39.97401560943367
            ],
            [
              116.35300285386856,
              39.97379674551891
            ],
            [
              116.35301407313317,
              39.97357788085053
            ],
            [
              116.35302515630207,
              39.973359015413074
            ],
            [
              116.35303610063617,
              39.97314014919133
            ],
            [
              116.3530469034305,
              39.972921282170226
            ],
            [
              116.3530575620152,
              39.972702414334904
            ],
            [
              116.3530680737559,
              39.972483545670705
            ],
            [
              116.35307843605447,
              39.97226467616319
            ],
            [
              116.35308864634963,
              39.97204580579808
            ],
            [
              116.35309870211765,
              39.97182693456135
            ],
            [
              116.35310860087293,
              39.971608062439174
            ],
            [
              116.35311834016852,
              39.971389189417934
            ],
            [
              116.35312791759691,
              39.971170315484244
            ],
            [
              116.35313733079052,
              39.97095144062492
            ],
            [
              116.35314657742224,
              39.97073256482704
            ],
            [
              116.35315565520614,
              39.970513688077894
            ],
            [
              116.35316456189787,
              39.97029481036497
            ],
            [
              116.35317329529528,
              39.970075931676064
            ],
            [
              116.35318185323914,
              39.969857051999135
            ],
            [
              116.35319023361325,
              39.96963817132246
            ],
            [
              116.35319843434544,
              39.96941928963446
            ],
            [
              116.35320645340778,
              39.9692004069239
            ],
            [
              116.35321428881721,
              39.96898152317976
            ],
            [
              116.35322193863591,
              39.96876263839126
            ],
            [
              116.35322940097187,
              39.96854375254787
            ],
            [
              116.35323667397937,
              39.96832486563936
            ],
            [
              116.35324375585942,
              39.96810597765572
            ],
            [
              116.35325064486013,
              39.96788708858721
            ],
            [
              116.35325733927723,
              39.96766819842436
            ],
            [
              116.35326383745452,
              39.967449307157985
            ],
            [
              116.3532701377841,
              39.967230414779124
            ],
            [
              116.35327623870693,
              39.96701152127914
            ],
            [
              116.35328213871327,
              39.96679262664962
            ],
            [
              116.35328783634274,
              39.96657373088248
            ],
            [
              116.35329333018514,
              39.966354833969895
            ],
            [
              116.3532986188804,
              39.966135935904255
            ],
            [
              116.3533037011191,
              39.96591703667834
            ],
            [
              116.35330857564273,
              39.96569813628514
            ],
            [
              116.35331324124414,
              39.965479234717954
            ],
            [
              116.35331769676758,
              39.96526033197038
            ],
            [
              116.35332194110923,
              39.96504142803626
            ],
            [
              116.35332597321735,
              39.96482252290978
            ],
            [
              116.35332979209257,
              39.96460361658537
            ],
            [
              116.35333339678813,
              39.9643847090578
            ],
            [
              116.35333678641014,
              39.964165800322085
            ],
            [
              116.3533399601177,
              39.963946890373556
            ],
            [
              116.35334291712321,
              39.963727979207874
            ],
            [
              116.3533456566927,
              39.96350906682094
            ],
            [
              116.35334817814558,
              39.96329015320898
            ],
            [
              116.35335048085524,
              39.96307123836851
            ],
            [
              116.35335256424906,
              39.96285232229638
            ],
            [
              116.35335442780841,
              39.96263340498968
            ],
            [
              116.35335607106904,
              39.962414486445866
            ],
            [
              116.35335749362095,
              39.96219556666266
            ],
            [
              116.35335869510865,
              39.96197664563807
            ],
            [
              116.35335967523122,
              39.961757723370454
            ],
            [
              116.35336043374225,
              39.96153879985844
            ],
            [
              116.3533609704501,
              39.961319875100955
            ],
            [
              116.35336128521787,
              39.961100949097265
            ],
            [
              116.35336137796338,
              39.9608820218469
            ],
            [
              116.3533612486592,
              39.96066309334973
            ],
            [
              116.35336089733273,
              39.96044416360589
            ],
            [
              116.3533603240662,
              39.96022523261587
            ],
            [
              116.3533595289965,
              39.96000630038041
            ],
            [
              116.35335851231528,
              39.95978736690058
            ],
            [
              116.35335727426896,
              39.95956843217777
            ],
            [
              116.35335581515841,
              39.95934949621365
            ],
            [
              116.35335413533919,
              39.95913055901021
            ],
            [
              116.35335223522121,
              39.95891162056971
            ],
            [
              116.35335011526885,
              39.958692680894735
            ],
            [
              116.35334777600067,
              39.9584737399882
            ],
            [
              116.35334521798927,
              39.95825479785326
            ],
            [
              116.35334244186136,
              39.958035854493424
            ],
            [
              116.35333944829739,
              39.957816909912445
            ],
            [
              116.35333623803142,
              39.95759796411445
            ],
            [
              116.35333281185109,
              39.957379017103776
            ],
            [
              116.35332917059722,
              39.95716006888512
            ],
            [
              116.35332531516374,
              39.95694111946347
            ],
            [
              116.3533212464974,
              39.95672216884405
            ],
            [
              116.35331696559757,
              39.95650321703247
            ],
            [
              116.35331247351603,
              39.95628426403453
            ],
            [
              116.35330777135661,
              39.95606530985638
            ],
            [
              116.35330286027497,
              39.955846354504466
            ],
            [
              116.35329774147833,
              39.95562739798548
            ],
            [
              116.35329241622523,
              39.95540844030642
            ],
            [
              116.35328688582501,
              39.955189481474584
            ],
            [
              116.35328115163782,
              39.95497052149754
            ],
            [
              116.35327521507385,
              39.95475156038309
            ],
            [
              116.35326907759341,
              39.95453259813938
            ],
            [
              116.35326274070634,
              39.954313634774806
            ],
            [
              116.35325620597165,
              39.95409467029804
            ],
            [
              116.35324947499717,
              39.953875704718016
            ],
            [
              116.35324254943923,
              39.95365673804394
            ],
            [
              116.353235431002,
              39.95343777028529
            ],
            [
              116.3532281214374,
              39.95321880145183
            ],
            [
              116.35322062254444,
              39.95299983155355
            ],
            [
              116.35321293616886,
              39.95278086060072
            ],
            [
              116.35320506420261,
              39.95256188860383
            ],
            [
              116.35319700858356,
              39.95234291557371
            ],
            [
              116.35318877129474,
              39.95212394152135
            ],
            [
              116.35318035436408,
              39.95190496645805
            ],
            [
              116.35317175986386,
              39.95168599039534
            ],
            [
              116.35316298991012,
              39.951467013344974
            ],
            [
              116.35315404666218,
              39.95124803531899
            ],
            [
              116.35314493232221,
              39.95102905632961
            ],
            [
              116.35313564913449,
              39.95081007638931
            ],
            [
              116.35312619938499,
              39.950591095510866
            ],
            [
              116.35311658540083,
              39.950372113707175
            ],
            [
              116.35310680954957,
              39.95015313099143
            ],
            [
              116.35309687423877,
              39.94993414737703
            ],
            [
              116.35308678191535,
              39.94971516287758
            ],
            [
              116.35307653506489,
              39.94949617750692
            ],
            [
              116.35306613621113,
              39.9492771912791
            ],
            [
              116.35305558791536,
              39.94905820420838
            ],
            [
              116.35304489277571,
              39.948839216309196
            ],
            [
              116.35303405342658,
              39.94862022759624
            ],
            [
              116.3530230725378,
              39.94840123808435
            ],
            [
              116.35301195281433,
              39.94818224778859
            ],
            [
              116.35300069699527,
              39.94796325672425
            ],
            [
              116.35298930785326,
              39.9477442649067
            ],
            [
              116.352977788194,
              39.94752527235161
            ],
            [
              116.35296614085523,
              39.94730627907477
            ],
            [
              116.35295436870628,
              39.94708728509217
            ],
            [
              116.3529424746472,
              39.946868290419935
            ],
            [
              116.3529304616082,
              39.94664929507439
            ],
            [
              116.35291833254882,
              39.94643029907203
            ],
            [
              116.35290609045722,
              39.946211302429504
            ],
            [
              116.35289373834944,
              39.9459923051636
            ],
            [
              116.35288127926866,
              39.945773307291276
            ],
            [
              116.3528687162845,
              39.94555430882963
            ],
            [
              116.35285605249214,
              39.94533530979594
            ],
            [
              116.35284329101172,
              39.94511631020754
            ],
            [
              116.35283043498742,
              39.94489731008199
            ],
            [
              116.35281748758678,
              39.94467830943692
            ],
            [
              116.35280445199987,
              39.944459308290135
            ],
            [
              116.35279133143851,
              39.9442403066595
            ],
            [
              116.35277812913552,
              39.944021304563066
            ],
            [
              116.35276484834382,
              39.943802302018966
            ],
            [
              116.3527514923358,
              39.94358329904542
            ],
            [
              116.35273806440236,
              39.94336429566082
            ],
            [
              116.35272456785208,
              39.94314529188358
            ],
            [
              116.35271100601055,
              39.942926287732234
            ],
            [
              116.35269738221949,
              39.94270728322546
            ],
            [
              116.35268369983581,
              39.94248827838194
            ],
            [
              116.35266996223092,
              39.9422692732205
            ],
            [
              116.35265617278992,
              39.942050267760024
            ],
            [
              116.3526423349106,
              39.94183126201946
            ],
            [
              116.3526284520028,
              39.94161225601783
            ],
            [
              116.35261452748736,
              39.94139324977422
            ],
            [
              116.35260056479547,
              39.9411742433078
            ],
            [
              116.35258656736768,
              39.94095523663774
            ],
            [
              116.3525725386532,
              39.94073622978329
            ],
            [
              116.35255848210886,
              39.94051722276375
            ],
            [
              116.3525444011984,
              39.94029821559847
            ],
            [
              116.35253029939162,
              39.940079208306805
            ],
            [
              116.35251618016332,
              39.93986020090815
            ],
            [
              116.35250204699283,
              39.939641193421934
            ],
            [
              116.35248790336271,
              39.939422185867606
            ],
            [
              116.35247375275823,
              39.93920317826463
            ],
            [
              116.35246063099619,
              39.93900014401504
            ],
            [
              116.3512326519997,
              39.93900018475852
            ],
            [
              116.35124532378632,
              39.93919631089556
            ]
          ]
        ]
      }
    }
  ]
}