{
  "type": "FeatureCollection",
  "name": "roads_qi_pulse",
  "features": [
    {
      "type": "Feature",
      "id": "ROAD-001",
      "properties": {
        "id": "ROAD-001",
        "layer": "ROAD_CENTERLINE",
        "source_type": "agent_generated_design",
        "confidence": "low",
        "geometry_role": "design_proposal",
        "road_class": "secondary",
        "name_zh": "气脉西路",
        "name_en": "Qi-Pulse West Avenue",
        "usage_note": "概念性中心线，不对应道路红线或工程线位",
        "length_m_declared": 9721.9
      },
      "geometry": {
        "type": "LineString",
        "coordinates": [
          [
            116.34480038393754,
            39.93900018567503
          ],
          [
            116.34481070274865,
            39.93916012633703
          ],
          [
            116.34482482890283,
            39.93937913467955
          ],
          [
            116.3448389480824,
            39.93959814297297
          ],
          [
            116.34485305680208,
            39.93981715119758
          ],
          [
            116.34486715157931,
            39.940036159333744
          ],
          [
            116.34488122893482,
            39.940255167361755
          ],
          [
            116.3448952853938,
            39.940474175262025
          ],
          [
            116.34490931748641,
            39.940693183014936
          ],
          [
            116.344923321749,
            39.940912190600926
          ],
          [
            116.34493729472464,
            39.941131198000484
          ],
          [
            116.34495123296423,
            39.94135020519412
          ],
          [
            116.34496513302719,
            39.941569212162406
          ],
          [
            116.34497899148234,
            39.94178821888599
          ],
          [
            116.34499280490878,
            39.94200722534553
          ],
          [
            116.34500656989678,
            39.9422262315218
          ],
          [
            116.34502028304853,
            39.94244523739561
          ],
          [
            116.34503394097888,
            39.942664242947856
          ],
          [
            116.34504754031651,
            39.942883248159504
          ],
          [
            116.34506107770446,
            39.943102253011624
          ],
          [
            116.34507454980101,
            39.943321257485344
          ],
          [
            116.34508795328064,
            39.9435402615619
          ],
          [
            116.34510128483474,
            39.94375926522264
          ],
          [
            116.34511454117235,
            39.94397826844898
          ],
          [
            116.3451277190212,
            39.94419727122248
          ],
          [
            116.34514081512836,
            39.94441627352477
          ],
          [
            116.34515382626094,
            39.944635275337625
          ],
          [
            116.3451667492072,
            39.944854276642936
          ],
          [
            116.34517958077703,
            39.94507327742269
          ],
          [
            116.34519231780291,
            39.94529227765905
          ],
          [
            116.3452049571407,
            39.94551127733426
          ],
          [
            116.34521749567021,
            39.94573027643078
          ],
          [
            116.34522993029633,
            39.945949274931095
          ],
          [
            116.34524225794938,
            39.94616827281794
          ],
          [
            116.34525447558623,
            39.946387270074155
          ],
          [
            116.34526658019082,
            39.94660626668272
          ],
          [
            116.34527856877506,
            39.946825262626824
          ],
          [
            116.34529043837931,
            39.94704425788976
          ],
          [
            116.34530218607348,
            39.947263252455
          ],
          [
            116.34531380895743,
            39.94748224630625
          ],
          [
            116.34532530416189,
            39.94770123942732
          ],
          [
            116.34533666884909,
            39.947920231802215
          ],
          [
            116.3453479002134,
            39.94813922341511
          ],
          [
            116.34535899548212,
            39.948358214250426
          ],
          [
            116.3453699519162,
            39.9485772042927
          ],
          [
            116.34538076681068,
            39.9487961935267
          ],
          [
            116.34539143749569,
            39.94901518193739
          ],
          [
            116.34540196133688,
            39.94923416950993
          ],
          [
            116.34541233573611,
            39.9494531562297
          ],
          [
            116.34542255813211,
            39.949672142082264
          ],
          [
            116.34543262600114,
            39.949891127053405
          ],
          [
            116.34544253685762,
            39.950110111129135
          ],
          [
            116.3454522882546,
            39.95032909429567
          ],
          [
            116.34546187778457,
            39.95054807653945
          ],
          [
            116.34547130307999,
            39.95076705784713
          ],
          [
            116.34548056181372,
            39.95098603820567
          ],
          [
            116.3454896516998,
            39.95120501760215
          ],
          [
            116.34549857049393,
            39.95142399602391
          ],
          [
            116.34550731599397,
            39.95164297345861
          ],
          [
            116.34551588604062,
            39.95186194989407
          ],
          [
            116.34552427851779,
            39.952080925318384
          ],
          [
            116.34553249135327,
            39.952299899719875
          ],
          [
            116.34554052251909,
            39.95251887308712
          ],
          [
            116.34554837003222,
            39.95273784540901
          ],
          [
            116.34555603195486,
            39.95295681667457
          ],
          [
            116.34556350639497,
            39.95317578687323
          ],
          [
            116.34557079150686,
            39.953394755994516
          ],
          [
            116.34557788549154,
            39.95361372402836
          ],
          [
            116.34558478659709,
            39.95383269096489
          ],
          [
            116.34559149311931,
            39.954051656794526
          ],
          [
            116.34559800340189,
            39.95427062150792
          ],
          [
            116.34560431583704,
            39.95448958509605
          ],
          [
            116.34561042886567,
            39.95470854755013
          ],
          [
            116.34561634097804,
            39.95492750886169
          ],
          [
            116.3456220507138,
            39.955146469022466
          ],
          [
            116.34562755666272,
            39.955365428024564
          ],
          [
            116.34563285746474,
            39.95558438586031
          ],
          [
            116.34563795181042,
            39.95580334252236
          ],
          [
            116.3456428384413,
            39.956022298003596
          ],
          [
            116.34564751615017,
            39.95624125229727
          ],
          [
            116.34565198378134,
            39.95646020539685
          ],
          [
            116.34565624023095,
            39.95667915729611
          ],
          [
            116.34566028444726,
            39.95689810798917
          ],
          [
            116.34566411543095,
            39.95711705747037
          ],
          [
            116.3456677322352,
            39.95733600573441
          ],
          [
            116.34567113396608,
            39.95755495277627
          ],
          [
            116.34567431978282,
            39.957773898591164
          ],
          [
            116.34567728889775,
            39.95799284317473
          ],
          [
            116.34568004057684,
            39.95821178652278
          ],
          [
            116.3456825741396,
            39.95843072863151
          ],
          [
            116.34568488895935,
            39.95864966949738
          ],
          [
            116.34568698446348,
            39.958868609117175
          ],
          [
            116.34568886013342,
            39.95908754748798
          ],
          [
            116.34569051550483,
            39.959306484607175
          ],
          [
            116.34569195016776,
            39.95952542047244
          ],
          [
            116.3456931637667,
            39.959744355081774
          ],
          [
            116.34569415600072,
            39.9599632884335
          ],
          [
            116.34569492662345,
            39.9601822205262
          ],
          [
            116.3456954754432,
            39.96040115135881
          ],
          [
            116.34569580232308,
            39.96062008093056
          ],
          [
            116.3456959071809,
            39.96083900924096
          ],
          [
            116.34569578998926,
            39.961057936289876
          ],
          [
            116.34569545077555,
            39.96127686207745
          ],
          [
            116.34569488962197,
            39.96149578660412
          ],
          [
            116.3456941066654,
            39.96171470987068
          ],
          [
            116.34569310209754,
            39.961933631878175
          ],
          [
            116.34569187616475,
            39.962152552628005
          ],
          [
            116.34569042916793,
            39.96237147212184
          ],
          [
            116.34568876146264,
            39.96259039036169
          ],
          [
            116.34568687345876,
            39.96280930734985
          ],
          [
            116.3456847656207,
            39.96302822308892
          ],
          [
            116.34568243846695,
            39.9632471375818
          ],
          [
            116.3456798925702,
            39.963466050831734
          ],
          [
            116.34567712855707,
            39.96368496284222
          ],
          [
            116.34567414710807,
            39.96390387361706
          ],
          [
            116.34567094895723,
            39.96412278316042
          ],
          [
            116.34566753489219,
            39.9643416914767
          ],
          [
            116.34566390575372,
            39.9645605985706
          ],
          [
            116.34566006243581,
            39.964779504447165
          ],
          [
            116.3456560058852,
            39.96499840911173
          ],
          [
            116.34565173710125,
            39.96521731256988
          ],
          [
            116.34564725713568,
            39.96543621482752
          ],
          [
            116.34564256709237,
            39.965655115890875
          ],
          [
            116.34563766812697,
            39.96587401576644
          ],
          [
            116.34563256144669,
            39.96609291446097
          ],
          [
            116.34562724831005,
            39.96631181198157
          ],
          [
            116.34562173002641,
            39.96653070833557
          ],
          [
            116.34561600795587,
            39.96674960353062
          ],
          [
            116.34561008350867,
            39.966968497574676
          ],
          [
            116.3456039581451,
            39.9671873904759
          ],
          [
            116.34559763337498,
            39.96740628224282
          ],
          [
            116.34559111075731,
            39.96762517288417
          ],
          [
            116.34558439189995,
            39.967844062409
          ],
          [
            116.34557747845915,
            39.96806295082663
          ],
          [
            116.34557037213915,
            39.96828183814664
          ],
          [
            116.34556307469184,
            39.96850072437888
          ],
          [
            116.34555558791621,
            39.968719609533444
          ],
          [
            116.34554791365801,
            39.96893849362075
          ],
          [
            116.3455400538092,
            39.969157376651395
          ],
          [
            116.34553201030758,
            39.96937625863632
          ],
          [
            116.34552378513622,
            39.96959513958667
          ],
          [
            116.34551538032308,
            39.96981401951383
          ],
          [
            116.34550679794033,
            39.97003289842947
          ],
          [
            116.34549804010409,
            39.970251776345485
          ],
          [
            116.34548910897368,
            39.97047065327405
          ],
          [
            116.3454800067512,
            39.97068952922753
          ],
          [
            116.34547073568099,
            39.97090840421857
          ],
          [
            116.34546129804895,
            39.97112727826002
          ],
          [
            116.34545169618224,
            39.971346151365
          ],
          [
            116.34544193244841,
            39.97156502354679
          ],
          [
            116.345432009255,
            39.971783894818984
          ],
          [
            116.34542192904888,
            39.97200276519533
          ],
          [
            116.34541169431569,
            39.972221634689845
          ],
          [
            116.34540130757915,
            39.97244050331669
          ],
          [
            116.34539077140055,
            39.97265937109033
          ],
          [
            116.34538008837796,
            39.97287823802539
          ],
          [
            116.3453692611458,
            39.97309710413669
          ],
          [
            116.34535829237394,
            39.97331596943925
          ],
          [
            116.34534718476729,
            39.973534833948335
          ],
          [
            116.34533594106493,
            39.97375369767936
          ],
          [
            116.34532456403954,
            39.97397256064793
          ],
          [
            116.34531305649678,
            39.97419142286986
          ],
          [
            116.34530142127437,
            39.97441028436115
          ],
          [
            116.34528966124164,
            39.97462914513793
          ],
          [
            116.34527777929868,
            39.974848005216586
          ],
          [
            116.34526577837563,
            39.975066864613574
          ],
          [
            116.34525366143207,
            39.97528572334563
          ],
          [
            116.34524143145613,
            39.97550458142954
          ],
          [
            116.34522909146382,
            39.97572343888234
          ],
          [
            116.34521664449836,
            39.97594229572116
          ],
          [
            116.34520409362935,
            39.97616115196331
          ],
          [
            116.34519144195195,
            39.97638000762626
          ],
          [
            116.34517869258627,
            39.97659886272759
          ],
          [
            116.34516584867652,
            39.97681771728501
          ],
          [
            116.34515291339025,
            39.97703657131639
          ],
          [
            116.3451398899175,
            39.97725542483973
          ],
          [
            116.34512678147004,
            39.97747427787314
          ],
          [
            116.34511359128074,
            39.97769313043485
          ],
          [
            116.34510032260255,
            39.97791198254321
          ],
          [
            116.34508697870774,
            39.97813083421669
          ],
          [
            116.34507356288726,
            39.978349685473844
          ],
          [
            116.3450600784497,
            39.97856853633334
          ],
          [
            116.34504652872064,
            39.97878738681396
          ],
          [
            116.34503291704176,
            39.97900623693456
          ],
          [
            116.34501924677,
            39.97922508671405
          ],
          [
            116.34500552127673,
            39.979443936171506
          ],
          [
            116.34499174394709,
            39.979662785326
          ],
          [
            116.34497791817884,
            39.97988163419675
          ],
          [
            116.34496404738174,
            39.98010048280299
          ],
          [
            116.34495013497676,
            39.98031933116401
          ],
          [
            116.34493618439497,
            39.98053817929923
          ],
          [
            116.344922199077,
            39.98075702722806
          ],
          [
            116.344908182472,
            39.98097587496997
          ],
          [
            116.34489413803679,
            39.98119472254448
          ],
          [
            116.34488006923513,
            39.981413569971195
          ],
          [
            116.34486597953679,
            39.9816324172697
          ],
          [
            116.3448518724166,
            39.98185126445959
          ],
          [
            116.34483775135384,
            39.982070111560574
          ],
          [
            116.34482361983108,
            39.982288958592314
          ],
          [
            116.34480948133358,
            39.98250780557451
          ],
          [
            116.34479533934831,
            39.98272665252686
          ],
          [
            116.344781197363,
            39.98294549946908
          ],
          [
            116.34476705886549,
            39.98316434642091
          ],
          [
            116.3447529273427,
            39.98338319340204
          ],
          [
            116.34473880627986,
            39.98360204043218
          ],
          [
            116.34472469915966,
            39.98382088753102
          ],
          [
            116.34471060946123,
            39.984039734718245
          ],
          [
            116.34469654065947,
            39.98425858201351
          ],
          [
            116.34468249622417,
            39.984477429436424
          ],
          [
            116.34466847961905,
            39.98469627700659
          ],
          [
            116.34465449430091,
            39.98491512474357
          ],
          [
            116.344640543719,
            39.985133972666866
          ],
          [
            116.34462663131383,
            39.98535282079595
          ],
          [
            116.34461276051658,
            39.985571669150254
          ],
          [
            116.34459893474813,
            39.985790517749116
          ],
          [
            116.34458515741825,
            39.98600936661183
          ],
          [
            116.34457143192476,
            39.98622821575766
          ],
          [
            116.34455776165277,
            39.98644706520574
          ],
          [
            116.3445441499736,
            39.98666591497517
          ],
          [
            116.34453060024424,
            39.98688476508495
          ],
          [
            116.34451711580637,
            39.987103615554
          ],
          [
            116.34450369998554,
            39.987322466401146
          ],
          [
            116.34449035609038,
            39.98754131764514
          ],
          [
            116.3444770874118,
            39.98776016930462
          ],
          [
            116.34446389722214,
            39.98797902139811
          ],
          [
            116.34445078877425,
            39.988197873944046
          ],
          [
            116.34443776530105,
            39.98841672696075
          ],
          [
            116.34442483001426,
            39.98863558046639
          ],
          [
            116.34441198610406,
            39.98885443447907
          ],
          [
            116.34439923673787,
            39.98907328901673
          ],
          [
            116.34438658505991,
            39.98929214409719
          ],
          [
            116.34437403419031,
            39.98951099973813
          ],
          [
            116.34436158722421,
            39.989729855957094
          ],
          [
            116.34434924723129,
            39.989948712771486
          ],
          [
            116.34433701725465,
            39.99016757019856
          ],
          [
            116.3443249003104,
            39.990386428255405
          ],
          [
            116.34431289938661,
            39.990605286958974
          ],
          [
            116.34430101744287,
            39.99082414632604
          ],
          [
            116.34428925740932,
            39.99104300637324
          ],
          [
            116.3442776221861,
            39.99126186711698
          ],
          [
            116.34426611464242,
            39.991480728573585
          ],
          [
            116.34425473761611,
            39.99169959075911
          ],
          [
            116.34424349391281,
            39.9919184536895
          ],
          [
            116.34423238630517,
            39.99213731738047
          ],
          [
            116.34422141753224,
            39.99235618184754
          ],
          [
            116.34421059029899,
            39.992575047106094
          ],
          [
            116.34419990727531,
            39.99279391317127
          ],
          [
            116.34418937109554,
            39.99301278005801
          ],
          [
            116.3441789843578,
            39.99323164778105
          ],
          [
            116.34416874962336,
            39.993450516354955
          ],
          [
            116.34415866941595,
            39.99366938579402
          ],
          [
            116.34414874622118,
            39.99388825611239
          ],
          [
            116.34413898248597,
            39.99410712732392
          ],
          [
            116.3441293806178,
            39.994325999442275
          ],
          [
            116.34411994298434,
            39.994544872480944
          ],
          [
            116.34411067191256,
            39.99476374645309
          ],
          [
            116.34410156968849,
            39.994982621371726
          ],
          [
            116.34409263855646,
            39.99520149724958
          ],
          [
            116.34408388071854,
            39.99542037409914
          ],
          [
            116.34407529833412,
            39.99563925193272
          ],
          [
            116.3440668935192,
            39.995858130762294
          ],
          [
            116.34405866834604,
            39.996077010599656
          ],
          [
            116.34405062484254,
            39.99629589145632
          ],
          [
            116.34404276499181,
            39.996514773343556
          ],
          [
            116.34403509073162,
            39.99673365627236
          ],
          [
            116.34402760395399,
            39.99695254025347
          ],
          [
            116.34402030650462,
            39.99717142529742
          ],
          [
            116.34401320018252,
            39.9973903114144
          ],
          [
            116.3440062867395,
            39.99760919861437
          ],
          [
            116.34399956787992,
            39.997828086907006
          ],
          [
            116.34399304526,
            39.99804697630174
          ],
          [
            116.34398672048756,
            39.99826586680769
          ],
          [
            116.34398059512165,
            39.99848475843374
          ],
          [
            116.34397467067204,
            39.99870365118846
          ],
          [
            116.34396894859907,
            39.99892254508015
          ],
          [
            116.34396343031293,
            39.999141440116816
          ],
          [
            116.34395811717371,
            39.99936033630622
          ],
          [
            116.34395301049086,
            39.99957923365577
          ],
          [
            116.34394811152282,
            39.99979813217267
          ],
          [
            116.34394342147684,
            40.00001703186376
          ],
          [
            116.34393894150857,
            40.000235932735585
          ],
          [
            116.34393467272184,
            40.000454834794446
          ],
          [
            116.34393061616841,
            40.00067373804634
          ],
          [
            116.34392677284765,
            40.00089264249693
          ],
          [
            116.34392314370638,
            40.00111154815161
          ],
          [
            116.34391972963839,
            40.00133045501546
          ],
          [
            116.34391653148464,
            40.00154936309328
          ],
          [
            116.34391355003262,
            40.00176827238953
          ],
          [
            116.34391078601651,
            40.00198718290841
          ],
          [
            116.34390824011673,
            40.002206094653765
          ],
          [
            116.34390591295991,
            40.00242500762918
          ],
          [
            116.34390380511877,
            40.002643921837915
          ],
          [
            116.34390191711182,
            40.0028628372829
          ],
          [
            116.34390024940336,
            40.00308175396681
          ],
          [
            116.34389880240342,
            40.003300671891964
          ],
          [
            116.34389757646746,
            40.00351959106041
          ],
          [
            116.34389657189642,
            40.003738511473834
          ],
          [
            116.34389578893669,
            40.00395743313364
          ],
          [
            116.3438952277799,
            40.004176356040965
          ],
          [
            116.343894888563,
            40.00439528019654
          ],
          [
            116.34389477136814,
            40.00461420560087
          ],
          [
            116.34389487622278,
            40.00483313225409
          ],
          [
            116.34389520309944,
            40.00505206015609
          ],
          [
            116.343895751916,
            40.00527098930637
          ],
          [
            116.34389652253552,
            40.005489919704175
          ],
          [
            116.34389751476634,
            40.00570885134841
          ],
          [
            116.34389872836215,
            40.00592778423769
          ],
          [
            116.34390016302191,
            40.0061467183703
          ],
          [
            116.3439018183902,
            40.00636565374421
          ],
          [
            116.34390369405703,
            40.00658459035714
          ],
          [
            116.34390578955808,
            40.00680352820643
          ],
          [
            116.3439081043748,
            40.00702246728911
          ],
          [
            116.34391063793457,
            40.007241407601974
          ],
          [
            116.34391338961066,
            40.00746034914144
          ],
          [
            116.34391635872268,
            40.00767929190366
          ],
          [
            116.34391954453652,
            40.007898235884454
          ],
          [
            116.34392294626458,
            40.00811718107935
          ],
          [
            116.343926563066,
            40.00833612748358
          ],
          [
            116.34393039404694,
            40.00855507509206
          ],
          [
            116.34393443826062,
            40.00877402389943
          ],
          [
            116.34393869470763,
            40.00899297389999
          ],
          [
            116.34394316233626,
            40.0092119250878
          ],
          [
            116.34394784004263,
            40.009430877456566
          ],
          [
            116.34395272667115,
            40.009649830999734
          ],
          [
            116.3439578210145,
            40.009868785710445
          ],
          [
            116.34396312181428,
            40.01008774158155
          ],
          [
            116.34396862776107,
            40.01030669860562
          ],
          [
            116.3439743374948,
            40.010525656774924
          ],
          [
            116.34398024960518,
            40.01074461608145
          ],
          [
            116.34398636263198,
            40.01096357651694
          ],
          [
            116.34399267506535,
            40.011182538072774
          ],
          [
            116.34399918534629,
            40.01140150074012
          ],
          [
            116.34400589186697,
            40.01162046450984
          ],
          [
            116.34401279297114,
            40.01183942937254
          ],
          [
            116.3440198869545,
            40.01205839531854
          ],
          [
            116.34402717206524,
            40.012277362337876
          ],
          [
            116.34403464650431,
            40.01249633042036
          ],
          [
            116.34404230842604,
            40.01271529955549
          ],
          [
            116.34405015593838,
            40.012934269732526
          ],
          [
            116.34405818710358,
            40.01315324094048
          ],
          [
            116.34406639993858,
            40.013372213168104
          ],
          [
            116.3440747924154,
            40.01359118640384
          ],
          [
            116.34408336246186,
            40.01381016063596
          ],
          [
            116.3440921079619,
            40.01402913585246
          ],
          [
            116.34410102675615,
            40.01424811204103
          ],
          [
            116.34411011664253,
            40.01446708918924
          ],
          [
            116.34411937537674,
            40.0146860672843
          ],
          [
            116.34412880067276,
            40.01490504631327
          ],
          [
            116.3441383902036,
            40.01512402626291
          ],
          [
            116.34414814160158,
            40.015343007119796
          ],
          [
            116.34415805245922,
            40.01556198887029
          ],
          [
            116.34416812032963,
            40.01578097150046
          ],
          [
            116.34417834272718,
            40.01599995499623
          ],
          [
            116.34418871712815,
            40.016218939343304
          ],
          [
            116.34419924097126,
            40.0164379245271
          ],
          [
            116.34420991165844,
            40.0166569105329
          ],
          [
            116.3442207265553,
            40.01687589734578
          ],
          [
            116.34423168299193,
            40.01709488495056
          ],
          [
            116.34424277826344,
            40.017313873331915
          ],
          [
            116.34425400963072,
            40.01753286247431
          ],
          [
            116.34426537432113,
            40.01775185236201
          ],
          [
            116.344276869529,
            40.017970842979096
          ],
          [
            116.34428849241661,
            40.01818983430951
          ],
          [
            116.34430024011462,
            40.01840882633694
          ],
          [
            116.34431210972296,
            40.018627819044966
          ],
          [
            116.34432409831152,
            40.018846812416975
          ],
          [
            116.34433620292064,
            40.01906580643617
          ],
          [
            116.34434842056228,
            40.019284801085625
          ],
          [
            116.34436074822038,
            40.01950379634822
          ],
          [
            116.34437318285173,
            40.01972279220674
          ],
          [
            116.34438572138674,
            40.01994178864378
          ],
          [
            116.34439836073024,
            40.020160785641764
          ],
          [
            116.3444110977621,
            40.02037978318304
          ],
          [
            116.34442392933815,
            40.02059878124979
          ],
          [
            116.34443685229087,
            40.02081777982404
          ],
          [
            116.34444986343014,
            40.02103677888775
          ],
          [
            116.34446295954424,
            40.02125577842269
          ],
          [
            116.34447613740028,
            40.021474778410585
          ],
          [
            116.34448939374535,
            40.02169377883297
          ],
          [
            116.34450272530712,
            40.021912779671325
          ],
          [
            116.34451612879471,
            40.022131780906996
          ],
          [
            116.34452960089946,
            40.022350782521265
          ],
          [
            116.34454313829585,
            40.0225697844953
          ],
          [
            116.34455673764216,
            40.02278878681017
          ],
          [
            116.34457039558148,
            40.02300778944686
          ],
          [
            116.3445841087424,
            40.02322679238629
          ],
          [
            116.34459787373981,
            40.0234457956093
          ],
          [
            116.34461168717597,
            40.023664799096636
          ],
          [
            116.34462554564104,
            40.02388380282902
          ],
          [
            116.34463944571417,
            40.0241028067871
          ],
          [
            116.34465338396416,
            40.024321810951406
          ],
          [
            116.34466735695052,
            40.02454081530253
          ],
          [
            116.34468136122396,
            40.02475981982089
          ],
          [
            116.34469539332775,
            40.02497882448699
          ],
          [
            116.3447094497981,
            40.0251978292812
          ],
          [
            116.34472352716524,
            40.02541683418389
          ],
          [
            116.34473762195431,
            40.02563583917541
          ],
          [
            116.3447517306861,
            40.025854844236065
          ],
          [
            116.34476584987797,
            40.02607384934619
          ],
          [
            116.3447799760447,
            40.02629285448603
          ],
          [
            116.34479334666683,
            40.026500094905465
          ]
        ]
      }
    },
    {
      "type": "Feature",
      "id": "ROAD-002",
      "properties": {
        "id": "ROAD-002",
        "layer": "ROAD_CENTERLINE",
        "source_type": "agent_generated_design",
        "confidence": "low",
        "geometry_role": "design_proposal",
        "road_class": "secondary",
        "name_zh": "气脉东路",
        "name_en": "Qi-Pulse East Avenue",
        "usage_note": "概念性中心线，不对应道路红线或工程线位",
        "length_m_declared": 9721.9
      },
      "geometry": {
        "type": "LineString",
        "coordinates": [
          [
            116.34760719122252,
            39.93900022916162
          ],
          [
            116.34761853595258,
            39.939175959874575
          ],
          [
            116.34763267106568,
            39.939394967946576
          ],
          [
            116.34764679920426,
            39.93961397596964
          ],
          [
            116.34766091688303,
            39.93983298392415
          ],
          [
            116.34767502061945,
            39.940051991790526
          ],
          [
            116.34768910693423,
            39.940270999549185
          ],
          [
            116.34770317235254,
            39.940490007180614
          ],
          [
            116.34771721340461,
            39.94070901466525
          ],
          [
            116.34773122662668,
            39.94092802198365
          ],
          [
            116.3477452085619,
            39.941147029116365
          ],
          [
            116.34775915576114,
            39.94136603604399
          ],
          [
            116.34777306478381,
            39.94158504274721
          ],
          [
            116.34778693219873,
            39.94180404920671
          ],
          [
            116.34780075458504,
            39.94202305540327
          ],
          [
            116.34781452853295,
            39.942242061317714
          ],
          [
            116.34782825064462,
            39.94246106693096
          ],
          [
            116.34784191753502,
            39.942680072223965
          ],
          [
            116.34785552583271,
            39.9428990771778
          ],
          [
            116.34786907218077,
            39.9431180817736
          ],
          [
            116.3478825532375,
            39.94333708599258
          ],
          [
            116.34789596567732,
            39.94355608981605
          ],
          [
            116.34790930619165,
            39.94377509322543
          ],
          [
            116.34792257148956,
            39.94399409620226
          ],
          [
            116.34793575829873,
            39.94421309872812
          ],
          [
            116.34794886336621,
            39.94443210078476
          ],
          [
            116.34796188345918,
            39.944651102354015
          ],
          [
            116.34797481536584,
            39.94487010341785
          ],
          [
            116.34798765589612,
            39.94508910395837
          ],
          [
            116.34800040188247,
            39.94530810395776
          ],
          [
            116.34801305018073,
            39.94552710339836
          ],
          [
            116.34802559767074,
            39.945746102262696
          ],
          [
            116.34803804125735,
            39.945965100533364
          ],
          [
            116.34805037787095,
            39.94618409819315
          ],
          [
            116.34806260446832,
            39.94640309522495
          ],
          [
            116.34807471803349,
            39.94662209161186
          ],
          [
            116.34808671557825,
            39.94684108733709
          ],
          [
            116.34809859414305,
            39.94706008238404
          ],
          [
            116.34811035079777,
            39.94727907673626
          ],
          [
            116.34812198264231,
            39.9474980703775
          ],
          [
            116.34813348680731,
            39.94771706329163
          ],
          [
            116.34814486045508,
            39.947936055462755
          ],
          [
            116.34815610077989,
            39.948155046875115
          ],
          [
            116.34816720500919,
            39.948374037513176
          ],
          [
            116.34817817040376,
            39.94859302736157
          ],
          [
            116.34818899425875,
            39.9488120164051
          ],
          [
            116.34819967390423,
            39.94903100462883
          ],
          [
            116.34821020670591,
            39.94924999201795
          ],
          [
            116.3482205900656,
            39.94946897855792
          ],
          [
            116.34823082142202,
            39.94968796423436
          ],
          [
            116.34824089825146,
            39.949906949033114
          ],
          [
            116.3482508180683,
            39.950125932940274
          ],
          [
            116.34826057842562,
            39.95034491594208
          ],
          [
            116.34827017691593,
            39.95056389802506
          ],
          [
            116.34827961117162,
            39.950782879175925
          ],
          [
            116.34828887886559,
            39.95100185938166
          ],
          [
            116.34829797771192,
            39.951220838629425
          ],
          [
            116.34830690546622,
            39.95143981690664
          ],
          [
            116.34831565992641,
            39.95165879420096
          ],
          [
            116.34832423893317,
            39.95187777050029
          ],
          [
            116.3483326403704,
            39.95209674579278
          ],
          [
            116.34834086216587,
            39.95231572006679
          ],
          [
            116.34834890229166,
            39.95253469331097
          ],
          [
            116.34835675876472,
            39.95275366551423
          ],
          [
            116.34836442964722,
            39.952972636665656
          ],
          [
            116.34837191304716,
            39.9531916067547
          ],
          [
            116.34837920711884,
            39.95341057577098
          ],
          [
            116.3483863100632,
            39.953629543704444
          ],
          [
            116.34839322012843,
            39.953848510545264
          ],
          [
            116.34839993561026,
            39.954067476283896
          ],
          [
            116.3484064548524,
            39.954286440911034
          ],
          [
            116.34841277624703,
            39.95450540441771
          ],
          [
            116.3484188982351,
            39.95472436679517
          ],
          [
            116.34842481930683,
            39.95494332803495
          ],
          [
            116.34843053800188,
            39.95516228812886
          ],
          [
            116.34843605291007,
            39.955381247069035
          ],
          [
            116.34844136267125,
            39.95560020484782
          ],
          [
            116.34844646597607,
            39.9558191614579
          ],
          [
            116.34845136156599,
            39.95603811689221
          ],
          [
            116.34845604823384,
            39.956257071144
          ],
          [
            116.34846052482392,
            39.956476024206786
          ],
          [
            116.3484647902324,
            39.95669497607439
          ],
          [
            116.34846884340749,
            39.9569139267409
          ],
          [
            116.34847268334985,
            39.957132876200745
          ],
          [
            116.34847630911274,
            39.957351824448615
          ],
          [
            116.34847971980223,
            39.957570771479496
          ],
          [
            116.34848291457742,
            39.95778971728866
          ],
          [
            116.34848589265077,
            39.958008661871716
          ],
          [
            116.34848865328821,
            39.958227605224536
          ],
          [
            116.34849119580925,
            39.958446547343335
          ],
          [
            116.34849351958721,
            39.95866548822456
          ],
          [
            116.34849562404945,
            39.95888442786502
          ],
          [
            116.34849750867744,
            39.95910336626182
          ],
          [
            116.34849917300679,
            39.959322303412335
          ],
          [
            116.3485006166276,
            39.95954123931427
          ],
          [
            116.34850183918438,
            39.95976017396564
          ],
          [
            116.34850284037613,
            39.95997910736475
          ],
          [
            116.34850361995652,
            39.960198039510225
          ],
          [
            116.34850417773383,
            39.96041697040097
          ],
          [
            116.34850451357121,
            39.96063590003623
          ],
          [
            116.34850462738648,
            39.96085482841551
          ],
          [
            116.34850451915217,
            39.9610737555387
          ],
          [
            116.34850418889575,
            39.96129268140591
          ],
          [
            116.34850363669936,
            39.96151160601761
          ],
          [
            116.34850286269993,
            39.961730529374556
          ],
          [
            116.3485018670891,
            39.96194945147783
          ],
          [
            116.34850065011325,
            39.96216837232878
          ],
          [
            116.3484992120733,
            39.9623872919291
          ],
          [
            116.34849755332483,
            39.96260621028078
          ],
          [
            116.34849567427771,
            39.962825127386104
          ],
          [
            116.34849357539629,
            39.96304404324766
          ],
          [
            116.34849125719914,
            39.963262957868366
          ],
          [
            116.34848872025889,
            39.963481871251396
          ],
          [
            116.3484859652022,
            39.96370078340028
          ],
          [
            116.34848299270955,
            39.96391969431878
          ],
          [
            116.348479803515,
            39.96413860401106
          ],
          [
            116.34847639840615,
            39.964357512481484
          ],
          [
            116.34847277822385,
            39.964576419734726
          ],
          [
            116.348468943862,
            39.96479532577584
          ],
          [
            116.3484648962674,
            39.96501423061011
          ],
          [
            116.34846063643936,
            39.96523313424311
          ],
          [
            116.34845616542967,
            39.96545203668073
          ],
          [
            116.34845148434214,
            39.965670937929154
          ],
          [
            116.34844659433247,
            39.96588983799484
          ],
          [
            116.34844149660785,
            39.96610873688453
          ],
          [
            116.3484361924268,
            39.966327634605285
          ],
          [
            116.34843068309868,
            39.966546531164404
          ],
          [
            116.34842496998363,
            39.96676542656954
          ],
          [
            116.34841905449183,
            39.966984320828566
          ],
          [
            116.34841293808361,
            39.96720321394963
          ],
          [
            116.34840662226875,
            39.96742210594123
          ],
          [
            116.34840010860633,
            39.96764099681205
          ],
          [
            116.3483933987041,
            39.96785988657112
          ],
          [
            116.34838649421842,
            39.968078775227674
          ],
          [
            116.3483793968535,
            39.96829766279131
          ],
          [
            116.34837210836118,
            39.96851654927179
          ],
          [
            116.34836463054052,
            39.9687354346792
          ],
          [
            116.34835696523717,
            39.96895431902389
          ],
          [
            116.34834911434324,
            39.969173202316426
          ],
          [
            116.34834107979643,
            39.969392084567694
          ],
          [
            116.34833286357984,
            39.969610965788775
          ],
          [
            116.34832446772141,
            39.969829845991015
          ],
          [
            116.34831589429332,
            39.97004872518607
          ],
          [
            116.34830714541174,
            39.97026760338572
          ],
          [
            116.34829822323591,
            39.97048648060215
          ],
          [
            116.34828912996797,
            39.970705356847624
          ],
          [
            116.34827986785226,
            39.97092423213475
          ],
          [
            116.34827043917473,
            39.97114310647633
          ],
          [
            116.34826084626248,
            39.97136197988541
          ],
          [
            116.34825109148305,
            39.97158085237524
          ],
          [
            116.34824117724405,
            39.97179972395933
          ],
          [
            116.34823110599231,
            39.97201859465139
          ],
          [
            116.34822088021345,
            39.97223746446535
          ],
          [
            116.34821050243124,
            39.97245633341534
          ],
          [
            116.34819997520691,
            39.97267520151575
          ],
          [
            116.34818930113863,
            39.972894068781116
          ],
          [
            116.34817848286076,
            39.97311293522624
          ],
          [
            116.34816752304313,
            39.97333180086605
          ],
          [
            116.3481564243907,
            39.973550665715756
          ],
          [
            116.3481451896426,
            39.9737695297907
          ],
          [
            116.34813382157144,
            39.97398839310642
          ],
          [
            116.34812232298287,
            39.97420725567866
          ],
          [
            116.3481106967147,
            39.974426117523365
          ],
          [
            116.34809894563618,
            39.974644978656585
          ],
          [
            116.34808707264744,
            39.97486383909463
          ],
          [
            116.3480750806786,
            39.9750826988539
          ],
          [
            116.34806297268925,
            39.97530155795105
          ],
          [
            116.34805075166754,
            39.975520416402794
          ],
          [
            116.34803842062949,
            39.97573927422611
          ],
          [
            116.3480259826183,
            39.97595813143801
          ],
          [
            116.34801344070353,
            39.9761769880558
          ],
          [
            116.34800079798043,
            39.976395844096814
          ],
          [
            116.34798805756908,
            39.97661469957857
          ],
          [
            116.34797522261366,
            39.97683355451873
          ],
          [
            116.34796229628175,
            39.97705240893506
          ],
          [
            116.34794928176338,
            39.97727126284548
          ],
          [
            116.34793618227036,
            39.977490116268044
          ],
          [
            116.34792300103551,
            39.977708969220885
          ],
          [
            116.34790974131177,
            39.97792782172228
          ],
          [
            116.3478964063715,
            39.97814667379061
          ],
          [
            116.34788299950557,
            39.97836552544439
          ],
          [
            116.34786952402266,
            39.97858437670215
          ],
          [
            116.34785598324824,
            39.978803227582624
          ],
          [
            116.34784238052404,
            39.979022078104585
          ],
          [
            116.34782871920703,
            39.97924092828686
          ],
          [
            116.34781500266858,
            39.979459778148446
          ],
          [
            116.3478012342938,
            39.979678627708324
          ],
          [
            116.34778741748046,
            39.97989747698564
          ],
          [
            116.34777355563838,
            39.980116325999525
          ],
          [
            116.34775965218842,
            39.98033517476922
          ],
          [
            116.34774571056177,
            39.980554023314035
          ],
          [
            116.34773173419899,
            39.98077287165329
          ],
          [
            116.34771772654923,
            39.98099171980641
          ],
          [
            116.34770369106938,
            39.98121056779281
          ],
          [
            116.34768963122315,
            39.98142941563199
          ],
          [
            116.34767555048029,
            39.98164826334347
          ],
          [
            116.34766145231569,
            39.98186711094678
          ],
          [
            116.3476473402086,
            39.98208595846152
          ],
          [
            116.34763321764162,
            39.98230480590725
          ],
          [
            116.34761908809996,
            39.98252365330362
          ],
          [
            116.34760495507061,
            39.982742500670234
          ],
          [
            116.34759082204133,
            39.98296134802672
          ],
          [
            116.34757669249996,
            39.98318019539274
          ],
          [
            116.34756256993343,
            39.98339904278787
          ],
          [
            116.34754845782697,
            39.983617890231784
          ],
          [
            116.34753435966321,
            39.983836737744056
          ],
          [
            116.34752027892134,
            39.984055585344294
          ],
          [
            116.34750621907631,
            39.984274433052065
          ],
          [
            116.34749218359777,
            39.9844932808869
          ],
          [
            116.34747817594958,
            39.984712128868324
          ],
          [
            116.3474641995885,
            39.9849309770158
          ],
          [
            116.34745025796376,
            39.985149825348756
          ],
          [
            116.34743635451588,
            39.98536867388657
          ],
          [
            116.34742249267609,
            39.98558752264859
          ],
          [
            116.3474086758652,
            39.98580637165409
          ],
          [
            116.347394907493,
            39.986025220922286
          ],
          [
            116.34738119095736,
            39.98624407047233
          ],
          [
            116.34736752964334,
            39.98646292032328
          ],
          [
            116.34735392692228,
            39.98668177049416
          ],
          [
            116.3473403861512,
            39.98690062100391
          ],
          [
            116.34732691067175,
            39.98711947187133
          ],
          [
            116.3473135038095,
            39.9873383231152
          ],
          [
            116.34730016887308,
            39.98755717475417
          ],
          [
            116.34728690915338,
            39.98777602680681
          ],
          [
            116.34727372792275,
            39.98799487929156
          ],
          [
            116.34726062843409,
            39.988213732226775
          ],
          [
            116.34724761392025,
            39.9884325856307
          ],
          [
            116.34723468759302,
            39.98865143952144
          ],
          [
            116.3472218526425,
            39.988870293917
          ],
          [
            116.3472091122362,
            39.98908914883524
          ],
          [
            116.34719646951831,
            39.98930800429391
          ],
          [
            116.34718392760892,
            39.98952686031065
          ],
          [
            116.34717148960327,
            39.98974571690287
          ],
          [
            116.34715915857093,
            39.98996457408793
          ],
          [
            116.34714693755505,
            39.99018343188301
          ],
          [
            116.34713482957179,
            39.990402290305134
          ],
          [
            116.34712283760916,
            39.99062114937117
          ],
          [
            116.34711096462678,
            39.9908400090978
          ],
          [
            116.3470992135548,
            39.991058869501636
          ],
          [
            116.34708758729329,
            39.99127773059899
          ],
          [
            116.34707608871157,
            39.991496592406094
          ],
          [
            116.34706472064741,
            39.99171545493896
          ],
          [
            116.34705348590646,
            39.991934318213474
          ],
          [
            116.34704238726135,
            39.992153182245254
          ],
          [
            116.34703142745121,
            39.9923720470498
          ],
          [
            116.34702060918092,
            39.99259091264237
          ],
          [
            116.34700993512043,
            39.99280977903808
          ],
          [
            116.34699940790405,
            39.99302864625181
          ],
          [
            116.34698903012995,
            39.99324751429821
          ],
          [
            116.34697880435932,
            39.99346638319178
          ],
          [
            116.34696873311599,
            39.99368525294679
          ],
          [
            116.3469588188855,
            39.993904123577266
          ],
          [
            116.34694906411478,
            39.994122995097065
          ],
          [
            116.34693947121134,
            39.99434186751977
          ],
          [
            116.34693004254281,
            39.99456074085879
          ],
          [
            116.34692078043624,
            39.994779615127264
          ],
          [
            116.34691168717758,
            39.99499849033813
          ],
          [
            116.34690276501121,
            39.99521736650406
          ],
          [
            116.34689401613917,
            39.99543624363751
          ],
          [
            116.34688544272089,
            39.99565512175072
          ],
          [
            116.34687704687232,
            39.995874000855636
          ],
          [
            116.34686883066577,
            39.996092880963964
          ],
          [
            116.3468607961291,
            39.99631176208721
          ],
          [
            116.34685294524549,
            39.99653064423656
          ],
          [
            116.3468452799526,
            39.99674952742299
          ],
          [
            116.34683780214256,
            39.99696841165719
          ],
          [
            116.34683051366103,
            39.99718729694963
          ],
          [
            116.346823416307,
            39.99740618331047
          ],
          [
            116.34681651183233,
            39.99762507074963
          ],
          [
            116.34680980194133,
            39.997843959276736
          ],
          [
            116.34680328829026,
            39.99806284890118
          ],
          [
            116.3467969724869,
            39.998281739632056
          ],
          [
            116.34679085609034,
            39.99850063147819
          ],
          [
            116.34678494061032,
            39.998719524448106
          ],
          [
            116.34677922750721,
            39.99893841855011
          ],
          [
            116.34677371819119,
            39.999157313792146
          ],
          [
            116.34676841402238,
            39.99937621018195
          ],
          [
            116.34676331631017,
            39.99959510772689
          ],
          [
            116.34675842631302,
            39.99981400643414
          ],
          [
            116.34675374523823,
            40.000032906310516
          ],
          [
            116.34674927424138,
            40.00025180736254
          ],
          [
            116.34674501442638,
            40.000470709596485
          ],
          [
            116.3467409668449,
            40.0006896130183
          ],
          [
            116.3467371324964,
            40.00090851763366
          ],
          [
            116.34673351232762,
            40.00112742344792
          ],
          [
            116.34673010723242,
            40.00134633046612
          ],
          [
            116.34672691805169,
            40.00156523869306
          ],
          [
            116.34672394557302,
            40.001784148133176
          ],
          [
            116.34672119053049,
            40.00200305879065
          ],
          [
            116.34671865360454,
            40.00222197066931
          ],
          [
            116.34671633542186,
            40.002440883772735
          ],
          [
            116.3467142365551,
            40.00265979810416
          ],
          [
            116.3467123575228,
            40.002878713666504
          ],
          [
            116.34671069878932,
            40.00309763046243
          ],
          [
            116.3467092607646,
            40.00331654849425
          ],
          [
            116.3467080438041,
            40.003535467764
          ],
          [
            116.34670704820886,
            40.00375438827335
          ],
          [
            116.34670627422516,
            40.00397331002374
          ],
          [
            116.34670572204467,
            40.004192233016234
          ],
          [
            116.34670539180438,
            40.00441115725162
          ],
          [
            116.34670528358639,
            40.00463008273037
          ],
          [
            116.34670539741816,
            40.00484900945261
          ],
          [
            116.34670573327222,
            40.00506793741826
          ],
          [
            116.3467062910665,
            40.00528686662682
          ],
          [
            116.34670707066398,
            40.005505797077504
          ],
          [
            116.34670807187302,
            40.00572472876926
          ],
          [
            116.34670929444734,
            40.005943661700684
          ],
          [
            116.34671073808589,
            40.00616259587007
          ],
          [
            116.34671240243323,
            40.00638153127542
          ],
          [
            116.34671428707938,
            40.00660046791445
          ],
          [
            116.34671639156002,
            40.00681940578449
          ],
          [
            116.34671871535663,
            40.007038344882616
          ],
          [
            116.34672125789652,
            40.00725728520562
          ],
          [
            116.34672401855305,
            40.00747622674992
          ],
          [
            116.34672699664576,
            40.00769516951172
          ],
          [
            116.34673019144054,
            40.00791411348683
          ],
          [
            116.34673360214984,
            40.00813305867079
          ],
          [
            116.34673722793276,
            40.008352005058896
          ],
          [
            116.34674106789545,
            40.00857095264603
          ],
          [
            116.34674512109116,
            40.0087899014269
          ],
          [
            116.34674938652049,
            40.00900885139581
          ],
          [
            116.34675386313168,
            40.009227802546846
          ],
          [
            116.34675854982088,
            40.00944675487375
          ],
          [
            116.34676344543247,
            40.00966570836997
          ],
          [
            116.3467685487592,
            40.0098846630287
          ],
          [
            116.3467738585426,
            40.010103618842834
          ],
          [
            116.34677937347328,
            40.01032257580494
          ],
          [
            116.34678509219113,
            40.010541533907336
          ],
          [
            116.34679101328591,
            40.01076049314206
          ],
          [
            116.34679713529735,
            40.010979453500845
          ],
          [
            116.34680345671563,
            40.01119841497516
          ],
          [
            116.34680997598174,
            40.01141737755618
          ],
          [
            116.34681669148785,
            40.01163634123481
          ],
          [
            116.3468236015777,
            40.011855306001706
          ],
          [
            116.34683070454697,
            40.01207427184722
          ],
          [
            116.34683799864389,
            40.012293238761444
          ],
          [
            116.3468454820694,
            40.01251220673421
          ],
          [
            116.3468531529778,
            40.01273117575506
          ],
          [
            116.34686100947705,
            40.012950145813335
          ],
          [
            116.34686904962943,
            40.01316911689806
          ],
          [
            116.34687727145183,
            40.013388088998035
          ],
          [
            116.3468856729163,
            40.013607062101805
          ],
          [
            116.34689425195062,
            40.01382603619763
          ],
          [
            116.3469030064388,
            40.01404501127355
          ],
          [
            116.3469119342214,
            40.01426398731737
          ],
          [
            116.34692103309636,
            40.014482964316656
          ],
          [
            116.3469303008194,
            40.01470194225872
          ],
          [
            116.34693973510447,
            40.01492092113062
          ],
          [
            116.34694933362458,
            40.01513990091923
          ],
          [
            116.34695909401208,
            40.01535888161116
          ],
          [
            116.34696901385945,
            40.0155778631928
          ],
          [
            116.3469790907198,
            40.01579684565033
          ],
          [
            116.34698932210756,
            40.01601582896971
          ],
          [
            116.34699970549892,
            40.01623481313669
          ],
          [
            116.34701023833264,
            40.01645379813676
          ],
          [
            116.34702091801063,
            40.01667278395531
          ],
          [
            116.34703174189856,
            40.01689177057739
          ],
          [
            116.34704270732642,
            40.01711075798796
          ],
          [
            116.34705381158938,
            40.01732974617174
          ],
          [
            116.34706505194832,
            40.01754873511324
          ],
          [
            116.3470764256306,
            40.017767724796805
          ],
          [
            116.34708792983055,
            40.01798671520662
          ],
          [
            116.34709956171042,
            40.01820570632663
          ],
          [
            116.34711131840092,
            40.01842469814065
          ],
          [
            116.34712319700193,
            40.01864369063228
          ],
          [
            116.34713519458332,
            40.01886268378502
          ],
          [
            116.3471473081855,
            40.01908167758213
          ],
          [
            116.34715953482039,
            40.01930067200674
          ],
          [
            116.34717187147189,
            40.019519667041855
          ],
          [
            116.34718431509684,
            40.019738662670264
          ],
          [
            116.34719686262564,
            40.019957658874674
          ],
          [
            116.3472095109631,
            40.020176655637584
          ],
          [
            116.3472222569891,
            40.02039565294142
          ],
          [
            116.34723509755945,
            40.02061465076842
          ],
          [
            116.34724802950664,
            40.02083364910072
          ],
          [
            116.34726104964057,
            40.021052647920314
          ],
          [
            116.34727415474948,
            40.021271647209105
          ],
          [
            116.3472873416005,
            40.02149064694884
          ],
          [
            116.34730060694069,
            40.021709647121156
          ],
          [
            116.34731394749777,
            40.02192864770763
          ],
          [
            116.34732735998084,
            40.02214764868966
          ],
          [
            116.34734084108118,
            40.02236665004864
          ],
          [
            116.34735438747332,
            40.02258565176578
          ],
          [
            116.34736799581555,
            40.02280465382225
          ],
          [
            116.34738166275089,
            40.023023656199115
          ],
          [
            116.347395384908,
            40.02324265887738
          ],
          [
            116.34740915890175,
            40.02346166183797
          ],
          [
            116.34742298133438,
            40.023680665061704
          ],
          [
            116.34743684879604,
            40.023899668529396
          ],
          [
            116.34745075786589,
            40.02411867222175
          ],
          [
            116.34746470511276,
            40.02433767611942
          ],
          [
            116.34747868709606,
            40.02455668020306
          ],
          [
            116.34749270036663,
            40.02477568445318
          ],
          [
            116.34750674146765,
            40.024994688850356
          ],
          [
            116.34752080693532,
            40.02521369337505
          ],
          [
            116.34753489329994,
            40.0254326980077
          ],
          [
            116.34754899708658,
            40.02565170272876
          ],
          [
            116.34756311481605,
            40.025870707518614
          ],
          [
            116.3475772430057,
            40.02608971235768
          ],
          [
            116.34759137817032,
            40.02630871722631
          ],
          [
            116.34760373763113,
            40.02650016285187
          ]
        ]
      }
    },
    {
      "type": "Feature",
      "id": "ROAD-101",
      "properties": {
        "id": "ROAD-101",
        "layer": "ROAD_CENTERLINE",
        "source_type": "agent_generated_design",
        "confidence": "low",
        "geometry_role": "design_proposal",
        "road_class": "greenway",
        "name_zh": "京张气脉绿道（遗址步道）",
        "name_en": "Heritage Greenway Trail",
        "usage_note": "概念性中心线，不对应道路红线或工程线位",
        "length_m_declared": 9721.9
      },
      "geometry": {
        "type": "LineString",
        "coordinates": [
          [
            116.34620378746382,
            39.93900021591248
          ],
          [
            116.346214619073,
            39.93916805160489
          ],
          [
            116.34622874970664,
            39.93938705981221
          ],
          [
            116.3462428733657,
            39.93960606797052
          ],
          [
            116.34625698656492,
            39.939825076060146
          ],
          [
            116.34627108582177,
            39.94004408406148
          ],
          [
            116.34628516765694,
            39.94026309195488
          ],
          [
            116.34629922859558,
            39.9404820997208
          ],
          [
            116.34631326516792,
            39.94070110733964
          ],
          [
            116.34632727391023,
            39.9409201147919
          ],
          [
            116.34634125136567,
            39.94113912205811
          ],
          [
            116.3463551940851,
            39.9413581291188
          ],
          [
            116.34636909862792,
            39.941577135954624
          ],
          [
            116.34638296156295,
            39.94179614254623
          ],
          [
            116.34639677946933,
            39.94201514887434
          ],
          [
            116.3464105489373,
            39.94223415491975
          ],
          [
            116.346424266569,
            39.942453160663355
          ],
          [
            116.34643792897938,
            39.942672166086055
          ],
          [
            116.34645153279706,
            39.94289117116885
          ],
          [
            116.34646507466505,
            39.94311017589288
          ],
          [
            116.3464785512417,
            39.943329180239296
          ],
          [
            116.34649195920143,
            39.943548184189375
          ],
          [
            116.34650529523563,
            39.943767187724504
          ],
          [
            116.34651855605341,
            39.94398619082615
          ],
          [
            116.34653173838242,
            39.944205193475895
          ],
          [
            116.34654483896975,
            39.94442419565543
          ],
          [
            116.34655785458251,
            39.944643197346544
          ],
          [
            116.346570782009,
            39.94486219853119
          ],
          [
            116.34658361805904,
            39.945081199191385
          ],
          [
            116.34659635956515,
            39.94530019930932
          ],
          [
            116.34660900338318,
            39.945519198867295
          ],
          [
            116.34662154639295,
            39.94573819784779
          ],
          [
            116.34663398549931,
            39.94595719623336
          ],
          [
            116.34664631763265,
            39.94617619400673
          ],
          [
            116.34665853974975,
            39.946395191150806
          ],
          [
            116.34667064883463,
            39.946614187648606
          ],
          [
            116.34668264189914,
            39.94683318348334
          ],
          [
            116.34669451598367,
            39.94705217863835
          ],
          [
            116.34670626815813,
            39.94727117309715
          ],
          [
            116.34671789552236,
            39.94749016684345
          ],
          [
            116.3467293952071,
            39.94770915986112
          ],
          [
            116.34674076437459,
            39.947928152134196
          ],
          [
            116.34675200021915,
            39.948147143646885
          ],
          [
            116.34676309996816,
            39.94836613438363
          ],
          [
            116.3467740608825,
            39.948585124329036
          ],
          [
            116.34678488025723,
            39.94880411346787
          ],
          [
            116.34679555542249,
            39.94902310178515
          ],
          [
            116.34680608374391,
            39.94924208926604
          ],
          [
            116.34681646262335,
            39.94946107589598
          ],
          [
            116.34682668949958,
            39.94968006166055
          ],
          [
            116.34683676184882,
            39.94989904654556
          ],
          [
            116.34684667718547,
            39.95011803053707
          ],
          [
            116.34685643306264,
            39.9503370136213
          ],
          [
            116.34686602707279,
            39.950555995784754
          ],
          [
            116.34687545684834,
            39.9507749770141
          ],
          [
            116.34688472006219,
            39.9509939572963
          ],
          [
            116.34689381442837,
            39.951212936618475
          ],
          [
            116.34690273770262,
            39.95143191496804
          ],
          [
            116.3469114876827,
            39.95165089233261
          ],
          [
            116.34692006220943,
            39.95186986870007
          ],
          [
            116.34692845916663,
            39.952088844058544
          ],
          [
            116.34693667648212,
            39.952307818396356
          ],
          [
            116.34694471212792,
            39.95252679170215
          ],
          [
            116.34695256412101,
            39.95274576396477
          ],
          [
            116.34696023052358,
            39.95296473517334
          ],
          [
            116.34696770944359,
            39.953183705317244
          ],
          [
            116.34697499903538,
            39.95340267438609
          ],
          [
            116.34698209749992,
            39.95362164236982
          ],
          [
            116.34698900308531,
            39.95384060925857
          ],
          [
            116.34699571408731,
            39.954059575042756
          ],
          [
            116.34700222884968,
            39.954278539713094
          ],
          [
            116.34700854576458,
            39.954497503260555
          ],
          [
            116.34701466327294,
            39.954716465676405
          ],
          [
            116.34702057986497,
            39.95493542695214
          ],
          [
            116.34702629408038,
            39.95515438707954
          ],
          [
            116.34703180450892,
            39.95537334605074
          ],
          [
            116.34703710979053,
            39.95559230385807
          ],
          [
            116.34704220861579,
            39.95581126049421
          ],
          [
            116.34704709972618,
            39.956030215952055
          ],
          [
            116.34705178191454,
            39.95624917022483
          ],
          [
            116.34705625402515,
            39.95646812330608
          ],
          [
            116.34706051495421,
            39.95668707518958
          ],
          [
            116.34706456364992,
            39.95690602586944
          ],
          [
            116.34706839911294,
            39.95712497534002
          ],
          [
            116.34707202039651,
            39.95734392359606
          ],
          [
            116.34707542660668,
            39.95756287063248
          ],
          [
            116.34707861690266,
            39.95778181644458
          ],
          [
            116.3470815904968,
            39.95800076102796
          ],
          [
            116.34708434665505,
            39.958219704378465
          ],
          [
            116.34708688469695,
            39.95843864649229
          ],
          [
            116.3470892039958,
            39.9586575873659
          ],
          [
            116.34709130397901,
            39.958876526996086
          ],
          [
            116.34709318412796,
            39.95909546537997
          ],
          [
            116.34709484397833,
            39.95931440251488
          ],
          [
            116.34709628312021,
            39.959533338398536
          ],
          [
            116.34709750119805,
            39.95975227302897
          ],
          [
            116.34709849791093,
            39.959971206404454
          ],
          [
            116.3470992730125,
            39.96019013852361
          ],
          [
            116.34709982631102,
            39.96040906938534
          ],
          [
            116.34710015766966,
            39.96062799898891
          ],
          [
            116.34710026700618,
            39.96084692733381
          ],
          [
            116.34710015429323,
            39.96106585441993
          ],
          [
            116.34709981955815,
            39.96128478024738
          ],
          [
            116.34709926288316,
            39.96150370481664
          ],
          [
            116.34709848440517,
            39.96172262812846
          ],
          [
            116.34709748431582,
            39.96194155018392
          ],
          [
            116.34709626286148,
            39.962160470984365
          ],
          [
            116.34709482034312,
            39.9623793905315
          ],
          [
            116.34709315711622,
            39.962598308827346
          ],
          [
            116.34709127359073,
            39.96281722587415
          ],
          [
            116.34708917023097,
            39.963036141674536
          ],
          [
            116.34708684755553,
            39.96325505623139
          ],
          [
            116.34708430613702,
            39.963473969547934
          ],
          [
            116.34708154660208,
            39.96369288162768
          ],
          [
            116.34707856963128,
            39.96391179247443
          ],
          [
            116.34707537595858,
            39.964130702092305
          ],
          [
            116.34707196637163,
            39.96434961048572
          ],
          [
            116.34706834171124,
            39.96456851765936
          ],
          [
            116.34706450287138,
            39.964787423618276
          ],
          [
            116.34706045079876,
            39.96500632836774
          ],
          [
            116.34705618649274,
            39.96522523191339
          ],
          [
            116.34705171100512,
            39.96544413426109
          ],
          [
            116.34704702543966,
            39.96566303541704
          ],
          [
            116.34704213095213,
            39.96588193538773
          ],
          [
            116.3470370287497,
            39.96610083417991
          ],
          [
            116.34703172009084,
            39.96631973180065
          ],
          [
            116.34702620628497,
            39.96653862825727
          ],
          [
            116.34702048869217,
            39.96675752355744
          ],
          [
            116.34701456872266,
            39.966976417709034
          ],
          [
            116.34700844783677,
            39.96719531072024
          ],
          [
            116.34700212754426,
            39.96741420259958
          ],
          [
            116.34699560940419,
            39.96763309335573
          ],
          [
            116.34698889502441,
            39.96785198299775
          ],
          [
            116.34698198606117,
            39.968070871534906
          ],
          [
            116.34697488421868,
            39.96828975897679
          ],
          [
            116.34696759124888,
            39.968508645333216
          ],
          [
            116.34696010895073,
            39.96872753061428
          ],
          [
            116.34695243916994,
            39.96894641483033
          ],
          [
            116.34694458379856,
            39.96916529799199
          ],
          [
            116.34693654477435,
            39.96938418011015
          ],
          [
            116.34692832408037,
            39.969603061195926
          ],
          [
            116.34691992374457,
            39.9698219412607
          ],
          [
            116.34691134583916,
            39.9700408203161
          ],
          [
            116.34690259248025,
            39.970259698374015
          ],
          [
            116.34689366582711,
            39.97047857544656
          ],
          [
            116.34688456808188,
            39.97069745154611
          ],
          [
            116.34687530148892,
            39.97091632668526
          ],
          [
            116.34686586833413,
            39.971135200876844
          ],
          [
            116.34685627094463,
            39.97135407413393
          ],
          [
            116.346846511688,
            39.97157294646981
          ],
          [
            116.3468365929718,
            39.97179181789802
          ],
          [
            116.34682651724286,
            39.97201068843229
          ],
          [
            116.34681628698684,
            39.97222955808658
          ],
          [
            116.34680590472746,
            39.972448426875076
          ],
          [
            116.34679537302597,
            39.97266729481216
          ],
          [
            116.34678469448055,
            39.97288616191245
          ],
          [
            116.34677387172552,
            39.97310502819072
          ],
          [
            116.34676290743076,
            39.97332389366197
          ],
          [
            116.3467518043012,
            39.97354275834143
          ],
          [
            116.34674056507598,
            39.97376162224449
          ],
          [
            116.34672919252769,
            39.9739804853867
          ],
          [
            116.34671768946203,
            39.974199347783845
          ],
          [
            116.34670605871672,
            39.9744182094519
          ],
          [
            116.34669430316107,
            39.974637070406985
          ],
          [
            116.34668242569523,
            39.974855930665385
          ],
          [
            116.34667042924929,
            39.97507479024359
          ],
          [
            116.34665831678282,
            39.975293649158246
          ],
          [
            116.34664609128399,
            39.975512507426146
          ],
          [
            116.3466337557688,
            39.97573136506426
          ],
          [
            116.34662131328048,
            39.975950222089686
          ],
          [
            116.34660876688856,
            39.97616907851973
          ],
          [
            116.34659611968831,
            39.97638793437178
          ],
          [
            116.34658337479978,
            39.97660678966338
          ],
          [
            116.34657053536719,
            39.97682564441224
          ],
          [
            116.34655760455809,
            39.97704449863616
          ],
          [
            116.34654458556253,
            39.97726335235311
          ],
          [
            116.34653148159228,
            39.977482205581154
          ],
          [
            116.3465182958802,
            39.977701058338496
          ],
          [
            116.34650503167923,
            39.97791991064344
          ],
          [
            116.34649169226168,
            39.97813876251441
          ],
          [
            116.34647828091848,
            39.97835761396995
          ],
          [
            116.34646480095822,
            39.978576465028645
          ],
          [
            116.34645125570647,
            39.97879531570925
          ],
          [
            116.34643764850492,
            39.979014166030595
          ],
          [
            116.34642398271053,
            39.97923301601156
          ],
          [
            116.34641026169469,
            39.97945186567114
          ],
          [
            116.34639648884244,
            39.9796707150284
          ],
          [
            116.34638266755164,
            39.97988956410249
          ],
          [
            116.34636880123203,
            39.98010841291261
          ],
          [
            116.34635489330455,
            39.98032726147804
          ],
          [
            116.34634094720032,
            39.98054610981812
          ],
          [
            116.34632696635995,
            39.98076495795222
          ],
          [
            116.34631295423254,
            39.980983805899804
          ],
          [
            116.34629891427502,
            39.98120265368033
          ],
          [
            116.34628484995106,
            39.98142150131334
          ],
          [
            116.34627076473045,
            39.981640348818395
          ],
          [
            116.34625666208805,
            39.981859196215055
          ],
          [
            116.34624254550313,
            39.98207804352298
          ],
          [
            116.34622841845824,
            39.98229689076178
          ],
          [
            116.34621428443866,
            39.98251573795113
          ],
          [
            116.34620014693132,
            39.98273458511069
          ],
          [
            116.34618600942403,
            39.9829534322601
          ],
          [
            116.3461718754046,
            39.983172279419094
          ],
          [
            116.34615774835991,
            39.983391126607295
          ],
          [
            116.34614363177526,
            39.983609973844395
          ],
          [
            116.34612952913326,
            39.98382882115
          ],
          [
            116.34611544391312,
            39.98404766854381
          ],
          [
            116.3461013795897,
            39.98426651604539
          ],
          [
            116.34608733963277,
            39.98448536367433
          ],
          [
            116.34607332750612,
            39.984704211450186
          ],
          [
            116.3460593466665,
            39.98492305939248
          ],
          [
            116.34604540056316,
            39.98514190752067
          ],
          [
            116.34603149263661,
            39.98536075585419
          ],
          [
            116.3460176263181,
            39.98557960441242
          ],
          [
            116.34600380502843,
            39.98579845321466
          ],
          [
            116.34599003217738,
            39.98601730228018
          ],
          [
            116.3459763111628,
            39.98623615162818
          ],
          [
            116.34596264536978,
            39.986455001277754
          ],
          [
            116.34594903816966,
            39.98667385124798
          ],
          [
            116.34593549291944,
            39.98689270155781
          ],
          [
            116.34592201296078,
            39.98711155222611
          ],
          [
            116.34590860161924,
            39.9873304032717
          ],
          [
            116.34589526220341,
            39.98754925471323
          ],
          [
            116.34588199800429,
            39.98776810656936
          ],
          [
            116.34586881229411,
            39.987986958858535
          ],
          [
            116.34585570832583,
            39.988205811599194
          ],
          [
            116.34584268933231,
            39.988424664809564
          ],
          [
            116.34582975852531,
            39.98864351850782
          ],
          [
            116.34581691909491,
            39.98886237271201
          ],
          [
            116.34580417420867,
            39.98908122744001
          ],
          [
            116.34579152701072,
            39.98930008270966
          ],
          [
            116.34577898062123,
            39.98951893853856
          ],
          [
            116.34576653813536,
            39.98973779494421
          ],
          [
            116.34575420262273,
            39.989956651944006
          ],
          [
            116.34574197712644,
            39.99017550955515
          ],
          [
            116.34572986466267,
            39.99039436779471
          ],
          [
            116.34571786821947,
            39.990613226679564
          ],
          [
            116.3457059907564,
            39.9908320862265
          ],
          [
            116.34569423520364,
            39.99105094645207
          ],
          [
            116.34568260446125,
            39.99126980737269
          ],
          [
            116.34567110139855,
            39.9914886690046
          ],
          [
            116.34565972885332,
            39.991707531363865
          ],
          [
            116.34564848963119,
            39.99192639446638
          ],
          [
            116.34563738650479,
            39.992145258327824
          ],
          [
            116.34562642221326,
            39.99236412296369
          ],
          [
            116.34561559946145,
            39.99258298838933
          ],
          [
            116.34560492091937,
            39.992801854619835
          ],
          [
            116.34559438922129,
            39.99302072167013
          ],
          [
            116.34558400696537,
            39.99323958955491
          ],
          [
            116.34557377671281,
            39.99345845828871
          ],
          [
            116.34556370098744,
            39.99367732788583
          ],
          [
            116.34555378227482,
            39.99389619836031
          ],
          [
            116.34554402302184,
            39.99411506972604
          ],
          [
            116.34553442563605,
            39.99433394199663
          ],
          [
            116.34552499248501,
            39.99455281518554
          ],
          [
            116.34551572589585,
            39.99477168930592
          ],
          [
            116.34550662815447,
            39.99499056437074
          ],
          [
            116.34549770150527,
            39.99520944039269
          ],
          [
            116.34548894815028,
            39.995428317384274
          ],
          [
            116.34548037024891,
            39.995647195357726
          ],
          [
            116.34547196991717,
            39.99586607432503
          ],
          [
            116.3454637492273,
            39.99608495429795
          ],
          [
            116.3454557102072,
            39.99630383528797
          ],
          [
            116.34544785484005,
            39.996522717306334
          ],
          [
            116.34544018506352,
            39.99674160036402
          ],
          [
            116.34543270276966,
            39.99696048447174
          ],
          [
            116.34542540980418,
            39.99717936963999
          ],
          [
            116.34541830796613,
            39.99739825587897
          ],
          [
            116.34541139900729,
            39.99761714319859
          ],
          [
            116.34540468463199,
            39.99783603160853
          ],
          [
            116.34539816649648,
            39.99805492111818
          ],
          [
            116.34539184620859,
            39.998273811736674
          ],
          [
            116.34538572532733,
            39.99849270347282
          ],
          [
            116.34537980536254,
            39.99871159633521
          ],
          [
            116.34537408777447,
            39.99893049033212
          ],
          [
            116.3453685739734,
            39.99914938547154
          ],
          [
            116.34536326531938,
            39.9993682817612
          ],
          [
            116.34535816312186,
            39.99958717920852
          ],
          [
            116.34535326863923,
            39.99980607782066
          ],
          [
            116.34534858307885,
            40.000024977604454
          ],
          [
            116.34534410759629,
            40.000243878566444
          ],
          [
            116.3453398432954,
            40.00046278071292
          ],
          [
            116.34533579122795,
            40.000681684049844
          ],
          [
            116.34533195239334,
            40.00090058858288
          ],
          [
            116.34532832773829,
            40.00111949431741
          ],
          [
            116.34532491815669,
            40.0013384012585
          ],
          [
            116.34532172448945,
            40.00155730941095
          ],
          [
            116.34531874752409,
            40.001776218779206
          ],
          [
            116.34531598799477,
            40.00199512936744
          ],
          [
            116.34531344658191,
            40.002214041179506
          ],
          [
            116.34531112391214,
            40.002432954218996
          ],
          [
            116.3453090205582,
            40.00265186848914
          ],
          [
            116.34530713703859,
            40.00287078399288
          ],
          [
            116.34530547381762,
            40.00308970073286
          ],
          [
            116.34530403130528,
            40.003308618711415
          ],
          [
            116.34530280985702,
            40.00352753793057
          ],
          [
            116.34530180977389,
            40.00374645839203
          ],
          [
            116.34530103130216,
            40.00396538009719
          ],
          [
            116.34530047463352,
            40.00418430304717
          ],
          [
            116.34530013990492,
            40.004403227242705
          ],
          [
            116.3453000271985,
            40.00462215268431
          ],
          [
            116.3453001365417,
            40.00484107937211
          ],
          [
            116.34530046790705,
            40.005060007306
          ],
          [
            116.34530102121248,
            40.00527893648549
          ],
          [
            116.34530179632098,
            40.005497866909806
          ],
          [
            116.34530279304091,
            40.00571679857786
          ],
          [
            116.34530401112596,
            40.00593573148827
          ],
          [
            116.34530545027512,
            40.00615466563934
          ],
          [
            116.34530711013295,
            40.00637360102905
          ],
          [
            116.34530899028942,
            40.00659253765509
          ],
          [
            116.34531109028028,
            40.00681147551481
          ],
          [
            116.34531340958695,
            40.007030414605296
          ],
          [
            116.34531594763676,
            40.00724935492328
          ],
          [
            116.34531870380306,
            40.00746829646524
          ],
          [
            116.34532167740544,
            40.0076872392273
          ],
          [
            116.34532486770973,
            40.00790618320532
          ],
          [
            116.34532827392842,
            40.00812512839482
          ],
          [
            116.3453318952206,
            40.008344074791054
          ],
          [
            116.34533573069241,
            40.008563022388934
          ],
          [
            116.3453397793971,
            40.00878197118311
          ],
          [
            116.34534404033526,
            40.00900092116792
          ],
          [
            116.34534851245516,
            40.0092198723374
          ],
          [
            116.34535319465296,
            40.009438824685304
          ],
          [
            116.34535808577303,
            40.00965777820506
          ],
          [
            116.34536318460808,
            40.00987673288985
          ],
          [
            116.34536848989966,
            40.010095688732534
          ],
          [
            116.34537400033838,
            40.010314645725686
          ],
          [
            116.34537971456416,
            40.0105336038616
          ],
          [
            116.34538563116676,
            40.01075256313229
          ],
          [
            116.34539174868587,
            40.01097152352949
          ],
          [
            116.3453980656117,
            40.01119048504464
          ],
          [
            116.34540458038524,
            40.01140944766888
          ],
          [
            116.34541129139862,
            40.011628411393126
          ],
          [
            116.34541819699564,
            40.01184737620799
          ],
          [
            116.34542529547194,
            40.01206634210381
          ],
          [
            116.34543258507577,
            40.012285309070656
          ],
          [
            116.34544006400805,
            40.012504277098344
          ],
          [
            116.34544773042313,
            40.01272324617639
          ],
          [
            116.34545558242891,
            40.01294221629413
          ],
          [
            116.34546361808772,
            40.013161187440545
          ],
          [
            116.34547183541639,
            40.0133801596044
          ],
          [
            116.34548023238706,
            40.01359913277422
          ],
          [
            116.34548880692745,
            40.013818106938245
          ],
          [
            116.34549755692156,
            40.01403708208453
          ],
          [
            116.34550648020998,
            40.01425605820079
          ],
          [
            116.34551557459065,
            40.0144750352746
          ],
          [
            116.3455248378193,
            40.01469401329324
          ],
          [
            116.34553426760985,
            40.01491299224373
          ],
          [
            116.34554386163532,
            40.01513197211291
          ],
          [
            116.34555361752807,
            40.01535095288739
          ],
          [
            116.34556353288056,
            40.015569934553525
          ],
          [
            116.34557360524596,
            40.01578891709745
          ],
          [
            116.3455838321386,
            40.0160079005051
          ],
          [
            116.34559421103476,
            40.016226884762176
          ],
          [
            116.3456047393732,
            40.016445869854174
          ],
          [
            116.34561541455577,
            40.016664855766415
          ],
          [
            116.34562623394817,
            40.016883842483956
          ],
          [
            116.34563719488041,
            40.0171028299917
          ],
          [
            116.34564829464766,
            40.01732181827435
          ],
          [
            116.34565953051077,
            40.01754080731635
          ],
          [
            116.34567089969711,
            40.017759797102066
          ],
          [
            116.34568239940101,
            40.01797878761557
          ],
          [
            116.34569402678476,
            40.01819777884085
          ],
          [
            116.34570577897904,
            40.01841677076163
          ],
          [
            116.34571765308372,
            40.01863576336153
          ],
          [
            116.34572964616869,
            40.018854756623966
          ],
          [
            116.34574175527433,
            40.01907375053218
          ],
          [
            116.34575397741261,
            40.01929274506929
          ],
          [
            116.3457663095674,
            40.019511740218206
          ],
          [
            116.34577874869554,
            40.019730735961744
          ],
          [
            116.34579129172747,
            40.01994973228253
          ],
          [
            116.34580393556796,
            40.02016872916304
          ],
          [
            116.34581667709688,
            40.02038772658566
          ],
          [
            116.34582951317006,
            40.0206067245326
          ],
          [
            116.34584244062003,
            40.020825722985954
          ],
          [
            116.34585545625666,
            40.021044721927666
          ],
          [
            116.34586855686814,
            40.02126372133959
          ],
          [
            116.34588173922168,
            40.02148272120347
          ],
          [
            116.34589500006432,
            40.02170172150089
          ],
          [
            116.34590833612376,
            40.02192072221337
          ],
          [
            116.34592174410908,
            40.022139723322276
          ],
          [
            116.34593522071164,
            40.022358724808974
          ],
          [
            116.3459487626059,
            40.02257772665463
          ],
          [
            116.34596236645018,
            40.02279672884036
          ],
          [
            116.3459760288875,
            40.023015731347215
          ],
          [
            116.34598974654652,
            40.02323473415612
          ],
          [
            116.3460035160421,
            40.02345373724799
          ],
          [
            116.3460173339765,
            40.023672740603594
          ],
          [
            116.34603119693986,
            40.023891744203695
          ],
          [
            116.34604510151135,
            40.024110748028974
          ],
          [
            116.34605904425979,
            40.02432975206004
          ],
          [
            116.34607302174462,
            40.024548756277476
          ],
          [
            116.34608703051664,
            40.02476776066178
          ],
          [
            116.34610106711906,
            40.024986765193496
          ],
          [
            116.34611512808806,
            40.02520576985301
          ],
          [
            116.34612920995396,
            40.025424774620745
          ],
          [
            116.3461433092418,
            40.02564377947709
          ],
          [
            116.34615742247246,
            40.02586278440242
          ],
          [
            116.3461715461632,
            40.02608178937707
          ],
          [
            116.34618567682887,
            40.026300794381385
          ],
          [
            116.34619854203254,
            40.026500137399054
          ]
        ]
      }
    },
    {
      "type": "Feature",
      "id": "ROAD-003",
      "properties": {
        "id": "ROAD-003",
        "layer": "ROAD_CENTERLINE",
        "source_type": "agent_generated_design",
        "confidence": "low",
        "geometry_role": "design_proposal",
        "road_class": "branch",
        "name_zh": "明堂横街（大钟寺）",
        "name_en": "Mingtang Cross Street (Dazhongsi)",
        "usage_note": "概念性中心线，不对应道路红线或工程线位",
        "length_m_declared": 1266.2
      },
      "geometry": {
        "type": "LineString",
        "coordinates": [
          [
            116.34048434382409,
            39.94676762594888
          ],
          [
            116.35530001393529,
            39.946850961889126
          ]
        ]
      }
    },
    {
      "type": "Feature",
      "id": "ROAD-004",
      "properties": {
        "id": "ROAD-004",
        "layer": "ROAD_CENTERLINE",
        "source_type": "agent_generated_design",
        "confidence": "low",
        "geometry_role": "design_proposal",
        "road_class": "branch",
        "name_zh": "双清横街",
        "name_en": "Shuangqing Cross Street",
        "usage_note": "概念性中心线，不对应道路红线或工程线位",
        "length_m_declared": 1277.4
      },
      "geometry": {
        "type": "LineString",
        "coordinates": [
          [
            116.33978439421894,
            39.971963636414706
          ],
          [
            116.35473633445321,
            39.97204783326642
          ]
        ]
      }
    },
    {
      "type": "Feature",
      "id": "ROAD-005",
      "properties": {
        "id": "ROAD-005",
        "layer": "ROAD_CENTERLINE",
        "source_type": "agent_generated_design",
        "confidence": "low",
        "geometry_role": "design_proposal",
        "road_class": "branch",
        "name_zh": "原点横街（五道口）",
        "name_en": "Origin Cross Street (Wudaokou)",
        "usage_note": "概念性中心线，不对应道路红线或工程线位",
        "length_m_declared": 1093.7
      },
      "geometry": {
        "type": "LineString",
        "coordinates": [
          [
            116.34058807045827,
            39.988768207860154
          ],
          [
            116.35339280716914,
            39.988840350622134
          ]
        ]
      }
    },
    {
      "type": "Feature",
      "id": "ROAD-006",
      "properties": {
        "id": "ROAD-006",
        "layer": "ROAD_CENTERLINE",
        "source_type": "agent_generated_design",
        "confidence": "low",
        "geometry_role": "design_proposal",
        "road_class": "branch",
        "name_zh": "学院气口横街",
        "name_en": "Xueyuan Gateway Cross Street",
        "usage_note": "概念性中心线，不对应道路红线或工程线位",
        "length_m_declared": 1071.3
      },
      "geometry": {
        "type": "LineString",
        "coordinates": [
          [
            116.34127871191627,
            39.999472133273166
          ],
          [
            116.35382270865976,
            39.99954275093646
          ]
        ]
      }
    },
    {
      "type": "Feature",
      "id": "ROAD-007",
      "properties": {
        "id": "ROAD-007",
        "layer": "ROAD_CENTERLINE",
        "source_type": "agent_generated_design",
        "confidence": "low",
        "geometry_role": "design_proposal",
        "road_class": "branch",
        "name_zh": "玄武横街（众智园）",
        "name_en": "Xuanwu Cross Street (Zhongzhiyuan)",
        "usage_note": "概念性中心线，不对应道路红线或工程线位",
        "length_m_declared": 1073.9
      },
      "geometry": {
        "type": "LineString",
        "coordinates": [
          [
            116.34250381702779,
            40.02247908705293
          ],
          [
            116.35508345867663,
            40.02254978026064
          ]
        ]
      }
    }
  ]
}